{"2009Q2": 0.6331679139690001, "2009Q4": 0.87316875116, "2009Q1": 0.552363718241, "2009Q3": 0.621107593461, "2020Q2": 1.52101049, "2020Q4": 1.31925612, "2020Q1": 1.349552256903, "2020Q3": 1.73605407, "2014Q2": 0.496886098931, "2014Q4": 0.915379993749, "2014Q1": 0.496886098931, "2014Q3": 0.678997325197, "2002Q4": 0.768368470557, "2016Q2": 1.506336665129, "2016Q4": 1.351964369329, "2016Q1": 1.219300481308, "2016Q3": 1.506336665129, "2010Q2": 0.5909567921910001, "2010Q4": 0.61628348942, "2010Q1": 0.975681596289, "2010Q3": 0.734474823696, "2022Q2": 0.98702587, "2022Q4": 0.96890422, "2022Q1": 0.79493638, "2022Q3": 0.8384283400000001, "2021Q4": 0.94715824, "2007Q2": 0.7174730916659999, "2007Q4": 0.9922499792619999, "2007Q1": 0.902838362217, "2007Q3": 1.116553625272, "2017Q2": 1.2530695720279998, "2017Q4": 0.861108430652, "2017Q1": 1.466537534966, "2017Q3": 1.0576919690409998, "2023Q2": 1.48235097, "2023Q1": 0.9302447, "2023Q3": 1.04984759, "2015Q2": 1.601613414602, "2015Q4": 1.559402292824, "2015Q1": 1.103521259458, "2015Q3": 0.832163564784, "2003Q2": 1.053093902381, "2003Q4": 1.1692879892049999, "2003Q1": 0.935303419003, "2012Q2": 0.53065506884, "2012Q4": 0.5077403632259999, "2012Q1": 0.492061874079, "2012Q3": 0.521006739947, "2004Q2": 1.099860686158, "2004Q4": 0.986053462261, "2004Q1": 1.261028238275, "2004Q3": 0.993529971807, "2005Q2": 0.6473037674569999, "2005Q4": 0.528969876201, "2005Q1": 0.902982368929, "2005Q3": 0.626109652105, "2018Q2": 0.729650719655, "2018Q4": 0.574072367642, "2018Q1": 0.862314486865, "2018Q3": 0.6524644509440001, "2008Q2": 0.605163320114, "2008Q4": 0.383518868696, "2008Q1": 0.845047937123, "2008Q3": 0.499298090546, "2013Q2": 0.438996488006, "2013Q4": 0.498092155144, "2013Q1": 0.510152475652, "2013Q3": 0.48723777003799995, "2019Q2": 1.593171262733, "2019Q4": 1.5123669461940001, "2019Q1": 1.654678921486, "2019Q3": 1.6534728652730002, "2006Q2": 0.596440403481, "2006Q4": 0.510299985883, "2006Q1": 0.49612486882000006, "2006Q3": 0.49830562818100005, "2011Q2": 0.611459385379, "2011Q4": 0.43176027153900004, "2011Q1": 0.670555052517, "2011Q3": 0.5861326881500001}