{"2009Q2": 0.497920845146, "2009Q4": 0.522352574487, "2009Q1": 0.516000332107, "2009Q3": 0.417784371815, "2020Q2": 3.871789225087, "2020Q4": 5.3382204463730005, "2020Q1": 2.656049285571, "2020Q3": 3.867051138478, "2014Q2": 3.033206851062, "2014Q4": 2.274338595112, "2014Q1": 2.6336610742950004, "2014Q3": 2.9561874223420004, "2002Q4": 0.332262989781, "2016Q2": 3.194696847738, "2016Q4": 3.203076177887, "2016Q1": 2.902461924965, "2016Q3": 3.161180735252, "2010Q2": 1.031023665657, "2010Q4": 1.28560300784, "2010Q1": 0.692886845056, "2010Q3": 1.442455674281, "2022Q2": 5.3489256298940004, "2022Q4": 5.1567914398240005, "2022Q1": 4.2639037964329995, "2022Q3": 4.932634602849999, "2021Q2": 5.33133144072, "2021Q4": 6.773926651706, "2021Q1": 5.392707536294, "2021Q3": 3.735416439366, "2007Q2": 0.432443457744, "2007Q4": 0.5613094085216729, "2007Q1": 0.424812793362, "2007Q3": 0.603466287997, "2017Q2": 3.964443650994, "2017Q1": 3.9152941118639997, "2023Q2": 4.262211959189, "2023Q1": 5.144931303143, "2023Q3": 3.78017619, "2015Q2": 3.6185948602080003, "2015Q4": 4.307417864846, "2015Q1": 3.0822880111660003, "2015Q3": 2.888807140879, "2003Q2": 0.29937690666, "2003Q4": 0.203364659819, "2003Q1": 0.34889504015100004, "2012Q2": 1.7312176432370001, "2012Q4": 1.526107264468, "2012Q1": 1.269232513285, "2012Q3": 1.659897715064, "2004Q2": 0.31260679845899997, "2004Q4": 0.207900629625, "2004Q1": 0.350029093008, "2004Q3": 0.242298662411, "2005Q2": 0.252504775691, "2005Q4": 0.275305677343, "2005Q1": 0.216972569237, "2005Q3": 0.27253874301000003, "2018Q2": 2.175727341228, "2018Q1": 2.613885400894, "2008Q2": 0.30051168438299997, "2008Q4": 0.321523012692, "2008Q1": 0.5477616648179999, "2008Q3": 0.2139743312627801, "2013Q2": 3.010472274649, "2013Q4": 3.522252799337, "2013Q1": 2.5405168805939997, "2013Q3": 2.917147347692, "2019Q2": 2.027477142853, "2019Q4": 3.173239122784, "2019Q3": 3.174017991301, "2006Q2": 0.333366719077, "2006Q4": 0.280628005948, "2006Q1": 0.286434182608, "2006Q3": 0.300949382636, "2011Q2": 1.1908076902020002, "2011Q4": 1.020584870391, "2011Q1": 1.259705478636, "2011Q3": 1.26530917606}