{"2009Q2": 0.385050510554, "2009Q4": 0.405491973376, "2009Q1": 0.317885755915, "2009Q3": 0.31287971050799995, "2020Q2": 0.516335220199, "2020Q4": 0.5281506568100001, "2020Q1": 0.473025443187, "2020Q3": 0.552963061612, "2014Q2": 0.7901531100770001, "2014Q4": 1.091163864701, "2014Q1": 0.6601097334570001, "2014Q3": 0.9159327040740001, "2002Q4": 0.192761924026, "2016Q2": 2.039720733648, "2016Q4": 1.477225925758, "2016Q1": 1.515249738276, "2016Q3": 1.6658079099949998, "2010Q2": 0.606360798746, "2010Q4": 0.704938829605, "2010Q1": 0.447209340597, "2010Q3": 0.765929538089, "2022Q2": 0.535618830397, "2022Q4": 0.565508196663, "2022Q1": 0.538784561841, "2022Q3": 0.5702906209090001, "2021Q2": 0.549418466872, "2021Q4": 0.587227839865, "2021Q1": 0.531695372361, "2021Q3": 0.5222429989099999, "2007Q2": 0.241201819342, "2007Q4": 0.318947563794, "2007Q1": 0.27374818193100003, "2007Q3": 0.318189112336, "2017Q2": 0.8042796611180001, "2017Q1": 1.566097880066, "2023Q2": 0.59801445, "2023Q1": 0.5762684699999999, "2023Q3": 0.58110091, "2015Q2": 1.356940091175, "2015Q4": 1.5486346500160002, "2015Q1": 1.181467066926, "2015Q3": 0.732316776803, "2003Q2": 0.179167062196, "2003Q4": 0.145001590585, "2003Q1": 0.203110111042, "2012Q2": 0.427643999147, "2012Q4": 0.468068084613, "2012Q1": 0.529767953667, "2012Q3": 0.45955779534, "2004Q2": 0.201343733411, "2004Q4": 0.172463259806, "2004Q1": 0.263825370446, "2004Q3": 0.16877634970799998, "2005Q2": 0.111834863511, "2005Q4": 0.108352848869, "2005Q1": 0.141739451963, "2005Q3": 0.119618232997, "2018Q2": 0.635883382816, "2018Q1": 0.807593990092, "2008Q2": 0.20066006396199998, "2008Q4": 0.167286387645, "2008Q1": 0.302639890959, "2008Q3": 0.257812848598, "2013Q2": 0.567031019318, "2013Q4": 0.603406486552, "2013Q1": 0.494662814098, "2013Q3": 0.611965462658, "2019Q2": 0.5979976572710001, "2019Q4": 0.5641266020669999, "2019Q3": 0.5477751956500001, "2006Q2": 0.177901808593, "2006Q4": 0.16583484348, "2006Q1": 0.10691906392100001, "2006Q3": 0.19479553558899998, "2011Q2": 0.658486637672, "2011Q4": 0.414878504832, "2011Q1": 0.724796292053, "2011Q3": 0.53827824294}