{"2009Q2": 0.314768952926, "2009Q4": 0.417420247461, "2009Q1": 0.240229653225, "2009Q3": 0.281119706718, "2020Q2": 1.17428292, "2020Q4": 1.11266931, "2020Q1": 1.095101336813, "2020Q3": 1.1730748100000001, "2014Q2": 0.405952142475, "2014Q4": 0.47246645069, "2014Q1": 0.441874085215, "2014Q3": 0.47246645069, "2002Q4": 0.425655691709, "2016Q2": 1.1263251813850002, "2016Q4": 1.0875426757870001, "2016Q1": 0.9849975741210001, "2016Q3": 1.3098675347570001, "2010Q2": 0.32797311198199997, "2010Q4": 0.474070095904, "2010Q1": 0.48557045742699995, "2010Q3": 0.400382755375, "2022Q2": 0.83963645, "2022Q4": 0.83601212, "2022Q1": 0.68258215, "2022Q3": 0.6680848300000001, "2021Q2": 0.9809853199999999, "2021Q4": 0.7852715, "2021Q1": 0.8239310200000001, "2021Q3": 0.84809322, "2007Q2": 0.6303897442130001, "2007Q4": 0.4657329827361115, "2007Q1": 0.359918560657, "2007Q3": 0.47790354974500004, "2017Q2": 1.1660958001519999, "2017Q1": 1.035079170116, "2023Q2": 1.16703426, "2023Q1": 1.22139921, "2023Q3": 1.00514752, "2015Q2": 0.8985875063709999, "2015Q4": 1.37848129653, "2015Q1": 0.47246645069, "2015Q3": 0.932590487187, "2003Q2": 0.37836060142899997, "2003Q4": 0.27194676911, "2003Q1": 0.44972547129400003, "2012Q2": 0.291342250294, "2012Q4": 0.28197154507899996, "2012Q1": 0.293898006999, "2012Q3": 0.296453522082, "2004Q2": 0.297705607286, "2004Q4": 0.248299103159, "2004Q1": 0.445924998856, "2004Q3": 0.28503736582600003, "2005Q2": 0.173133760856, "2005Q4": 0.172931160809, "2005Q1": 0.21916202699, "2005Q3": 0.17974623013, "2018Q2": 0.7222603483519999, "2018Q1": 0.942800828852, "2008Q2": 0.209136042911, "2008Q4": 0.16867184819300002, "2008Q1": 0.356936824366, "2008Q3": 0.18052697521634412, "2013Q2": 0.341778789007, "2013Q4": 0.435457692194, "2013Q1": 0.336065878439, "2013Q3": 0.48636104461100005, "2019Q2": 1.46693186207, "2019Q4": 1.301407382049, "2019Q3": 1.447740672287, "2006Q2": 0.181024048077, "2006Q4": 0.16398655599099998, "2006Q1": 0.14609698392200002, "2006Q3": 0.187839117398, "2011Q2": 0.39399366564, "2011Q4": 0.299435137562, "2011Q1": 0.49877461648300003, "2011Q3": 0.438717293785}