{"2021Q3": 14.539, "2021Q4": 16.058, "2022Q3": 25.9315, "2022Q2": 21.7, "2022Q1": 23.653000000000002, "2022Q4": 21.862750000000002, "2019Q3": 11.02940220676, "2019Q2": 12.90999223192, "2019Q1": 12.605029883355, "2019Q4": 11.386582299330001, "2017Q3": 13.270339379815, "2017Q2": 16.093815596109998, "2017Q1": 18.54082965861, "2017Q4": 14.445554375, "2015Q3": 20.245152744005, "2015Q2": 25.459811084120002, "2015Q1": 13.688485028890002, "2015Q4": 20.31100715861, "2014Q3": 12.45665189426, "2014Q2": 10.241328774074999, "2014Q1": 9.696576127455, "2014Q4": 11.541271088935002, "2012Q4": 8.09435535692, "2023Q3": 0, "2023Q2": 12.46665, "2023Q1": 13.94225, "2018Q4": 13.367432045695, "2020Q3": 9.812463451945, "2020Q2": 9.82323504442, "2020Q1": 8.27219787618, "2020Q4": 15.02725, "2013Q3": 7.04004793023, "2013Q2": 6.9720282842, "2013Q1": 7.7202459789699995, "2013Q4": 7.3359869772, "2016Q3": 29.337047988010003, "2016Q2": 23.212579003635003, "2016Q1": 22.245390508355, "2016Q4": 24.281899482015003}