{"2017Q2": 5.145034356271999, "2017Q1": 3.867939256736, "2017Q3": 5.282506906584, "2023Q2": 8.414247074383999, "2023Q1": 7.310229701336, "2023Q3": 7.922987839999999, "2016Q2": 2.755180748816, "2016Q4": 3.27206759284, "2016Q1": 2.3020114069999997, "2016Q3": 3.1373288160719994, "2009Q4": 0, "2010Q2": 0, "2010Q4": 0, "2010Q3": 0, "2015Q2": 2.7818152976639996, "2015Q4": 2.449011964264, "2015Q1": 2.393059504248, "2015Q3": 1.8826501454879998, "2020Q2": 7.713549054592, "2020Q4": 12.695564937088, "2020Q1": 6.085355631583999, "2020Q3": 9.369492356928, "2022Q2": 8.204139376304, "2022Q4": 7.0371650964559995, "2022Q1": 7.500904372392, "2022Q3": 6.698892787887999, "2018Q2": 6.386474725255999, "2018Q1": 6.518558415688, "2012Q2": 0, "2012Q4": 0, "2012Q1": 0, "2012Q3": 0, "2008Q4": 0, "2021Q2": 9.391922781063998, "2021Q4": 9.713013002303999, "2021Q1": 10.605001909672, "2021Q3": 9.158999077248, "2011Q2": 0, "2011Q4": 0, "2011Q1": 0, "2011Q3": 0, "2019Q2": 6.510967028023999, "2019Q4": 7.313224813519999, "2019Q3": 6.415549577207999, "2013Q2": 0, "2013Q4": 1.390716571728, "2013Q1": 0, "2013Q3": 1.202691703112, "2014Q2": 1.403153863256, "2014Q4": 1.992884640344, "2014Q1": 1.25386994888, "2014Q3": 1.4445510462959998}