{"2021Q3": 48.177699999999994, "2021Q2": 84.0159, "2021Q1": 17.4899, "2021Q4": 40.39845, "2022Q3": 24.464399999999998, "2022Q2": 27.951649999999997, "2022Q1": 44.3149, "2022Q4": 23.8206, "2019Q3": 18.384130236193997, "2019Q2": 20.125244583582, "2019Q1": 19.357104421875, "2019Q4": 19.447642988013, "2017Q4": 20.502898670056002, "2015Q3": 16.266694670055998, "2015Q2": 19.788827648974, "2015Q1": 16.174005911707, "2015Q4": 18.530217510167997, "2014Q3": 12.939159253265, "2014Q2": 11.045623369542998, "2014Q1": 11.631717135541, "2014Q4": 13.625095460028, "2012Q4": 7.571935711847, "2023Q3": 0, "2023Q2": 22.693949999999997, "2023Q1": 23.391399999999997, "2018Q3": 18.407711088293, "2018Q2": 18.258056927332, "2018Q1": 18.407711088293, "2018Q4": 18.384130236193997, "2020Q3": 18.245235416417998, "2020Q2": 19.813592572668, "2020Q1": 14.951681824859998, "2020Q4": 19.15305, "2013Q3": 9.660746069403, "2013Q2": 7.693784083209, "2013Q1": 6.9888099850979994, "2013Q4": 10.684950765624999, "2016Q3": 16.213941630457, "2016Q2": 16.119400271082, "2016Q1": 16.686651571221997, "2016Q4": 14.198335231109999}