{"2009Q2": 0.315622603452, "2009Q4": 0.35349733519599996, "2009Q1": 0.22265745165300002, "2009Q3": 0.3320731957, "2020Q2": 0.32256537, "2020Q4": 0.30927616, "2020Q1": 0.36122489, "2020Q3": 0.36726544, "2014Q2": 0.860789006368, "2014Q4": 0.88030022449, "2014Q1": 0.7670586376949999, "2014Q3": 0.926209008545, "2002Q4": 0.191821410391, "2016Q2": 1.0041922674230002, "2016Q4": 1.316321741621, "2016Q1": 0.8941526553720001, "2016Q3": 1.6962546982150002, "2010Q2": 0.3320731957, "2010Q4": 0.537897325857, "2010Q1": 0.346993595822, "2010Q3": 0.533306507857, "2022Q2": 0.23678956, "2022Q4": 0.21383547, "2022Q1": 0.23437333999999999, "2022Q3": 0.2295409, "2021Q2": 0.25128688, "2021Q4": 0.27182475, "2021Q1": 0.25249499, "2021Q3": 0.26820042000000005, "2007Q2": 0.233752009027, "2007Q4": 0.319448325389, "2007Q1": 0.20888475603099999, "2007Q3": 0.311031785452, "2017Q2": 1.320465679732, "2017Q1": 1.3256739627529999, "2017Q3": 1.332234483297, "2023Q2": 0.20779492, "2023Q1": 0.22470846000000003, "2023Q3": 0.23074901, "2015Q2": 1.132747856578, "2015Q4": 1.0516718361, "2015Q1": 1.354308102729, "2015Q3": 0.847823569848, "2003Q2": 0.185935740093, "2003Q4": 0.117447138516, "2003Q1": 0.201720180487, "2012Q2": 0.45564436461700003, "2012Q4": 0.458322261243, "2012Q1": 0.478216087802, "2012Q3": 0.45755716518, "2004Q2": 0.156774622535, "2004Q4": 0.12039009447599999, "2004Q1": 0.177642185754, "2004Q3": 0.13082381568, "2005Q2": 0.092834071864, "2005Q4": 0.07464174742900001, "2005Q1": 0.095509310648, "2005Q3": 0.09042618782299999, "2018Q2": 0.7131926371249999, "2018Q1": 0.910909382694, "2008Q2": 0.169097223724, "2008Q4": 0.15953285847600002, "2008Q1": 0.24140345290100002, "2008Q3": 0.149203397165, "2013Q2": 0.474007878239, "2013Q4": 0.647695799152, "2013Q1": 0.454113930869, "2013Q3": 0.646930582278, "2019Q2": 0.612360997872, "2019Q4": 0.40592496, "2019Q3": 0.68620648, "2006Q2": 0.08416600342500001, "2006Q4": 0.112093761484, "2006Q1": 0.091052351236, "2006Q3": 0.132752684106, "2011Q2": 0.495049288487, "2011Q4": 0.415091494625, "2011Q1": 0.537514838231, "2011Q3": 0.489310645176}