{"2009Q2": 0.816273656387, "2009Q4": 0.7788053328469999, "2009Q1": 0.580709240738, "2009Q3": 0.646774252844, "2020Q2": 0.380195478897, "2020Q4": 0.503374012064, "2020Q1": 0.41948019582199997, "2020Q3": 0.42994061625700003, "2014Q2": 0.632023229744, "2014Q4": 0.7184738899900001, "2014Q1": 0.635528077665, "2014Q3": 0.7932418849139999, "2002Q4": 0.30992261966100004, "2016Q2": 0.786232430694, "2016Q4": 1.079165399425, "2016Q1": 0.7687085535220001, "2016Q3": 0.725302248521, "2010Q2": 0.499577284767, "2010Q4": 0.723495036772, "2010Q1": 0.782373727354, "2010Q3": 0.640529411443, "2022Q2": 0.442770744457, "2022Q4": 0.462608152279, "2022Q1": 0.46062443565899996, "2022Q3": 0.5851693412360001, "2021Q2": 0.48323904674900003, "2021Q4": 0.52846838974, "2021Q1": 0.49271425347899994, "2021Q3": 0.630829375442, "2007Q2": 0.6571682272289999, "2007Q4": 0.8340982321379999, "2007Q1": 0.435373970171, "2007Q3": 1.1184498747279998, "2017Q2": 1.124863005852, "2017Q1": 1.298279343637, "2023Q2": 0.43857654897, "2023Q1": 0.452995583442, "2023Q3": 0.45304125, "2015Q2": 1.0420790802670001, "2015Q4": 0.9708160540750002, "2015Q1": 1.002358598065, "2015Q3": 0.72314685947, "2003Q2": 0.295794256455, "2003Q4": 0.276492041363, "2003Q1": 0.31864553629400005, "2012Q2": 0.72314685947, "2012Q4": 0.7605308569320001, "2012Q1": 0.509357056028, "2012Q3": 0.671743832757, "2004Q2": 0.23822346575900002, "2004Q4": 0.19841418747200001, "2004Q1": 0.322922004072, "2004Q3": 0.248965617446, "2005Q2": 0.14470330822600003, "2005Q4": 0.155445580724, "2005Q1": 0.171242827084, "2005Q3": 0.159236871526, "2018Q2": 0.483925494851, "2018Q4": 0.43705614253499997, "2018Q3": 0.5401685726569999, "2008Q2": 0.551642234949, "2008Q4": 0.350700318924, "2008Q1": 0.6527450948969999, "2008Q3": 0.387350027128, "2013Q2": 0.6845946196380001, "2013Q4": 0.6378645624050001, "2013Q1": 0.7032866183690001, "2013Q3": 0.6670707424660001, "2019Q2": 0.453460343359, "2019Q4": 0.417136704044, "2019Q1": 0.553057656625, "2019Q3": 0.398389011442, "2006Q2": 0.212315788431, "2006Q4": 0.230640763344, "2006Q1": 0.161764479268, "2006Q3": 0.248965617446, "2011Q2": 0.634359835295, "2011Q4": 0.446271484804, "2011Q1": 0.770776354598, "2011Q3": 0.644874137436}