{"2009Q2": 0.24403822, "2009Q4": 0.34068702, "2009Q1": 0.20175437, "2009Q3": 0.25249499, "2020Q2": 0.24887066000000002, "2020Q4": 0.22833278999999998, "2020Q1": 0.25491121, "2020Q3": 0.24645444, "2014Q2": 0.24645444, "2014Q4": 0.311088325, "2014Q1": 0.199942205, "2014Q3": 0.3503519, "2002Q4": 0.201172785846, "2016Q2": 0.40350874, "2016Q4": 0.4711629, "2016Q1": 0.486264275, "2016Q3": 0.481431835, "2010Q2": 0.29598695, "2010Q4": 0.508010255, "2010Q1": 0.37209788, "2010Q3": 0.36364111, "2022Q2": 0.5762684699999999, "2022Q4": 0.53519273, "2022Q1": 0.5472738300000001, "2022Q3": 0.48203589, "2021Q2": 0.43008716, "2021Q4": 0.6366739699999999, "2021Q1": 0.33947891, "2021Q3": 0.58110091, "2007Q2": 0.382366815, "2007Q4": 0.67895782, "2007Q1": 0.31773292999999997, "2007Q3": 0.74298765, "2017Q2": 0.36968166, "2017Q1": 0.47961967000000005, "2023Q2": 0.44820881, "2023Q1": 0.5146548599999999, "2023Q3": 0.38055465, "2015Q2": 0.63909019, "2015Q4": 0.462102075, "2015Q1": 0.40350874, "2015Q3": 0.325585645, "2003Q2": 0.205941920882, "2003Q4": 0.213312479181, "2003Q1": 0.221983688706, "2012Q2": 0.19208949, "2012Q4": 0.190277325, "2012Q1": 0.22470846000000003, "2012Q3": 0.176988115, "2004Q2": 0.193802227547, "2004Q4": 0.17616007640599998, "2004Q1": 0.271409885026, "2004Q3": 0.23192945428099998, "2005Q2": 0.12171865304300002, "2005Q4": 0.106227179324, "2005Q1": 0.15137376678, "2005Q3": 0.122161304547, "2018Q2": 0.30323561, "2018Q4": 0.2295409, "2018Q3": 0.24887066000000002, "2008Q2": 0.225312515, "2008Q4": 0.13530832, "2008Q1": 0.421026335, "2008Q3": 0.17034351, "2013Q2": 0.1812165, "2013Q4": 0.190277325, "2013Q1": 0.22772873500000002, "2013Q3": 0.20296248, "2019Q2": 0.32256537, "2019Q4": 0.26095176000000003, "2019Q1": 0.35760056, "2019Q3": 0.26940853, "2006Q2": 0.143725463992, "2006Q4": 0.151617805, "2006Q1": 0.116407318239, "2006Q3": 0.155242135, "2011Q2": 0.42042228, "2011Q4": 0.221688185, "2011Q1": 0.5219035200000001, "2011Q3": 0.3020275}