{"2009Q2": 0.69828758, "2009Q4": 0.92903659, "2009Q1": 0.68499837, "2009Q3": 0.79372827, "2020Q2": 0.6765416, "2020Q4": 0.84809322, "2020Q1": 0.6282172, "2020Q3": 0.75144442, "2014Q2": 0.6161361, "2014Q4": 1.1017963199999998, "2014Q1": 0.6402983, "2014Q3": 0, "2002Q4": 0.30323561, "2016Q2": 1.69618644, "2016Q4": 1.57537544, "2016Q1": 1.4642293199999998, "2016Q3": 1.65148637, "2010Q2": 0.76231741, "2010Q4": 1.22743976, "2010Q1": 0.9181636, "2010Q3": 1.06676113, "2022Q2": 3.48781357, "2022Q4": 2.90792077, "2022Q1": 3.19545095, "2022Q3": 3.19061851, "2021Q4": 4.34194734, "2021Q1": 1.0293097199999999, "2007Q2": 0.41800606, "2007Q4": 0.50982242, "2007Q1": 0.32256537, "2007Q3": 0.65358751, "2017Q2": 1.4461076700000002, "2017Q4": 1.87377861, "2017Q1": 1.67564857, "2017Q3": 1.91727057, "2023Q2": 2.63126358, "2023Q1": 2.70495829, "2023Q3": 2.75690702, "2015Q2": 2.05257889, "2015Q4": 2.0658681000000003, "2015Q1": 1.45214822, "2015Q3": 1.2624749499999999, "2003Q2": 0.29961128, "2003Q4": 0.19450571000000003, "2003Q1": 0.33223025, "2012Q2": 0.86017432, "2012Q4": 0.8094337, "2012Q1": 0.72365789, "2012Q3": 0.9374933599999999, "2004Q2": 0.18846516000000002, "2004Q4": 0.12564344, "2004Q1": 0.2537031, "2004Q3": 0.17880028, "2005Q2": 0.1129341228, "2005Q4": 0.12926777, "2005Q1": 0.11756480843000001, "2005Q3": 0.13772453999999998, "2018Q2": 1.54034025, "2018Q4": 1.18757213, "2018Q1": 1.7686730400000001, "2018Q3": 1.28663715, "2008Q2": 0, "2008Q4": 0.41800606, "2008Q1": 0, "2008Q3": 0, "2013Q2": 0.5508981599999999, "2013Q4": 0.62217665, "2013Q1": 0.7925201599999999, "2013Q3": 0.6886227, "2019Q4": 0.78164717, "2006Q2": 0.15826241000000002, "2006Q4": 0.16309485, "2006Q1": 0.12564344, "2006Q3": 0.15342997, "2011Q2": 1.2226073199999998, "2011Q4": 0.71399301, "2011Q1": 1.24918574, "2011Q3": 0.82997157}