{"2009Q2": 0.506063748168, "2009Q4": 0.825644482413, "2009Q1": 0.423451857447, "2009Q3": 0.538241153963, "2020Q2": 0.66687672, "2020Q4": 0.70432813, "2020Q1": 0.650519031411, "2020Q3": 0.7526525300000001, "2014Q2": 0.5998438909730001, "2014Q4": 0.821786141506, "2014Q1": 0.810703181988, "2014Q3": 0.821786141506, "2002Q4": 0.487690690477, "2016Q2": 1.140903082322, "2016Q4": 1.4216300324789999, "2016Q1": 1.569191608154, "2016Q3": 1.4216300324789999, "2010Q2": 0.48266193260199997, "2010Q4": 0.640624127267, "2010Q1": 0.795660883567, "2010Q3": 0.682308513085, "2022Q2": 0.89520951, "2022Q4": 0.83117968, "2022Q1": 0.74298765, "2022Q3": 0.7538606400000001, "2021Q2": 0.78043906, "2021Q4": 0.7321146599999999, "2021Q1": 0.94353391, "2021Q3": 0.70191191, "2007Q2": 0.968817598513, "2007Q4": 1.3713495815780001, "2007Q1": 0.7206617772, "2007Q3": 1.251599785402, "2017Q2": 1.5667924225049998, "2017Q1": 1.534400697996, "2023Q2": 0.6427145200000001, "2023Q1": 1.0244772800000002, "2023Q3": 0.53760895, "2015Q2": 2.247015254486, "2015Q4": 1.491211973606, "2015Q1": 0.821786141506, "2015Q3": 1.331653503198, "2003Q2": 0.393287404534, "2003Q4": 0.30102162761400003, "2003Q1": 0.518327151967, "2012Q2": 0.48704978812199995, "2012Q4": 0.502784816817, "2012Q1": 0.418307000201, "2012Q3": 0.437333524591, "2004Q2": 0.29745927365700003, "2004Q4": 0.232445679684, "2004Q1": 0.35516984268, "2004Q3": 0.260232330495, "2005Q2": 0.20198729360800002, "2005Q4": 0.193437499138, "2005Q1": 0.23191121182000002, "2005Q3": 0.18755956074400001, "2018Q2": 1.668769229227, "2018Q4": 0.754490427743, "2018Q3": 1.146152441083, "2008Q2": 0.490540501156, "2008Q4": 0.269075816506, "2008Q1": 0.908942821236, "2008Q3": 0.335443218545, "2013Q2": 0.844172540617, "2013Q4": 0.726657747941, "2013Q1": 0.609886788592, "2013Q3": 0.70211366437, "2019Q2": 0.86976792151, "2019Q4": 0.75532486932, "2019Q1": 1.0956928274689999, "2019Q3": 0.802306696677, "2006Q2": 0.21425081821800002, "2006Q4": 0.219300476396, "2006Q1": 0.197658997911, "2006Q3": 0.21713626814200002, "2011Q2": 0.618684849667, "2011Q4": 0.378085152349, "2011Q1": 0.6918153722970001, "2011Q3": 0.421963465927}