{"2001Q4": 0.14789089744, "2009Q2": 0.23661734109799998, "2009Q4": 0.27784962486599996, "2009Q1": 0.14923294378399998, "2009Q3": 0.21248708686599999, "2020Q2": 0.5232597375499999, "2020Q4": 0.546010250222, "2020Q1": 0.50972026838, "2020Q3": 0.581273399882, "2014Q2": 0.504092324304, "2014Q4": 0.807392985778, "2014Q1": 0.532188066932, "2014Q3": 0.599203999262, "2002Q2": 0.15124903375, "2002Q4": 0.10546179056399999, "2002Q3": 0.135678493182, "2016Q2": 0.56330365547, "2016Q4": 0.614513089678, "2016Q1": 0.6293188523059999, "2016Q3": 0.616646735558, "2010Q2": 0.433173970574, "2010Q4": 0.483308728672, "2010Q1": 0.38514760739399995, "2010Q3": 0.4715949403, "2022Q2": 0.59269323806, "2022Q4": 0.578546416804, "2022Q1": 0.576455057224, "2022Q3": 0.588011298924, "2021Q2": 0.5926485354000001, "2021Q4": 0.733037359948, "2021Q1": 0.613123803496, "2021Q3": 0.6622853726039999, "2007Q2": 0.29846588756799997, "2007Q4": 0.356097523384, "2007Q1": 0.177196873974, "2007Q3": 0.414431957506, "2017Q2": 0.605872427954, "2017Q1": 0.616646735558, "2017Q3": 0.6166531389119999, "2023Q2": 0.6560417399999999, "2023Q1": 0.603391913596, "2023Q3": 0.64758448, "2015Q2": 1.01390223964, "2015Q4": 0.754334794534, "2015Q1": 0.939492728982, "2015Q3": 0.607070096788, "2003Q2": 0.113312302568, "2003Q4": 0.09552112716, "2003Q1": 0.134641633106, "2012Q2": 0.38820853142399997, "2012Q4": 0.352007592448, "2012Q1": 0.360130186588, "2012Q3": 0.337717601862, "2004Q2": 0.07977974993999999, "2004Q4": 0.07029916148, "2004Q1": 0.106074821096, "2004Q3": 0.076917692338, "2005Q2": 0.066006135486, "2005Q4": 0.045613990174, "2005Q1": 0.071372508592, "2005Q3": 0.052590142312, "2018Q2": 0.44631123662199995, "2018Q1": 0.543344642688, "2008Q2": 0.18390565587799998, "2008Q4": 0.100035250094, "2008Q1": 0.277146947378, "2008Q3": 0.140564735556, "2013Q2": 0.505894324774, "2013Q4": 0.605810931592, "2013Q1": 0.5536571838959999, "2013Q3": 0.526929463482, "2019Q2": 0.5074896056459999, "2019Q4": 0.5164124982180001, "2019Q3": 0.534258283362, "2006Q2": 0.11975903023, "2006Q4": 0.093714414788, "2006Q1": 0.084251707392, "2006Q3": 0.09162148457399999, "2011Q2": 0.424037230142, "2011Q4": 0.38931727820999995, "2011Q1": 0.45683569260199997, "2011Q3": 0.38131429389}