{"2009Q2": 0.48954308554, "2009Q4": 0.656483953725, "2009Q1": 0.317714204295, "2009Q3": 0.557973697837, "2020Q4": 0.906718328293, "2014Q2": 0.529640860495, "2014Q4": 1.129331442309, "2014Q1": 0.44568845091799997, "2014Q3": 0.8790242187080001, "2002Q4": 0.125560442843, "2016Q2": 1.057496980087, "2016Q4": 0.992593324124, "2016Q1": 0.880757494125, "2016Q3": 0.992593324124, "2010Q2": 0.447055669005, "2010Q4": 0.46510350348400004, "2010Q1": 0.617004610279, "2010Q3": 0.516614535231, "2022Q2": 0.8802772704, "2022Q4": 0.7391458602, "2022Q1": 0.7895424104719999, "2022Q3": 0.8061234786, "2021Q2": 0.7846745728490001, "2021Q4": 0.909288099074, "2021Q1": 1.031392139207, "2021Q3": 0.876187697239, "2007Q2": 0.435775908368, "2007Q4": 0.6227048585373601, "2007Q1": 0.423259043091, "2007Q3": 0.5489498410029999, "2017Q2": 0.8450766901410001, "2017Q4": 0.7057100870290001, "2017Q1": 0.980477672178, "2017Q3": 0.765184979896, "2023Q2": 0.8734635300000001, "2023Q1": 0.7582823226000001, "2023Q3": 0.78647961, "2015Q2": 1.1971460393170001, "2015Q4": 1.056053892692, "2015Q1": 1.252378049864, "2015Q3": 0.690924391172, "2003Q2": 0.15175093872200002, "2003Q4": 0.19838277661200002, "2003Q1": 0.141736914932, "2012Q2": 0.528304570024, "2012Q4": 0.5084980898179999, "2012Q1": 0.310030262262, "2012Q3": 0.481011895964, "2004Q2": 0.165168570815, "2004Q4": 0.14873283832, "2004Q1": 0.218932365279, "2004Q3": 0.158472500329, "2005Q2": 0.11403519425400001, "2005Q4": 0.11396222441, "2005Q1": 0.12336917292499999, "2005Q3": 0.125913210963, "2018Q2": 0.454749638351, "2018Q4": 0.4786516881599039, "2018Q1": 0.6160538277090001, "2018Q3": 0.44297322369299996, "2008Q2": 0.28650679001900003, "2008Q4": 0.197396354797, "2008Q1": 0.523006403619, "2008Q3": 0.2078297071891792, "2013Q2": 0.38519330915600003, "2013Q4": 0.496718171641, "2013Q1": 0.49677604011, "2013Q3": 0.444453883309, "2019Q2": 0.652676232627, "2019Q4": 0.641471495621, "2019Q1": 0.646795394769, "2019Q3": 0.6106585292600001, "2006Q2": 0.220286173345, "2006Q4": 0.28806658084000003, "2006Q1": 0.154240732621, "2006Q3": 0.229127122325, "2011Q2": 0.415096327065, "2011Q4": 0.265566981822, "2011Q1": 0.5060868230690001, "2011Q3": 0.31973138556200004}