{"2009Q2": 0.9504846500740001, "2009Q4": 1.537186478845, "2009Q1": 0.868920673967, "2009Q3": 1.21409618505, "2020Q2": 1.248133113757, "2020Q4": 2.09252021471, "2020Q1": 1.183557097226, "2020Q3": 1.6819240973949998, "2014Q2": 2.226594691967, "2014Q4": 2.3869408500950002, "2014Q1": 1.8063233049060001, "2014Q3": 2.295559288884, "2002Q4": 0.42929403578499997, "2016Q2": 1.9719329566820003, "2016Q4": 2.272058770731, "2016Q1": 2.134641694726, "2016Q3": 2.437834658443, "2010Q2": 1.204062589878, "2010Q4": 1.885241761735, "2010Q1": 1.4314966668490001, "2010Q3": 2.046794821753, "2022Q2": 1.867874093186, "2022Q4": 1.583821941065, "2022Q1": 1.5937333963159999, "2022Q3": 1.71590521142, "2021Q2": 2.375375613065, "2021Q4": 1.894591204214, "2021Q1": 2.910671394848, "2021Q3": 1.819086383001, "2007Q2": 1.025512509459, "2007Q4": 1.33436232744, "2007Q1": 0.8345593677250001, "2007Q3": 1.5606874802419999, "2017Q2": 1.741911832957, "2017Q4": 1.394373621147, "2017Q1": 2.299828145569, "2017Q3": 1.789676757216, "2023Q2": 1.632173765162, "2023Q1": 1.6675533873230002, "2023Q3": 2.0876140800000003, "2015Q2": 2.891113785302, "2015Q4": 2.42686948965, "2015Q1": 3.385831930838, "2015Q3": 2.0917382051069997, "2003Q2": 0.632918560065, "2003Q4": 0.610775232686, "2003Q1": 0.546479739297, "2012Q2": 1.504270192974, "2012Q4": 1.32047027055, "2012Q1": 1.5162476371359999, "2012Q3": 1.056816572535, "2004Q2": 0.404123063935, "2004Q4": 0.30875473972399997, "2004Q1": 0.615460041644, "2004Q3": 0.399354653765, "2005Q2": 0.275971950008, "2005Q4": 0.36901599139, "2005Q1": 0.261666719498, "2005Q3": 0.344373930098, "2018Q2": 1.187536611566, "2018Q1": 1.463092367679, "2008Q2": 0.557843705201, "2008Q4": 0.5525309206650001, "2008Q1": 0.91613880764, "2008Q3": 0.684085884517, "2013Q2": 1.124382419694, "2013Q4": 1.952303947835, "2013Q1": 1.1493523620400001, "2013Q3": 1.264656675849, "2019Q2": 1.9522207090560002, "2019Q4": 1.3924201072770002, "2019Q3": 1.638616253359, "2006Q2": 0.563689024625, "2006Q4": 0.776334264653, "2006Q1": 0.332052899452, "2006Q3": 0.565972835769, "2011Q2": 1.798303870726, "2011Q4": 1.4084474985920001, "2011Q1": 2.361686518655, "2011Q3": 1.419016044872}