{"2009Q2": 1.00756374, "2009Q4": 1.5971214200000001, "2009Q1": 0.79614449, "2009Q3": 1.43161035, "2020Q2": 6.933343169189, "2020Q4": 6.329288169189001, "2020Q1": 4.80223725, "2020Q3": 6.721923919189001, "2014Q2": 2.16372501, "2014Q4": 2.312322419189, "2014Q1": 1.9003570300000001, "2014Q3": 2.36668749, "2002Q4": 0.7669148726049999, "2016Q2": 5.968063641622, "2016Q4": 4.710421131622, "2016Q1": 6.644605, "2016Q3": 5.22507575, "2010Q2": 1.27818038, "2010Q4": 1.48718341, "2010Q1": 1.7638406, "2010Q3": 1.28905337, "2022Q2": 1.937808560811, "2022Q4": 2.15647635, "2022Q1": 2.0779493208110003, "2022Q3": 1.68289723, "2021Q2": 3.20028339, "2021Q4": 2.29420089, "2021Q1": 4.625853310810999, "2021Q3": 2.5611933208110003, "2007Q2": 0.8215148, "2007Q4": 1.05588814, "2007Q1": 0.88675274, "2007Q3": 1.08125845, "2017Q2": 3.429824169189, "2017Q4": 4.43134748, "2017Q1": 4.421682358378, "2017Q3": 4.215095669189, "2023Q2": 3.20994827, "2023Q1": 2.210841179189, "2023Q3": 3.58325426, "2015Q2": 2.694085179189, "2015Q4": 8.056885831622001, "2015Q1": 2.694085179189, "2015Q3": 5.210578550811, "2003Q2": 0.664978054324, "2003Q4": 0.453937063565, "2003Q1": 0.8083267088070001, "2012Q2": 0.96527989, "2012Q4": 1.1452882800000002, "2012Q1": 0.9459501300000001, "2012Q3": 0.98460965, "2004Q2": 0.46190092468500005, "2004Q4": 0.303421054885, "2004Q1": 0.6140097055889999, "2004Q3": 0.378280866169, "2005Q2": 0.344036504975, "2005Q4": 0.363149650852, "2005Q1": 0.304217440997, "2005Q3": 0.360760492516, "2018Q4": 2.2035926399999997, "2008Q2": 0.6088874400000001, "2008Q4": 0.47961967000000005, "2008Q1": 1.00877185, "2008Q3": 0.5569387100000001, "2013Q2": 1.1597856, "2013Q4": 2.3195713208110003, "2013Q1": 1.1597856, "2013Q3": 2.7061664, "2019Q2": 2.5334065491890003, "2019Q4": 3.7572221000000003, "2019Q1": 3.28968353, "2019Q3": 3.1724968600000003, "2006Q2": 0.58714146, "2006Q4": 0.5110305300000001, "2006Q1": 0.43733582000000004, "2006Q3": 0.59318201, "2011Q2": 1.43161035, "2011Q4": 0.79131205, "2011Q1": 1.6394052700000001, "2011Q3": 1.11266931}