{"2009Q2": 0.854980896732, "2009Q4": 1.273464764237, "2009Q1": 0.647370938373, "2009Q3": 0.904838629944, "2020Q2": 5.2150959157229995, "2020Q4": 4.39382962395, "2020Q1": 4.138716417958, "2020Q3": 5.331179822915, "2014Q2": 1.580537089975, "2014Q4": 1.671909711172, "2014Q1": 1.464414523263, "2014Q3": 1.784858572914, "2002Q4": 0.238988803444, "2016Q2": 2.0542883656499997, "2016Q4": 2.65083858633, "2016Q1": 1.978942652524, "2016Q3": 2.419614426667, "2010Q2": 1.187835618791, "2010Q4": 1.414428247147, "2010Q1": 1.260919870808, "2010Q3": 1.339543065553, "2022Q2": 4.19601248444, "2022Q4": 3.7637803251350004, "2022Q1": 4.284501347067001, "2022Q3": 3.487986208919, "2021Q2": 5.56651300631, "2021Q4": 4.474799451559001, "2021Q1": 4.530525820718, "2021Q3": 4.318999652983, "2007Q2": 0.7227007044470001, "2007Q4": 0.9969996062330451, "2007Q1": 0.39420037326100005, "2007Q3": 1.064028143558, "2017Q2": 3.033985236335, "2017Q1": 2.505153930351, "2023Q2": 4.508888570618, "2023Q1": 4.331592145946001, "2023Q3": 4.46275834, "2015Q2": 2.29380342181, "2015Q4": 2.528379845101, "2015Q1": 2.018871775323, "2015Q3": 2.3519700523580003, "2003Q2": 0.249835819079, "2003Q4": 0.182793325172, "2003Q1": 0.25035627286699996, "2012Q2": 0.917996276765, "2012Q4": 1.149559915338, "2012Q1": 0.639675760917, "2012Q3": 0.91006805489, "2004Q2": 0.20536347781400002, "2004Q4": 0.198167370599, "2004Q1": 0.238890100857, "2004Q3": 0.1923552742, "2005Q2": 0.142536562941, "2005Q4": 0.130546796057, "2005Q1": 0.205917033816, "2005Q3": 0.156428619831, "2018Q2": 3.439605873426, "2018Q1": 4.236572603092, "2008Q2": 0.517255679208, "2008Q4": 0.556995370359, "2008Q1": 0.7743220366369999, "2008Q3": 0.37129207464092523, "2013Q2": 1.232143173852, "2013Q4": 1.294748642162, "2013Q1": 1.48649961974, "2013Q3": 1.443331674842, "2019Q2": 2.6006396828539997, "2019Q4": 3.5516867081330004, "2019Q3": 2.797085255081, "2006Q2": 0.184301529696, "2006Q4": 0.188653021105, "2006Q1": 0.141354668928, "2006Q3": 0.184301529696, "2011Q2": 0.8897162338300001, "2011Q4": 0.662671651523, "2011Q1": 1.190417953916, "2011Q3": 0.731011776381}