{"2009Q2": 0.797808661525, "2009Q4": 0.815616927791, "2009Q1": 0.495068739058, "2009Q3": 0.61497752251, "2020Q2": 0.863105557293, "2020Q4": 1.25844831937, "2020Q1": 0.854794968603, "2020Q3": 1.405662925853, "2014Q2": 1.2738819246200002, "2014Q4": 1.4353432890889999, "2014Q1": 1.167032568646, "2014Q3": 1.562375330723, "2002Q4": 0.327237493803, "2016Q2": 1.733334372768, "2016Q4": 1.852055946523, "2016Q1": 1.886485148547, "2016Q3": 1.829498720658, "2010Q2": 0.6589045229210001, "2010Q4": 0.8654799766869999, "2010Q1": 0.9699549132669999, "2010Q3": 0.9842015504420001, "2022Q2": 1.31079935, "2022Q4": 1.22743976, "2022Q1": 1.5101375, "2022Q3": 1.24676952, "2021Q2": 1.43885901, "2021Q4": 1.50047262, "2021Q1": 1.372420933526, "2021Q3": 1.47026987, "2007Q2": 0.553242255833, "2007Q4": 0.9094068562869999, "2007Q1": 0.580548320486, "2007Q3": 0.888037081741, "2017Q2": 1.979087988157, "2017Q1": 2.004019270983, "2023Q2": 1.2805966, "2023Q1": 1.3446264300000002, "2023Q3": 1.18998835, "2015Q2": 1.974338907747, "2015Q4": 2.326941999921, "2015Q1": 1.827124422075, "2015Q3": 1.576621967898, "2003Q2": 0.33627717687799996, "2003Q4": 0.27058861184800004, "2003Q1": 0.347727522647, "2012Q2": 0.8737904445660001, "2012Q4": 0.756256201319, "2012Q1": 0.73963514475, "2012Q3": 0.717078039696, "2004Q2": 0.243469441812, "2004Q4": 0.190436433087, "2004Q1": 0.34170098672300003, "2004Q3": 0.221171597164, "2005Q2": 0.13258234059600002, "2005Q4": 0.175370334899, "2005Q1": 0.203092110203, "2005Q3": 0.189833827819, "2018Q2": 2.1061199089800002, "2018Q4": 0.712329200908, "2018Q3": 0.688584886157, "2008Q2": 0.620913570995, "2008Q4": 0.331233076006, "2008Q1": 0.825114605367, "2008Q3": 0.39652985096300003, "2013Q2": 0.797808661525, "2013Q4": 1.1337906971299998, "2013Q1": 0.942648969425, "2013Q3": 1.054247284998, "2019Q2": 1.086301946817, "2019Q4": 0.903470928613, "2019Q1": 1.1444755844030001, "2019Q3": 0.950959437304, "2006Q2": 0.445205810973, "2006Q4": 0.3336074954, "2006Q1": 0.307488761255, "2006Q3": 0.39652985096300003, "2011Q2": 1.4163478131259999, "2011Q4": 0.7930598227369999, "2011Q1": 1.557626491935, "2011Q3": 1.1302290680390001}