{"2009Q2": 0.700278666091, "2009Q4": 0.877260015675, "2009Q1": 0.637420702791, "2009Q3": 0.721035808056, "2020Q2": 1.161599214732, "2020Q4": 1.640809939497, "2020Q1": 1.1424783369509999, "2020Q3": 1.316965785062, "2014Q2": 0.673514680395, "2014Q4": 0.862862243939, "2014Q1": 0.532331200654, "2014Q3": 0.9940706010320001, "2002Q4": 0.409932864925, "2016Q2": 1.754632023147, "2016Q4": 1.929034541125, "2016Q1": 1.572581202381, "2016Q3": 1.9313913221130001, "2010Q2": 0.5923932349809999, "2010Q4": 0.6976579130680001, "2010Q1": 0.888184954405, "2010Q3": 0.67750083934, "2022Q2": 1.626169337651, "2022Q4": 1.7034351, "2022Q1": 1.606910372897, "2022Q3": 1.55000513, "2021Q2": 1.5628473393, "2021Q4": 2.159398647279, "2021Q1": 1.439306977188, "2021Q3": 1.699593672633, "2007Q2": 0.971307634034, "2007Q4": 1.625236193487, "2007Q1": 0.7082451850529999, "2007Q3": 1.6284312820040001, "2017Q2": 1.3959560036249998, "2017Q1": 1.789983737967, "2017Q3": 1.786350709575, "2023Q2": 2.02600047, "2023Q1": 2.0574114508109997, "2023Q3": 1.5862484300000002, "2015Q2": 1.88028549046, "2015Q4": 1.1098499436929998, "2015Q1": 1.3089282292320001, "2015Q3": 1.1098499436929998, "2003Q2": 0.446143545955, "2003Q4": 0.428379738137, "2003Q1": 0.449559597791, "2012Q2": 0.602870448145, "2012Q4": 0.618043464068, "2012Q1": 0.536010741281, "2012Q3": 0.552805403257, "2004Q2": 0.347821755227, "2004Q4": 0.27130091350400004, "2004Q1": 0.48030466837, "2004Q3": 0.315822304035, "2005Q2": 0.18921503387699998, "2005Q4": 0.196171452068, "2005Q1": 0.215649447165, "2005Q3": 0.198258341282, "2018Q4": 1.240389732712, "2018Q3": 1.362765597595, "2008Q2": 0.543165651945, "2008Q4": 0.352315803616, "2008Q1": 1.226914957016, "2008Q3": 0.377249019418, "2013Q2": 0.5138915761020001, "2013Q4": 0.49529948806800006, "2013Q1": 0.574551383257, "2013Q3": 0.539274571257, "2019Q2": 1.026529617268, "2019Q4": 1.109016589415, "2019Q1": 1.228508816539, "2019Q3": 1.2082065279890002, "2006Q2": 0.361039082682, "2006Q4": 0.43985762881400003, "2006Q1": 0.229562283547, "2006Q3": 0.363175383595, "2011Q2": 0.93730247862, "2011Q4": 0.460085256166, "2011Q1": 0.7088561262799999, "2011Q3": 0.7263907556310001}