{"2009Q2": 0.938777460119, "2009Q4": 1.232213848287, "2009Q1": 0.59807243928, "2009Q3": 0.98371444049, "2020Q2": 1.830847817095, "2020Q4": 1.360291629937, "2020Q1": 1.320542273906, "2020Q3": 1.732766561068, "2014Q2": 0.970181917136, "2014Q4": 1.311818632407, "2014Q1": 0.961060445014, "2014Q3": 1.139341600147, "2002Q4": 0.283240060579, "2016Q2": 1.325998461099, "2016Q4": 1.649680728794, "2016Q1": 1.4629083725260001, "2016Q3": 1.625172163657, "2010Q2": 1.200703560834, "2010Q4": 1.524926699376, "2010Q1": 1.176656252095, "2010Q3": 1.824273524097, "2022Q2": 1.334402799125, "2022Q4": 1.3464243393020001, "2022Q1": 1.210274087443, "2022Q3": 1.235825130699, "2021Q2": 1.384184542218, "2021Q4": 1.243399980399, "2021Q1": 1.479390375634, "2021Q3": 1.261145787378, "2007Q2": 1.020481214553, "2007Q4": 1.5237773035220001, "2007Q1": 0.911815223572, "2007Q3": 1.4134769813330001, "2017Q2": 2.069217705786, "2017Q4": 1.788987892894, "2017Q1": 1.905753174126, "2017Q3": 2.045678407302, "2023Q2": 1.19482079, "2023Q1": 1.441395316134, "2015Q2": 1.732502830655, "2015Q4": 1.808564107334, "2015Q1": 1.528243565381, "2015Q3": 1.397833768998, "2003Q2": 0.277793175833, "2003Q4": 0.233007330023, "2003Q1": 0.294133830071, "2012Q2": 1.233872100073, "2012Q4": 0.953597224678, "2012Q1": 1.326744227402, "2012Q3": 0.9801322735290001, "2004Q2": 0.22150829742099998, "2004Q4": 0.17309111457300003, "2004Q1": 0.289292087624, "2004Q3": 0.223929108239, "2005Q2": 0.17309111457300003, "2005Q4": 0.216061412675, "2005Q1": 0.151303454778, "2005Q3": 0.208193475489, "2018Q2": 1.377610370031, "2018Q4": 1.0698668183770002, "2018Q1": 1.707160790429, "2018Q3": 1.195136227521, "2008Q2": 0.727164429275, "2008Q4": 0.410153345, "2008Q1": 1.043358710379, "2008Q3": 0.49022313065900003, "2013Q2": 0.928721031668, "2013Q4": 1.05807844343, "2013Q1": 0.8623837115680001, "2013Q3": 0.9842783862380001, "2019Q2": 1.23549422937, "2019Q4": 1.5262664933660002, "2019Q1": 1.355390327667, "2019Q3": 1.161939297697, "2006Q2": 0.521270711982, "2006Q4": 0.468980207663, "2006Q1": 0.226349919057, "2006Q3": 0.462443849319, "2011Q2": 1.416299367915, "2011Q4": 1.264553140822, "2011Q1": 1.498391771336, "2011Q3": 1.4005442845940002}