{"2009Q2": 0.856809854461, "2009Q4": 0.955627815966, "2009Q1": 0.893198127661, "2009Q3": 0.83704626216, "2020Q2": 0.36856053392000004, "2020Q4": 0.561786492997, "2020Q1": 0.42700539220100003, "2020Q3": 0.6285805994879999, "2014Q2": 0.42549851659800003, "2014Q4": 0.5917452047770001, "2014Q1": 0.447587237405, "2014Q3": 0.5638436627050001, "2002Q4": 0.31424100885600004, "2016Q2": 0.760317021462, "2016Q4": 0.917263195617, "2016Q1": 0.798681641811, "2016Q3": 0.7882186843450001, "2010Q2": 0.835883818718, "2010Q4": 0.985854486544, "2010Q1": 0.95330268746, "2010Q3": 1.057933591041, "2022Q2": 0.52673596, "2022Q4": 0.6692929400000001, "2022Q1": 0.59318201, "2022Q3": 0.49170077000000006, "2021Q2": 0.8166823599999999, "2021Q4": 0.70916057, "2021Q1": 0.7907949789200001, "2021Q3": 0.77439851, "2007Q2": 1.002514685877, "2007Q4": 1.261142283859, "2007Q1": 0.749219806246, "2007Q3": 1.30202484707, "2017Q2": 0.76687077659, "2017Q1": 0.912612938605, "2023Q2": 0.49653321000000006, "2023Q1": 0.5436495, "2023Q3": 0.49653321000000006, "2015Q2": 1.3369490117610001, "2015Q4": 0.9219135734399999, "2015Q1": 0.7951939490519999, "2015Q3": 0.6126713613310001, "2003Q2": 0.328495257124, "2003Q4": 0.353764206695, "2003Q1": 0.336270290651, "2012Q2": 0.580119562247, "2012Q4": 0.490602114766, "2012Q1": 0.668474566286, "2012Q3": 0.49641493603100006, "2004Q2": 0.327847347731, "2004Q4": 0.288972180096, "2004Q1": 0.46261479688400003, "2004Q3": 0.35894760265000003, "2005Q2": 0.20474263008500002, "2005Q4": 0.274526325582, "2005Q1": 0.25398458963, "2005Q3": 0.213300881325, "2018Q2": 0.502635011177, "2018Q4": 0.427474622125, "2018Q3": 0.49323990214, "2008Q2": 1.335797682931, "2008Q4": 0.523476237598, "2008Q1": 1.013179880957, "2008Q3": 0.722557180979, "2013Q2": 0.451074930164, "2013Q4": 0.444099544646, "2013Q1": 0.52315391385, "2013Q3": 0.46502570120000003, "2019Q2": 0.483064837287, "2019Q4": 0.400764880568, "2019Q1": 0.520250704709, "2019Q3": 0.47352282207400004, "2006Q2": 0.5074785657890001, "2006Q4": 0.486148538062, "2006Q1": 0.369721769252, "2006Q3": 0.49770241885800004, "2011Q2": 1.098623219085, "2011Q4": 0.645223160415, "2011Q1": 1.162564253, "2011Q3": 0.8730858748139999}