{"2009Q2": 1.0987780987870002, "2009Q4": 1.108754187923, "2009Q1": 0.7489030398040001, "2009Q3": 0.9975935706029999, "2020Q2": 0.42404661, "2020Q4": 0.3382708, "2020Q1": 0.37813842999999997, "2020Q3": 0.4349196, "2014Q2": 0.641741145773, "2014Q4": 0.883523703592, "2014Q1": 0.650860080864, "2014Q3": 0.841791839051, "2002Q4": 0.40167350009900005, "2016Q2": 1.472236914702, "2016Q4": 1.686315214812, "2016Q1": 1.589441706352, "2016Q3": 1.7939522585060002, "2010Q2": 0.719008720287, "2010Q4": 1.024173440335, "2010Q1": 1.123005415916, "2010Q3": 0.879507945952, "2022Q2": 0.53760895, "2022Q4": 0.86742298, "2022Q1": 0.52794407, "2022Q3": 0.5315684, "2021Q2": 0.49411699, "2021Q4": 0.5219035200000001, "2021Q1": 0.48566022, "2021Q3": 0.47599534, "2007Q2": 0.618379197837, "2007Q4": 1.056866225856, "2007Q1": 0.552514248747, "2007Q3": 1.096217992886, "2017Q2": 1.184008447122, "2017Q4": 0.8529256599999999, "2017Q1": 1.4519053898899998, "2017Q3": 1.1017963199999998, "2023Q2": 0.59559823, "2023Q1": 0.65117129, "2015Q2": 1.9649756928139999, "2015Q4": 2.305826653341, "2015Q1": 1.050451282567, "2015Q3": 1.970955474881, "2003Q2": 0.387834116805, "2003Q4": 0.231092838106, "2003Q1": 0.438548400007, "2012Q2": 0.6736841782280001, "2012Q4": 0.792901077083, "2012Q1": 0.701889922398, "2012Q3": 0.669731846363, "2004Q2": 0.26036075258799996, "2004Q4": 0.254258588978, "2004Q1": 0.357691530683, "2004Q3": 0.301720156816, "2005Q2": 0.237190410898, "2005Q4": 0.237190410898, "2005Q1": 0.229171701584, "2005Q3": 0.276257063968, "2018Q2": 0.58714146, "2018Q4": 0.46512235, "2018Q1": 0.76835796, "2018Q3": 0.48807644, "2008Q2": 0.456561924162, "2008Q4": 0.395686831805, "2008Q1": 0.8362174987000001, "2008Q3": 0.38223790966300003, "2013Q2": 0.571069851859, "2013Q4": 0.657699191574, "2013Q1": 0.681828772604, "2013Q3": 0.641741145773, "2019Q2": 0.47478723, "2019Q4": 0.43129527, "2019Q1": 0.61009555, "2019Q3": 0.44096015, "2006Q2": 0.348111822438, "2006Q4": 0.26021179262500005, "2006Q1": 0.265792898392, "2006Q3": 0.272071446062, "2011Q2": 0.876548801318, "2011Q4": 0.6628358336719999, "2011Q1": 1.065917748409, "2011Q3": 0.81362825792}