{"2009Q2": 0.41441628194600005, "2009Q4": 0.723337378417, "2009Q1": 0.459388539129, "2009Q3": 0.456026127377, "2020Q2": 0.218442718296, "2020Q4": 0.252318847562, "2020Q1": 0.230124175508, "2020Q3": 0.275681761986, "2014Q2": 0.228891661686, "2014Q4": 0.31890527994400003, "2014Q1": 0.244322609094, "2014Q3": 0.30218854106299997, "2002Q4": 0.205947236566, "2016Q2": 0.303743620255, "2016Q4": 0.36866600192300003, "2016Q1": 0.301425015543, "2016Q3": 0.353594708862, "2010Q2": 0.385836023676, "2010Q4": 0.574340809684, "2010Q1": 0.677944819765, "2010Q3": 0.625407256951, "2022Q2": 1.241878849098, "2022Q4": 0.92638720477, "2022Q1": 1.143612027375, "2022Q3": 0.877940906471, "2021Q2": 0.545522795366, "2021Q4": 0.8527444435000001, "2021Q1": 0.303717162646, "2021Q3": 1.110904019668, "2007Q2": 0.380792285237, "2007Q4": 0.8532102907160001, "2007Q1": 0.336660751803, "2007Q3": 0.8006726070910001, "2017Q2": 0.313018280725, "2017Q1": 0.336204811089, "2023Q2": 0.86863109, "2023Q1": 1.020916617397, "2023Q3": 0.85413377, "2015Q2": 0.743257300152, "2015Q4": 0.356814926067, "2015Q1": 0.424992680941, "2015Q3": 0.291763880684, "2003Q2": 0.21771567769800002, "2003Q4": 0.18241047511300001, "2003Q1": 0.22654200854700002, "2012Q2": 0.36176165327300003, "2012Q4": 0.309258279972, "2012Q1": 0.396553529919, "2012Q3": 0.319502931961, "2004Q2": 0.15004726200000001, "2004Q4": 0.10423452269, "2004Q1": 0.211411155663, "2004Q3": 0.138699122337, "2005Q2": 0.111379647663, "2005Q4": 0.128191585612, "2005Q1": 0.086161559523, "2005Q3": 0.12903230936100002, "2018Q2": 0.330584441747, "2018Q1": 0.313018280725, "2008Q2": 0.6119576099430001, "2008Q4": 0.25806461872200004, "2008Q1": 0.665335775695, "2008Q3": 0.33077653123699996, "2013Q2": 0.309903893956, "2013Q4": 0.256538654981, "2013Q1": 0.30029434539399996, "2013Q3": 0.262968216401, "2019Q2": 0.30488528420500005, "2019Q4": 0.26516842633300003, "2019Q3": 0.26984103338, "2006Q2": 0.21435314513499998, "2006Q4": 0.174424747202, "2006Q1": 0.152989372283, "2006Q3": 0.17400444573300003, "2011Q2": 0.5642535744280001, "2011Q4": 0.36250923174099997, "2011Q1": 0.580645210908, "2011Q3": 0.480403612579}