{"2009Q2": 0.813998785257, "2009Q4": 0.9570405798, "2009Q1": 0.789944107047, "2009Q3": 0.859278264813, "2020Q2": 0.5991985186109999, "2020Q4": 0.592231106619, "2020Q1": 0.556603459475, "2020Q3": 0.5724901059749999, "2014Q2": 0.7263269674230001, "2014Q4": 0.9747196991070001, "2014Q1": 0.8590651542090001, "2014Q3": 0.953650743951, "2002Q4": 0.5674824900250001, "2016Q2": 0.80173199875, "2016Q4": 1.106678413321, "2016Q1": 0.866048030009, "2016Q3": 0.9702842440530001, "2010Q2": 0.591330943858, "2010Q4": 0.680549263303, "2010Q1": 0.91896457693, "2010Q3": 0.700260302819, "2022Q2": 1.076664370103, "2022Q4": 0.938236106028, "2022Q1": 1.12175550531, "2022Q3": 1.043536181738, "2021Q2": 0.63868064071, "2021Q4": 1.205364690836, "2021Q1": 0.544620458007, "2021Q3": 1.2599427514400001, "2007Q2": 1.055615832006, "2007Q4": 1.464098723309, "2007Q1": 0.881994961198, "2007Q3": 1.281638836497, "2017Q2": 0.831672226447, "2017Q1": 1.0346000336899999, "2023Q2": 0.964265319222, "2023Q1": 0.953617037682, "2023Q3": 0.90125006, "2015Q2": 1.4848120108810001, "2015Q4": 1.068975958063, "2015Q1": 1.317368568936, "2015Q3": 0.895988136895, "2003Q2": 0.449302028739, "2003Q4": 0.5090613107, "2003Q1": 0.5680228776280001, "2012Q2": 0.7196357293769999, "2012Q4": 0.782212927913, "2012Q1": 0.7354007192, "2012Q3": 0.6775581037539999, "2004Q2": 0.544581073621, "2004Q4": 0.6160860842460001, "2004Q1": 0.612533636791, "2004Q3": 0.645832047855, "2005Q2": 0.464478306559, "2005Q4": 0.469316545487, "2005Q1": 0.581191639061, "2005Q3": 0.518909340176, "2018Q2": 0.588532961098, "2018Q4": 0.562749598289, "2018Q3": 0.624405492139, "2008Q2": 0.782873160028, "2008Q4": 0.645491481646, "2008Q1": 1.414222385203, "2008Q3": 0.545485706389, "2013Q2": 0.912894065802, "2013Q4": 1.0864648000450001, "2013Q1": 1.2946970558650002, "2013Q3": 1.038128560567, "2019Q2": 0.668154054703, "2019Q4": 0.59915369773, "2019Q1": 0.7813475587200001, "2019Q3": 0.6003035768280001, "2006Q2": 0.662849122882, "2006Q4": 0.767089323689, "2006Q1": 0.505603941502, "2006Q3": 0.7822418017420001, "2011Q2": 0.6806929075820001, "2011Q4": 0.662807563898, "2011Q1": 0.746944331061, "2011Q3": 0.698578251266}