{"2021Q3": 18.39075, "2021Q2": 23.002, "2021Q1": 25.44325, "2021Q4": 16.87175, "2009Q3": 5.5552, "2009Q2": 6.36895, "2009Q1": 4.52445, "2009Q4": 5.094075, "2011Q3": 6.51, "2011Q2": 11.1755, "2011Q1": 10.307500000000001, "2011Q4": 7.595, "2022Q3": 16.709, "2022Q2": 16.926000000000002, "2022Q1": 18.60775, "2022Q4": 17.08875, "2019Q3": 16.43775, "2019Q2": 18.60775, "2019Q1": 21.049, "2019Q4": 16.8175, "2008Q3": 6.13025, "2008Q2": 5.5443500000000006, "2008Q1": 6.1628, "2008Q4": 4.557, "2017Q4": 19.53, "2015Q3": 23.7615, "2015Q2": 29.186500000000002, "2015Q1": 35.4795, "2015Q4": 19.2045, "2014Q3": 21.211750000000002, "2014Q2": 18.119500000000002, "2014Q1": 10.2424, "2014Q4": 14.81025, "2023Q2": 29.4035, "2023Q1": 16.74155, "2018Q3": 25.551750000000002, "2018Q2": 21.862750000000002, "2018Q1": 22.134, "2018Q4": 20.56075, "2020Q3": 15.244250000000001, "2020Q2": 15.624, "2020Q1": 12.9115, "2020Q4": 17.30575, "2013Q3": 9.0055, "2013Q2": 8.6583, "2013Q1": 8.690850000000001, "2013Q4": 7.97475, "2016Q3": 22.62225, "2016Q2": 20.77775, "2016Q1": 21.64575, "2010Q4": 10.62215}