{"2009Q2": 4.47814845329, "2009Q4": 4.492337342807001, "2009Q1": 4.486643520377, "2009Q3": 3.912172355624, "2020Q2": 1.07038546, "2020Q4": 1.07038546, "2020Q1": 1.07642601, "2020Q3": 1.07038546, "2014Q2": 1.207557531297, "2014Q4": 1.742789887305, "2014Q1": 1.198743402359, "2014Q3": 1.469725858067, "2002Q4": 0.337328957444, "2016Q2": 1.696963496352, "2016Q4": 1.534836704895, "2016Q1": 1.547373383176, "2016Q3": 1.501838146733, "2010Q2": 3.0878362563410002, "2010Q4": 5.244570537826, "2010Q1": 4.011493978188, "2010Q3": 4.845526972386, "2022Q2": 3.6194974391890002, "2022Q4": 2.741201710811, "2022Q1": 3.63278677, "2022Q3": 2.8849665591890004, "2021Q2": 1.07038546, "2021Q4": 4.275501169189001, "2021Q1": 1.07038546, "2021Q3": 3.61587323, "2007Q2": 3.4054563488669998, "2007Q4": 6.046372002901, "2007Q1": 2.151622405642, "2007Q3": 4.507606041042, "2017Q2": 1.2624749499999999, "2017Q4": 1.68048101, "2017Q1": 1.4801075097299998, "2017Q3": 2.2857441200000004, "2023Q2": 2.3159468700000003, "2023Q1": 2.7013340808110002, "2023Q3": 2.07311676, "2015Q2": 2.2824563694460003, "2015Q4": 2.065309590747, "2015Q1": 2.366820986155, "2015Q3": 1.365613475298, "2003Q2": 0.381825702531, "2003Q4": 0.44745192908500003, "2003Q1": 0.389034494901, "2012Q2": 2.680612094847, "2012Q4": 2.127343502216, "2012Q1": 2.5256918003510003, "2012Q3": 2.29880137288, "2004Q2": 0.5172643776, "2004Q4": 0.648093146531, "2004Q1": 0.587156440564, "2004Q3": 0.580788371943, "2005Q2": 0.763503532398, "2005Q4": 0.887045344242, "2005Q1": 0.7774092409310001, "2005Q3": 0.892416842924, "2018Q2": 1.30717502, "2018Q1": 1.55967001, "2008Q2": 6.841374466518, "2008Q4": 4.4276403944650005, "2008Q1": 6.6457295087879995, "2008Q3": 0, "2013Q2": 1.357400501896, "2013Q4": 1.34057322095, "2013Q1": 2.3337281954130003, "2013Q3": 1.486409615545, "2019Q2": 0.74419576, "2019Q4": 1.0631368, "2019Q3": 0.92541226, "2006Q2": 1.5577007907000002, "2006Q4": 1.8078537386540001, "2006Q1": 1.248462806976, "2006Q3": 1.4119060759, "2011Q2": 4.671341310153, "2011Q4": 2.5312341257870004, "2011Q1": 4.125823951282, "2011Q3": 3.436207097563}