{"2009Q2": 0.462103403921, "2009Q4": 0.617472632093, "2009Q1": 0.394110731499, "2009Q3": 0.408444956649, "2020Q2": 0.783127708805, "2020Q4": 1.128196906208, "2020Q1": 0.746690990394, "2020Q3": 1.156205728448, "2014Q2": 0.429191467246, "2014Q4": 0.765407151325, "2014Q1": 0.438335531025, "2014Q3": 0.5728814128040001, "2002Q4": 0.507200096434, "2016Q2": 0.895623046053, "2016Q4": 1.240852076409, "2016Q1": 0.9713588578979999, "2016Q3": 0.9982054783179999, "2010Q2": 0.457872965134, "2010Q4": 0.5423908910020001, "2010Q1": 0.623879601856, "2010Q3": 0.649884169606, "2022Q2": 1.205343790533, "2022Q1": 1.2497125967709999, "2022Q3": 1.0795176843010001, "2021Q2": 1.3642601504760001, "2021Q4": 1.166093021499, "2021Q1": 1.08226238941, "2021Q3": 1.185566184156, "2007Q2": 0.5683775787240001, "2007Q4": 0.9906230175250001, "2007Q1": 0.7849163156600001, "2007Q3": 1.115989075469, "2017Q2": 1.212724859389, "2017Q4": 1.122781069889, "2017Q1": 1.3966983872199998, "2017Q3": 1.283467190171, "2023Q3": 1.0885071099999999, "2015Q2": 1.5024065624879999, "2015Q4": 1.213004778476, "2015Q1": 0.7701029540840001, "2015Q3": 0.9627627928150001, "2003Q2": 0, "2003Q4": 0.49170234054300005, "2003Q1": 0.54805789339, "2012Q2": 0.48172298951000003, "2012Q4": 0.399690387534, "2012Q1": 0.37623082431, "2012Q3": 0.38136396288900004, "2004Q2": 0.381808909802, "2004Q4": 0.374059971451, "2004Q1": 0.527628994912, "2004Q3": 0.374059971451, "2005Q2": 0.321466593955, "2005Q4": 0.28373248621499997, "2005Q1": 0.325453356955, "2005Q3": 0.370085772795, "2018Q2": 0.832080326005, "2018Q4": 0.778902102458, "2018Q1": 1.0742721914920002, "2018Q3": 0.799756376467, "2008Q2": 0.45835935022, "2008Q4": 0.302438861455, "2008Q1": 1.0052363160850002, "2008Q3": 0.340047808999, "2013Q2": 0.372359194193, "2013Q4": 0.422971029667, "2013Q1": 0.39532705664699996, "2013Q3": 0.454603577852, "2019Q2": 0.9561625254520001, "2019Q4": 0.8852853695940001, "2019Q1": 1.0030843097420001, "2019Q3": 0.874541647364, "2006Q2": 0.293298784439, "2006Q4": 0.264424834628, "2006Q1": 0.26341400899100004, "2006Q3": 0.259865789921, "2011Q2": 0.48215174774900005, "2011Q4": 0.378772929372, "2011Q1": 0.5596225263650001, "2011Q3": 0.410972926824}