{"2009Q2": 1.547372537499, "2009Q4": 2.667610535838, "2009Q1": 1.229680199995, "2009Q3": 1.7459420879170002, "2020Q2": 1.168021889925, "2020Q4": 1.2702509500149999, "2020Q1": 0.948338080226, "2020Q3": 1.3148403571390002, "2014Q2": 1.031394797049, "2014Q4": 1.629575241363, "2014Q1": 1.085113287388, "2014Q3": 1.1947350141900002, "2002Q4": 0.525122045851, "2016Q2": 1.171753741715, "2016Q4": 1.175233581759, "2016Q1": 1.5174643247169999, "2016Q3": 1.131986626467, "2010Q2": 1.558327437357, "2010Q4": 1.685844172723, "2010Q1": 2.26162541196, "2010Q3": 1.9505376910150003, "2022Q2": 1.12837474, "2022Q4": 0.9338690300000001, "2022Q1": 0.980279542138, "2022Q3": 0.86742298, "2021Q2": 1.176722214901, "2021Q4": 1.167485609896, "2021Q1": 1.187597621121, "2021Q3": 1.21967644514, "2007Q2": 1.065463740671, "2007Q4": 1.879620425905, "2007Q1": 0.883650796764, "2007Q3": 2.120723301038, "2017Q2": 1.099551530809, "2017Q1": 1.271457851905, "2023Q2": 1.01118807, "2023Q1": 1.0027313, "2023Q3": 1.04863948, "2015Q2": 2.677928278482, "2015Q4": 1.763015581681, "2015Q1": 2.10962221987, "2015Q3": 1.567005291487, "2003Q2": 0.849227514479, "2003Q4": 0.9138715476029999, "2003Q1": 0.683632601645, "2012Q2": 1.166765334714, "2012Q4": 0.8938755149380001, "2012Q1": 1.12916242772, "2012Q3": 0.732720043921, "2004Q2": 0.558978724546, "2004Q4": 0.335290755063, "2004Q1": 0.904841287786, "2004Q3": 0.532790765698, "2005Q2": 0.24802329164600004, "2005Q4": 0.286604646929, "2005Q1": 0.299465219501, "2005Q3": 0.259965096563, "2018Q2": 0.808716445093, "2018Q1": 1.102795064537, "2008Q2": 0.7957342158440001, "2008Q4": 0.719568316839, "2008Q1": 1.306877220885, "2008Q3": 0.6814854277419999, "2013Q2": 1.3214745723930001, "2013Q4": 1.2784996834729998, "2013Q1": 0.842305648234, "2013Q3": 1.425688436402, "2019Q2": 1.0667599218900001, "2019Q4": 1.0842810204089999, "2019Q3": 0.902661253291, "2006Q2": 0.326104649056, "2006Q4": 0.3939284277, "2006Q1": 0.313244197295, "2006Q3": 0.30302177453, "2011Q2": 1.487324154815, "2011Q4": 0.950817001135, "2011Q1": 1.759370230567, "2011Q3": 1.229078682026}