{"2009Q2": 0.35136502104600004, "2009Q4": 0.383586039612, "2009Q1": 0.230151599605, "2009Q3": 0.300731560403, "2020Q2": 1.251973574636, "2020Q4": 0.961841246507, "2020Q1": 1.141245581507, "2020Q3": 1.1707430368890002, "2014Q2": 0.42397581475400004, "2014Q4": 0.8133740715760001, "2014Q1": 0.43461515628, "2014Q3": 0.7101728453689999, "2002Q4": 0.1456739038, "2016Q2": 0.821431923654, "2016Q4": 0.8564796779980001, "2016Q1": 0.687812420623, "2016Q3": 0.821431923654, "2010Q2": 0.252655306197, "2010Q4": 0.32118945352100003, "2010Q1": 0.39944091281899996, "2010Q3": 0.353922106672, "2022Q2": 1.150958785907, "2022Q1": 1.069552951399, "2022Q3": 1.5196437551570001, "2021Q2": 1.092529270623, "2021Q4": 1.0086652946980001, "2021Q1": 0.995355063584, "2021Q3": 0.97534948685, "2007Q2": 0.352949819744, "2007Q4": 0.7205620724736739, "2007Q1": 0.301035520879, "2007Q3": 0.629558322911, "2017Q2": 0.6916457536530001, "2017Q4": 0.731622113553, "2017Q1": 0.795146228707, "2017Q3": 0.7639316865820001, "2023Q1": 1.59108087, "2015Q2": 0.9270705117860001, "2015Q4": 0.673646001952, "2015Q1": 0.949025132383, "2015Q3": 0.494473261639, "2003Q2": 0.149955204018, "2003Q4": 0.10718955975, "2003Q1": 0.157392691611, "2012Q2": 0.425176072039, "2012Q4": 0.516358415911, "2012Q1": 0.261861346019, "2012Q3": 0.537873284468, "2004Q2": 0.115632557296, "2004Q4": 0.12253545621399999, "2004Q1": 0.176569142452, "2004Q3": 0.135818504853, "2005Q2": 0.088995906394, "2005Q4": 0.078208571393, "2005Q1": 0.10825632088, "2005Q3": 0.086299042441, "2018Q2": 0.7872500217470001, "2018Q4": 0.8217782840672899, "2018Q1": 0.7836461088059999, "2018Q3": 0.6288683712900001, "2008Q2": 0.359036519546, "2008Q4": 0.146274092848, "2008Q1": 0.445982746514, "2008Q3": 0.1939351954438214, "2013Q2": 0.421755671007, "2013Q4": 0.442531659488, "2013Q1": 0.5517043318029999, "2013Q3": 0.437857240276, "2019Q2": 1.0395737017489999, "2019Q4": 1.072676278182, "2019Q1": 0.8454786283379999, "2019Q3": 1.027751499722, "2006Q2": 0.127426006305, "2006Q4": 0.13989889637800001, "2006Q1": 0.082590869607, "2006Q3": 0.122032278399, "2011Q2": 0.46899796688, "2011Q4": 0.252655306197, "2011Q1": 0.46899796688, "2011Q3": 0.38716615278600003}