{"2001Q4": 0.712940252192, "2009Q2": 0.714740319574, "2009Q4": 0.854606485454, "2009Q1": 0.691034136522, "2009Q3": 0.63176879971, "2020Q2": 0.18485154, "2020Q4": 0.1631043, "2020Q1": 0.30446136, "2020Q3": 0.17276973999999998, "2014Q2": 0.552605100752, "2014Q4": 0.7765365518499999, "2014Q1": 0.5459592650259999, "2014Q3": 0.8391410565459999, "2002Q2": 0.6251397576859999, "2002Q4": 0.4150037891, "2002Q3": 0.533241841528, "2016Q2": 1.343626280986, "2016Q4": 1.740442249184, "2016Q1": 0.7187477318159999, "2016Q3": 1.271258594528, "2010Q2": 0.660216122718, "2010Q4": 0.907945336912, "2010Q1": 1.133153713452, "2010Q3": 0.8534212608739999, "2022Q2": 0.42527936, "2022Q4": 0.51468468, "2022Q1": 0.45790021999999997, "2022Q3": 0.58475912, "2021Q2": 0.8614323399999999, "2021Q4": 0.7671942999999999, "2021Q1": 0.48568835999999993, "2021Q3": 0.7768597399999999, "2007Q2": 0.864088886184, "2007Q4": 1.05729402434, "2007Q1": 0.7823027117179999, "2007Q3": 1.1841219949319999, "2017Q2": 1.454590002452, "2017Q1": 1.876734618624, "2023Q2": 0.29721228, "2023Q1": 0.43252844, "2023Q3": 0.3986994, "2015Q2": 1.166610634012, "2015Q4": 0.7187477318159999, "2015Q1": 0.906561366722, "2015Q3": 0.7187477318159999, "2003Q2": 0.399199707338, "2003Q4": 0.288571014186, "2003Q1": 0.45539203831999997, "2012Q2": 0.5393147582979999, "2012Q4": 0.5084967444940001, "2012Q1": 0.52864701217, "2012Q3": 0.491902513012, "2004Q2": 0.25462151864, "2004Q4": 0.20194112528199998, "2004Q1": 0.36115279014, "2004Q3": 0.235890741646, "2005Q2": 0.15921154403999999, "2005Q4": 0.170333082576, "2005Q1": 0.185551801128, "2005Q3": 0.176186352222, "2018Q2": 0.85901598, "2018Q1": 1.1832112688479999, "2008Q2": 0.5369441883199999, "2008Q4": 0.5049409499359999, "2008Q1": 0.898462815364, "2008Q3": 0.47886407608799997, "2013Q2": 0.6839490065480001, "2013Q4": 0.5519588452699999, "2013Q1": 0.5784299482519999, "2013Q3": 0.635952606232, "2019Q2": 0.50864378, "2019Q4": 0.35399674000000003, "2019Q3": 0.42044664, "2006Q2": 0.25286542901, "2006Q4": 0.253655699548, "2006Q1": 0.184381074708, "2006Q3": 0.2773618826, "2011Q2": 0.800082288598, "2011Q4": 0.55353854062, "2011Q1": 0.867644922378, "2011Q3": 0.664957383492}