{"2021Q3": 44.6368, "2021Q2": 42.86635, "2021Q1": 41.90065, "2021Q4": 43.1346, "2022Q3": 74.1443, "2022Q2": 52.791599999999995, "2022Q1": 46.83645, "2022Q4": 47.694849999999995, "2019Q3": 17.7045, "2019Q2": 18.509249999999998, "2019Q1": 18.8848, "2019Q4": 16.47055, "2017Q3": 21.962543322667997, "2017Q2": 26.459635117723998, "2017Q1": 28.446724236193997, "2017Q4": 20.7089, "2015Q3": 57.416364124999994, "2015Q2": 54.801777480737, "2015Q1": 44.134254581762995, "2015Q4": 64.109712977099, "2014Q3": 41.571959921875, "2014Q2": 28.342140267443998, "2014Q1": 30.590685117724, "2014Q4": 35.976738550513, "2012Q4": 26.198177291418, "2023Q2": 35.35535, "2023Q1": 41.68605, "2018Q3": 23.8206, "2018Q2": 24.625349999999997, "2018Q1": 22.05015, "2018Q4": 18.40195, "2020Q3": 28.702749999999998, "2020Q2": 20.601599999999998, "2020Q1": 12.39315, "2020Q4": 32.02905, "2013Q3": 32.420898283069, "2013Q2": 30.956729008348997, "2013Q1": 25.727551527611997, "2013Q4": 29.335683779431, "2016Q3": 40.369248472387994, "2016Q2": 37.754657636987, "2016Q1": 49.101972140624994, "2016Q4": 27.400888739832}