{"2009Q2": 0.9898267522240001, "2009Q4": 1.310944927255, "2009Q1": 1.031261542516, "2009Q3": 0.872428783785, "2020Q2": 1.509078229152, "2020Q4": 1.509078229152, "2020Q3": 1.611328914411, "2014Q2": 0.599650955806, "2014Q4": 0.832145080701, "2014Q1": 0.6123114653620001, "2014Q3": 0.761936492917, "2002Q4": 0.594581967868, "2016Q2": 0.7783866019210001, "2016Q4": 3.46168094259, "2016Q1": 0.77144709727, "2016Q3": 2.111937804307, "2010Q2": 0.962203679507, "2010Q4": 1.207358434769, "2010Q1": 1.255698781821, "2010Q3": 1.210811575582, "2022Q2": 2.926042299189, "2022Q4": 2.537031, "2022Q1": 2.418896205272, "2022Q3": 2.49837148, "2021Q2": 1.629320692586, "2021Q4": 2.902675518813, "2021Q1": 1.690073524211, "2021Q3": 2.22538452818, "2007Q2": 1.7080267636770001, "2007Q4": 1.724140172424, "2007Q1": 0.79976882, "2007Q3": 1.818519054545, "2017Q2": 0, "2017Q4": 1.930352709946, "2017Q1": 2.667102042339, "2017Q3": 2.48898688152, "2023Q2": 2.03445724, "2023Q1": 2.593812049189, "2023Q3": 1.8967327, "2015Q2": 1.0582820099649999, "2015Q4": 0.920647594971, "2015Q1": 0.951844981934, "2015Q3": 0.6997383992990001, "2003Q2": 0.588897568696, "2003Q4": 0.534045991988, "2003Q1": 0.655972923195, "2012Q2": 0.868975884594, "2012Q4": 0.8344470134950001, "2012Q1": 0.895447990914, "2012Q3": 0.886240259738, "2004Q2": 0.42240285553400003, "2004Q4": 0.33723170458900004, "2004Q1": 0.580084527057, "2004Q3": 0.37981721965599996, "2005Q2": 0.278532659964, "2005Q4": 0.353345113336, "2005Q1": 0.273928794376, "2005Q3": 0.284287491949, "2018Q2": 1.806114181065, "2018Q4": 1.754777600402, "2018Q1": 2.294679180749, "2018Q3": 1.7874462237230002, "2008Q2": 0.829843147907, "2008Q4": 0.7158979578479999, "2008Q1": 1.306341182478, "2008Q3": 0.650293235652, "2013Q2": 0.65489710124, "2013Q4": 0.641085504476, "2013Q1": 0.742370064168, "2013Q3": 0.6318777733, "2019Q2": 1.865617947761, "2019Q1": 2.1911388380649996, "2006Q2": 0.6595009668280001, "2006Q4": 0.9668075450949999, "2006Q1": 0.40513848039, "2006Q3": 0.62842499492, "2011Q2": 1.522721898626, "2011Q4": 0.935731693998, "2011Q1": 1.514665133847, "2011Q3": 1.053129662437}