{"2009Q2": 0.598224298707, "2009Q4": 0.908375734402, "2009Q1": 0.5624778943500001, "2009Q3": 0.6203028713900001, "2020Q2": 0.740374749692, "2020Q4": 0.914730755435, "2020Q1": 0.853111104885, "2020Q3": 0.9125579696, "2014Q2": 0.39832546485599996, "2014Q4": 0.856979473105, "2014Q1": 0.403693701641, "2014Q3": 0.6206085232199999, "2002Q4": 0.31549007378500005, "2016Q2": 1.186258189564, "2016Q4": 1.452031999818, "2016Q1": 1.3861288744520002, "2016Q3": 1.205705015423, "2010Q2": 0.726410447824, "2010Q4": 0.8721149168069999, "2010Q1": 1.0629257431830001, "2010Q3": 0.854165905726, "2022Q2": 1.015277763972, "2022Q4": 0.9389072111329999, "2022Q1": 1.044865827604, "2022Q3": 0.902968234042, "2021Q2": 0.9857842953529999, "2021Q4": 1.189286921334, "2021Q1": 0.9755679131380001, "2021Q3": 1.106135247065, "2007Q2": 0.673922296709, "2007Q4": 0.83688316731, "2007Q1": 0.9304544278960001, "2007Q3": 0.834780451855, "2017Q2": 1.1646506589699999, "2017Q1": 1.4131383481000002, "2023Q2": 0.9097068300000001, "2023Q1": 0.952384403049, "2023Q3": 0.82876346, "2015Q2": 2.036518154849, "2015Q4": 1.596802962204, "2015Q1": 1.062049863433, "2015Q3": 1.3331899774959999, "2003Q2": 0.335899159259, "2003Q4": 0.29890779754700003, "2003Q1": 0.34525331336700005, "2012Q2": 0.51969992736, "2012Q4": 0.512214598611, "2012Q1": 0.637362955133, "2012Q3": 0.432013974639, "2004Q2": 0.350355645141, "2004Q4": 0.278852205059, "2004Q1": 0.44007061860700003, "2004Q3": 0.316765717134, "2005Q2": 0.234174243472, "2005Q4": 0.39531171365, "2005Q1": 0.320962449652, "2005Q3": 0.369553358718, "2018Q2": 1.112792416409, "2018Q1": 1.44122811371, "2008Q2": 0.662357301301, "2008Q4": 0.343795003786, "2008Q1": 0.917837893544, "2008Q3": 0.389003446474, "2013Q2": 0.423019474878, "2013Q4": 0.45844995847000003, "2013Q1": 0.48548105728700003, "2013Q3": 0.436976890519, "2019Q2": 0.8151710143900001, "2019Q4": 0.7154426211889999, "2019Q3": 0.7501307211860001, "2006Q2": 0.602429729617, "2006Q4": 0.598224298707, "2006Q1": 0.426852445475, "2006Q3": 0.525680434293, "2011Q2": 0.824011600937, "2011Q4": 0.640544512818, "2011Q1": 1.01781938579, "2011Q3": 0.66917816955}