{"2009Q2": 0.890141971794, "2009Q4": 1.641421726401, "2009Q1": 0.737960221046, "2009Q3": 1.074846647797, "2020Q2": 0.436578214219, "2020Q4": 0.860220953046, "2020Q1": 0.43552619203099996, "2020Q3": 0.49802256800800004, "2014Q2": 0.359311727004, "2014Q4": 0.6220454492540001, "2014Q1": 0.390666893133, "2014Q3": 0.487043868383, "2002Q4": 0.12951301633, "2016Q2": 0.477697687801, "2016Q4": 0.5763526752670001, "2016Q1": 0.596083527787, "2016Q3": 0.49950552303300005, "2010Q2": 1.0547450263179998, "2010Q4": 1.581171106103, "2010Q1": 1.386396229195, "2010Q3": 1.293972069054, "2022Q2": 1.47514096952, "2022Q4": 1.68716427452, "2022Q1": 1.526783322824, "2022Q3": 1.8935487260950001, "2021Q2": 1.028375126104, "2021Q4": 0.989198897457, "2021Q1": 1.024072442339, "2021Q3": 1.2101090596169999, "2007Q2": 0.8249780889370001, "2007Q4": 1.535498024309, "2007Q1": 0.44579452297600003, "2007Q3": 1.931405094567, "2017Q2": 0.759737128662, "2017Q1": 0.717584962652, "2017Q3": 1.184939899932, "2023Q2": 1.570543, "2023Q1": 1.998432487099, "2023Q3": 2.0634518799999997, "2015Q2": 0.97824170219, "2015Q4": 0.517159634463, "2015Q1": 0.657353551303, "2015Q3": 0.42058162970900004, "2003Q2": 0.137570626786, "2003Q4": 0.160560114409, "2003Q1": 0.137117343914, "2012Q2": 0.940568483194, "2012Q4": 0.776587846942, "2012Q1": 1.00334139555, "2012Q3": 0.86115651343, "2004Q2": 0.178597438331, "2004Q4": 0.188199496611, "2004Q1": 0.198597457759, "2004Q3": 0.197417375911, "2005Q2": 0.15555261927000003, "2005Q4": 0.200801412832, "2005Q1": 0.190759964945, "2005Q3": 0.18948867079200002, "2018Q2": 0.501280719867, "2018Q1": 0.781622645367, "2008Q2": 1.031493862069, "2008Q4": 0.38607341729100003, "2008Q1": 1.176275697445, "2008Q3": 0.5982663409350001, "2013Q2": 0.462168279428, "2013Q4": 0.499473387307, "2013Q1": 0.681705907817, "2013Q3": 0.568902260897, "2019Q2": 0.441257949115, "2019Q4": 0.576493661704, "2019Q3": 0.471294100746, "2006Q2": 0.28371376050999997, "2006Q4": 0.32358380673000003, "2006Q1": 0.22116422769299998, "2006Q3": 0.227086382913, "2011Q2": 1.557226728336, "2011Q4": 0.946007394414, "2011Q1": 1.696050648436, "2011Q3": 1.4671309585980001}