{"2009Q2": 0.9267461342509999, "2009Q4": 1.0557867795709999, "2009Q1": 0.710896382448, "2009Q3": 0.783628349589, "2020Q2": 0.70553624, "2020Q4": 0.97615288, "2020Q1": 0.78768772, "2020Q3": 0.7490282, "2014Q2": 0.820752361779, "2014Q4": 1.0519976633669998, "2014Q1": 0.766991225157, "2014Q3": 0.9700553072080002, "2002Q4": 0.467828999644, "2016Q2": 1.064048198184, "2016Q4": 1.712358321271, "2016Q1": 1.055612811731, "2016Q3": 1.1725015618049999, "2010Q2": 0.835244607717, "2010Q4": 1.357272442236, "2010Q1": 1.1930390693719999, "2010Q3": 1.11678775699, "2022Q2": 1.61524307, "2022Q4": 1.2322722, "2022Q1": 1.38207784, "2022Q3": 1.2346884200000001, "2021Q2": 1.13683151, "2021Q4": 1.64061338, "2021Q1": 0.86742298, "2021Q3": 2.157684580811, "2007Q2": 0.8516681383010001, "2007Q4": 1.11444160737, "2007Q1": 0.72145429736, "2007Q3": 1.284540595906, "2017Q2": 1.10058821, "2017Q4": 0.95561501, "2017Q1": 1.766584942676, "2017Q3": 1.14649639, "2023Q2": 1.41832114, "2023Q1": 1.21294244, "2015Q2": 1.5629337191650001, "2015Q4": 1.291800249707, "2015Q1": 1.2170879486539998, "2015Q3": 0.919443592545, "2003Q2": 0.5041261813500001, "2003Q4": 0.431265429683, "2003Q1": 0.5041261813500001, "2012Q2": 1.131786925884, "2012Q4": 1.115840961183, "2012Q1": 0.875645739093, "2012Q3": 1.174380656099, "2004Q2": 0.358031734459, "2004Q4": 0.218344982197, "2004Q1": 0.438724421634, "2004Q3": 0.319380550418, "2005Q2": 0.206817438199, "2005Q4": 0.222413534244, "2005Q1": 0.18037203111, "2005Q3": 0.24275629447900002, "2018Q2": 0.70553624, "2018Q4": 0.55210627, "2018Q1": 0.9906501999999999, "2018Q3": 0.61009555, "2008Q2": 0.534931899051, "2008Q4": 0.400025879681, "2008Q1": 0.9079765748580001, "2008Q3": 0.445776642948, "2013Q2": 0.7873010039889999, "2013Q4": 0.800442582947, "2013Q1": 1.203053213973, "2013Q3": 0.8936284564429999, "2019Q2": 1.02326917, "2019Q4": 0.88675274, "2019Q1": 0.9785691, "2019Q3": 0.8770878599999999, "2006Q2": 0.362100286506, "2006Q4": 0.384775665529, "2006Q1": 0.25428395928799996, "2006Q3": 0.348409621553, "2011Q2": 1.081594908635, "2011Q4": 0.7577015841229999, "2011Q1": 1.3830805713, "2011Q3": 0.8494359134539999}