{"2009Q2": 0.248444559603, "2009Q4": 0.369461059114, "2009Q1": 0.207170689563, "2009Q3": 0.27328897932, "2020Q2": 0.927710447653, "2020Q4": 0.927214518498, "2020Q1": 0.6499595556700001, "2020Q3": 0.89987643893, "2014Q2": 0.392904916908, "2014Q4": 0, "2014Q1": 0.359427463942, "2014Q3": 0.578686018921, "2016Q2": 1.078654248084, "2016Q4": 1.0211977445940001, "2016Q1": 0.931852452788, "2016Q3": 1.145377800951, "2010Q2": 0.322577209478, "2010Q4": 0.352230269428, "2010Q1": 0.41915001935900004, "2010Q3": 0.434778009508, "2022Q2": 0.5868244519360001, "2022Q4": 0.536923830819, "2022Q1": 0.593782803103, "2022Q3": 0.5499330009210001, "2021Q2": 0.782550715469, "2021Q4": 0.850083581225, "2021Q1": 0.9522742234170001, "2021Q3": 0.806013782212, "2007Q2": 0.28753017999999997, "2007Q4": 0.33660240009, "2007Q1": 0.193947079936, "2007Q3": 0.312024972683, "2017Q2": 1.1896418640520001, "2017Q1": 1.124193954534, "2023Q2": 0.597239205813, "2023Q1": 0.6256227837749999, "2023Q3": 0.60163878, "2015Q2": 1.213790049976, "2015Q4": 1.3061487305550001, "2015Q1": 0.636409031477, "2015Q3": 0.661094947162, "2003Q2": 0.250361709362, "2003Q4": 0.166903295964, "2003Q1": 0.285075783724, "2012Q2": 0.268480339087, "2012Q4": 0.227607199134, "2012Q1": 0.273689709407, "2012Q3": 0.23361802962800002, "2004Q2": 0.181739128386, "2004Q4": 0.11727643257300001, "2004Q1": 0.23048552120899998, "2004Q3": 0.158149572526, "2005Q2": 0.095637732741, "2005Q4": 0.094569159446, "2005Q1": 0.105522126328, "2005Q3": 0.106590699623, "2018Q2": 0.9646635122780001, "2018Q1": 0.866989993376, "2008Q2": 0.164294019986, "2008Q4": 0.14826517893900001, "2008Q1": 0.265541853134, "2008Q3": 0.12662659991800002, "2013Q2": 0.291401568495, "2013Q4": 0.32469091873399997, "2013Q1": 0.268480339087, "2013Q3": 0.34012947723500003, "2019Q2": 0.820518350872, "2019Q4": 0.693814915158, "2019Q3": 0.707308899803, "2006Q2": 0.135175186278, "2006Q4": 0.115940746157, "2006Q1": 0.107926386039, "2006Q3": 0.115406519915, "2011Q2": 0.372666778999, "2011Q4": 0.265274619202, "2011Q1": 0.39831265889, "2011Q3": 0.32217647939099997}