{"2009Q2": 0.82468246442, "2009Q4": 1.4118267030729998, "2009Q1": 0.588721788691, "2009Q3": 0.804385370743, "2020Q2": 0.41317362, "2020Q4": 0.7031200200000001, "2020Q1": 0.52673596, "2020Q3": 0.46512235, "2014Q2": 0.43129527, "2014Q4": 0.7985607100000001, "2014Q1": 0.45424936, "2014Q3": 0.58593335, "2002Q4": 0.49315158929900005, "2016Q2": 0.63909019, "2016Q4": 0.72728222, "2016Q1": 0.79131205, "2016Q3": 0.59439012, "2010Q2": 0.917094181028, "2010Q4": 0.9749239905079999, "2010Q1": 1.156748773893, "2010Q3": 0.955784266211, "2022Q2": 0.34793567999999997, "2022Q4": 0.33706269, "2022Q1": 0.38297087, "2022Q3": 0.31290049, "2021Q4": 0.42767094, "2007Q2": 0.9683827997240001, "2007Q4": 1.687597019522, "2007Q1": 1.1583527815399999, "2007Q3": 1.9203687680950001, "2017Q2": 0.6366739699999999, "2017Q1": 0.9350771400000001, "2023Q2": 0.33585457999999996, "2023Q1": 0.34310324, "2023Q3": 0.32498159, "2015Q2": 1.16703426, "2015Q4": 0.89641762, "2015Q1": 1.01602051, "2015Q3": 0.74177954, "2003Q2": 0.8636541600440001, "2003Q4": 0.759743048401, "2003Q1": 0.654128501658, "2012Q2": 0.880554048401, "2012Q4": 0.600063766993, "2012Q1": 0.792859034855, "2012Q3": 0.580784747613, "2004Q2": 0.468451417916, "2004Q4": 0.232522153047, "2004Q1": 0.8244746694999999, "2004Q3": 0.361133556884, "2005Q2": 0.235929144058, "2005Q4": 0.343247125901, "2005Q1": 0.200156523714, "2005Q3": 0.343247125901, "2018Q2": 0.46995479, "2018Q1": 0.49049265999999997, "2008Q2": 0.48882123981500003, "2008Q4": 0.449504991219, "2008Q1": 0.919449391473, "2008Q3": 0.420009952057, "2013Q2": 0.433781077136, "2013Q4": 0.43250338, "2013Q1": 0.528971929988, "2013Q3": 0.44820881, "2019Q2": 0.5110305300000001, "2019Q4": 0.62459287, "2019Q3": 0.43250338, "2006Q2": 0.555327936937, "2006Q4": 0.6243520936770001, "2006Q1": 0.39094403356699997, "2006Q3": 0.440174032823, "2011Q2": 0.848118952743, "2011Q4": 0.733995324837, "2011Q1": 0.942625894524, "2011Q3": 0.881755392985}