{"2009Q2": 1.092842050302, "2009Q4": 0.950779791347, "2009Q1": 1.058023957669, "2009Q3": 0.816898974123, "2020Q2": 0.768358080811, "2020Q4": 0.8514880091, "2020Q1": 0.715584694925, "2020Q3": 0.787359234891, "2014Q2": 0.874728058737, "2014Q4": 1.816024428206, "2014Q1": 0.817650539354, "2014Q3": 1.393258535617, "2002Q4": 0.357886761259, "2016Q2": 1.224888473302, "2016Q4": 1.206080133578, "2016Q1": 1.199894247945, "2016Q3": 1.281313250852, "2010Q2": 0.8872429910380001, "2010Q4": 0.818072169744, "2010Q1": 1.066507064467, "2010Q3": 0.952331729453, "2022Q2": 0.946950565891, "2022Q4": 0.865440954734, "2022Q1": 0.9168314171030001, "2022Q3": 0.848659461157, "2021Q4": 0.895399062459, "2007Q2": 0.8227179567490001, "2007Q4": 1.06043788226, "2007Q1": 1.202603917864, "2007Q3": 1.124198786974, "2017Q2": 1.541957305235, "2017Q4": 1.244427961198, "2017Q1": 1.599878206209, "2017Q3": 1.5443185562300001, "2023Q2": 0.93990958, "2023Q1": 0.864242267992, "2023Q3": 0.89158518, "2015Q2": 1.814474543887, "2015Q4": 1.555765519291, "2015Q1": 2.42214457144, "2015Q3": 1.1238034933819998, "2003Q2": 0.376615848967, "2003Q4": 0, "2003Q1": 0.413347346218, "2012Q2": 0.707316510896, "2012Q4": 0.683242623737, "2012Q1": 0.644403216158, "2012Q3": 0.723365769002, "2004Q2": 0.39767828032900004, "2004Q4": 0.34752975504, "2004Q1": 0, "2004Q3": 0.376615848967, "2005Q2": 0.36758909266900003, "2005Q4": 0.361101904402, "2005Q1": 0.356556511338, "2005Q3": 0.378004571412, "2018Q2": 0.931159360081, "2018Q4": 0.7170044657970001, "2018Q1": 1.152335548063, "2018Q3": 0.8376884934359999, "2008Q2": 1.1969080416470002, "2008Q4": 0.663792173548, "2008Q1": 1.523540755584, "2008Q3": 0.681762809798, "2013Q2": 0.536619266288, "2013Q4": 0.888197518749, "2013Q1": 0.662607621693, "2013Q3": 0.697373644785, "2019Q2": 0.905143556908, "2019Q4": 0.885002792665, "2019Q1": 1.050660043975, "2019Q3": 0.857753871615, "2006Q2": 0.453167859928, "2006Q4": 0.8216136233979999, "2006Q1": 0.36161414304199996, "2006Q3": 0.616725295247, "2011Q2": 0.805504080603, "2011Q4": 0.599843407729, "2011Q1": 0.881788495199, "2011Q3": 0.693533063095}