{"2021Q3": 23.06403360338, "2021Q2": 23.01367434611, "2021Q1": 20.344693017985, "2021Q4": 23.81575, "2009Q4": 4.54164735633, "2011Q4": 5.564397600335, "2022Q3": 20.615000000000002, "2022Q2": 22.134, "2022Q1": 23.87, "2022Q4": 19.53, "2019Q3": 16.746294755995, "2019Q2": 16.92350259257, "2019Q1": 16.879199838935, "2019Q4": 17.662850625, "2008Q4": 2.6813772415500003, "2017Q3": 17.67741124037, "2017Q2": 17.28370669949, "2017Q1": 14.252166899075, "2017Q4": 18.954846162245, "2015Q4": 11.7274630228, "2014Q3": 7.46693238522, "2014Q2": 6.431601332940001, "2014Q1": 6.117864153205, "2023Q2": 20.473950000000002, "2023Q1": 20.17015, "2018Q3": 16.834898144260002, "2018Q2": 17.16743793023, "2018Q1": 17.45841183058, "2018Q4": 16.879199838935, "2020Q3": 18.231093945855, "2020Q2": 16.2422465625, "2020Q1": 14.016632895439999, "2020Q4": 19.740394638265002, "2013Q3": 6.1429314669799995, "2013Q2": 6.444056052280001, "2013Q1": 6.5042804398600005, "2013Q4": 6.173044456075, "2007Q4": 5.409548286065001, "2016Q3": 14.5302521875, "2016Q2": 13.866435625000001, "2016Q1": 12.501918857015001, "2016Q4": 14.921467798055, "2010Q4": 5.26668059316}