{"2023Q2": 7.550695340862, "2023Q3": 6.81958428}