{"2023Q2": 3.53465343, "2023Q1": 4.42822086, "2023Q3": 3.35858103, "2022Q2": 5.660727953454, "2022Q4": 4.213999293273, "2022Q3": 4.7319457499999995}