{"2023Q2": 2.49783504, "2023Q3": 2.19642549}