{"2021Q3": 5.258714844472999, "2021Q2": 6.512307345569, "2009Q3": 1.3553399364039997, "2009Q2": 1.588516772528, "2009Q1": 1.198674339564, "2009Q4": 1.337872643441, "2011Q3": 1.5321864990029999, "2011Q2": 1.509088183588, "2011Q1": 1.5321864990029999, "2011Q4": 1.5937819642139999, "2022Q3": 4.3027299999999995, "2022Q2": 5.037735, "2022Q1": 5.53668, "2019Q3": 4.625434226376, "2019Q2": 4.805113001445999, "2008Q3": 1.211020257177, "2008Q2": 1.4440348074159999, "2008Q1": 1.621257549866, "2008Q4": 1.205961229565, "2017Q3": 3.5049665497899998, "2017Q2": 4.212890612464999, "2015Q3": 2.789404960028, "2015Q2": 4.207746184783, "2012Q2": 2.669786940415, "2023Q2": 5.92296, "2018Q3": 4.441267503264999, "2018Q2": 4.061455367001, "2020Q3": 4.154253101376, "2020Q2": 3.5772732857859997, "2007Q4": 1.631103031973, "2016Q3": 5.7249422514459996, "2016Q2": 3.408854722936, "2010Q3": 1.6546388255829998, "2010Q2": 1.4384924587569998, "2010Q1": 1.472032484824}