{"2021Q3": 23.569742239832, "2021Q2": 30.212572072668, "2021Q1": 11.415825135168, "2021Q4": 17.517387242724, "2011Q4": 1020.9672121875, "2022Q3": 15.558499999999999, "2022Q2": 19.79685, "2022Q1": 19.8505, "2022Q4": 16.041349999999998, "2019Q3": 5.953943398623999, "2019Q2": 6.977431365182, "2019Q1": 10.431702856109998, "2019Q4": 6.062196943679999, "2017Q3": 12.252330276166, "2017Q2": 13.728514217304, "2017Q1": 16.877707394263, "2017Q4": 11.071382704570999, "2015Q3": 59.047374421875, "2015Q2": 59.047374421875, "2015Q1": 59.047374421875, "2015Q4": 22.536413900792997, "2014Q3": 100.872595875, "2014Q2": 95.951977148974, "2014Q1": 103.332901046875, "2014Q4": 59.047374421875, "2012Q3": 564.7171504375, "2012Q2": 1029.5757570624999, "2012Q1": 1215.5192131249999, "2012Q4": 184.277003234375, "2023Q2": 15.48339, "2023Q1": 16.2023, "2018Q3": 12.301536338293, "2018Q2": 12.744390892071, "2018Q1": 13.138040432042999, "2018Q4": 9.988847255084, "2020Q3": 7.961554166791, "2020Q2": 6.58378182521, "2020Q1": 4.969820597015, "2020Q4": 13.482483909888, "2013Q3": 134.82483071875, "2013Q2": 123.0153591875, "2013Q1": 149.0946241875, "2013Q4": 117.356650586474, "2016Q3": 19.633251031249998, "2016Q2": 21.847526942957, "2016Q1": 38.774439352098995, "2016Q4": 18.255479213292997}