{"2021Q3": 197.85942284375, "2021Q2": 197.85942284375, "2021Q1": 161.159687671875, "2021Q4": 197.96849999999998, "2022Q3": 157.731, "2022Q2": 168.46099999999998, "2022Q1": 189.921, "2022Q4": 152.9025, "2019Q3": 136.374561265625, "2019Q2": 142.122152828125, "2019Q1": 125.40189560937499, "2019Q4": 130.79497803125, "2017Q3": 180.21125534375, "2017Q2": 183.30057323437498, "2017Q1": 166.82412173437498, "2017Q4": 157.970463421875, "2015Q3": 183.63077221875, "2015Q2": 188.73162979687498, "2015Q1": 173.42907382812498, "2015Q4": 198.288740203125, "2014Q3": 220.257040421875, "2014Q2": 101.297931398974, "2014Q1": 85.159290477099, "2014Q4": 178.01985403125, "2012Q4": 68.62977577397399, "2023Q2": 159.23319999999998, "2023Q1": 159.6624, "2018Q3": 134.145412148974, "2018Q2": 146.575874046875, "2018Q1": 156.41667559375, "2018Q4": 119.13180334375, "2020Q3": 129.740177117724, "2020Q2": 121.82919121875, "2020Q1": 100.100346039599, "2020Q4": 147.330796609375, "2013Q3": 70.3354853125, "2013Q2": 74.248598953125, "2013Q1": 72.84389106249999, "2013Q4": 70.644651820849, "2016Q3": 198.80109770312498, "2016Q2": 205.974337421875, "2016Q1": 234.1548885, "2016Q4": 178.15168214062498}