{"2021Q3": 4.318052855445, "2021Q2": 5.311205326945, "2021Q1": 5.332795661655, "2021Q4": 4.28575, "2009Q3": 1.855616216685, "2009Q2": 1.81438025678, "2009Q1": 1.664900050905, "2009Q4": 1.7422174264949999, "2011Q3": 1.0437576158100001, "2011Q2": 1.6344845551300002, "2011Q1": 1.6397400238800002, "2011Q4": 1.10892681928, "2022Q3": 3.1248, "2022Q2": 3.292975, "2022Q1": 4.17725, "2022Q4": 2.78845, "2019Q3": 2.9652883116149997, "2019Q2": 3.645056439955, "2019Q1": 3.50053846639, "2019Q4": 3.024368097975, "2008Q3": 1.63419449774, "2008Q2": 2.06963816185, "2008Q1": 2.4999592013550003, "2008Q4": 1.224365017785, "2017Q3": 3.2794803125, "2017Q2": 6.580255339525, "2017Q1": 2.864221462165, "2017Q4": 3.7905680261400003, "2015Q3": 2.5607626436700004, "2015Q2": 2.683211092275, "2015Q1": 1.288367303755, "2015Q4": 2.14550405916, "2014Q4": 0.8826912732400001, "2012Q3": 1.1233284995100001, "2012Q2": 1.08606168986, "2012Q1": 1.2191574951850002, "2012Q4": 1.0370823898400001, "2023Q2": 2.83185, "2023Q1": 2.98375, "2018Q3": 3.550995470225, "2018Q2": 3.513728528205, "2018Q1": 3.72135848231, "2018Q4": 4.03043673172, "2020Q3": 5.661272524075001, "2020Q2": 7.93223950904, "2020Q1": 2.136430958235, "2020Q4": 5.5594933786350005, "2013Q3": 0.99129742964, "2013Q2": 0.973196392, "2013Q1": 1.030693776385, "2007Q4": 3.35393472897, "2016Q3": 1.905931635615, "2016Q2": 1.9006078238, "2016Q1": 2.129532625885, "2016Q4": 1.67168289043, "2010Q1": 1.5668627775150001}