{"2021Q3": 0.9491708344650001, "2021Q2": 1.09560828587, "2021Q1": 0.9427575199, "2021Q4": 1.085, "2009Q3": 2.628976191135, "2009Q2": 2.43881563758, "2009Q1": 2.077509048055, "2009Q4": 2.4245527613999998, "2011Q3": 1.0944582542249999, "2011Q2": 1.8288972974650002, "2011Q1": 1.80969629442, "2011Q4": 1.10885913915, "2022Q3": 0.691145, "2022Q2": 0.80073, "2022Q1": 0.97216, "2022Q4": 0.6705300000000001, "2019Q3": 0.64254456245, "2019Q2": 0.750500340555, "2019Q1": 0.7017126905950001, "2019Q4": 0.64064236866, "2008Q3": 1.911447493515, "2008Q2": 2.36678048467, "2008Q1": 2.8600570856900003, "2008Q4": 1.2711364382850001, "2017Q3": 1.1219702628750001, "2017Q2": 1.566889399075, "2017Q1": 1.150986728185, "2017Q4": 1.1122981074100002, "2015Q3": 1.150986728185, "2015Q2": 1.36861028528, "2015Q1": 1.165494762285, "2015Q4": 1.1122981074100002, "2014Q4": 0.854051419025, "2012Q3": 1.22836383628, "2012Q2": 1.1558226068200002, "2012Q1": 1.27672461252, "2012Q4": 1.1461505837250001, "2023Q2": 0.7605850000000001, "2023Q1": 0.76601, "2018Q3": 1.0155764898300002, "2018Q2": 1.0155764898300002, "2018Q1": 1.150986728185, "2018Q4": 0.68510405852, "2020Q3": 0.7620162148199999, "2020Q2": 0.9245514531750001, "2020Q1": 0.540377118295, "2020Q4": 0.857246685435, "2013Q3": 0.8124612315749999, "2013Q2": 0.8995105613200001, "2013Q1": 1.0155764898300002, "2007Q4": 3.66207764328, "2016Q3": 1.1122981074100002, "2016Q2": 1.030084722485, "2016Q1": 1.1316424172550001, "2016Q4": 0.986559958335, "2010Q1": 2.21060140959}