{"2021Q3": 19.03554091824, "2021Q2": 17.291044223565, "2021Q1": 11.595774325765001, "2021Q4": 17.0345, "2009Q3": 6.17987709493, "2009Q2": 6.17987709493, "2009Q1": 4.80955653066, "2009Q4": 5.74997233412, "2011Q3": 3.86060376926, "2011Q2": 4.78338143514, "2011Q1": 5.40484538286, "2011Q4": 4.017538317905, "2022Q3": 9.6782, "2022Q2": 11.12125, "2022Q1": 15.515500000000001, "2022Q4": 8.90785, "2019Q3": 6.7281581105549995, "2019Q2": 7.036457045695, "2019Q1": 6.1569003125, "2019Q4": 7.4215149633449995, "2008Q3": 5.784575251770001, "2008Q2": 8.299608429735, "2008Q1": 8.450509255405, "2008Q4": 3.873150141805, "2017Q3": 6.99632423133, "2017Q2": 6.962928694085, "2017Q1": 6.178138340115, "2017Q4": 6.747290242140001, "2015Q4": 5.84583324941, "2014Q3": 4.977478823309999, "2014Q2": 4.797915561320001, "2014Q1": 4.603987705485, "2012Q3": 4.54301844045, "2012Q2": 4.25077782213, "2012Q1": 4.47660033471, "2012Q4": 4.357047161950001, "2023Q2": 9.64565, "2023Q1": 9.66735, "2018Q3": 6.546269621955, "2018Q2": 6.415168987325, "2018Q1": 6.6948499874200005, "2018Q4": 6.193170463935, "2020Q3": 7.941493796285, "2020Q2": 6.580094814860001, "2020Q1": 5.03906687795, "2020Q4": 9.461330326945001, "2013Q3": 4.371121168925, "2013Q2": 4.536850680915, "2013Q1": 4.440175221405, "2013Q4": 4.308973132765, "2007Q4": 8.76790089308, "2016Q3": 5.989191523980001, "2016Q2": 5.973262472975, "2016Q1": 6.05290560574, "2016Q4": 6.05290560574, "2010Q3": 5.2231820534599995, "2010Q2": 5.15976676985, "2010Q1": 5.909229460890001, "2010Q4": 5.53449811537}