{"2021Q3": 29.941109359374998, "2021Q2": 31.972828572667996, "2021Q1": 25.182612130457, "2021Q4": 32.13635, "2009Q3": 14.995348942957, "2009Q2": 15.444313519263, "2009Q1": 12.526056348833999, "2009Q4": 15.449753965111999, "2011Q3": 9.556108659888, "2011Q2": 12.804244173320999, "2011Q1": 17.794129031249998, "2011Q4": 11.157866085028, "2022Q3": 37.662299999999995, "2022Q2": 29.23925, "2022Q1": 33.85315, "2022Q4": 34.228699999999996, "2019Q3": 24.780339820848997, "2019Q2": 24.144945685681, "2019Q1": 23.668401656249998, "2019Q4": 22.823477027611997, "2008Q3": 13.008788989459, "2008Q2": 13.986573861194, "2008Q1": 11.775929802332, "2008Q4": 10.14655310611, "2017Q3": 18.176819091931, "2017Q2": 24.724665371361997, "2017Q1": 27.239037588292998, "2017Q4": 18.124434896082, "2015Q3": 17.189758637359997, "2015Q2": 19.179076536707, "2015Q1": 14.435318388805998, "2015Q4": 21.799285953125, "2014Q3": 13.343910779804, "2014Q2": 12.29044378125, "2014Q1": 10.935986659888, "2014Q4": 12.343980613012999, "2012Q3": 13.379778739458999, "2012Q2": 12.365424895709, "2012Q1": 12.558637197667998, "2012Q4": 12.323063400792998, "2023Q2": 30.74145, "2023Q1": 35.56995, "2018Q3": 22.918982409888002, "2018Q2": 22.497482023973998, "2018Q1": 23.07704453125, "2018Q4": 21.550423302332, "2020Q3": 21.014623267443998, "2020Q2": 22.185058793236998, "2020Q1": 17.024506159515, "2020Q4": 21.814236699486997, "2013Q3": 12.273572323041, "2013Q2": 12.174592264179, "2013Q1": 13.659300478917999, "2013Q4": 10.534666847015, "2007Q4": 11.308294607555998, "2016Q3": 32.958448230737, "2016Q2": 17.491333461474, "2016Q1": 19.982682283069, "2016Q4": 27.396185982556, "2010Q3": 18.502696736193997, "2010Q2": 15.542268779430998, "2010Q1": 15.449753965111999, "2010Q4": 19.206362591931}