{"2021Q3": 31.938333298693998, "2021Q2": 37.313575, "2021Q1": 36.426400996362, "2021Q4": 29.13195, "2009Q3": 8.779768011987, "2009Q2": 8.010303889529, "2009Q1": 7.457869734375, "2009Q4": 7.398679743097, "2011Q3": 3.738799603743, "2011Q2": 5.701916236917, "2011Q1": 5.475023366277999, "2011Q4": 3.2554191286379996, "2022Q3": 16.79245, "2022Q2": 22.6403, "2022Q1": 31.331599999999998, "2022Q4": 15.93405, "2019Q3": 20.479963295056, "2019Q2": 25.599954642443997, "2019Q1": 14.456445171875, "2019Q4": 20.334498445849, "2008Q3": 14.560601617724, "2008Q2": 27.227142376818996, "2008Q1": 27.325791314318998, "2008Q4": 7.576248144986, "2017Q3": 16.277096692584, "2017Q2": 20.223059432042998, "2017Q1": 16.868990317584, "2017Q4": 14.797359486194, "2015Q3": 19.581839242723998, "2015Q2": 26.289975374999997, "2015Q1": 20.519006244542997, "2015Q4": 15.339930738012999, "2014Q3": 15.487903097015, "2014Q2": 11.541940357556, "2014Q1": 8.720577497085, "2014Q4": 12.972352046874999, "2012Q3": 3.580960936777, "2012Q2": 3.5119069949159996, "2012Q1": 4.4983974182369995, "2012Q4": 3.1764999260609996, "2023Q2": 14.732289999999999, "2023Q1": 14.34601, "2018Q3": 13.662895657696, "2018Q2": 12.725729703125, "2018Q1": 12.331133953124999, "2018Q4": 14.456445171875, "2020Q3": 24.637012588292997, "2020Q2": 26.583386386986998, "2020Q1": 15.2124575, "2020Q4": 31.886146099207, "2013Q3": 3.7190698688199997, "2013Q2": 3.748664602647, "2013Q1": 4.0051519442279995, "2013Q4": 6.510838258349, "2007Q4": 49.8177805, "2016Q3": 16.868990317584, "2016Q2": 15.339930738012999, "2016Q1": 15.389254159515, "2016Q4": 16.671692442584, "2010Q3": 5.1297515614039995, "2010Q2": 4.695695816861, "2010Q1": 5.475023366277999, "2010Q4": 6.7673255999299995}