{"2009Q2": 0.5295403457429999, "2009Q4": 0.52010585232, "2009Q1": 0.339659884878, "2009Q3": 0.550700271582, "2020Q2": 3.640349176167, "2020Q4": 2.549043720974, "2020Q1": 2.772755852657, "2020Q3": 3.1078680490619996, "2014Q2": 0.535593097654, "2014Q4": 0.993402999446, "2014Q1": 0.602971687763, "2014Q3": 1.0889652253120001, "2002Q4": 0.24600550632400003, "2016Q2": 0.928171824862, "2016Q4": 1.37931972487, "2016Q1": 1.025944167162, "2016Q3": 0.96304851083, "2010Q2": 0.33172646813, "2010Q4": 0.424197382128, "2010Q1": 0.501886587032, "2010Q3": 0.370571070582, "2022Q2": 2.154721691036, "2022Q4": 1.844163726326, "2022Q1": 2.103247144211, "2022Q3": 1.829774894604, "2021Q2": 2.0472402519100004, "2021Q4": 2.4142657612639997, "2021Q1": 2.33830052933, "2021Q3": 1.857769098713, "2007Q2": 0.662232986782, "2007Q4": 0.709945479067, "2007Q1": 0.5024518617010001, "2007Q3": 0.934261786561, "2017Q2": 1.083331929193, "2017Q4": 1.100329795271, "2017Q1": 1.368068838062, "2023Q2": 1.8045944994960001, "2023Q1": 1.832172992954, "2023Q3": 1.74330273, "2015Q2": 1.70990694527, "2015Q4": 1.3444563281119999, "2015Q1": 1.34120506248, "2015Q3": 0.857188717757, "2003Q2": 0.20778501349800002, "2003Q4": 0.158081555933, "2003Q1": 0.271900740119, "2012Q2": 0.48403772827, "2012Q4": 0.7727804882770001, "2012Q1": 0.6099986595779999, "2012Q3": 0.424189287791, "2004Q2": 0.177478124416, "2004Q4": 0.20713420464100002, "2004Q1": 0.226696767438, "2004Q3": 0.216225594824, "2005Q2": 0.138826577942, "2005Q4": 0.17010659962900002, "2005Q1": 0.179860396525, "2005Q3": 0.189174562192, "2018Q4": 0.858412049943, "2008Q2": 0.30664308425500003, "2008Q4": 0.167602066788, "2008Q1": 0.56429005935, "2008Q3": 0.22278381995899998, "2013Q2": 0.534549290614, "2013Q4": 0.648942931105, "2013Q1": 0.6278841240730001, "2013Q3": 0.647873753755, "2019Q2": 1.398772349657, "2019Q4": 2.395028904923, "2019Q1": 1.007601312221, "2019Q3": 2.0078579196970003, "2006Q2": 0.257994910775, "2006Q4": 0.305036539577, "2006Q1": 0.184156677307, "2006Q3": 0.34894324374, "2011Q2": 0.425400418066, "2011Q4": 0.32485123493100004, "2011Q1": 0.51323049831, "2011Q3": 0.364555286837}