{"2017Q2": 0, "2023Q2": 1.3782440088480001, "2023Q1": 1.216013124914, "2023Q3": 1.4470561000000002, "2016Q4": 0, "2020Q2": 0.867024880806, "2020Q4": 0.924214787188, "2020Q1": 0.8941194692500001, "2020Q3": 0.89202161279, "2022Q2": 1.047621830752, "2022Q4": 1.11551605347, "2022Q1": 1.072336349308, "2022Q3": 1.088238371192, "2018Q2": 0.9925269317040001, "2018Q1": 1.14250327485, "2021Q2": 0.991327599612, "2021Q4": 1.0531138960020001, "2021Q1": 1.0543292731720002, "2021Q3": 1.033891442696, "2019Q2": 1.041859698348, "2019Q4": 1.131519294304, "2019Q3": 1.015399715232}