{"2009Q2": 0.598189998847, "2009Q4": 0.687985288518, "2009Q1": 0.452357355332, "2009Q3": 0.604532464944, "2020Q2": 1.013983489659, "2020Q4": 0.997164136742, "2020Q1": 1.0589146253700001, "2020Q3": 1.076304127942, "2014Q2": 0.9930783737420001, "2014Q4": 0.990300426335, "2014Q1": 0.769285410235, "2014Q3": 1.106275428145, "2016Q2": 2.059019768606, "2016Q4": 1.665723603171, "2016Q1": 1.7539481026850001, "2016Q3": 1.939839176195, "2010Q2": 0.795504741894, "2010Q4": 0.9133824711520001, "2010Q1": 1.013117555525, "2010Q3": 0.945714599503, "2022Q2": 1.102162179103, "2022Q4": 1.501263347084, "2022Q1": 1.054815614593, "2022Q3": 1.3381631548319999, "2021Q2": 1.040995583151, "2021Q4": 1.166951113482, "2021Q1": 0.9472450272740001, "2021Q3": 1.115196258317, "2007Q2": 0.556354757191, "2007Q4": 0.6219931508180472, "2007Q1": 0.724555219777, "2007Q3": 0.615548301047, "2017Q2": 1.675806275767, "2017Q1": 1.583699310915, "2023Q2": 1.5463993900000002, "2023Q1": 1.626059758833, "2023Q3": 1.30125361, "2015Q2": 2.056497738536, "2015Q4": 2.6922688330790003, "2015Q1": 1.885459651641, "2015Q3": 1.9066170943760001, "2012Q2": 0.55350202794, "2012Q4": 0.474624392249, "2012Q1": 0.548143859293, "2012Q3": 0.503183504186, "2005Q4": 0, "2018Q2": 1.0288180284350001, "2018Q4": 1.2015779514031488, "2018Q3": 0.989685952342, "2008Q2": 0.365314755624, "2008Q4": 0.36201766869400004, "2008Q1": 0.48616345363800006, "2008Q3": 0.3023246225072282, "2013Q2": 0.505510655742, "2013Q4": 0.701792072183, "2013Q1": 0.49570371024300003, "2013Q3": 0.639119686849, "2019Q2": 1.432934656215, "2019Q4": 1.2884267904, "2019Q1": 1.551053693112, "2019Q3": 1.3625022926450001, "2006Q2": 0, "2006Q4": 0.473387767981, "2006Q3": 0, "2011Q2": 0.704949376494, "2011Q4": 0.600186946466, "2011Q1": 0.989497512, "2011Q3": 0.617084176502}