{"2009Q2": 0.609297989859, "2009Q4": 0.749701506492, "2009Q1": 0.588988262511, "2009Q3": 0.6069363120719999, "2020Q2": 1.2434189394869999, "2020Q4": 1.1834808564600001, "2020Q1": 0.69113460708, "2020Q3": 0.980162088741, "2014Q2": 0.864567015597, "2014Q4": 1.340198131464, "2014Q1": 0.7952730691409999, "2014Q3": 1.215284332374, "2016Q2": 1.20692222928, "2016Q4": 1.372830124059, "2016Q1": 1.1648609450729999, "2016Q3": 1.3564730587859999, "2010Q2": 1.030145269851, "2010Q4": 1.1040678531539998, "2010Q1": 0.820490871726, "2010Q3": 1.236174227046, "2022Q2": 1.628227739844, "2022Q4": 1.3175789849369999, "2022Q1": 1.421198731926, "2022Q3": 1.4175579279329997, "2021Q2": 1.033706476242, "2021Q4": 1.7578917496259998, "2021Q1": 0.8814406185, "2021Q3": 1.460184258339, "2007Q2": 0.64531517895, "2007Q4": 0.745926426909, "2007Q1": 0.65667537774, "2007Q3": 0.7674523765829999, "2017Q2": 1.321654430547, "2017Q1": 1.671932025009, "2023Q2": 1.54356444, "2023Q1": 1.415177499951, "2023Q3": 1.3669497, "2015Q2": 1.636723029807, "2015Q4": 1.5562636446509999, "2015Q1": 1.4125786019549997, "2015Q3": 0.9931112153459999, "2012Q2": 0.8209659169889999, "2012Q4": 0.9655974211409999, "2012Q1": 0.751452895674, "2012Q3": 0.8272090061099999, "2004Q4": 0, "2005Q2": 0.36409370588999995, "2005Q4": 0.36378523494, "2005Q3": 0.43660397611799995, "2018Q2": 0.7930226828339999, "2018Q4": 0.743824832472, "2018Q3": 0.788337311526, "2008Q2": 0.41895133285499997, "2008Q4": 0.401475425301, "2008Q1": 0.662161684797, "2008Q3": 0.354243079251, "2013Q2": 0.599336192709, "2013Q4": 0.825659151282, "2013Q1": 0.8501002119179999, "2013Q3": 0.7051630191029999, "2019Q2": 0.9316823103629999, "2019Q4": 0.792047309787, "2019Q1": 1.009727517186, "2019Q3": 0.8730121034249999, "2006Q2": 0.5858648429309999, "2006Q4": 0.498655871451, "2006Q1": 0.39896023785299994, "2006Q3": 0.527352863445, "2011Q2": 1.0561416289199999, "2011Q4": 0.669689827605, "2011Q1": 1.25048195649, "2011Q3": 0.778664267379}