{"2021Q3": 3.471155, "2021Q2": 4.667549999999999, "2021Q1": 3.7501349999999998, "2021Q4": 3.181445, "2022Q3": 1.40563, "2022Q2": 1.8240999999999998, "2022Q1": 2.94002, "2022Q4": 1.3627099999999999, "2019Q3": 9.361925, "2019Q2": 3.6481999999999997, "2019Q1": 3.3584899999999998, "2019Q4": 10.998249999999999, "2017Q3": 3.849658369193, "2017Q2": 4.512346418237, "2017Q1": 4.264470581938, "2017Q4": 4.034995805048999, "2015Q3": 5.864487263083, "2015Q2": 5.452519181692999, "2015Q1": 4.9678501119169995, "2015Q4": 4.993546051958999, "2014Q3": 3.855998395709, "2014Q2": 3.515345519986, "2014Q1": 3.1888868419309997, "2014Q4": 4.02759404396, "2012Q4": 3.1909230793959997, "2023Q2": 1.4775209999999999, "2023Q1": 1.536536, "2018Q3": 3.562428896257, "2018Q2": 3.780536841208, "2018Q1": 3.7441852986939996, "2018Q4": 3.30484, "2020Q3": 4.3993, "2020Q2": 6.679424999999999, "2020Q1": 4.75339, "2020Q4": 4.05594, "2013Q3": 2.8629675448809997, "2013Q2": 2.8762626855059996, "2013Q1": 3.25740087809, "2013Q4": 3.0280230274369995, "2007Q4": 3.759732010716, "2016Q3": 4.251929894438, "2016Q2": 4.390364707311, "2016Q1": 4.469469903708, "2016Q4": 4.476935322668}