{"2009Q2": 0.16572753, "2009Q4": 0.2540349, "2009Q1": 0.17903412, "2009Q3": 0.18024380999999998, "2020Q2": 2.5584943499999997, "2020Q4": 2.8802718899999995, "2020Q1": 1.4310632699999999, "2020Q3": 2.5887366, "2014Q2": 0.34234227, "2014Q4": 0.42702056999999993, "2014Q1": 0.28427715, "2014Q3": 0.46694033999999995, "2016Q2": 0.6205709699999999, "2016Q4": 0.71008803, "2016Q1": 0.45605313, "2016Q3": 0.66895857, "2010Q2": 0.26250272999999996, "2010Q4": 0.38226203999999997, "2010Q1": 0.26855118, "2010Q3": 0.33871319999999994, "2022Q2": 3.2794695899999997, "2022Q4": 2.54155869, "2022Q1": 1.9657462499999998, "2022Q3": 2.94559515, "2021Q2": 2.83672305, "2021Q4": 2.9927730599999998, "2021Q1": 2.40849279, "2021Q3": 2.6915602499999998, "2007Q2": 0.12580776, "2007Q4": 0.25645428, "2007Q1": 0.13306590000000001, "2007Q3": 0.17177598, "2017Q2": 1.0766241, "2017Q1": 0.6955717499999999, "2023Q2": 3.65447349, "2023Q1": 3.0834998099999997, "2023Q3": 3.5867308499999995, "2015Q2": 0.73065276, "2015Q4": 0.6774263999999999, "2015Q1": 0.61089345, "2015Q3": 0.45605313, "2012Q2": 0.26008335, "2012Q4": 0.21411513, "2012Q1": 0.29274498, "2012Q3": 0.19596978, "2004Q4": 0, "2005Q2": 0.08099237456999998, "2005Q4": 0.0761862762, "2005Q3": 0.08810777115, "2018Q2": 1.25444853, "2018Q1": 1.1721896099999998, "2008Q2": 0.15846939, "2008Q4": 0.13427559, "2008Q1": 0.25766396999999996, "2008Q3": 0.0898920639, "2013Q2": 0.29153529, "2013Q4": 0.26976087, "2013Q1": 0.25645428, "2013Q3": 0.30484188, "2019Q2": 0.9375097499999999, "2019Q4": 1.53993537, "2019Q3": 1.16977023, "2006Q2": 0.08499886784999999, "2006Q4": 0.08361014372999999, "2006Q1": 0.06683295312, "2006Q3": 0.08702751797999998, "2011Q2": 0.38589111, "2011Q4": 0.28911591, "2011Q1": 0.39798801, "2011Q3": 0.3266163}