{"2009Q2": 0.75400899, "2009Q4": 1.4498268100000002, "2009Q1": 0.7218181300000001, "2009Q3": 0.88401054, "2020Q2": 1.5463993900000002, "2020Q4": 1.3470636800000002, "2020Q1": 1.01772642, "2020Q3": 1.5810664700000001, "2014Q2": 1.2678246400000002, "2014Q4": 1.42258839, "2014Q1": 1.20963347, "2014Q3": 1.485732, "2016Q2": 1.33344447, "2016Q4": 1.26163409, "2016Q1": 0.99544044, "2016Q3": 1.33468258, "2010Q2": 1.82621225, "2010Q4": 5.149299490000001, "2010Q1": 1.66401984, "2010Q3": 2.86746276, "2022Q2": 0.9892498900000001, "2022Q4": 0.9285825000000001, "2022Q1": 1.06725082, "2022Q3": 0.93105872, "2021Q4": 1.37182588, "2007Q2": 1.3123966, "2007Q4": 1.2789676300000001, "2007Q1": 1.22696701, "2007Q3": 1.47087468, "2017Q2": 1.14896608, "2017Q1": 1.39782619, "2023Q2": 1.0523935, "2023Q1": 1.0709651500000001, "2023Q3": 1.17125206, "2015Q2": 1.84602201, "2015Q4": 1.4981131, "2015Q1": 1.78783084, "2015Q3": 1.84602201, "2012Q2": 2.21497879, "2012Q4": 1.6887820400000002, "2012Q1": 1.61820977, "2012Q3": 1.7915451700000002, "2005Q4": 0, "2018Q2": 0.6636269600000001, "2018Q4": 0.66610318, "2018Q3": 0.69953215, "2008Q2": 0.83820047, "2008Q4": 0.40238575, "2008Q1": 1.38420698, "2008Q3": 0.39248087, "2013Q2": 1.70611558, "2013Q4": 1.28392007, "2013Q1": 2.74241365, "2013Q3": 1.61573355, "2019Q2": 0.82210504, "2019Q4": 1.1105846700000002, "2019Q1": 1.0486791700000002, "2019Q3": 0.96448769, "2006Q2": 0, "2006Q4": 0, "2006Q3": 0, "2011Q2": 3.3057537, "2011Q4": 1.8324028, "2011Q1": 3.6140430900000005, "2011Q3": 2.6941273600000004}