{"2017Q2": 1.075835046394, "2017Q4": 0.878868940278, "2017Q1": 1.256932120716, "2017Q3": 1.048409511048, "2023Q2": 0.6540545999999999, "2023Q1": 0.753707256578, "2023Q3": 0.5681297799999999, "2016Q2": 1.768100926832, "2016Q4": 1.340892211996, "2016Q1": 1.80096114292, "2016Q3": 1.401393031972, "2009Q2": 0.353865212174, "2009Q4": 0.44928677672, "2009Q1": 0.39817394868199996, "2009Q3": 0.373885438742, "2010Q2": 0.463955169462, "2010Q1": 0.46930687504199997, "2010Q3": 0.558551855736, "2015Q2": 4.473355651284, "2015Q4": 2.816715246742, "2015Q1": 1.92754828091, "2015Q3": 4.473355651284, "2020Q2": 0.678591778934, "2020Q4": 0.551988866686, "2020Q1": 0.486513769108, "2020Q3": 0.622886589882, "2022Q2": 0.92105571847, "2022Q4": 0.82141306508, "2022Q1": 0.621197846554, "2022Q3": 0.705163324166, "2018Q2": 0.82900394582, "2018Q1": 0.9175142051799999, "2012Q2": 0.368881408068, "2012Q4": 0.281625522834, "2012Q1": 0.325959780296, "2012Q3": 0.263572718152, "2008Q2": 0.384325817356, "2008Q4": 0.329959516544, "2008Q1": 0.355667581458, "2008Q3": 0.2376753242581316, "2021Q2": 0.7279065980520001, "2021Q4": 0.840967117438, "2021Q1": 0.559585005512, "2021Q3": 0.882888554656, "2011Q2": 0.41220829319999996, "2011Q4": 0.2748055288, "2011Q1": 0.455712286058, "2011Q3": 0.446112816466, "2019Q2": 0.60277158952, "2019Q4": 0.532005959704, "2019Q3": 0.524423799692, "2006Q4": 0, "2013Q2": 0.401115142446, "2013Q4": 0.416262918736, "2013Q1": 0.30810319199400005, "2013Q3": 0.550169953668, "2014Q2": 0.47271411477, "2014Q4": 0.908736151218, "2014Q1": 0.435652174984, "2014Q3": 0.889167094078, "2007Q4": 0.6650979995906916, "2007Q3": 0}