{"2009Q2": 0.45663601587, "2009Q4": 0.565683544608, "2009Q1": 0.393391499905, "2009Q3": 0.40665599139, "2020Q2": 0.621289540928, "2020Q4": 0.836439753769, "2020Q1": 0.553771069243, "2020Q3": 0.8847623203920001, "2014Q2": 0.483827759123, "2014Q4": 0.7262467256590001, "2014Q1": 0.46428010701, "2014Q3": 0.8969501514210001, "2016Q2": 1.090028205859, "2016Q4": 1.607178705144, "2016Q1": 0.9897188860680001, "2016Q3": 1.209284942035, "2010Q2": 0.46447535695700004, "2010Q4": 0.612368091701, "2010Q1": 0.665643593568, "2010Q3": 0.586178722304, "2022Q2": 0.950981024199, "2022Q4": 0.869398861024, "2022Q1": 0.9923160694150001, "2022Q3": 0.7902518125970001, "2021Q2": 0.916977323537, "2021Q4": 1.178744111232, "2021Q1": 0.943439572378, "2021Q3": 0.981696799945, "2007Q2": 0.598581117796, "2007Q4": 0.6796333338991424, "2007Q1": 0.693320923563, "2007Q3": 0.659973916445, "2017Q2": 0.901669579119, "2017Q4": 0.727800058465, "2017Q1": 1.2560959001590002, "2017Q3": 0.90724243604, "2023Q2": 0.73667545, "2023Q1": 0.8146048172420001, "2023Q3": 0.78248552, "2015Q2": 1.203712208925, "2015Q4": 1.33411428751, "2015Q1": 1.0191695610159999, "2015Q3": 0.713310952379, "2012Q2": 0.348181418011, "2012Q4": 0.363148434557, "2012Q1": 0.363569391957, "2012Q3": 0.326912421565, "2005Q4": 0, "2018Q4": 0.45673811559589983, "2008Q2": 0.35613850335900005, "2008Q4": 0.25779059743, "2008Q1": 0.526224978908, "2008Q3": 0.2564818495277889, "2013Q2": 0.33795079127, "2013Q4": 0.41117348334700005, "2013Q1": 0.372601404407, "2013Q3": 0.418415312548, "2019Q2": 0.5176799151210001, "2019Q4": 0.665427419562, "2019Q1": 0.5571545762510001, "2019Q3": 0.536853286581, "2006Q2": 0, "2006Q4": 0, "2006Q3": 0, "2011Q2": 0.570002938965, "2011Q4": 0.338920726644, "2011Q1": 0.591570567543, "2011Q3": 0.452150838584}