{"2017Q2": 1.2532120195869998, "2017Q1": 1.5156031913549999, "2023Q2": 1.61973251, "2023Q1": 1.817735630447, "2023Q3": 1.5547933499999997, "2016Q2": 1.4836958346209999, "2016Q4": 1.50109990415, "2016Q1": 1.759259914995, "2016Q3": 1.3647680053590001, "2009Q2": 0.45450718271199997, "2009Q4": 0.6892526301209999, "2009Q1": 0.415977530254, "2009Q3": 0.427393834582, "2010Q2": 0.74108569392, "2010Q4": 0.885146102049, "2010Q1": 1.0188954203999998, "2010Q3": 0.793406300951, "2015Q2": 1.746206769186, "2015Q4": 1.582318562264, "2015Q1": 0.940544325732, "2015Q3": 1.2509162953979998, "2020Q2": 1.5327628648529998, "2020Q4": 1.2740007930650001, "2020Q1": 1.391317007212, "2020Q3": 1.355715236689, "2022Q2": 1.493807361365, "2022Q4": 1.424038226457, "2022Q1": 1.5811194356979998, "2022Q3": 1.340564431129, "2018Q2": 1.1616990060169998, "2018Q4": 0.8842642184154195, "2018Q3": 0.943751945587, "2012Q2": 0.538732648817, "2012Q4": 0.4155731591, "2012Q1": 0.531530396441, "2012Q3": 0.45158467074599995, "2008Q2": 0.431674823822, "2008Q4": 0.297534371915, "2008Q1": 0.817864261852, "2008Q3": 0.28694682223340207, "2021Q2": 2.05276306367, "2021Q4": 1.788215162492, "2021Q1": 1.073429203957, "2021Q3": 1.8477395204949998, "2011Q2": 0.729618312445, "2011Q4": 0.5531372784519999, "2011Q1": 0.851460411395, "2011Q3": 0.584827338766, "2019Q2": 1.533414004815, "2019Q4": 1.577896705, "2019Q1": 1.2932895968299998, "2019Q3": 1.669333165291, "2006Q4": 0, "2013Q2": 0.47553585643299995, "2013Q4": 0.521788773143, "2013Q1": 0.459507248266, "2013Q3": 0.5210659503389999, "2014Q2": 0.542426313308, "2014Q4": 0.854974119483, "2014Q1": 0.5210659503389999, "2014Q3": 0.820891300889, "2007Q2": 0.8331812866849999, "2007Q4": 0.8198274024309072, "2007Q1": 0.8392368633549999, "2007Q3": 0.838880572156}