{"2017Q2": 0.9527560098869999, "2017Q1": 0.86309263843, "2023Q2": 0.8067441799999999, "2023Q1": 0.7896560644609999, "2023Q3": 0.7293167199999999, "2016Q2": 0.93271615976, "2016Q4": 0.87389626676, "2016Q1": 0.944131589907, "2016Q3": 0.9399186619019999, "2009Q2": 0.456385298149, "2009Q4": 0.561236315651, "2009Q1": 0.398050200955, "2009Q3": 0.40983291200499994, "2010Q2": 0.45328882416399996, "2010Q4": 0.726576162565, "2010Q1": 0.616490174586, "2010Q3": 0.55839934854, "2015Q2": 1.4635839270029998, "2015Q4": 1.4527870423549998, "2015Q1": 1.090614228704, "2015Q3": 0.9645259828709999, "2020Q2": 0.88992250215, "2020Q4": 0.761579993284, "2020Q1": 1.0092077465579998, "2020Q3": 0.894765589773, "2022Q2": 1.177104073365, "2022Q4": 0.766286209139, "2022Q1": 1.457289199388, "2022Q3": 0.810565974449, "2018Q2": 0.6102588875349999, "2018Q4": 0.6053622317987287, "2018Q3": 0.6403505703319999, "2012Q2": 0.662110434018, "2012Q4": 0.5608885164959999, "2012Q1": 0.638473204193, "2012Q3": 0.6883090141730001, "2008Q2": 0.3746864649, "2008Q4": 0.281663865626, "2008Q1": 0.5536220742579999, "2008Q3": 0.2878354694303561, "2021Q2": 0.929796769869, "2021Q4": 1.4050262883029998, "2021Q1": 0.872971633028, "2021Q3": 1.2372983037799998, "2011Q2": 0.6509921005279999, "2011Q4": 0.522506975276, "2011Q1": 0.715626920657, "2011Q3": 0.5811489100009999, "2019Q2": 0.6687813092289999, "2019Q4": 0.657916613112, "2019Q1": 0.7534951927469999, "2019Q3": 0.66274533919, "2006Q4": 0, "2013Q2": 0.39565744267499997, "2013Q4": 0.437494371622, "2013Q1": 0.500155291053, "2013Q3": 0.435103736353, "2014Q2": 0.44463493179599994, "2014Q4": 0.673544097083, "2014Q1": 0.437494371622, "2014Q3": 0.5752690437119999, "2007Q2": 0.9997030263109999, "2007Q4": 0.7957539315226082, "2007Q1": 0, "2007Q3": 0.8732347615089999}