{"2017Q2": 2.1696055965979997, "2017Q1": 2.212810868576, "2023Q2": 2.98595253, "2023Q1": 3.2631926651170002, "2023Q3": 3.59163508, "2016Q2": 2.117058451805, "2016Q4": 2.021306534566, "2016Q1": 1.5984724280799998, "2016Q3": 2.136909728602, "2009Q2": 0.314279433853, "2009Q4": 0.49944021099499997, "2009Q1": 0.348437681779, "2009Q3": 0.31304509028099997, "2010Q2": 0.5616542990519999, "2010Q4": 1.025790460596, "2010Q1": 0.5789359832409999, "2010Q3": 0.805449268173, "2015Q2": 1.756246613088, "2015Q4": 1.6525994677059999, "2015Q1": 1.714787704982, "2015Q3": 1.28522715035, "2020Q2": 3.033525584903, "2020Q4": 2.981244316017, "2020Q1": 2.4310179354119996, "2020Q3": 2.75509756269, "2022Q2": 3.376568445965, "2022Q4": 3.243983911355, "2022Q1": 3.1263451244189997, "2022Q3": 2.4559114882169997, "2018Q2": 1.908767844467, "2018Q1": 2.0169804625629997, "2012Q2": 0.643208892436, "2012Q4": 0.7153655405379999, "2012Q1": 0.515487551612, "2012Q3": 0.731713474536, "2008Q2": 0.34698079670099996, "2008Q4": 0.276807665288, "2008Q1": 0.501653137755, "2008Q3": 0.17186427795016698, "2021Q2": 4.742112973817999, "2021Q4": 4.6699479585549994, "2021Q1": 4.05837779952, "2021Q3": 4.150113604362, "2011Q2": 0.758048052278, "2011Q4": 0.51104371494, "2011Q1": 0.926174163805, "2011Q3": 0.603623978628, "2019Q2": 2.117804502847, "2019Q4": 2.7827803773, "2019Q3": 2.6153316311649997, "2006Q4": 0, "2013Q2": 1.026718466169, "2013Q4": 0.983368080145, "2013Q1": 0.940855284402, "2013Q3": 0.978804855325, "2014Q2": 1.18985275442, "2014Q4": 1.004803497797, "2014Q1": 0.88982259575, "2014Q3": 1.234555123802, "2007Q2": 0.8250577724179999, "2007Q4": 0.5622950833035261, "2007Q1": 0, "2007Q3": 0.687891280538}