{"2017Q2": 2.3482979779999997, "2017Q1": 2.80200666752, "2023Q2": 1.8624976, "2023Q1": 1.7265016, "2023Q3": 1.6241807999999998, "2016Q2": 4.20944844048, "2016Q4": 3.11520247656, "2016Q1": 4.303478665279999, "2016Q3": 3.62044005048, "2009Q2": 1.28950163808, "2009Q4": 1.37693605688, "2009Q1": 1.2658177404, "2009Q3": 1.083810408, "2010Q2": 1.64091711536, "2010Q4": 1.96342062016, "2010Q1": 2.102831674, "2010Q3": 2.27203932192, "2015Q2": 4.073025154, "2015Q4": 5.08792043088, "2015Q1": 4.36038185256, "2015Q3": 3.92864713768, "2020Q2": 1.8171655999999998, "2020Q4": 1.9609328, "2020Q1": 2.11064652224, "2020Q3": 1.5581255999999999, "2022Q2": 1.8689736, "2022Q4": 1.619, "2022Q1": 1.7018928, "2022Q3": 1.5568304, "2018Q2": 1.6152921014400001, "2018Q4": 1.313179703940672, "2018Q3": 1.40999111512, "2012Q2": 1.2380998127999998, "2012Q4": 1.04076754448, "2012Q1": 1.6083256092, "2012Q3": 1.1407066012, "2008Q2": 0.8760952984, "2008Q4": 0.8237167628000001, "2008Q1": 0, "2008Q3": 0.576707612700304, "2021Q2": 2.2963896, "2021Q4": 2.2134967999999997, "2021Q1": 1.7653576, "2021Q3": 2.0956335999999998, "2011Q2": 1.69957801856, "2011Q4": 1.4207507300799997, "2011Q1": 1.90472617128, "2011Q3": 1.34787565448, "2019Q2": 1.56617215952, "2019Q4": 1.43296342992, "2019Q1": 1.89677364328, "2019Q3": 1.4239105, "2013Q2": 1.01752945464, "2013Q4": 1.8642980575199999, "2013Q1": 1.14770884096, "2013Q3": 1.8969154676799997, "2014Q2": 2.52078546088, "2014Q4": 2.42713835624, "2014Q1": 1.93081175832, "2014Q3": 3.34950169568, "2007Q4": 0}