{"2017Q2": 1.0755181490399999, "2017Q1": 1.29759883992, "2023Q2": 1.6721032, "2023Q1": 2.15352761528, "2023Q3": 1.6591512, "2016Q2": 0.79898051512, "2016Q4": 1.0576493108, "2016Q1": 1.26831125944, "2016Q3": 0.8176999112000001, "2009Q2": 0.9767161484, "2009Q4": 1.20346992088, "2009Q1": 0.62586369456, "2009Q3": 1.0112081015199998, "2010Q2": 0.7819523911999999, "2010Q4": 0.89578091368, "2010Q1": 1.14965617416, "2010Q3": 0.9314143265599999, "2015Q2": 1.45445701488, "2015Q4": 1.2833445163200001, "2015Q1": 0.9260211137600001, "2015Q3": 0.9058900792, "2020Q2": 1.5488075426399999, "2020Q4": 1.81344980072, "2020Q1": 1.2772239192, "2020Q3": 1.6850331816, "2022Q2": 2.9625116075999998, "2022Q4": 2.25261235808, "2022Q1": 2.5094584188, "2022Q3": 2.37051091704, "2018Q2": 1.6607490882399998, "2018Q1": 1.70621371672, "2012Q2": 0.54142779328, "2012Q4": 0.5221263343199999, "2012Q1": 0.46719172152, "2012Q3": 0.50480471808, "2008Q2": 0.7143105712, "2008Q4": 0.44159921712, "2008Q1": 0, "2008Q3": 0.252004459378704, "2021Q2": 2.25903810432, "2021Q4": 2.95338588744, "2021Q1": 2.09978393888, "2021Q3": 2.4516693147199997, "2011Q2": 0.7507733006399999, "2011Q4": 0.48550338864, "2011Q1": 0.84332091, "2011Q3": 0.5978470938399999, "2019Q2": 1.1323216059199999, "2019Q4": 1.22603100968, "2019Q3": 1.00390485728, "2013Q2": 0.5679985622399999, "2013Q4": 0.70276088424, "2013Q1": 0.6819813430399999, "2013Q3": 0.7297133486399999, "2014Q2": 0.62305116776, "2014Q4": 0.74584959784, "2014Q1": 0.61591383864, "2014Q3": 0.785104908, "2007Q4": 0}