{"2017Q2": 0.49759692, "2017Q1": 0.600318, "2017Q3": 0.49626288, "2023Q2": 0.20944428, "2023Q1": 0.23879316, "2023Q3": 0.23745912, "2016Q2": 0.5869776, "2016Q4": 0.66835404, "2016Q1": 0.66301788, "2016Q3": 0.5602968, "2009Q2": 0.798073554924, "2009Q4": 1.01381770542, "2009Q1": 0.7965151293959999, "2009Q3": 1.027245751848, "2010Q2": 0.863619075648, "2010Q4": 1.592369241972, "2010Q1": 1.050968584956, "2010Q3": 1.316687741508, "2015Q2": 1.5821714399999998, "2015Q4": 0.8951408399999999, "2015Q1": 0.94125059856, "2015Q3": 0.72838584, "2020Q2": 0.27481224, "2020Q4": 0.2067762, "2020Q1": 0.2868186, "2020Q3": 0.29615688, "2022Q2": 0.25213356, "2022Q4": 0.26947608, "2022Q1": 0.28415051999999996, "2022Q3": 0.25346759999999996, "2018Q2": 0.3868716, "2018Q1": 0.38953968, "2012Q2": 1.1619234932399998, "2012Q4": 0.629656474488, "2012Q1": 1.085248076796, "2012Q3": 0.92086046418, "2008Q2": 0, "2008Q4": 0.81777118914, "2008Q3": 0.6203296555991711, "2021Q2": 0.49492884, "2021Q4": 0.33751211999999997, "2021Q1": 0.34151423999999997, "2021Q3": 0.3268398, "2011Q2": 1.39292852772, "2011Q4": 1.207018981188, "2011Q1": 1.325831385072, "2011Q3": 1.26511548936, "2019Q2": 0.35085251999999995, "2019Q4": 0.3401802, "2019Q3": 0.28281648, "2013Q2": 0.45142806346799996, "2013Q4": 0.629650337904, "2013Q1": 0.647012868504, "2013Q3": 0.553050428124, "2014Q2": 0.438441184068, "2014Q4": 0.5566251217079999, "2014Q1": 0.503005251564, "2014Q3": 0.593030006076, "2007Q4": 0}