{"2017Q2": 0.8868783156479999, "2017Q1": 0.9935971349759999, "2023Q2": 0.9327033619199999, "2023Q1": 0.8411763110399999, "2023Q3": 1.0080345599999998, "2016Q2": 1.182228637824, "2016Q4": 1.073748318336, "2016Q1": 1.182228637824, "2016Q3": 1.184992466688, "2009Q2": 0, "2009Q4": 0.7229123504639999, "2009Q3": 0.5786002794239999, "2010Q2": 0.557344795392, "2010Q4": 1.1024774495999998, "2010Q1": 0.6705273254399999, "2010Q3": 0.7123701231359999, "2015Q2": 1.173023190144, "2015Q4": 1.5386207927039999, "2015Q1": 0.90401899968, "2015Q3": 1.0512529079039998, "2020Q2": 0.612503305344, "2020Q4": 0.7630970849279999, "2020Q1": 0.485778438144, "2020Q3": 0.8113225409279999, "2022Q2": 0.9774141569279999, "2022Q4": 0.6944427624959999, "2022Q1": 1.031794622208, "2022Q3": 0.7234988831999999, "2018Q2": 0.548755872768, "2018Q4": 0.4718040652946303, "2018Q3": 0.51818170176, "2012Q2": 0.5562224974079999, "2012Q4": 0.433605115008, "2012Q1": 0.6202187930879999, "2012Q3": 0.448651164672, "2008Q4": 0, "2021Q2": 0.7928074771199999, "2021Q4": 1.3509208074239998, "2021Q1": 0.948906968832, "2021Q3": 1.3036959244799997, "2011Q2": 0.9681128801279999, "2011Q4": 0.7291482658559999, "2011Q1": 1.1051913888, "2011Q3": 0.897308620416, "2019Q2": 0.5533650339839999, "2019Q4": 0.5181637063679999, "2019Q1": 0.6103649260799999, "2019Q3": 0.5139396172799999, "2013Q2": 0.32896527552, "2013Q4": 0.39440690841599996, "2013Q1": 0.42403010342399994, "2013Q3": 0.374515123968, "2014Q2": 0.438992174592, "2014Q4": 0.5930475068159999, "2014Q1": 0.41498471231999995, "2014Q3": 0.5627758924799999}