{"2021Q3": 10.64416, "2021Q2": 10.998249999999999, "2021Q1": 12.71505, "2021Q4": 8.99174, "2009Q3": 1.508368047149, "2009Q2": 1.4440769838269998, "2009Q1": 1.211639930772, "2009Q4": 1.459224594572, "2011Q3": 1.155883094199, "2011Q2": 1.222965502641, "2011Q1": 1.171363529157, "2022Q3": 7.0174199999999995, "2022Q2": 8.01531, "2022Q1": 9.302909999999999, "2022Q4": 7.16764, "2019Q3": 17.75815, "2019Q2": 22.2111, "2019Q1": 17.22165, "2019Q4": 17.22165, "2008Q3": 1.483259034888, "2008Q2": 1.6028454879139997, "2008Q1": 1.7224320707729999, "2008Q4": 1.18889094231, "2017Q3": 3.89499, "2017Q2": 4.56025, "2017Q1": 4.1203199999999995, "2017Q4": 5.31135, "2015Q3": 5.44011, "2015Q2": 7.16764, "2015Q1": 6.37362, "2015Q4": 5.300619999999999, "2014Q3": 7.43589, "2014Q2": 3.93791, "2014Q1": 4.351014999999999, "2014Q4": 4.58171, "2012Q4": 4.072566784165, "2023Q3": 0, "2023Q2": 6.36289, "2023Q1": 6.663329999999999, "2018Q3": 37.9842, "2018Q2": 16.3096, "2018Q1": 23.33775, "2018Q4": 16.041349999999998, "2020Q3": 13.3052, "2020Q2": 13.4125, "2020Q1": 11.695699999999999, "2020Q4": 13.358849999999999, "2013Q4": 3.610645, "2007Q4": 2.054188031798, "2016Q3": 5.4186499999999995, "2016Q2": 6.57749, "2016Q1": 6.148289999999999, "2016Q4": 4.49587, "2010Q3": 1.888408221665, "2010Q2": 1.206763622184, "2010Q1": 1.292600478294, "2010Q4": 1.450013848834}