{"2017Q2": 1.38913917224, "2017Q1": 1.78492755392, "2023Q2": 0.9053448, "2023Q1": 0.9480864, "2023Q3": 0.8962783999999999, "2016Q2": 1.9996363549599998, "2016Q4": 1.9776480036, "2016Q1": 2.32687303864, "2016Q3": 1.67498644472, "2009Q2": 0.52671885448, "2009Q4": 0.7981228336799999, "2009Q1": 0.39308206128, "2009Q3": 0.62240887808, "2010Q2": 0.65815095824, "2010Q4": 0.9348300279999999, "2010Q1": 0.79473575616, "2010Q3": 0.8849893072799999, "2015Q2": 2.4484551464, "2015Q4": 2.11604452728, "2015Q1": 1.6783191238400001, "2015Q3": 1.66205218896, "2020Q2": 0.8768503999999999, "2020Q4": 0.628172, "2020Q1": 0.9765808, "2020Q3": 0.8198616, "2022Q2": 0.8638984, "2022Q4": 1.0711304, "2022Q1": 0.803024, "2022Q3": 0.9752856, "2018Q2": 0.7527738665599999, "2018Q4": 0.8833264, "2018Q3": 0.7693488, "2012Q2": 1.11327633752, "2012Q4": 0.78743937648, "2012Q1": 1.2107440231200002, "2012Q3": 0.92966982168, "2008Q2": 0.3569655388, "2008Q4": 0.2990111672, "2008Q1": 0, "2008Q3": 0.23293139539091198, "2021Q2": 0.6942272, "2021Q4": 0.7810056, "2021Q1": 0.6074488, "2021Q3": 0.6553711999999999, "2011Q2": 0.79406782152, "2011Q4": 0.75993515688, "2011Q1": 0.88243348912, "2011Q3": 0.86233328032, "2019Q2": 1.0374552, "2019Q4": 0.90664, "2019Q1": 1.0348648, "2019Q3": 0.9208872, "2013Q2": 0.6452089312799999, "2013Q4": 0.8288155766399999, "2013Q1": 0.8301085748, "2013Q3": 0.91673984008, "2014Q2": 1.04086818152, "2014Q4": 1.01630108696, "2014Q1": 0.98785499792, "2014Q3": 1.27102289016, "2007Q4": 0}