{"2017Q2": 1.8600478364759998, "2017Q1": 1.33251652632, "2023Q2": 3.63659304, "2023Q1": 4.449631322028, "2023Q3": 3.5592187199999996, "2016Q2": 0.859897370856, "2016Q4": 1.082482478472, "2016Q1": 0.837577014, "2016Q3": 1.2811122298079998, "2009Q2": 0.146853657876, "2009Q4": 0.297096310968, "2009Q1": 0.148376731344, "2009Q3": 0.15398823720000002, "2010Q2": 0.295829106372, "2010Q4": 0.470555795796, "2010Q1": 0.39478072294799993, "2010Q3": 0.34634813393999997, "2015Q2": 1.274466042528, "2015Q4": 0.968494897056, "2015Q1": 1.047575187408, "2015Q3": 0.875265511656, "2020Q2": 3.560773943832, "2020Q4": 5.095575357684, "2020Q1": 2.96395406352, "2020Q3": 4.715596075344, "2022Q2": 6.840577852428, "2022Q4": 4.461592858284, "2022Q1": 5.933027238732, "2022Q3": 3.5046828979919997, "2018Q2": 1.4563006304759998, "2018Q1": 2.058586606284, "2012Q2": 0.32737434982799996, "2012Q4": 0.369983187216, "2012Q1": 0.255400223748, "2012Q3": 0.34402356923999994, "2008Q2": 0, "2008Q4": 0.129962043396, "2008Q3": 0.062088380877144, "2021Q2": 7.303405954716, "2021Q4": 6.9548702619839995, "2021Q1": 6.718805213783999, "2021Q3": 5.851173879431999, "2011Q2": 0.405366597156, "2011Q4": 0.29463700822800004, "2011Q1": 0.427202564088, "2011Q3": 0.294877669044, "2019Q2": 1.969595065752, "2019Q4": 2.286851656008, "2019Q3": 1.827047288784, "2013Q2": 0.453320399208, "2013Q4": 0.646165219488, "2013Q1": 0.34086976527599994, "2013Q3": 0.588581382888, "2014Q2": 0.614112907428, "2014Q4": 0.82392444864, "2014Q1": 0.563097350172, "2014Q3": 0.65785447818, "2007Q4": 0}