{"2017Q2": 3.1227371550719996, "2017Q1": 3.3439564108799997, "2017Q3": 3.572456338944, "2023Q2": 5.402253839616, "2023Q1": 3.7869668248319996, "2023Q3": 4.71976704, "2016Q2": 2.9448837215999997, "2016Q4": 3.600831414528, "2016Q1": 2.75715520704, "2016Q3": 3.8251376847359997, "2009Q2": 0, "2009Q4": 1.4375137559039999, "2009Q3": 1.138843357056, "2010Q2": 1.3870217583359998, "2010Q4": 2.000328126336, "2010Q1": 1.6045959962879999, "2010Q3": 1.5299958792959998, "2015Q2": 2.187525118464, "2015Q4": 2.949610218624, "2015Q1": 2.039289174144, "2015Q3": 1.50597071424, "2020Q2": 4.6811129379839995, "2020Q4": 4.1570066557439995, "2020Q1": 4.477400857728, "2020Q3": 5.003009243136, "2022Q2": 2.560572228096, "2022Q4": 2.2896583315199996, "2022Q1": 2.6070490586879997, "2022Q3": 2.208092973696, "2018Q2": 2.9998043412479998, "2018Q1": 4.037634442368, "2012Q2": 0.9926919521279999, "2012Q4": 0.860185297152, "2012Q1": 1.141687799424, "2012Q3": 0.7879491601919999, "2008Q4": 0, "2021Q2": 3.5214312096, "2021Q4": 3.3583059071999997, "2021Q1": 3.18073966848, "2021Q3": 3.229971988608, "2011Q2": 1.4172373382399999, "2011Q4": 1.41899225472, "2011Q1": 1.699995567744, "2011Q3": 1.4896347022079999, "2019Q2": 3.7469247367679994, "2019Q4": 4.242347973504, "2019Q3": 4.051456659072, "2013Q2": 1.1244779136, "2013Q4": 1.6661254602239999, "2013Q1": 0.8805711502079999, "2013Q3": 1.269066352896, "2014Q2": 1.552604675328, "2014Q4": 1.677661823232, "2014Q1": 1.351880269056, "2014Q3": 1.8352246475519998}