{"2017Q2": 1.9309776760439998, "2017Q1": 1.75446470706, "2023Q2": 4.11284532, "2023Q1": 3.4904406869519997, "2023Q3": 3.53654004, "2016Q2": 1.6025595733199998, "2016Q4": 1.6622081036279999, "2016Q1": 1.333590561924, "2016Q3": 1.465765377468, "2009Q2": 0.32900628096, "2009Q4": 0.48243942411599994, "2009Q1": 0.289908770256, "2009Q3": 0.38229597620399997, "2010Q2": 0.6580122951119999, "2010Q4": 0.7944418978319999, "2010Q1": 0.5447396257320001, "2010Q3": 0.844723066068, "2015Q2": 1.973835978912, "2015Q4": 1.786462056672, "2015Q1": 1.628679943116, "2015Q3": 1.5642987725039998, "2020Q2": 2.183861766948, "2020Q4": 2.068580566944, "2020Q1": 1.4674377300119998, "2020Q3": 1.988272426176, "2022Q2": 1.8015177653039998, "2022Q4": 3.252004382652, "2022Q1": 1.635958198548, "2022Q3": 2.0651222016479998, "2018Q2": 2.561702716572, "2018Q1": 1.873546053408, "2012Q2": 0.784535983812, "2012Q4": 0.916246553436, "2012Q1": 0.598880171688, "2012Q3": 0.906140933628, "2008Q2": 0, "2008Q4": 0.281030600652, "2008Q3": 0.1660418628775392, "2021Q2": 2.000952876588, "2021Q4": 2.0400593253599997, "2021Q1": 1.920917280192, "2021Q3": 1.82236600902, "2011Q2": 0.59350305666, "2011Q4": 0.637192333044, "2011Q1": 0.7079582190959999, "2011Q3": 0.639208867908, "2019Q2": 1.3889169360359999, "2019Q4": 1.4970442131359998, "2019Q3": 1.397927575812, "2013Q2": 0.939244068996, "2013Q4": 1.1891465805, "2013Q1": 1.03818794814, "2013Q3": 1.239802213764, "2014Q2": 1.127586771084, "2014Q4": 1.259079091764, "2014Q1": 1.016494323276, "2014Q3": 1.4113872389879998, "2007Q4": 0}