{"2017Q2": 1.6390654974399999, "2017Q1": 2.03310833808, "2017Q3": 2.34158145936, "2023Q2": 1.256344, "2023Q1": 1.58662, "2023Q3": 1.1604992, "2016Q2": 1.45038671936, "2016Q4": 2.17686349272, "2016Q1": 1.1507719889599999, "2016Q3": 2.0010202761599998, "2009Q2": 0.9814254955999999, "2009Q4": 1.0977499979999998, "2009Q1": 0.9099317508, "2009Q3": 0.84647187256, "2010Q2": 0.8849460476000001, "2010Q4": 1.38598600784, "2010Q1": 1.1155350368, "2010Q3": 0.99594740752, "2015Q2": 1.5267593530399999, "2015Q4": 1.77485452448, "2015Q1": 1.2746458236, "2015Q3": 1.52880978416, "2020Q2": 3.4245819788, "2020Q4": 2.70999889752, "2020Q1": 2.9692610243199997, "2020Q3": 2.9692610243199997, "2022Q2": 1.314628, "2022Q4": 1.2939048, "2022Q1": 1.4619761689600002, "2022Q3": 1.191584, "2018Q2": 1.5280684116799998, "2018Q1": 2.0087221829599997, "2012Q2": 0.64422652208, "2012Q4": 0.5846715423200001, "2012Q1": 0.7038081829599999, "2012Q3": 0.5658517682399999, "2008Q2": 0.5274453321599999, "2008Q4": 0.5191731488, "2008Q1": 0.80500254752, "2008Q3": 0.403609647480576, "2021Q2": 2.5500559447199995, "2021Q4": 2.47799140528, "2021Q1": 2.56940390136, "2021Q3": 2.06822444808, "2011Q2": 1.10722555168, "2011Q4": 0.75842469464, "2011Q1": 1.2516801143199998, "2011Q3": 0.98061457088, "2019Q2": 1.7671101351199998, "2019Q4": 2.4520265308799996, "2019Q3": 2.08441600232, "2013Q2": 0.49487118168, "2013Q4": 0.52038001616, "2013Q1": 0.595963614, "2013Q3": 0.52803270536, "2014Q2": 0.5835726946400001, "2014Q4": 0.81009112928, "2014Q1": 0.5918045972799999, "2014Q3": 0.95982363192, "2007Q4": 0}