{"2021Q3": 29.740351478917997, "2021Q2": 24.394862474207, "2021Q1": 20.895998088293, "2021Q4": 19.199729691138, "2011Q3": 23.353121982556, "2011Q2": 23.499842158068997, "2022Q3": 16.830610658069, "2022Q2": 20.680427777611996, "2022Q1": 21.618204628638, "2022Q4": 20.9235, "2019Q3": 19.360027927332, "2019Q2": 21.352974536707, "2019Q1": 20.173475095569, "2019Q4": 17.005966521082, "2017Q3": 24.908234295056, "2017Q2": 27.477562135167997, "2017Q1": 28.405380204944, "2017Q4": 26.29356321875, "2015Q3": 32.470193411707, "2015Q2": 39.693581211474, "2015Q1": 36.39746771875, "2015Q4": 26.962752661707, "2014Q3": 28.874918298694, "2014Q2": 23.099933800513, "2014Q1": 22.142270822668, "2014Q4": 29.629926784888, "2012Q1": 24.358361613013003, "2012Q4": 17.710370064318997, "2023Q2": 19.73247, "2023Q1": 21.94285, "2018Q3": 21.203192539598998, "2018Q2": 23.367603291418, "2018Q1": 24.570050682042996, "2018Q4": 18.912633033069, "2020Q3": 10.96491679361, "2020Q2": 12.619999385167999, "2020Q1": 11.337311713293, "2020Q4": 14.28703167514, "2013Q3": 20.930436777611998, "2013Q2": 18.917893248181, "2013Q1": 18.11287709375, "2013Q4": 21.677953125, "2016Q3": 27.528898478918, "2016Q2": 26.255071439318996, "2016Q1": 31.421159873181, "2016Q4": 28.655175442957}