{"2017Q2": 3.3739659490640004, "2017Q1": 3.6235431975280004, "2017Q3": 4.084415672556, "2023Q2": 0.9639173600000001, "2023Q1": 0.7251354000000001, "2023Q3": 0.81449552, "2016Q2": 3.830735915632, "2016Q4": 3.856577543908, "2016Q1": 3.602228465036, "2016Q3": 3.5998076847360005, "2009Q4": 0, "2010Q2": 1.072447276628, "2010Q4": 1.2477064966359999, "2010Q1": 1.6489035510680001, "2010Q3": 1.1692569543040001, "2015Q2": 5.272920650216001, "2015Q4": 4.739018250888001, "2015Q1": 3.2479699377680005, "2015Q3": 3.6546846133800006, "2020Q2": 0.6181962400000001, "2020Q4": 0.49367804000000004, "2020Q1": 0.7090212800000001, "2020Q3": 0.6328454400000001, "2022Q2": 0.5757135600000001, "2022Q4": 0.7529688800000001, "2022Q1": 0.8393991600000001, "2022Q3": 0.78812696, "2018Q2": 2.0551786041880002, "2018Q1": 3.81202507844, "2012Q2": 0.64293068174, "2012Q4": 0.527093158184, "2012Q1": 0.648233106172, "2012Q3": 0.533956308384, "2021Q2": 0.52151152, "2021Q4": 0.7090212800000001, "2021Q1": 0.6665386, "2021Q3": 0.7983814000000001, "2011Q2": 0.88582027742, "2011Q4": 0.628348721568, "2011Q1": 1.0843774386160001, "2011Q3": 0.7774819723280001, "2019Q2": 1.3650814537320002, "2019Q4": 1.01958432, "2019Q3": 1.2026993200000002, "2013Q2": 0.48373709288000005, "2013Q4": 0.7031714149640002, "2013Q1": 0.5318973633240001, "2013Q3": 0.6484881487440001, "2014Q2": 1.274037847668, "2014Q4": 2.173696491868, "2014Q1": 0.719296082388, "2014Q3": 2.3174121754840002}