{"2017Q2": 2.35389644756, "2017Q1": 2.104212406428, "2023Q2": 3.777922326808, "2023Q1": 4.412438068592, "2023Q3": 2.54017128, "2016Q2": 1.8926473416000003, "2016Q4": 1.868822322196, "2016Q1": 1.79835556842, "2016Q3": 1.764946163424, "2009Q4": 0, "2010Q2": 1.254431065404, "2010Q4": 1.629732582504, "2010Q1": 0, "2010Q3": 1.238282666276, "2015Q2": 2.106019238756, "2015Q4": 1.9069427634200002, "2015Q1": 1.3697221738, "2015Q3": 2.116496786072, "2020Q2": 4.300118989892, "2020Q4": 3.7417366054280006, "2020Q1": 2.9639644324480003, "2020Q3": 3.8021800835800006, "2022Q2": 3.344701242224, "2022Q4": 3.6072592933000003, "2022Q1": 2.7016687485440003, "2022Q3": 3.3767913402680003, "2018Q2": 2.2879252402800003, "2018Q1": 2.477632087296, "2012Q2": 0.5419177091080001, "2012Q4": 0.436386337228, "2012Q1": 0.452982269416, "2012Q3": 0.48962724321600004, "2021Q2": 2.999145804676, "2021Q4": 3.919444146232, "2021Q1": 2.636485228748, "2021Q3": 3.0198520094000005, "2011Q2": 0.883708448748, "2011Q4": 0.5022081226680001, "2011Q1": 1.1931153738840001, "2011Q3": 0.7459806256320001, "2019Q2": 2.087546451064, "2019Q4": 3.3260192639560002, "2019Q3": 2.8303489327560003, "2013Q2": 0.6422200490480001, "2013Q4": 0.9925648960440001, "2013Q1": 0.47346492734800005, "2013Q3": 1.0077766253240001, "2014Q2": 0.962996511288, "2014Q4": 1.042055753324, "2014Q1": 1.0077766253240001, "2014Q3": 1.263992598244}