{"2017Q2": 2.767160048032, "2017Q1": 2.993981375708, "2023Q2": 6.005946841796001, "2023Q1": 6.1532876164440005, "2023Q3": 4.482655200000001, "2016Q2": 3.5223895925760003, "2016Q4": 3.0346285109480005, "2016Q1": 3.5777112709320003, "2016Q3": 3.184327513812, "2009Q4": 0, "2010Q2": 0.9374613442760001, "2010Q4": 1.427258811196, "2010Q1": 1.4604386632280002, "2010Q3": 1.132853692304, "2015Q2": 6.48099798452, "2015Q4": 6.6224656019040005, "2015Q1": 4.644738929528001, "2015Q3": 6.480346388104, "2020Q2": 4.42674726066, "2020Q4": 3.7362160544080005, "2020Q1": 3.721107455496, "2020Q3": 4.049594231172001, "2022Q2": 2.7733595894720002, "2022Q4": 4.103650218648, "2022Q1": 3.073650756924, "2022Q3": 2.459564496476, "2018Q2": 2.929835751732, "2018Q1": 2.7941422630200003, "2012Q2": 1.08711639954, "2012Q4": 0.98170295372, "2012Q1": 0.988079896972, "2012Q3": 1.069008669912, "2021Q2": 2.8704896451520003, "2021Q4": 3.9759673519720002, "2021Q1": 3.0436352785840004, "2021Q3": 3.470670006008, "2011Q2": 1.05697860038, "2011Q4": 0.960841028, "2011Q1": 1.326929516728, "2011Q3": 1.0147849490960001, "2019Q2": 3.076386495024, "2019Q4": 3.9515825866360004, "2019Q3": 2.9992231524520006, "2013Q2": 1.2522978489, "2013Q4": 2.124795850856, "2013Q1": 1.1880030960680001, "2013Q3": 2.6599101785, "2014Q2": 2.198619615304, "2014Q4": 2.8820362910840003, "2014Q1": 2.0543173777200003, "2014Q3": 3.08358188908}