{"2017Q2": 0.525051113472, "2017Q1": 0.8778199034879999, "2023Q2": 0.41111423999999996, "2023Q1": 0.43744896, "2023Q3": 0.38624256, "2016Q2": 0.6675945154559999, "2016Q4": 0.776296485504, "2016Q1": 0.7485519801599999, "2016Q3": 0.6768238106879999, "2009Q2": 0, "2009Q4": 0.48548056319999994, "2009Q3": 0, "2010Q2": 0.334768716288, "2010Q4": 0.36045457804799996, "2010Q1": 0.47865987071999994, "2010Q3": 0.351811522944, "2015Q2": 0.548710811136, "2015Q4": 0.638741464704, "2015Q1": 0.48783752063999997, "2015Q3": 0.49261185907199995, "2020Q2": 0.125520931584, "2020Q4": 0.141468213888, "2020Q3": 0.19033916313599997, "2022Q2": 0.54571392, "2022Q4": 0.47109888, "2022Q1": 0.51499008, "2022Q3": 0.5135270399999999, "2018Q2": 0.261330545664, "2018Q1": 0.36576, "2012Q2": 0.24766121664, "2012Q4": 0.21315102911999997, "2012Q1": 0.219270340224, "2012Q3": 0.20921779238399998, "2008Q4": 0, "2021Q2": 0.1821082464, "2021Q4": 0.276763423104, "2021Q1": 0.163074388608, "2021Q3": 0.25258522406399997, "2011Q2": 0.299709303552, "2011Q4": 0.22419771264, "2011Q1": 0.333916495488, "2011Q3": 0.261276559488, "2019Q2": 0.067390255872, "2019Q1": 0.067390255872, "2013Q2": 0.183809176704, "2013Q4": 0.23743412812799997, "2013Q1": 0.23129418816, "2013Q3": 0.22377504038399998, "2014Q2": 0.261396382464, "2014Q4": 0.37427591692799994, "2014Q1": 0.23102615923199998, "2014Q3": 0.33079509964799997}