{"2017Q2": 2.6403395097599995, "2017Q4": 2.280496921344, "2017Q1": 2.604353700096, "2017Q3": 2.8675701043199995, "2023Q2": 5.259628946304, "2023Q1": 6.85539139968, "2023Q3": 4.45056768, "2016Q2": 3.55847904, "2016Q4": 3.169554581376, "2016Q1": 3.11256931968, "2016Q3": 3.1119260209919997, "2009Q2": 0, "2009Q4": 0, "2009Q3": 0, "2010Q2": 1.072134292608, "2010Q4": 1.455359917824, "2010Q1": 1.170626730624, "2010Q3": 1.227469053312, "2015Q2": 2.653457419008, "2015Q4": 3.5203418300159997, "2015Q1": 2.436469713792, "2015Q3": 1.5386828256, "2020Q2": 1.7755193018879998, "2020Q4": 3.195766844928, "2020Q1": 1.7908534241279999, "2020Q3": 2.5191341072639997, "2022Q2": 4.507434728063999, "2022Q4": 7.289332867584, "2022Q1": 3.728043474048, "2022Q3": 6.165761746175999, "2018Q4": 1.1688186207454847, "2012Q2": 0.745528022784, "2012Q4": 0.6437343813119999, "2012Q1": 0.8289902119679999, "2012Q3": 0.680294141568, "2008Q4": 0, "2021Q2": 3.314625238656, "2021Q4": 5.292919397375999, "2021Q1": 2.752307716608, "2021Q3": 4.864943475072, "2011Q2": 0.988216805376, "2011Q4": 0.825957183744, "2011Q1": 1.41446926656, "2011Q3": 0.9679975925759999, "2019Q2": 1.4433133927679997, "2019Q4": 1.330465313664, "2019Q1": 1.470334132224, "2019Q3": 1.4580327456, "2013Q2": 0.9708758311679999, "2013Q4": 0.9868156519679999, "2013Q1": 0.747678398976, "2013Q3": 1.0940466815999998, "2014Q2": 1.05099746112, "2014Q4": 1.5669816767999998, "2014Q1": 1.152733897728, "2014Q3": 1.3898635672319999}