{"2017Q2": 1.520231550336, "2017Q4": 1.4537296523519998, "2017Q1": 1.6133340026879999, "2017Q3": 1.717076852352, "2023Q2": 1.8024652799999998, "2023Q1": 2.2238208, "2016Q2": 1.3499868026879998, "2016Q4": 1.7676183006719999, "2016Q1": 1.682496, "2016Q3": 1.518901500672, "2009Q2": 0, "2009Q4": 0, "2009Q3": 0, "2010Q2": 3.0655533588479997, "2010Q4": 3.1069120366079996, "2010Q1": 3.8398337752319995, "2010Q3": 3.3914096743679996, "2015Q2": 3.3955825570559997, "2015Q4": 1.927222651008, "2015Q1": 1.75697790336, "2015Q3": 1.380577652352, "2020Q2": 0.7710220799999998, "2020Q4": 0.57351168, "2020Q1": 0.7607807999999999, "2020Q3": 0.69933312, "2022Q2": 0.88221312, "2022Q4": 2.74466304, "2022Q1": 1.04314752, "2022Q3": 0.9963302399999999, "2018Q2": 1.4816604026879998, "2018Q4": 0.8364592316922623, "2018Q1": 1.790228852352, "2018Q3": 1.115900402688, "2012Q2": 1.7370274510079997, "2012Q4": 1.198362750336, "2012Q1": 1.7659113719039998, "2012Q3": 1.31806590336, "2008Q4": 0, "2021Q2": 0.6656831999999999, "2021Q4": 0.7329830399999999, "2021Q1": 0.6071616, "2021Q3": 0.6232550399999999, "2011Q2": 2.440168278912, "2011Q4": 1.949566197888, "2011Q1": 2.6958318854399996, "2011Q3": 2.119093617024, "2019Q2": 0.7768742399999999, "2019Q4": 0.76663296, "2019Q1": 0.945655801344, "2019Q3": 0.8075980799999999, "2013Q2": 1.073339252352, "2013Q4": 1.239593851008, "2013Q1": 1.1571315033599998, "2013Q3": 1.264864502016, "2014Q2": 1.2688546510079999, "2014Q4": 1.4430894013439999, "2014Q1": 1.3499868026879998, "2014Q3": 1.59604350336}