{"2017Q2": 3.065481669888, "2017Q1": 2.752321908096, "2023Q2": 1.04461056, "2023Q1": 1.1382724788479999, "2023Q3": 1.10166912, "2016Q2": 0.9940852051199999, "2016Q4": 1.0243759852799998, "2016Q1": 1.09454338368, "2016Q3": 1.079450077824, "2009Q2": 0, "2009Q4": 1.089068249088, "2009Q3": 0, "2010Q2": 0.99314520192, "2010Q4": 1.0214322024959999, "2010Q1": 1.1627233885439998, "2010Q3": 1.122850866816, "2015Q2": 1.3893860309759998, "2015Q4": 1.219047648768, "2015Q1": 1.3032930032639998, "2015Q3": 1.0316070604799998, "2020Q2": 1.354481407872, "2020Q4": 1.23878596032, "2020Q1": 1.403276425344, "2020Q3": 1.3573033194239998, "2022Q2": 1.1209383809279998, "2022Q4": 1.047268464768, "2022Q1": 1.2892505990399998, "2022Q3": 0.9981552360959999, "2018Q2": 1.4968390037759998, "2018Q1": 2.143209783168, "2012Q2": 0.6907861866239999, "2012Q4": 0.716359540608, "2012Q1": 0.7601234561279999, "2012Q3": 0.67827192768, "2008Q4": 0, "2021Q2": 1.1266680844799999, "2021Q4": 1.145208166272, "2021Q1": 1.2867572862719998, "2021Q3": 1.110980345472, "2011Q2": 1.0126358208, "2011Q4": 0.6607745544959999, "2011Q1": 1.138374452736, "2011Q3": 0.8584376958719999, "2019Q2": 1.558574463744, "2019Q4": 1.5795604558079999, "2019Q3": 1.541785494528, "2013Q2": 0.617599951488, "2013Q4": 0.754093829376, "2013Q1": 0.830622233088, "2013Q3": 0.8615317328639999, "2014Q2": 0.75389207616, "2014Q4": 1.031318987904, "2014Q1": 0.74868804288, "2014Q3": 0.860909355648}