{"2017Q2": 2.2850161056, "2017Q1": 2.653043963904, "2017Q3": 2.510402977152, "2023Q2": 5.85216, "2023Q1": 3.281137277184, "2023Q3": 4.740249599999999, "2016Q2": 3.033978029568, "2016Q4": 2.711510992512, "2016Q1": 3.0902774181119996, "2016Q3": 2.8707198831359997, "2009Q2": 0, "2009Q4": 2.8292056842239997, "2009Q3": 0, "2010Q2": 2.714168750976, "2010Q4": 3.1745745642239998, "2010Q1": 3.0854637239039997, "2010Q3": 2.842884084096, "2015Q2": 4.2471960491519996, "2015Q4": 4.24763891136, "2015Q1": 3.9080983438079997, "2015Q3": 2.653612647552, "2020Q2": 1.8636125978879998, "2020Q4": 2.146922978688, "2020Q1": 1.9363893281279998, "2020Q3": 2.396444596992, "2022Q2": 1.969244232192, "2022Q4": 2.5296780902399996, "2022Q1": 2.04250405824, "2022Q3": 1.7473177428479998, "2018Q4": 1.1570712612395904, "2018Q3": 1.269256109184, "2012Q2": 1.483285254912, "2012Q4": 1.272671576064, "2012Q1": 1.611893054592, "2012Q3": 1.2028952482559998, "2008Q4": 0, "2021Q2": 2.4084251389439997, "2021Q4": 2.259395056512, "2021Q1": 3.112518698496, "2021Q3": 2.203509123072, "2011Q2": 2.029310217216, "2011Q4": 1.7751753411839999, "2011Q1": 2.528933549184, "2011Q3": 1.80866930112, "2019Q2": 1.6214762591999998, "2019Q4": 1.855333547136, "2019Q1": 1.4555441145599999, "2019Q3": 1.750534382592, "2013Q2": 1.5315521149440001, "2013Q4": 1.9760542444799998, "2013Q1": 1.196045733888, "2013Q3": 2.367744287616, "2014Q2": 1.877471536896, "2014Q4": 2.4117545790719994, "2014Q1": 1.94216658048, "2014Q3": 2.1146859164159997}