{"2017Q2": 3.040859108692, "2017Q1": 3.2304612139280002, "2023Q2": 10.676336520524002, "2023Q1": 7.599273671936, "2023Q3": 9.463383199999999, "2016Q2": 3.1974240451040004, "2016Q4": 3.5622694027200006, "2016Q1": 2.0022968965840002, "2016Q3": 3.1629506687120004, "2009Q4": 0, "2010Q2": 1.138848291436, "2010Q4": 1.904364064744, "2010Q1": 0, "2010Q3": 1.2491926579760002, "2015Q2": 2.1215916313400003, "2015Q4": 1.5686920029600002, "2015Q1": 1.5988629093120001, "2015Q3": 1.5686920029600002, "2020Q2": 7.541879131780001, "2020Q4": 8.701833990576, "2020Q1": 4.484622001592, "2020Q3": 7.9024645020360005, "2022Q2": 8.096653711268, "2022Q4": 7.346936660684, "2022Q1": 7.439550953972001, "2022Q3": 8.968893154844, "2018Q2": 2.804909864496, "2018Q1": 3.535447889456, "2012Q2": 1.1408054245560002, "2012Q4": 0.9780328896440001, "2012Q1": 1.0025780637200001, "2012Q3": 1.063960116116, "2021Q2": 11.760413357556, "2021Q4": 11.785095355160001, "2021Q1": 8.058862730552, "2021Q3": 11.08673136816, "2011Q2": 1.5038669490880001, "2011Q4": 0.9905654267360001, "2011Q1": 1.719077320844, "2011Q3": 1.2141819489280001, "2019Q2": 2.164940372044, "2019Q4": 3.3551512490440003, "2019Q3": 2.9820350996000005, "2013Q2": 1.044579371008, "2013Q4": 1.1455082572320001, "2013Q1": 1.077931937108, "2013Q3": 1.047402564832, "2014Q2": 1.1868729102880002, "2014Q4": 1.416704941548, "2014Q1": 1.2111475136400003, "2014Q3": 1.5213035988640002}