{"2017Q2": 0.9301048090200001, "2017Q1": 1.006075999696, "2017Q3": 1.0070608654120001, "2023Q2": 0.71341604, "2023Q1": 0.7192757200000001, "2023Q3": 0.6811878000000001, "2016Q2": 0.976230305584, "2016Q4": 1.1325138308640001, "2016Q1": 0.897974572168, "2016Q3": 1.08747384002, "2009Q4": 0, "2010Q2": 0.501429810672, "2010Q4": 0.5713013674520001, "2010Q1": 0, "2010Q3": 0.517185171764, "2015Q2": 0.833449533912, "2015Q4": 0.5409356267400001, "2015Q1": 0.832288731304, "2015Q3": 0.5409356267400001, "2020Q2": 0.5359194476760001, "2020Q4": 0.6157990449120001, "2020Q1": 0.64629853282, "2020Q3": 0.559157180652, "2022Q2": 0.71634588, "2022Q4": 0.6841176400000001, "2022Q1": 0.99175084, "2022Q3": 0.6138014800000001, "2018Q4": 0.7683975560067828, "2018Q3": 0.7409456955920001, "2012Q2": 0.327589219192, "2012Q4": 0.34919605673200005, "2012Q1": 0.320038289052, "2012Q3": 0.386833953308, "2021Q2": 0.8276798000000001, "2021Q4": 0.77201284, "2021Q1": 0.6535604342440001, "2021Q3": 0.69730192, "2011Q2": 0.45626149283600004, "2011Q4": 0.346248344708, "2011Q1": 0.5514358803160001, "2011Q3": 0.404531212352, "2019Q2": 0.6651791542400001, "2019Q4": 0.5809425919400001, "2019Q1": 0.676972199716, "2019Q3": 0.5809425919400001, "2013Q2": 0.3388071370760001, "2013Q4": 0.430105492728, "2013Q1": 0.35790866843200003, "2013Q3": 0.44646542630400005, "2014Q2": 0.4324480463, "2014Q4": 0.509422560684, "2014Q1": 0.44752075467200003, "2014Q3": 0.582655522896}