{"2017Q2": 2.09941201008, "2017Q1": 2.2442898147320003, "2017Q3": 1.644451366204, "2023Q2": 1.3111034, "2023Q1": 1.38141956, "2023Q3": 1.26276104, "2016Q2": 1.425445240236, "2016Q4": 2.096242802152, "2016Q1": 1.5001239319960002, "2016Q3": 1.8080095377120002, "2009Q4": 0, "2010Q2": 0.52821572638, "2010Q4": 0.66634230072, "2010Q1": 0, "2010Q3": 0.5805022369880001, "2015Q2": 1.264529344932, "2015Q4": 1.5001239319960002, "2015Q1": 0.8970626594680001, "2015Q3": 0.79138860438, "2020Q2": 1.202845665508, "2020Q4": 1.237529843888, "2020Q1": 1.1096533147880001, "2020Q3": 1.3179971670280002, "2022Q2": 1.2525066000000002, "2022Q4": 1.1792606, "2022Q1": 1.11187428, "2022Q3": 1.1616815600000001, "2018Q2": 1.178672581112, "2018Q1": 1.1143234797480002, "2012Q2": 0.34128387732000004, "2012Q4": 0.28803696516, "2012Q1": 0.338781647468, "2012Q3": 0.29768009404400003, "2021Q2": 1.18805012, "2021Q4": 2.15929208, "2021Q1": 1.0432987379440002, "2021Q3": 1.58650836, "2011Q2": 0.5859222944960001, "2011Q4": 0.34624570785200004, "2011Q1": 0.595941028868, "2011Q3": 0.44908279886800007, "2019Q2": 0.911524789184, "2019Q4": 1.3003106019000001, "2019Q3": 0.9820911575200001, "2013Q2": 0.268378617712, "2013Q4": 0.40596507604800003, "2013Q1": 0.332898528748, "2013Q3": 0.438663262384, "2014Q2": 0.49181246438000004, "2014Q4": 0.6890544204000001, "2014Q1": 0.410636266452, "2014Q3": 0.59560131392}