{"2017Q2": 1.8895635385080003, "2017Q1": 1.4693345364200001, "2023Q2": 4.759525372984, "2023Q1": 7.6915161685280005, "2023Q3": 3.42205312, "2016Q2": 1.409220958252, "2016Q4": 1.438784801756, "2016Q1": 1.314294288744, "2016Q3": 1.5462009397080003, "2009Q4": 0, "2010Q2": 0.42390521882800003, "2010Q4": 1.047542611184, "2010Q1": 0, "2010Q3": 0.7672142015560001, "2015Q2": 2.271379994324, "2015Q4": 1.764687751536, "2015Q1": 2.657288264684, "2015Q3": 1.3395316375200002, "2020Q2": 7.1168443131400005, "2020Q4": 8.068831071676001, "2020Q1": 4.329563881892001, "2020Q3": 7.4468110974920005, "2022Q2": 5.635614479828, "2022Q4": 6.20600759688, "2022Q1": 5.105544897188, "2022Q3": 4.723605388092, "2018Q2": 2.815970449972, "2018Q1": 2.5499056734, "2012Q2": 0.8364398751080001, "2012Q4": 0.583871845972, "2012Q1": 0.68218687544, "2012Q3": 0.611139573868, "2021Q2": 7.014467939464001, "2021Q4": 6.580434849724, "2021Q1": 6.803273206412, "2021Q3": 6.852991126292, "2011Q2": 0.776574747372, "2011Q4": 0.7387748306440001, "2011Q1": 0.7913367462120001, "2011Q3": 0.767404348172, "2019Q2": 3.3640295431960006, "2019Q4": 3.4755161078600003, "2019Q3": 3.6299607190640004, "2013Q2": 0.8572943297360001, "2013Q4": 1.4243021631600001, "2013Q1": 0.7737241595440001, "2013Q3": 1.1801361826840002, "2014Q2": 1.692980796488, "2014Q4": 1.434295407924, "2014Q1": 1.645408544932, "2014Q3": 1.746126629168}