{"2017Q2": 0.90876001476, "2017Q1": 1.27053073043, "2023Q2": 4.520391970705, "2023Q1": 5.163858878945, "2023Q3": 3.80992885, "2016Q2": 1.28066041727, "2016Q4": 1.306707743315, "2016Q1": 1.45103362833, "2016Q3": 1.26618972948, "2009Q4": 0, "2010Q2": 0, "2010Q4": 1.2542504364650002, "2010Q3": 0, "2015Q2": 1.905835412585, "2015Q4": 2.050216898795, "2015Q1": 1.529558799925, "2015Q3": 1.019333187015, "2020Q2": 0.8737140974250001, "2020Q4": 1.33032856866, "2020Q1": 0.6585247094400001, "2020Q3": 1.3142301888949999, "2022Q2": 6.11403092781, "2022Q4": 6.063833318075, "2022Q1": 4.58588915148, "2022Q3": 5.87621684143, "2018Q2": 0.53047236996, "2018Q4": 0.485520239428289, "2018Q3": 0.5435943986849999, "2012Q2": 0.486603907335, "2012Q4": 0.44895294931499996, "2012Q1": 0.52444719561, "2012Q3": 0.438467649555, "2011Q2": 0.82110759159, "2011Q4": 0.55540869904, "2011Q1": 1.02741120443, "2011Q3": 0.6764106896300001, "2019Q2": 0.619174467405, "2019Q4": 0.79256085246, "2019Q1": 0.6860335106950001, "2019Q3": 0.79693148782, "2013Q2": 0.44670000063, "2013Q4": 0.568701785795, "2013Q1": 0.49375269528000004, "2013Q3": 0.529315307625, "2014Q2": 0.67050463974, "2014Q4": 0.8552059413299999, "2014Q1": 0.63882897637, "2014Q3": 0.91581124388}