{"2017Q2": 1.0607601448680002, "2017Q1": 1.1454656280600002, "2023Q2": 0.31349288000000003, "2023Q1": 0.3515808, "2023Q3": 0.33107192, "2016Q2": 1.258276480404, "2016Q4": 1.19608593866, "2016Q1": 1.400890837164, "2016Q3": 1.2365821871400002, "2009Q4": 0, "2010Q2": 0.4235215659191736, "2010Q4": 0.5275516204554505, "2010Q1": 0, "2010Q3": 0.5379683321195653, "2015Q2": 1.388463774312, "2015Q4": 1.445818615136, "2015Q1": 1.6217925696120001, "2015Q3": 1.157610693812, "2020Q2": 0.47316916000000003, "2020Q4": 0.46877440000000004, "2020Q1": 0.37794936, "2020Q3": 0.44973044, "2022Q2": 0.37062476, "2022Q4": 0.37208968000000003, "2022Q1": 0.43947600000000003, "2022Q3": 0.35011588000000005, "2018Q2": 0.903394629676, "2018Q1": 0.82908319336, "2012Q2": 0.36803331652, "2012Q4": 0.376211818388, "2012Q1": 0.31896230531200004, "2012Q3": 0.29572779516000003, "2021Q2": 0.37941428, "2021Q4": 0.42629172000000004, "2021Q1": 0.38527396, "2021Q3": 0.37794936, "2011Q2": 0.32421686585617043, "2011Q4": 0.31412938774000004, "2011Q1": 0.4224518051300353, "2011Q3": 0.30107831175831323, "2019Q2": 0.5786434, "2019Q4": 0.44387076000000003, "2019Q3": 0.45998488000000004, "2013Q2": 0.48642287720800004, "2013Q4": 0.8008763052520002, "2013Q1": 0.494428518516, "2013Q3": 0.5539551032400001, "2014Q2": 0.9796941089240001, "2014Q4": 1.131538487128, "2014Q1": 1.0131750020160002, "2014Q3": 1.131538487128}