{"2017Q2": 1.1792606, "2017Q1": 1.42976192, "2023Q2": 5.0027018000000005, "2023Q1": 4.75513032, "2023Q3": 4.75659524, "2016Q2": 1.24811184, "2016Q4": 1.16021664, "2016Q1": 1.11040936, "2016Q3": 1.1441025200000001, "2009Q4": 0, "2010Q2": 1.5674644, "2010Q4": 2.1959150800000002, "2010Q1": 0, "2010Q3": 1.70223704, "2015Q2": 1.76815844, "2015Q4": 1.5381660000000001, "2015Q1": 1.46638492, "2015Q3": 1.0239790800000002, "2020Q2": 1.941019, "2020Q4": 4.025600160000001, "2020Q1": 1.6099470800000002, "2020Q3": 3.13199896, "2022Q2": 4.46654108, "2022Q4": 5.62382788, "2022Q1": 4.00069652, "2022Q3": 4.89869248, "2018Q2": 1.9322294800000002, "2018Q1": 1.7930620800000001, "2012Q2": 1.5703942400000002, "2012Q4": 1.2891296, "2012Q1": 2.0435634, "2012Q3": 1.6626842000000002, "2021Q2": 4.82398156, "2021Q4": 4.18527644, "2021Q1": 4.13400424, "2021Q3": 3.94502956, "2011Q2": 2.1329235200000003, "2011Q4": 2.13585336, "2011Q1": 2.11387956, "2011Q3": 2.2105642800000003, "2019Q2": 1.64949992, "2019Q4": 1.8414044400000003, "2019Q3": 1.72421084, "2013Q2": 0.9287592800000001, "2013Q4": 0.9814964, "2013Q1": 1.3374719600000002, "2013Q3": 1.06792668, "2014Q2": 0.9097153200000001, "2014Q4": 1.1704710800000002, "2014Q1": 0.9639173600000001, "2014Q3": 1.0591371600000001}