{"2017Q2": 2.4991399999999997, "2017Q1": 2.55911936, "2023Q2": 2.1921028, "2023Q1": 2.19638704, "2023Q3": 1.6937028799999998, "2016Q2": 2.9261359199999997, "2016Q4": 3.0189609771919996, "2016Q1": 2.41631136, "2016Q3": 2.6876465599999997, "2009Q2": 0, "2009Q4": 0, "2009Q1": 0, "2010Q2": 0, "2010Q4": 2.361874235672, "2010Q3": 0, "2015Q2": 2.96040984, "2015Q4": 3.6687376628079997, "2015Q1": 1.7719616639999998, "2015Q3": 2.1906747199999996, "2020Q2": 0.80400904, "2020Q4": 1.0796284799999998, "2020Q1": 1.0939092799999999, "2020Q3": 0.83685488, "2022Q2": 2.6676534399999996, "2022Q4": 2.482002897192, "2022Q1": 2.3534758399999998, "2022Q3": 2.1492603999999997, "2018Q2": 1.5723160799999998, "2018Q4": 0.96966632, "2018Q3": 1.2167241599999998, "2012Q2": 1.1231937740959999, "2012Q4": 0.8958265867519999, "2012Q1": 1.15802721584, "2012Q3": 0.95380534948, "2008Q4": 0, "2021Q2": 1.2995527999999998, "2021Q4": 4.3913459999999995, "2021Q1": 0.98680328, "2021Q3": 2.9147112799999997, "2011Q2": 1.885706665112, "2011Q4": 1.329048649936, "2011Q1": 2.2156995370719996, "2011Q3": 1.7213917803119998, "2019Q2": 1.15246056, "2019Q4": 0.81971792, "2019Q1": 1.19815912, "2019Q3": 0.8825534399999999, "2013Q2": 1.4242261833119998, "2013Q4": 1.303451886824, "2013Q1": 1.352834893224, "2013Q3": 1.58829700924, "2014Q2": 1.418940288, "2014Q4": 1.7171233919999997, "2014Q1": 1.345608808424, "2014Q3": 1.7171233919999997}