{"2017Q2": 1.107799529525, "2017Q1": 1.03523615572, "2023Q2": 1.63576075, "2023Q1": 1.765723922105, "2023Q3": 1.50372625, "2016Q2": 0.94531215233, "2016Q4": 1.10462204593, "2016Q1": 0.68620236815, "2016Q3": 1.081863552575, "2009Q4": 0, "2010Q2": 0, "2010Q4": 0.716509713985, "2010Q3": 0, "2015Q2": 0.78535059512, "2015Q4": 0.646358317085, "2015Q1": 0.59401294615, "2015Q3": 0.44326446294, "2020Q2": 3.2115455619, "2020Q4": 3.0069516491300003, "2020Q1": 2.4317437899949996, "2020Q3": 3.0890772548350003, "2022Q2": 1.827013456775, "2022Q4": 2.00504510895, "2022Q1": 1.735006535795, "2022Q3": 1.485542898775, "2018Q2": 1.349396551035, "2018Q1": 1.2451231848900002, "2012Q2": 0.37251832397, "2012Q4": 0.48973620579, "2012Q1": 0.39309751455, "2012Q3": 0.4566809286, "2021Q2": 3.983285600645, "2021Q4": 2.4159961818849998, "2021Q1": 3.723029757005, "2021Q3": 2.4984094760950004, "2011Q2": 0.472253224235, "2011Q4": 0.42168665142500006, "2011Q1": 0.59768702617, "2011Q3": 0.3993515487, "2019Q2": 1.762798917815, "2019Q4": 1.817347944555, "2019Q3": 1.787202414335, "2013Q2": 0.39950617576999997, "2013Q4": 0.415103704665, "2013Q1": 0.506381208385, "2013Q3": 0.46295931578, "2014Q2": 0.37096999940000003, "2014Q4": 0.45161579177, "2014Q1": 0.37894605684, "2014Q3": 0.41382751787}