{"2017Q2": 5.17030338394, "2017Q1": 4.303126288512001, "2023Q2": 2.5557927200000004, "2023Q1": 2.7511060475440003, "2023Q3": 2.7788010400000003, "2016Q2": 3.4987101898360002, "2016Q4": 3.3825447158000004, "2016Q1": 2.6967925179240004, "2016Q3": 3.8646947189960006, "2010Q4": 0, "2015Q2": 2.384038460872, "2015Q4": 2.659902687032, "2015Q1": 1.907622118956, "2015Q3": 2.3649061076080002, "2020Q2": 3.2428985196920004, "2020Q4": 3.4750135018120005, "2020Q1": 2.340779981852, "2020Q3": 3.5327066344920004, "2022Q2": 3.879764946368, "2022Q4": 2.562055585892, "2022Q1": 2.6383192962720003, "2022Q3": 2.368772954504, "2018Q2": 4.115159471236001, "2018Q1": 4.321616319128, "2012Q2": 0.577189400244, "2012Q4": 0.7438008234240001, "2012Q1": 0.556805999648, "2012Q3": 0.520363065692, "2021Q2": 3.318468116676, "2021Q4": 3.044214832196, "2021Q1": 4.418231152584, "2021Q3": 2.280418231848, "2011Q2": 0.5616700751960001, "2011Q4": 0.60308418738, "2011Q1": 0, "2011Q3": 0.57061593658, "2019Q2": 2.4189796098520002, "2019Q4": 2.73047572392, "2019Q3": 2.231300649368, "2013Q2": 0.8348675913400001, "2013Q4": 1.3194155208400002, "2013Q1": 0.8985115249800001, "2013Q3": 1.2002350330040001, "2014Q2": 1.005169948932, "2014Q4": 1.30843309466, "2014Q1": 0.9793290065680001, "2014Q3": 1.195932292872}