{"2021Q3": 0.256032, "2021Q1": 0.30138623999999997, "2021Q2": 0.25456895999999996, "2021Q4": 0.2633472, "2016Q3": 1.3021056, "2016Q1": 1.6978100785919998, "2016Q2": 1.39514470272, "2016Q4": 1.15726464, "2012Q3": 0.4277086248959999, "2012Q1": 0.532731049344, "2012Q2": 0.494865525888, "2012Q4": 0.400454969472, "2020Q3": 0.38624256, "2020Q1": 0.39063168, "2020Q2": 0.3511296, "2020Q4": 0.3511296, "2009Q2": 0, "2009Q4": 0, "2011Q3": 0.8778749137919999, "2011Q1": 1.0102632088319998, "2011Q2": 0.8434911329279999, "2011Q4": 0.5692911022079999, "2015Q3": 1.0077324422399998, "2015Q1": 1.191981993984, "2015Q2": 1.552441838976, "2015Q4": 1.7410480312319998, "2022Q3": 0.22530815999999998, "2022Q1": 0.21799295999999999, "2022Q2": 0.22530815999999998, "2022Q4": 0.23554944, "2018Q3": 0.45939456, "2018Q1": 0.51060096, "2018Q2": 0.48280319999999993, "2018Q4": 0.5340096, "2013Q3": 0.46819664755199997, "2013Q1": 0.400454969472, "2013Q2": 0.35913462336, "2013Q4": 0.46819664755199997, "2010Q3": 0, "2010Q2": 0, "2010Q4": 1.156247680896, "2014Q3": 0.871063877376, "2014Q1": 0.51518832192, "2014Q2": 0.633813507072, "2014Q4": 0.962181715968, "2008Q4": 0, "2017Q3": 1.1850623999999998, "2017Q1": 1.1045951999999999, "2017Q2": 1.1850623999999998, "2017Q4": 0.9173260799999998, "2019Q3": 0.51060096, "2019Q1": 0.6612940799999999, "2019Q2": 0.51499008, "2019Q4": 0.4681728, "2023Q1": 0.19897344}