{"2017Q2": 1.33680618123, "2017Q1": 1.47868194604, "2023Q2": 1.1237603, "2023Q1": 0.82594915, "2023Q3": 1.0636112500000001, "2016Q2": 1.92053657393, "2016Q4": 1.5782088186149998, "2016Q1": 1.808116092315, "2016Q3": 1.6307061759300001, "2009Q4": 0, "2010Q2": 0, "2010Q4": 0, "2010Q3": 0, "2015Q2": 1.72020649528, "2015Q4": 1.8536986561600002, "2015Q1": 1.1674955544849999, "2015Q3": 1.334923515965, "2020Q2": 1.15137810307, "2020Q4": 1.163052446855, "2020Q1": 1.14058530963, "2020Q3": 1.2403947360349998, "2022Q2": 0.9829235000000001, "2022Q4": 0.88169705, "2022Q1": 1.1971128, "2022Q3": 0.8567572, "2018Q2": 0.922318344155, "2018Q4": 0.749362255251714, "2018Q3": 0.8126251084899999, "2012Q2": 0.54291471442, "2012Q4": 0.548947077315, "2012Q1": 0.508401629645, "2012Q3": 0.55219527272, "2021Q2": 0.8479549000000001, "2021Q4": 0.8611583500000001, "2021Q1": 1.03901292924, "2021Q3": 0.8156798, "2011Q2": 0.664692627755, "2011Q4": 0.50110408283, "2011Q1": 0.74137899888, "2011Q3": 0.58198607025, "2019Q2": 1.3879547327750001, "2019Q4": 0.9917159707650001, "2019Q1": 1.2066250054949998, "2019Q3": 1.165210477405, "2013Q2": 0.436651735065, "2013Q4": 0.637015849275, "2013Q1": 0.52620941607, "2013Q3": 0.572501738705, "2014Q2": 0.7432864572900001, "2014Q4": 1.037175449115, "2014Q1": 0.576324871005, "2014Q3": 1.178265755355}