{"2017Q2": 1.159417468076, "2017Q1": 1.4591498932640001, "2023Q2": 1.3776632400000002, "2023Q1": 1.393800679556, "2023Q3": 1.2412173600000003, "2016Q2": 1.6665953135640001, "2016Q4": 1.5742995057160003, "2016Q1": 1.428230816708, "2016Q3": 1.6164917995640002, "2010Q4": 0, "2015Q2": 1.5553602307080001, "2015Q4": 1.7535064974960002, "2015Q1": 1.3634608377680002, "2015Q3": 1.093311346524, "2020Q2": 0.79881947014, "2020Q4": 0.9125199686600001, "2020Q1": 0.7240917295640001, "2020Q3": 0.835261963948, "2022Q2": 1.231288061268, "2022Q4": 1.405513311268, "2022Q1": 1.054134946772, "2022Q3": 1.298635693612, "2018Q2": 0.9040264327040001, "2018Q4": 0.735844198484616, "2018Q3": 0.800999376468, "2012Q2": 0.714696770504, "2012Q4": 0.6260817736640001, "2012Q1": 0.644566229072, "2012Q3": 0.5870721900040001, "2021Q2": 1.0219253562800001, "2021Q4": 1.1976143918120001, "2021Q1": 0.8308888001360001, "2021Q3": 1.269354114332, "2011Q2": 0.7944414647000001, "2011Q4": 0.6913382628600001, "2011Q1": 0, "2011Q3": 0.764739690796, "2019Q2": 0.8213145541240001, "2019Q4": 0.783586241292, "2019Q1": 0.9127330002920001, "2019Q3": 0.7661732528320001, "2013Q2": 0.670076767004, "2013Q4": 0.6623078613720002, "2013Q1": 0.648235742948, "2013Q3": 0.7094073652720001, "2014Q2": 0.7210608704360001, "2014Q4": 0.8390526652400001, "2014Q1": 0.730286519232, "2014Q3": 0.9308241101040001}