{"2017Q2": 0.627592508316, "2017Q1": 0.8596860699000001, "2023Q2": 0.5384477200000001, "2023Q1": 0.6162072000000001, "2023Q3": 0.5399148800000001, "2016Q2": 0.6818200623600001, "2016Q4": 0.8596860699000001, "2016Q1": 0.6854351446000001, "2016Q3": 0.8119658106040001, "2010Q4": 0, "2015Q2": 0.7787064671320001, "2015Q4": 0.7346012900760002, "2015Q1": 0.7087735521520001, "2015Q3": 0.46852536857200006, "2020Q2": 0.50731238406, "2020Q4": 0.508765899472, "2020Q1": 0.470971857872, "2020Q3": 0.5131267391400001, "2022Q2": 0.8230767600000001, "2022Q4": 0.63528028, "2022Q1": 0.64261608, "2022Q3": 0.5971341200000001, "2018Q2": 0.559642460076, "2018Q4": 0.48557660872193764, "2018Q3": 0.489868878672, "2012Q2": 0.349956099592, "2012Q4": 0.313219146772, "2012Q1": 0.283069302204, "2012Q3": 0.320416300152, "2021Q2": 0.46508972000000004, "2021Q4": 0.5721924, "2021Q1": 0.5247557427320001, "2021Q3": 0.5091045200000001, "2011Q2": 0.39821627376800006, "2011Q4": 0.28560939631200005, "2011Q1": 0, "2011Q3": 0.35644725558, "2019Q2": 0.5247557427320001, "2019Q4": 0.517487578808, "2019Q1": 0.549467265328, "2019Q3": 0.460796516408, "2013Q2": 0.25621792674800004, "2013Q4": 0.33049231488400005, "2013Q1": 0.312643433188, "2013Q3": 0.29911284352000006, "2014Q2": 0.316961725216, "2014Q4": 0.5369060282720001, "2014Q1": 0.32012844336000007, "2014Q3": 0.458025491316}