{"2017Q2": 1.7645479348250002, "2017Q1": 2.010557549325, "2023Q2": 0.98732465, "2023Q1": 1.17510705, "2023Q3": 0.9594507, "2016Q2": 1.998069726315, "2016Q4": 2.1282070372549997, "2016Q1": 1.6017420610750002, "2016Q3": 1.6825848782600001, "2009Q4": 0, "2010Q2": 0, "2010Q4": 0, "2010Q3": 0, "2015Q2": 1.025982444435, "2015Q4": 1.09039400821, "2015Q1": 1.0057889413, "2015Q3": 1.09039400821, "2020Q2": 0.850889, "2020Q4": 1.0797488, "2020Q1": 0.7217886, "2020Q3": 1.0416055, "2022Q2": 1.2000469, "2022Q4": 1.12522735, "2022Q1": 1.83821365, "2022Q3": 1.1046886500000002, "2018Q2": 1.37494302621, "2018Q1": 1.66748335897, "2012Q2": 0.443136976295, "2012Q4": 0.36766825667, "2012Q1": 0.41669061264999996, "2012Q3": 0.365733071015, "2021Q2": 0.8010093, "2021Q4": 1.0416055, "2021Q1": 0.909571, "2021Q3": 0.76433305, "2011Q2": 0.5852590588000001, "2011Q4": 0.424645984685, "2011Q1": 0.7455191606849999, "2011Q3": 0.5517173078300001, "2019Q2": 1.1061557, "2019Q4": 1.0298691, "2019Q3": 1.3878293000000002, "2013Q2": 0.35412254390500003, "2013Q4": 0.464971961675, "2013Q1": 0.36347542776999997, "2013Q3": 0.42137064885500003, "2014Q2": 0.496176115175, "2014Q4": 0.518789223875, "2014Q1": 0.47017808201, "2014Q3": 0.61481278105}