{"2017Q2": 1.18390935, "2017Q1": 1.2396572499999998, "2023Q2": 1.49492395, "2023Q1": 1.57414465, "2023Q3": 1.2176515, "2016Q2": 1.7927351, "2016Q4": 1.36288945, "2016Q1": 1.591015725, "2016Q3": 1.6225573000000002, "2009Q4": 0, "2010Q2": 0, "2010Q4": 0.951742379185, "2010Q3": 0, "2015Q2": 1.8374801250000001, "2015Q4": 1.085617, "2015Q1": 1.54773775, "2015Q3": 1.085617, "2020Q2": 0.58682, "2020Q4": 0.5912211500000001, "2020Q1": 0.65577135, "2020Q3": 0.57361655, "2022Q2": 1.320345, "2022Q4": 1.54773775, "2022Q1": 0.6924475999999999, "2022Q3": 2.0259960500000003, "2018Q2": 0.850889, "2018Q4": 0.78193765, "2018Q3": 0.8083445499999999, "2012Q2": 0.40162474267500003, "2012Q4": 0.494742513915, "2012Q1": 0.379672099885, "2012Q3": 0.36424093446, "2021Q2": 0.6249633, "2021Q4": 0.7379261500000001, "2021Q1": 0.60882575, "2021Q3": 0.6352326500000001, "2011Q2": 0.6426085372850001, "2011Q4": 0.378772504825, "2011Q1": 0.739730474795, "2011Q3": 0.538693571455, "2019Q2": 0.89343345, "2019Q4": 0.850889, "2019Q1": 1.04013845, "2019Q3": 0.8332843999999999, "2013Q2": 0.4002288446, "2013Q4": 0.6950387037100001, "2013Q1": 0.44312347943499997, "2013Q3": 0.480565529535, "2014Q2": 0.773868875, "2014Q4": 0.8186139, "2014Q1": 0.655052055385, "2014Q3": 1.1406313750000001}