{"2017Q2": 3.3700663732840006, "2017Q1": 4.4601664, "2023Q2": 2.4428214, "2023Q1": 2.1097760800000005, "2023Q3": 2.34452168, "2016Q2": 7.489851653284001, "2016Q4": 4.451363440000001, "2016Q1": 6.166473333284, "2016Q3": 5.82902668, "2010Q4": 0, "2015Q2": 11.825309306568, "2015Q4": 8.395089666716002, "2015Q1": 6.753337333284, "2015Q3": 11.825309306568, "2020Q2": 1.9733302000000001, "2020Q4": 1.69897128, "2020Q1": 1.37032744, "2020Q3": 1.9747973600000004, "2022Q2": 1.6637594400000002, "2022Q4": 1.6432192, "2022Q1": 1.6432192, "2022Q3": 1.5111748000000003, "2018Q2": 1.9924032800000002, "2018Q4": 1.42901384, "2018Q3": 1.7341831200000002, "2012Q2": 1.4258117633000003, "2012Q4": 1.3401547077360003, "2012Q1": 1.482117256052, "2012Q3": 1.3488287043720002, "2021Q4": 1.7473875600000002, "2011Q2": 1.775808796656, "2011Q4": 1.3231638212080001, "2011Q1": 0, "2011Q3": 1.5802215503400001, "2019Q2": 1.5771970000000002, "2019Q4": 1.8853006, "2019Q1": 1.8456872800000002, "2019Q3": 1.4158094, "2013Q2": 1.4416352306160003, "2013Q4": 2.431937860404, "2013Q1": 1.4746037829760001, "2013Q3": 1.817015452416, "2014Q2": 3.88503968, "2014Q4": 4.006813813284, "2014Q1": 3.6690861988600005, "2014Q3": 4.702247653284}