{"2017Q2": 1.967476378316, "2017Q1": 2.513763280912, "2017Q3": 2.2283685301080003, "2023Q2": 1.45688988, "2023Q1": 1.3723519740840002, "2023Q3": 1.62561328, "2016Q2": 4.3717009067640005, "2016Q4": 2.8536128488440005, "2016Q1": 3.08783408586, "2016Q3": 3.4476474466280003, "2010Q4": 0, "2015Q2": 3.1831896558880004, "2015Q4": 3.4916923234080004, "2015Q1": 1.592216170204, "2015Q3": 1.2915055894440002, "2020Q2": 0.974586852016, "2020Q4": 1.0418492423640002, "2020Q1": 0.9694230356800001, "2020Q3": 1.047573660536, "2022Q2": 1.3319016393040002, "2022Q4": 1.1656986734680002, "2022Q1": 1.1070350144480001, "2022Q3": 1.085656879372, "2018Q4": 0.9048130327706925, "2018Q3": 1.045622044304, "2012Q2": 0.38296558571600003, "2012Q4": 0.37806629832800004, "2012Q1": 0.37986987811600004, "2012Q3": 0.33805493782000007, "2021Q2": 1.108476499148, "2021Q4": 1.5236147029240001, "2021Q1": 0.8944447041760001, "2021Q3": 1.023430809156, "2011Q2": 0.566532977016, "2011Q4": 0.41975799718400003, "2011Q1": 0, "2011Q3": 0.5313193764240001, "2019Q2": 1.1359323445240002, "2019Q4": 0.973656232428, "2019Q1": 1.192376190464, "2019Q3": 0.983533887128, "2013Q2": 0.36925746968800005, "2013Q4": 0.5407571765560001, "2013Q1": 0.383373896344, "2013Q3": 0.46813642445600007, "2014Q2": 0.7054742027440001, "2014Q4": 0.8461491714440001, "2014Q1": 0.58383724892, "2014Q3": 0.9742263708040001}