{"2017Q2": 7.7583422267160005, "2017Q4": 5.321389320000001, "2017Q1": 8.128066693432, "2017Q3": 7.7583422267160005, "2023Q2": 0.7658575200000001, "2023Q1": 0.8949676, "2016Q2": 6.402686093284001, "2016Q4": 7.148003666716001, "2016Q1": 6.402686093284001, "2016Q3": 7.013024653284001, "2010Q4": 0, "2015Q2": 2.9974078800000004, "2015Q4": 6.402686093284001, "2015Q1": 2.72451612, "2015Q3": 2.6995744, "2020Q2": 1.7092414000000002, "2020Q4": 1.6358834000000002, "2020Q1": 1.35565584, "2020Q3": 2.25502492, "2022Q2": 0.8949676, "2022Q4": 0.9477853600000001, "2022Q1": 1.15758924, "2022Q3": 0.95512116, "2018Q2": 2.2212802400000005, "2018Q4": 1.4011378000000003, "2018Q1": 3.2702997867160004, "2018Q3": 1.4891674000000001, "2012Q2": 1.4822187835240002, "2012Q4": 1.3309719000120002, "2012Q1": 1.4488275423680002, "2012Q3": 1.3231294896640002, "2011Q2": 1.9257142557800002, "2011Q4": 1.523325965836, "2011Q1": 0, "2011Q3": 1.6778823221600003, "2019Q2": 1.45688988, "2019Q4": 1.43488248, "2019Q1": 1.63881772, "2019Q3": 1.45835704, "2013Q2": 1.22801292, "2013Q4": 1.3761960800000002, "2013Q1": 1.4463677019120003, "2013Q3": 1.3277798000000003, "2014Q2": 1.6622922800000002, "2014Q4": 2.37093056, "2014Q1": 1.5962700800000003, "2014Q3": 3.6458926000000007}