{"2017Q2": 0.937556467196, "2017Q4": 0.9911384708400001, "2017Q1": 1.151046586696, "2017Q3": 1.0781717224840002, "2023Q2": 1.06515816, "2023Q1": 1.19849586154, "2023Q3": 1.06662532, "2016Q2": 1.2869430152760002, "2016Q4": 1.33624311246, "2016Q1": 1.2026231293360001, "2016Q3": 1.111178274288, "2010Q4": 0, "2015Q2": 1.6924157156880002, "2015Q4": 1.5748228416880001, "2015Q1": 1.4877354518400001, "2015Q3": 1.229877973792, "2020Q2": 1.113503869604, "2020Q4": 1.081110884112, "2020Q1": 1.134398282028, "2020Q3": 1.2417254375080002, "2022Q2": 1.6516373239320001, "2022Q4": 1.2351989229640001, "2022Q1": 1.5422646539800002, "2022Q3": 1.321309771116, "2018Q2": 0.6495010217320001, "2018Q4": 0.711780359906046, "2018Q1": 0.8365571727960001, "2018Q3": 0.6451290316480001, "2012Q2": 0.5396427218200001, "2012Q4": 0.594674572976, "2012Q1": 0.567302795868, "2012Q3": 0.44272051834400006, "2021Q2": 1.464426094056, "2021Q4": 1.7833733269, "2021Q1": 1.372646433096, "2021Q3": 1.383684171208, "2011Q2": 0.822001771868, "2011Q4": 0.708622287956, "2011Q1": 0.9378399225080001, "2011Q3": 0.788797740328, "2019Q4": 0.757154180164, "2013Q2": 0.44272051834400006, "2013Q4": 0.8415196947800001, "2013Q1": 0.570854936944, "2013Q3": 0.9569567238760001, "2014Q2": 0.7068429163080001, "2014Q4": 1.0809131109440002, "2014Q1": 0.761215572476, "2014Q3": 1.15365064898}