{"2017Q2": 1.6431452551360002, "2017Q4": 1.4578093491720003, "2017Q1": 1.915062820896, "2017Q3": 1.685436729, "2023Q2": 1.2911008000000002, "2023Q1": 1.5115388023960001, "2023Q3": 1.3468528800000001, "2016Q2": 1.474804490464, "2016Q4": 2.3322773495040003, "2016Q1": 1.5437659988080001, "2016Q3": 1.610642085928, "2010Q4": 0, "2015Q2": 1.94741135144, "2015Q4": 1.9249863977040003, "2015Q1": 1.7082135077040002, "2015Q3": 1.5909759798560001, "2020Q2": 1.127227684244, "2020Q4": 1.057039189992, "2020Q1": 1.044953606208, "2020Q3": 1.134246577684, "2022Q2": 1.6736962212480002, "2022Q4": 2.0284156024960005, "2022Q3": 1.320424633488, "2018Q2": 1.163116912016, "2018Q4": 1.0026970902626189, "2018Q1": 1.3869092823200002, "2018Q3": 1.1271309984000002, "2012Q2": 1.10555934492, "2012Q4": 0.914540688128, "2012Q1": 1.190930744432, "2012Q3": 0.938018035732, "2021Q2": 1.0162357098, "2021Q1": 0.9784280236120001, "2011Q2": 1.559041041716, "2011Q4": 1.1940955552680002, "2011Q1": 1.9246160865200002, "2011Q3": 1.4983301076320001, "2019Q2": 1.176074428988, "2019Q4": 1.094458518928, "2019Q1": 1.2068143653080001, "2019Q3": 1.0891066126800002, "2013Q2": 0.7993215322920001, "2013Q4": 1.1611315511040001, "2013Q1": 0.854780767156, "2013Q3": 1.132186538328, "2014Q2": 1.128805908256, "2014Q4": 1.3965802141760002, "2014Q1": 1.221247698524, "2014Q3": 1.3504117700120002}