{"2017Q2": 0.7456831836960001, "2017Q1": 0.822201424152, "2023Q2": 0.69327768, "2023Q1": 0.75766416, "2023Q3": 0.69926712, "2016Q2": 0.90202688364, "2016Q4": 0.845008612728, "2016Q1": 0.765452228832, "2016Q3": 0.9271148509680001, "2010Q4": 0, "2015Q2": 0.9895147834560001, "2015Q4": 0.8905632452159999, "2015Q1": 0.783270962568, "2015Q3": 0.63010481028, "2020Q2": 0.664147140144, "2020Q4": 0.647839991328, "2020Q1": 0.575199014856, "2020Q3": 0.597436008744, "2022Q2": 0.9088975200000001, "2022Q4": 0.68728824, "2022Q1": 1.2158563199999999, "2022Q3": 0.65434632, "2018Q2": 0.46697851874400004, "2018Q4": 0.39489350564627285, "2018Q3": 0.437329143648, "2012Q2": 0.353863302528, "2012Q4": 0.358247422872, "2012Q1": 0.432383962512, "2012Q3": 0.42150459396, "2021Q2": 0.54953112, "2021Q4": 0.55102848, "2021Q1": 0.477355822488, "2021Q3": 0.5225786400000001, "2011Q2": 0, "2011Q4": 0.39591291472800005, "2011Q3": 0.55354853688, "2019Q2": 0.437329143648, "2019Q4": 0.40767961881600007, "2019Q1": 0.5070051975840001, "2019Q3": 0.401749773744, "2013Q2": 0.27244345411200005, "2013Q4": 0.36012645993600007, "2013Q1": 0.35636853554400005, "2013Q3": 0.321295423056, "2014Q2": 0.42613592844000003, "2014Q4": 0.6028079374800001, "2014Q1": 0.368268354936, "2014Q3": 0.769622675904}