{"2017Q2": 1.022676515904, "2017Q1": 1.2945875088, "2023Q2": 1.09007808, "2023Q1": 1.043823431712, "2023Q3": 1.04216256, "2016Q2": 1.541665684512, "2016Q4": 1.3576438839120002, "2016Q1": 1.58362515564, "2016Q3": 1.541665684512, "2010Q4": 0, "2015Q2": 1.4443275516720002, "2015Q4": 1.6901843308320001, "2015Q1": 0.9680845671360001, "2015Q3": 0.853758136416, "2020Q2": 1.158503988072, "2020Q4": 1.031933494896, "2020Q1": 1.042858682664, "2020Q3": 1.065311446128, "2022Q2": 0.91895753316, "2022Q4": 0.895106684664, "2022Q1": 0.873388526016, "2022Q3": 0.816539307048, "2018Q2": 1.165633667712, "2018Q4": 0.9601279665129169, "2018Q3": 0.9475641467520001, "2012Q2": 0.419712852984, "2012Q4": 0.41339040012, "2012Q1": 0.44241597504, "2012Q3": 0.357217987872, "2021Q2": 0.947098018584, "2021Q4": 1.109815381104, "2021Q1": 0.8650440382080001, "2021Q3": 1.040277982704, "2011Q2": 0, "2011Q4": 0.5249329391280001, "2011Q3": 0, "2019Q2": 0.94061759424, "2019Q4": 1.007415123312, "2019Q1": 1.124096452104, "2019Q3": 0.802932946464, "2013Q2": 0.295897053, "2013Q4": 0.405820047432, "2013Q1": 0.33046914883200007, "2013Q3": 0.33392280967200005, "2014Q2": 0.485705850528, "2014Q4": 0.536934279528, "2014Q1": 0.381854351424, "2014Q3": 0.5975197111680001}