{"2017Q2": 2.046045163264, "2017Q4": 1.8371573913600001, "2017Q1": 2.88975675264, "2017Q3": 1.9110261189120001, "2023Q2": 2.00958464, "2023Q1": 1.8093544213760002, "2016Q2": 1.9377655055360001, "2016Q4": 3.4510766524160004, "2016Q1": 1.845521294848, "2016Q3": 2.318908428672, "2015Q2": 2.364062390656, "2015Q4": 2.4063391038720003, "2015Q1": 2.00958616704, "2015Q3": 1.289017526528, "2020Q2": 1.494188483072, "2020Q4": 1.74531433408, "2020Q1": 2.158104092288, "2020Q3": 1.67259287168, "2022Q2": 1.655658150784, "2022Q4": 1.5963100465920002, "2022Q1": 1.69609630784, "2022Q3": 1.4730489048320001, "2018Q2": 1.947525887104, "2018Q4": 2.60886141715593, "2018Q1": 1.990109229952, "2018Q3": 1.787208371072, "2012Q2": 1.022029852928, "2012Q4": 1.471077648896, "2012Q1": 0, "2012Q3": 0.858199381376, "2021Q2": 2.8157018789120003, "2021Q4": 1.991927018368, "2021Q1": 2.069530733056, "2021Q3": 2.187630479616, "2011Q4": 0, "2019Q2": 2.71547185984, "2019Q4": 2.437886375936, "2019Q1": 3.675380503936, "2019Q3": 2.469645448448, "2013Q2": 0.987137905152, "2013Q4": 1.5200554717440002, "2013Q1": 1.408261942272, "2013Q3": 1.330155373312, "2014Q2": 1.345174575232, "2014Q4": 1.60078381568, "2014Q1": 1.247181211648, "2014Q3": 2.025938169472}