{"2017Q2": 1.4412321102080001, "2017Q1": 1.8400636538880002, "2023Q2": 1.4705395200000002, "2023Q1": 1.391378224512, "2023Q3": 1.3560115200000002, "2016Q2": 2.2766633251840003, "2016Q4": 2.2963025866240003, "2016Q1": 2.002145970048, "2016Q3": 2.2026377706240003, "2015Q2": 2.207339526784, "2015Q4": 2.382357551488, "2015Q1": 1.439372480896, "2015Q3": 1.3820390005760002, "2020Q2": 1.309799013888, "2020Q4": 1.214623344512, "2020Q1": 1.477489384448, "2020Q3": 1.36871725632, "2022Q2": 1.190451675648, "2022Q4": 1.207069535744, "2022Q1": 1.2433269626880001, "2022Q3": 1.0982974076160001, "2018Q2": 1.166280006784, "2018Q4": 0.9024806400000001, "2018Q3": 0.9124781708799999, "2012Q2": 1.1489044294400002, "2012Q4": 0.95713874624, "2012Q1": 1.1171164958720001, "2012Q3": 1.039146444288, "2021Q2": 1.164769306112, "2021Q4": 1.216134045184, "2021Q1": 1.036357611136, "2021Q3": 1.084700948864, "2011Q4": 0, "2019Q2": 1.07261503808, "2019Q4": 1.3249063260160001, "2019Q1": 1.07261503808, "2019Q3": 1.317352669952, "2013Q2": 1.366701716224, "2013Q4": 1.09428678976, "2013Q1": 0.833840497408, "2013Q3": 1.073465293952, "2014Q2": 1.4212671311360001, "2014Q4": 1.353372336768, "2014Q1": 1.156751277184, "2014Q3": 1.458986393472}