{"2017Q2": 2.30636165084, "2017Q1": 2.434720289213, "2023Q2": 0.87237115, "2023Q1": 0.8650403, "2023Q3": 0.83425073, "2016Q2": 2.377368997025, "2016Q4": 2.403314048111, "2016Q1": 2.2658604639939997, "2016Q3": 2.621797130065, "2015Q2": 2.874802064371, "2015Q4": 2.741595974744, "2015Q1": 2.715883604837, "2015Q3": 2.42489269832, "2020Q2": 1.272795079296, "2020Q4": 1.264939780287, "2020Q1": 1.334882687052, "2020Q3": 1.359487805375, "2022Q2": 0.8997354536459999, "2022Q4": 0.82838605, "2022Q1": 1.004389641927, "2022Q3": 0.81812286, "2018Q2": 1.801779391957, "2018Q1": 2.089458660295, "2012Q2": 1.383635038807, "2012Q4": 1.412570783459, "2012Q3": 1.3240685103660002, "2021Q2": 1.07297839408, "2021Q4": 1.069798564584, "2021Q1": 1.229126085548, "2021Q3": 1.069798564584, "2011Q4": 0, "2019Q2": 1.57961343758, "2019Q4": 1.2699729952799999, "2019Q3": 1.3673375329379998, "2013Q2": 1.264292466232, "2013Q4": 1.2399791157389999, "2013Q1": 1.4901536088599998, "2013Q3": 1.3243607180469998, "2014Q2": 1.4768224581349998, "2014Q4": 1.8772345114539999, "2014Q1": 1.2803822158120002, "2014Q3": 1.787533351152}