{"2017Q2": 0.63119788308, "2017Q4": 0.54970855716, "2017Q1": 0.794666620848, "2017Q3": 0.657440314968, "2023Q2": 0.7037592, "2023Q1": 0.7337064000000001, "2023Q3": 0.5615100000000001, "2016Q2": 0.876268847712, "2016Q4": 0.812207294832, "2016Q1": 1.052437594056, "2016Q3": 0.84271271064, "2010Q4": 0, "2015Q2": 0.80915687304, "2015Q4": 1.197338768352, "2015Q1": 0.672879593928, "2015Q3": 0.6985745910000001, "2020Q2": 4.155174000000001, "2020Q4": 5.260225829736, "2020Q1": 3.3734933834880003, "2020Q3": 4.878399179472001, "2022Q2": 0.86697144, "2022Q4": 0.69327768, "2022Q1": 0.8400189600000001, "2022Q3": 0.6064308, "2018Q2": 1.447473505032, "2018Q1": 0.560757876072, "2012Q2": 0.40100828107200004, "2012Q4": 0.316643125536, "2012Q1": 0.46732620573600003, "2012Q3": 0.302764844376, "2021Q2": 3.127984890264, "2021Q4": 1.17692496, "2021Q1": 4.21806312, "2021Q3": 1.62313824, "2011Q2": 0, "2011Q4": 0.510433403304, "2011Q3": 0.535684582872, "2019Q2": 2.038647254784, "2019Q4": 2.6548442859120005, "2019Q3": 2.415789564024, "2013Q2": 0.30399447640800004, "2013Q4": 0.34859993239200004, "2013Q1": 0.296921396976, "2013Q3": 0.323873128296, "2014Q2": 0.37427830876800006, "2014Q4": 0.483980592336, "2014Q1": 0.36459967320000003, "2014Q3": 0.584296525008}