{"2021Q1": 179.223860625, "2009Q3": 26.066026442957, "2009Q2": 25.622496025792998, "2009Q1": 18.901282704944, "2009Q4": 27.353087847388, "2011Q3": 49.698099086473995, "2011Q2": 43.16287522709899, "2011Q1": 43.69481497709899, "2011Q4": 60.53422549272399, "2022Q3": 190.16321298437498, "2022Q2": 176.65434417187498, "2022Q1": 198.476347546875, "2022Q4": 217.2825, "2019Q3": 141.212315890625, "2019Q2": 154.261672453125, "2019Q1": 171.971436859375, "2019Q4": 145.07476381249998, "2008Q3": 37.529621034887995, "2008Q2": 45.172013238012994, "2008Q1": 41.692001796875, "2008Q4": 21.528353453125, "2017Q3": 220.55240043749998, "2017Q2": 266.961209640625, "2017Q1": 215.24854467187498, "2017Q4": 259.898623046875, "2015Q3": 136.231743289599, "2015Q2": 117.19316059375, "2015Q1": 129.46244615625, "2015Q4": 140.945306546875, "2014Q3": 82.08597537499999, "2014Q2": 71.526171617724, "2014Q1": 68.061240855737, "2014Q4": 84.615992015625, "2012Q3": 53.389466378638, "2012Q2": 53.467975609374996, "2012Q1": 64.067350433862, "2012Q4": 62.903979523973995, "2023Q2": 218.35549999999998, "2023Q1": 224.7935, "2018Q3": 179.1315155625, "2018Q2": 196.728799390625, "2018Q1": 205.75306470312498, "2018Q4": 170.10726701562498, "2020Q3": 145.559961, "2020Q2": 140.707972359375, "2020Q1": 123.240773015625, "2020Q4": 175.709668265625, "2013Q3": 71.832278398974, "2013Q2": 71.4264580625, "2013Q1": 63.147479269262995, "2013Q4": 76.228585734375, "2007Q4": 40.941400574487, "2016Q3": 146.961282234375, "2016Q2": 143.09387168749998, "2016Q1": 134.49964465624998, "2016Q4": 161.76789424999998, "2010Q3": 44.202595461474, "2010Q2": 37.491973824487, "2010Q1": 60.979155840112, "2010Q4": 47.038417102099}