{"2017Q2": 2.1604728, "2017Q1": 3.055415937196, "2017Q3": 2.9307281634440003, "2023Q2": 0.26457964, "2023Q1": 0.52759372, "2023Q3": 0.28493192, "2016Q2": 2.8762432312120003, "2016Q4": 2.9115606992520005, "2016Q1": 3.109684822148, "2016Q3": 3.06575317332, "2015Q2": 3.3818899917959997, "2015Q4": 4.401797693752, "2015Q1": 2.172472347732, "2015Q3": 2.953769918968, "2020Q2": 0.95029492, "2020Q4": 0.89550032, "2020Q1": 0.7514687999999999, "2020Q3": 1.06301524, "2022Q2": 0.48688916, "2022Q4": 0.51820036, "2022Q1": 0.88610696, "2022Q3": 0.45870908000000005, "2018Q2": 2.9369905600000004, "2018Q1": 2.9369905600000004, "2012Q2": 0, "2012Q4": 0.371486722608, "2012Q3": 0.346810992112, "2021Q4": 1.00665508, "2021Q1": 0.73894432, "2021Q3": 0.68728084, "2011Q4": 0, "2019Q2": 0.939336, "2019Q4": 1.056753, "2019Q3": 0.8923692000000001, "2013Q2": 0.429149898196, "2013Q4": 0.6203166724520001, "2013Q1": 0.309990116804, "2013Q3": 0.534486724124, "2014Q2": 0.7378376256360001, "2014Q4": 1.1465060851320001, "2014Q1": 0.661281115412, "2014Q3": 1.086344588896}