{"2017Q2": 3.3500312336739997, "2017Q1": 4.052470691482999, "2017Q3": 3.1189945023529995, "2023Q2": 2.423136736837, "2023Q1": 2.245912486664, "2023Q3": 2.23791404, "2016Q2": 6.347863006118999, "2016Q4": 4.260537847158, "2016Q1": 4.943932946705999, "2016Q3": 4.883530066683, "2015Q2": 1.220307277635, "2015Q4": 7.213922034794, "2015Q1": 0, "2015Q3": 3.1864250451469998, "2020Q2": 2.0329082152959996, "2020Q4": 1.6908785255419998, "2020Q1": 2.0532908074569995, "2020Q3": 2.0618121327399996, "2022Q2": 1.3817597157479997, "2022Q4": 2.062244075947, "2022Q1": 1.8337670797339998, "2022Q3": 1.3936258196159999, "2018Q4": 1.3541690504888837, "2018Q3": 1.5252069422849999, "2021Q2": 1.8096387225169999, "2021Q4": 1.7678158497149998, "2021Q1": 1.7920423978289999, "2021Q3": 1.685778886985, "2019Q2": 1.681712590725, "2019Q4": 1.8050381000949998, "2019Q1": 2.015233208904, "2019Q3": 1.886721317623, "2014Q4": 0}