{"2017Q2": 2.1424671674269997, "2017Q1": 3.0878868522649996, "2017Q3": 2.2118552400739997, "2023Q2": 1.3446832199999998, "2023Q1": 1.4254586957379998, "2023Q3": 1.3688681699999998, "2016Q2": 3.3768009098969993, "2016Q4": 3.1352248610649998, "2016Q1": 2.7731864784769997, "2016Q3": 3.5056660626809997, "2015Q4": 4.4042090263319995, "2015Q3": 0, "2020Q2": 1.5280231990959998, "2020Q4": 1.5826698997859998, "2020Q1": 1.546772017268, "2020Q3": 1.880306501485, "2022Q2": 1.411124598339, "2022Q4": 1.352194904237, "2022Q1": 1.310784949148, "2022Q3": 1.3235265482059997, "2018Q2": 1.265681629728, "2018Q1": 1.6605549515329998, "2021Q2": 1.436213904236, "2021Q4": 1.7169213634009999, "2021Q1": 1.436213904236, "2021Q3": 1.4525345534279999, "2019Q2": 1.9998670590719998, "2019Q4": 1.8373778927689997, "2019Q3": 1.8436272838489998}