{"2021Q3": 2.374081134445, "2021Q2": 2.518126406798, "2021Q1": 2.358075987465, "2021Q4": 2.118082352297, "2009Q3": 0.906255118645, "2009Q2": 0.27855011864499996, "2009Q1": 0.250501572453, "2009Q4": 0.7605068912109999, "2011Q3": 0.45311148095399995, "2011Q2": 0.538995294763, "2011Q1": 0.44323977043499996, "2011Q4": 0.48963683659199997, "2022Q3": 1.497633986917, "2022Q2": 1.8132069276059999, "2022Q1": 2.144825882626, "2022Q4": 1.72753, "2019Q3": 2.199506182591, "2019Q2": 2.380141907346, "2019Q1": 2.37482929979, "2019Q4": 2.173034832661, "2008Q3": 0.232125038604, "2008Q2": 0.251468820792, "2008Q1": 0.267911019986, "2008Q4": 0.19053599102299998, "2017Q3": 1.0253752115349999, "2017Q2": 1.184339861095, "2017Q1": 1.2843508744519998, "2017Q4": 1.144524513631, "2015Q3": 0.9451655150769999, "2015Q2": 0.857459094884, "2015Q1": 0.786262099481, "2015Q4": 0.813137724694, "2014Q3": 0.599761286981, "2014Q2": 0.671329418062, "2014Q1": 0.5644811735949999, "2014Q4": 0.618072100653, "2012Q3": 0.614020517033, "2012Q4": 0.649707132177, "2023Q3": 0, "2023Q2": 1.823027, "2023Q1": 1.7071429999999999, "2018Q3": 3.163338648624, "2018Q2": 3.5501454562149997, "2018Q1": 1.833358816138, "2018Q4": 2.178255097837, "2020Q3": 2.508576811952, "2020Q2": 1.981296464663, "2020Q1": 1.571189498554, "2020Q4": 2.61949163736, "2013Q3": 0.556748945674, "2013Q2": 0.598730136127, "2013Q1": 0.6597025231139999, "2013Q4": 0.48384103889499996, "2007Q4": 0.31298196437, "2016Q3": 1.202029952851, "2016Q2": 1.129242516074, "2016Q1": 0.793381268852, "2016Q4": 1.2169751979419998, "2010Q3": 0.5206547493339999, "2010Q2": 0.479704283754, "2010Q1": 0.5869553624649999, "2010Q4": 0.48470096470099994}