{"2017Q2": 2.947786177876, "2017Q1": 2.9093230783279997, "2023Q2": 1.16893925, "2023Q1": 1.4559339899999997, "2023Q3": 1.4398106899999998, "2016Q2": 3.7209129238459995, "2016Q4": 3.045223471834, "2016Q1": 2.355750855584, "2016Q3": 3.5652872851199997, "2015Q2": 0, "2015Q4": 1.2312785383529998, "2015Q3": 0, "2020Q2": 1.0439591675839999, "2020Q4": 1.000794030057, "2020Q1": 0.985002063872, "2020Q3": 1.2421994943749999, "2022Q2": 0.9399883899999999, "2022Q4": 0.9722349899999999, "2022Q1": 0.9802966399999999, "2022Q3": 0.9141911099999999, "2018Q2": 1.557627190226, "2018Q4": 1.0329264625820298, "2018Q3": 1.186614417625, "2021Q2": 0.91741577, "2021Q4": 0.98513363, "2021Q1": 0.9416415119489999, "2021Q3": 0.9029047999999998, "2019Q2": 1.128418333673, "2019Q4": 1.148906372216, "2019Q1": 1.477788961917, "2019Q3": 1.038586239092, "2014Q4": 0}