{"2017Q2": 0.8551258773700001, "2017Q1": 0.98092247964, "2023Q2": 1.7872875000000001, "2023Q1": 1.9907586638, "2023Q3": 1.7777553000000001, "2016Q2": 0.9649809872300001, "2016Q4": 0.92034550751, "2016Q1": 0.8545579171200001, "2016Q3": 0.9688779094600001, "2015Q2": 1.1438551032800002, "2015Q4": 1.03508348682, "2015Q1": 0.7366865448000001, "2015Q3": 0.65403236199, "2020Q2": 1.9507186577000002, "2020Q4": 3.5876363381800003, "2020Q1": 1.35735970193, "2020Q3": 3.11108003624, "2022Q2": 2.5403788021300002, "2022Q4": 2.28742074542, "2022Q1": 1.8534161842800003, "2022Q3": 1.83305921796, "2018Q2": 0.72308457201, "2018Q4": 0.6935478584672601, "2018Q3": 0.6755422479, "2012Q4": 0, "2021Q2": 3.4640133952500003, "2021Q4": 2.7386296566, "2021Q1": 3.60988322202, "2021Q3": 2.0885510923000004, "2019Q2": 0.64712644196, "2019Q4": 0.9638055081000001, "2019Q1": 0.72640161874, "2019Q3": 0.91332043498, "2013Q2": 0, "2013Q4": 0, "2013Q3": 0, "2014Q2": 0.4570594578, "2014Q4": 0.58969779662, "2014Q1": 0.37232868522, "2014Q3": 0.54463575095}