{"2017Q2": 2.00247829752, "2017Q1": 0, "2023Q2": 2.08826768, "2023Q1": 2.097494167128, "2023Q3": 2.0371454, "2016Q4": 0, "2020Q2": 1.7027290053800002, "2020Q4": 1.5994680415040001, "2020Q1": 1.437388260916, "2020Q3": 1.4919047504760001, "2022Q2": 2.2774112857880002, "2022Q4": 1.99907789132, "2022Q1": 1.869020022512, "2022Q3": 1.977549524632, "2018Q2": 1.2919916942, "2018Q4": 1.1778393820590507, "2018Q3": 1.041768892344, "2021Q2": 1.731176850124, "2021Q4": 2.6483210876119996, "2021Q1": 1.632812935924, "2021Q3": 1.915691101084, "2019Q2": 1.209578086276, "2019Q4": 1.443629516724, "2019Q1": 1.3347275965399998, "2019Q3": 1.235791887384}