{"2017Q2": 1.735842517305, "2017Q4": 1.2941522192300001, "2017Q1": 3.232018518924, "2017Q3": 1.488496107774, "2023Q2": 0.6657639300000001, "2023Q1": 0.673492300273, "2016Q2": 0, "2016Q4": 0, "2016Q3": 0, "2020Q2": 0.677907747387, "2020Q4": 0.7191717328120001, "2020Q1": 0.631309308799, "2020Q3": 0.690876451005, "2022Q2": 0.79526209698, "2022Q4": 0.693035698134, "2022Q1": 0.757678857481, "2022Q3": 0.69904897868, "2018Q2": 0.6812294844419999, "2018Q4": 0.6288306617236255, "2018Q1": 0.9297577429920001, "2018Q3": 0.644315628866, "2021Q2": 0.6413596684949999, "2021Q4": 0.699395868444, "2021Q1": 0.656686246684, "2021Q3": 0.6896820107060001, "2019Q2": 0.646231077336, "2019Q4": 0.681814192007, "2019Q1": 0.770717600094, "2019Q3": 0.614091835136}