{"2017Q2": 2.705553874316, "2017Q1": 0, "2023Q2": 4.291173354916, "2023Q1": 4.422726472956, "2023Q3": 4.0587992, "2016Q4": 0, "2020Q2": 4.558090524596, "2020Q4": 3.852635747872, "2020Q1": 3.3863399821159996, "2020Q3": 4.173435335924, "2022Q2": 4.248287493888, "2022Q4": 4.357890718804, "2022Q1": 3.988681274996, "2022Q3": 3.7187951401759998, "2018Q2": 3.63906669128, "2018Q1": 3.082044215208, "2021Q2": 4.78794853384, "2021Q4": 5.695928715348001, "2021Q1": 4.850002926128, "2021Q3": 4.363816565636, "2019Q2": 2.4803354443559997, "2019Q4": 3.275607264644, "2019Q3": 3.179071049412}