{"2017Q2": 3.7650643666440002, "2017Q1": 0, "2017Q3": 3.470743640976, "2023Q2": 0.79626824, "2023Q1": 0.86598044, "2023Q3": 0.77612916, "2016Q4": 0, "2020Q2": 0.8473905199999999, "2020Q4": 0.73430184, "2020Q1": 0.8334480799999999, "2020Q3": 0.97287248, "2022Q2": 0.7637358799999999, "2022Q4": 0.81795648, "2022Q1": 0.85048884, "2022Q3": 0.72965436, "2018Q4": 1.32608096, "2018Q3": 1.63901128, "2021Q2": 0.85823464, "2021Q4": 0.8086615199999999, "2021Q1": 0.68317956, "2021Q3": 0.7699325199999999, "2019Q2": 0.89541448, "2019Q4": 0.83189892, "2019Q1": 1.6436587599999999, "2019Q3": 0.81795648}