{"2017Q2": 2.030213326168, "2017Q1": 2.471259631132, "2023Q2": 1.9780234400000003, "2023Q1": 1.32382536, "2023Q3": 1.7465854400000003, "2016Q4": 0, "2016Q3": 0, "2015Q4": 0, "2020Q2": 1.5930144465160003, "2020Q4": 1.3138064089800001, "2020Q1": 2.5278119693080003, "2020Q3": 1.4256810695080002, "2022Q2": 0.97821128, "2022Q4": 1.46731692, "2022Q1": 1.18341964, "2022Q3": 1.05381436, "2018Q2": 1.1998731845880002, "2018Q4": 1.0155358603342446, "2018Q3": 0.9608434010200001, "2021Q2": 1.350055, "2021Q4": 1.21273512, "2021Q1": 1.8329889600000002, "2021Q3": 1.12170284, "2019Q2": 1.2008291778200002, "2019Q4": 1.7832217668160002, "2019Q1": 1.3019097243200002, "2019Q3": 1.1733220000600002}