{"2017Q2": 2.194528210342, "2017Q1": 3.177942276535, "2023Q2": 1.24811063, "2023Q1": 1.20246724, "2023Q3": 1.3315278600000002, "2016Q2": 0, "2016Q4": 3.3599229446380003, "2016Q3": 3.3859204752360004, "2015Q4": 0, "2020Q2": 1.392480987352, "2020Q4": 1.2465751234040001, "2020Q1": 1.3292807886929998, "2020Q3": 1.43356129748, "2022Q2": 1.359879645176, "2022Q4": 1.13636302, "2022Q1": 1.434108860769, "2022Q3": 1.2764410099999999, "2018Q2": 1.3806442398060002, "2018Q4": 1.645551739629286, "2018Q3": 1.316598536695, "2021Q2": 1.218844088332, "2021Q4": 1.334641683544, "2021Q1": 1.184246241321, "2021Q3": 1.150553235169, "2019Q2": 1.3477063956720001, "2019Q4": 1.477700186911, "2019Q1": 1.564547124192, "2019Q3": 1.3385569420599999}