{"2017Q2": 3.5683157112329997, "2017Q1": 4.619504230718, "2017Q3": 3.9921764420460004, "2023Q2": 13.386105022173, "2023Q1": 13.898765283013, "2023Q3": 11.70359476, "2016Q2": 0, "2016Q4": 0, "2016Q3": 0, "2015Q4": 0, "2020Q2": 9.584523729833, "2020Q4": 11.099034995997, "2020Q1": 5.569508437168, "2020Q3": 14.998097191142, "2022Q2": 9.065174351492999, "2022Q4": 11.162925983755, "2022Q1": 6.136484961671999, "2022Q3": 9.35071577934, "2018Q4": 3.2509421052350116, "2018Q3": 2.6199606476810002, "2021Q2": 10.136331224539001, "2021Q4": 8.701061762536, "2021Q1": 13.302326579828, "2021Q3": 5.48390536096, "2019Q2": 3.0785423052670002, "2019Q4": 3.6012755901070004, "2019Q1": 2.767549808374, "2019Q3": 3.747920562191}