{"2017Q2": 3.6441618045690003, "2017Q4": 3.4136301051320004, "2017Q1": 4.767999806180001, "2017Q3": 3.9042471268580003, "2023Q2": 2.01617871, "2023Q1": 2.003011851113, "2023Q3": 2.18143926, "2016Q2": 0, "2016Q4": 4.6730812288550005, "2016Q3": 0, "2015Q4": 0, "2020Q2": 1.800486620998, "2020Q1": 1.862814873517, "2020Q3": 1.909791207896, "2022Q2": 1.6538485741180002, "2022Q4": 1.801931312987, "2022Q1": 1.957763512523, "2022Q3": 1.597733173933, "2018Q4": 2.2834566045178146, "2021Q2": 1.482921318554, "2021Q4": 1.6319819277060001, "2021Q3": 1.536706072811, "2019Q2": 2.190045872053, "2019Q4": 2.122498061801, "2019Q1": 2.602813842577, "2019Q3": 2.3671708704150003}