{"2017Q2": 0, "2017Q1": 0, "2017Q3": 4.176876275242, "2023Q2": 2.657944908619, "2023Q1": 2.5944834441789997, "2023Q3": 2.49817788, "2016Q4": 0, "2020Q2": 2.3955248783289997, "2020Q4": 2.316805808625, "2020Q1": 2.477489481324, "2020Q3": 2.457265053023, "2022Q2": 2.487510757281, "2022Q4": 2.201718400904, "2022Q1": 2.4551558033529997, "2022Q3": 2.1953320705909998, "2018Q4": 2.0450166261346854, "2018Q3": 2.020186562339, "2021Q4": 3.6976182781119995, "2019Q2": 2.1758025488759998, "2019Q4": 2.471394605097, "2019Q1": 2.6059657023289997, "2019Q3": 2.087429506371}