{"2017Q2": 0, "2023Q2": 1.69747928, "2023Q1": 1.6165041199999999, "2023Q3": 1.9853909600000001, "2016Q4": 0, "2020Q2": 1.924514584482, "2020Q4": 1.40356944, "2020Q1": 1.76266503357, "2020Q3": 1.79494938, "2022Q2": 1.97639372, "2022Q4": 1.8219411, "2022Q1": 1.96589694, "2022Q3": 1.4845446, "2018Q2": 2.906400480438, "2018Q4": 2.0166096423439037, "2018Q3": 2.4035330404260002, "2021Q2": 1.4620515, "2021Q4": 1.5670193, "2021Q1": 1.3090984200000002, "2021Q3": 1.37507818, "2019Q2": 2.014250507024, "2019Q4": 1.887792499376, "2019Q1": 2.252956731326, "2019Q3": 1.856510445482}