{"2017Q2": 0, "2017Q4": 2.438981810328, "2017Q3": 0, "2023Q2": 1.63812107, "2023Q1": 1.41611047, "2023Q3": 1.69045214, "2016Q4": 0, "2020Q2": 1.5635889399999998, "2020Q4": 1.5223584, "2020Q1": 1.595789674582, "2020Q3": 1.76657006, "2022Q2": 1.4224536300000001, "2022Q4": 1.61433422, "2022Q1": 1.17031302, "2022Q3": 1.1052956299999999, "2018Q2": 2.16598457309, "2018Q1": 2.617576968866, "2021Q2": 1.30510517, "2021Q4": 1.19568566, "2021Q1": 1.4430688999999999, "2021Q3": 1.14018301, "2019Q2": 1.971601447891, "2019Q4": 1.866644985267, "2019Q3": 2.042700976857}