{"2009Q4": 0.17693669999999997, "2020Q2": 1.8501424499999999, "2020Q4": 1.7885992499999999, "2020Q1": 1.91937855, "2020Q3": 1.7091059499999999, "2014Q2": 0.3410519, "2014Q4": 0.46029184999999995, "2014Q1": 0.40644155, "2014Q3": 0.35002695, "2016Q2": 0.59619975, "2016Q4": 0.9282766, "2016Q1": 0.61671415, "2016Q3": 0.9923841, "2010Q2": 0.17693669999999997, "2010Q4": 0.16796165, "2022Q2": 1.1449599499999998, "2022Q4": 1.39626135, "2022Q1": 1.0231557, "2022Q3": 1.28086785, "2021Q2": 1.30394655, "2021Q4": 1.26548205, "2021Q1": 1.6706414499999998, "2021Q3": 1.3783112499999999, "2017Q2": 1.09367395, "2017Q4": 0.9513552999999999, "2017Q1": 1.0231557, "2017Q3": 0.9680232499999999, "2015Q2": 0.34489834999999996, "2015Q4": 0.359002, "2015Q1": 0.33976975, "2015Q3": 0.36925919999999995, "2012Q2": 0.2384799, "2012Q4": 0.29489449999999995, "2012Q1": 0.16026875, "2012Q3": 0.29104805, "2018Q2": 0.99366625, "2018Q4": 0.9898197999999999, "2018Q1": 0.7923686999999999, "2018Q3": 0.97058755, "2013Q2": 0.39618434999999996, "2013Q4": 0.359002, "2013Q1": 0.31156245, "2013Q3": 0.38592714999999994, "2019Q2": 1.35779685, "2019Q4": 1.5013976500000001, "2019Q1": 1.5693516, "2019Q3": 1.2859964499999998, "2011Q2": 0.12949715, "2011Q4": 0.1436008}