{"2017Q2": 0, "2017Q3": 0, "2023Q2": 2.2230445999999997, "2023Q1": 2.5310355782559997, "2023Q3": 2.16262736, "2020Q2": 1.198528082912, "2020Q4": 1.1723973167800001, "2020Q1": 1.121538548896, "2020Q3": 1.20462526684, "2022Q2": 2.74271651864, "2022Q4": 2.3193541731239997, "2022Q1": 2.37303891868, "2022Q3": 2.212752290792, "2018Q4": 1.496481615193178, "2018Q3": 1.7744475224960001, "2021Q2": 1.7782773558479998, "2021Q4": 3.05040603036, "2021Q1": 1.2629836732, "2021Q3": 2.891202420228, "2019Q2": 1.3016020631760001, "2019Q4": 1.2861682468439999, "2019Q1": 1.4596125102759998, "2019Q3": 1.338472071176}