{"2017Q2": 0, "2023Q2": 3.841821629954, "2023Q1": 3.812991024052, "2023Q3": 3.0650597600000005, "2016Q4": 0, "2020Q2": 1.989137860598, "2020Q4": 1.8754730285060002, "2020Q1": 1.725376872114, "2020Q3": 1.9993387813560002, "2022Q2": 2.255299312714, "2022Q4": 2.979737733448, "2022Q1": 2.056588519384, "2022Q3": 3.324069455994, "2018Q2": 5.3187164765979995, "2018Q4": 2.5168654413848204, "2018Q3": 3.2578038836700003, "2021Q2": 2.003742480474, "2021Q4": 2.632022298892, "2021Q1": 1.91627566186, "2021Q3": 2.376600252348, "2019Q2": 2.0517994384860003, "2019Q4": 2.1304904991580003, "2019Q1": 3.0045317276240002, "2019Q3": 2.6667562938660003}