{"2023Q2": 1.12449942, "2023Q1": 1.19005946397, "2023Q3": 1.14321708, "2016Q4": 0, "2020Q2": 0.891821916324, "2020Q4": 1.026342427158, "2020Q1": 0.825282650772, "2020Q3": 0.933672732318, "2022Q2": 2.557483442604, "2022Q4": 1.264438261458, "2022Q1": 0.962941825224, "2022Q3": 1.21008448053, "2018Q2": 1.280416951872, "2018Q4": 0.7472465497424952, "2021Q2": 0.937658442042, "2021Q4": 1.0409414820479999, "2021Q1": 1.0562358260159999, "2021Q3": 0.8735965307820001, "2019Q2": 0.6706288489140001, "2019Q4": 0.797542070778, "2019Q1": 0.829027334628, "2019Q3": 0.7316583552720001}