{"2023Q2": 3.5274373199999998, "2023Q1": 3.383464741156, "2023Q3": 3.31055492, "2020Q2": 2.07708971602, "2020Q4": 2.884272252968, "2020Q1": 1.657723893472, "2020Q3": 2.839921041496, "2022Q2": 3.019914378828, "2022Q4": 2.9328457000199997, "2022Q1": 2.752020308852, "2022Q3": 3.511776706644, "2018Q2": 3.4707205584920002, "2018Q4": 2.061492412263178, "2018Q3": 2.436738209056, "2021Q2": 2.420068627792, "2021Q4": 3.891669777476, "2021Q1": 2.421546371516, "2021Q3": 2.749009361476, "2019Q4": 1.67444599126}