{"2023Q2": 1.8516085199999999, "2023Q1": 1.8091355577839998, "2023Q3": 1.7292238199999999, "2016Q4": 0, "2020Q2": 1.146715986582, "2020Q4": 1.3624797807359998, "2020Q1": 0.971496803718, "2020Q3": 1.175383810656, "2022Q2": 1.260702360504, "2022Q4": 1.66473788175, "2022Q1": 1.2743914491539998, "2022Q3": 1.617531079338, "2018Q2": 1.598312074014, "2018Q1": 1.838727314352, "2021Q2": 1.242631035702, "2021Q4": 1.4821581950640002, "2021Q1": 1.46055412791, "2021Q3": 1.6383141611279999, "2019Q2": 1.101176063784, "2019Q4": 1.12974972363}