{"2023Q2": 2.11925088, "2023Q1": 2.264048076712, "2020Q2": 2.0992589702, "2020Q4": 2.298567234412, "2020Q1": 2.190464835704, "2020Q3": 2.146041433376, "2022Q2": 2.3535605554199996, "2022Q4": 2.0340937097159997, "2022Q1": 2.2309457807479998, "2022Q3": 2.012487265364, "2018Q2": 0, "2018Q4": 0, "2018Q3": 0, "2021Q2": 2.124856670376, "2021Q4": 2.100256164492, "2021Q1": 1.84861572632, "2021Q3": 1.888078098664, "2019Q2": 2.812185655436, "2019Q4": 2.271030295748, "2019Q1": 2.297020243236, "2019Q3": 2.420000000004}