{"2021Q3": 3.6178937748949997, "2021Q2": 4.08305158757, "2021Q1": 3.2405991026470002, "2021Q4": 3.428235, "2022Q3": 2.7898, "2022Q2": 3.04732, "2022Q1": 3.27265, "2022Q4": 2.870275, "2019Q3": 2.546428353743, "2019Q2": 2.780424609923, "2019Q1": 2.6060744225979997, "2019Q4": 2.6319691916859997, "2017Q3": 3.173287737465, "2017Q2": 3.610096973834, "2017Q1": 3.905585613188, "2015Q3": 3.529039368097, "2015Q2": 3.686875152985, "2015Q1": 4.55699432486, "2015Q4": 3.458467874825, "2014Q3": 5.805162099557, "2014Q2": 4.56514870639, "2014Q1": 3.767431885541, "2014Q4": 4.225134496362, "2012Q4": 2.4689177254779997, "2023Q2": 3.41214, "2023Q1": 3.063415, "2018Q3": 2.8831803401119998, "2018Q4": 2.670308771432, "2020Q3": 2.6319691916859997, "2020Q2": 2.37470905941, "2020Q1": 2.1867113904499997, "2020Q4": 2.842630841756, "2013Q3": 4.086748407346, "2013Q2": 3.3545081645990003, "2013Q1": 3.1704891882229997, "2013Q4": 3.526537098834, "2016Q3": 3.458467874825, "2016Q2": 3.1126210610539995, "2016Q1": 3.3501302398319996, "2016Q4": 3.7985239994519997}