{"2023Q2": 4.174508220000001, "2023Q1": 3.64279901585, "2023Q3": 5.188297300000001, "2022Q2": 2.4433577745720005, "2022Q4": 3.39123610173, "2022Q1": 2.6227942293120003, "2022Q3": 3.03682414503, "2021Q2": 2.4598109254360003, "2021Q4": 2.4050271396100005, "2021Q3": 1.9215563226760002}