{"2023Q2": 1.6505238000000002, "2023Q1": 1.94134482148, "2023Q3": 1.6028208000000002, "2020Q2": 4.21763164617, "2020Q4": 3.0183263889100003, "2020Q1": 3.47080397283, "2020Q3": 3.6335836229000003, "2022Q2": 1.9950954488100003, "2022Q4": 1.93660218922, "2022Q1": 1.9899327121300003, "2022Q3": 1.8591380825700001, "2021Q2": 2.5744754155100003, "2021Q4": 2.54182811835, "2021Q1": 2.6690862065000003, "2021Q3": 1.99304183466, "2019Q4": 2.03104872288}