{"2023Q2": 1.35780338, "2023Q1": 1.331696766636, "2023Q3": 1.45047662, "2022Q2": 1.287167696058, "2022Q4": 1.306649296074, "2022Q1": 1.442558112884, "2022Q3": 1.3678765399460002, "2021Q2": 1.575080284428, "2021Q4": 1.525384540306, "2021Q3": 1.4466994834000002}