{"2023Q2": 2.9276319000000006, "2023Q1": 3.4310441728, "2023Q3": 2.64259148, "2022Q2": 2.422975418746, "2022Q4": 3.393554056042, "2022Q1": 2.7503843591060004, "2022Q3": 3.5337950659940005, "2021Q2": 3.7176572296000003, "2021Q4": 3.3370235200560003, "2021Q3": 3.25789545698}