{"2023Q2": 2.04583198, "2023Q1": 2.5372809800000002, "2023Q3": 1.81274474, "2020Q3": 0, "2022Q2": 2.0149409, "2022Q4": 2.4235456400000004, "2022Q1": 2.078173255792, "2022Q3": 1.8225737200000003, "2021Q4": 2.944780100164, "2021Q3": 2.9602051397200007}