{"2021Q3": 16.152170371365, "2021Q2": 21.805429365370003, "2021Q1": 25.412747090114998, "2021Q4": 13.996500000000001, "2011Q3": 4.86144051022, "2011Q2": 3.7407841150750003, "2011Q1": 4.07224631702, "2022Q3": 8.094100000000001, "2022Q2": 9.1791, "2022Q1": 13.83375, "2022Q4": 9.49375, "2019Q3": 12.695741816135, "2019Q2": 16.0415522897, "2019Q1": 17.508208456760002, "2019Q4": 13.999053564859999, "2017Q3": 14.071473075765, "2017Q2": 13.47201587382, "2017Q1": 13.47201587382, "2017Q4": 16.524942040880003, "2015Q2": 15.405172241550002, "2014Q2": 6.4350295727199995, "2012Q4": 5.10999239485, "2023Q3": 0, "2023Q2": 8.40875, "2023Q1": 8.690850000000001, "2018Q3": 19.32577841824, "2018Q2": 16.489932778795, "2018Q1": 17.680287973565, "2018Q4": 22.733172177870003, "2020Q3": 27.754221591390003, "2020Q2": 33.070935625000004, "2020Q1": 24.73003626926, "2020Q4": 30.258399472385, "2013Q1": 5.4191373978, "2013Q4": 5.665194523485, "2016Q3": 14.928422817314999, "2016Q2": 17.66143397956, "2016Q4": 16.658605776435, "2010Q3": 3.82630574312, "2010Q2": 4.26663482154, "2010Q1": 4.90435151808, "2010Q4": 4.054061706170001}