{"2023Q2": 2.8784870000000002, "2023Q1": 3.2074631010140005, "2023Q3": 2.7759847800000004, "2022Q2": 3.098215392454, "2022Q4": 2.615807228672, "2022Q1": 2.4540373825840005, "2022Q3": 2.6379022140560004, "2021Q2": 2.8282048870140004, "2021Q4": 3.0550045285080003, "2021Q3": 2.58886276497}