{"2021Q3": 6.310835353568, "2021Q2": 7.579292153708, "2021Q1": 7.893785938595999, "2021Q4": 6.12683, "2009Q4": 3.102926076854, "2022Q3": 6.19121, "2022Q2": 8.905899999999999, "2022Q1": 6.07318, "2019Q3": 5.015823376446, "2019Q2": 5.288312982929, "2019Q1": 5.540617826306, "2019Q4": 4.415976033792, "2017Q3": 3.6844394225979995, "2017Q2": 4.803196480737, "2017Q1": 4.216470859375, "2017Q4": 3.486570468027, "2014Q3": 3.6323035683069995, "2014Q2": 3.526601541068, "2014Q1": 3.512187557591, "2014Q4": 3.239058237092, "2012Q4": 3.314430461124, "2018Q3": 7.173807130807, "2018Q2": 6.050078017071, "2018Q1": 4.414650501096, "2018Q4": 5.358958611916999, "2020Q3": 5.127239336847, "2020Q2": 5.091420626819, "2020Q1": 3.566552978195, "2020Q4": 5.440736614832, "2013Q3": 3.3570442269239997, "2013Q2": 3.835269271805, "2013Q1": 3.314430461124, "2013Q4": 3.339220795604, "2016Q3": 4.284365091033, "2016Q2": 3.639247941686, "2016Q4": 4.121997610821, "2010Q3": 5.123128614832, "2010Q2": 3.477037900618, "2010Q1": 3.072116882999}