{"2021Q4": 4.4690449999999995, "2011Q4": 6.784838343027, "2022Q3": 3.7394049999999996, "2022Q2": 4.6139, "2022Q1": 4.447585, "2022Q4": 4.179335, "2019Q3": 2.953699964564, "2019Q2": 3.382378658244, "2019Q1": 4.501124975652999, "2019Q4": 2.707993966033, "2017Q3": 5.107548634445, "2017Q2": 5.72965548764, "2017Q1": 5.949222303777999, "2017Q4": 4.213596864284, "2015Q3": 6.942501756902999, "2015Q2": 8.688582920429, "2015Q1": 8.040337410610999, "2015Q4": 6.283800783792, "2014Q3": 9.997157765625, "2014Q2": 10.711241361194, "2014Q1": 10.354199563945999, "2014Q4": 8.510838480014, "2012Q3": 7.648537852472, "2012Q2": 6.899998801958999, "2012Q1": 7.936438213293, "2012Q4": 7.332418325583, "2023Q2": 3.8735299999999997, "2023Q1": 3.9325449999999997, "2018Q3": 3.6542235752099996, "2018Q2": 4.433163943307, "2018Q1": 3.816285083034, "2018Q4": 3.063483634445, "2020Q3": 4.171774488561, "2020Q2": 3.293506175688, "2020Q1": 2.8752832060399998, "2013Q3": 9.041328527612, "2013Q2": 7.064158894985999, "2013Q1": 6.636930952028999, "2013Q4": 9.752330392070998, "2016Q3": 5.876033539249, "2016Q2": 5.468265771082, "2016Q1": 5.938766840485, "2016Q4": 5.28006534375}