{"2021Q3": 31.38525, "2021Q2": 18.18735, "2021Q1": 8.2621, "2021Q4": 23.391399999999997, "2022Q3": 8.272829999999999, "2022Q2": 10.729999999999999, "2022Q1": 14.700099999999999, "2022Q4": 5.86931, "2019Q4": 8.68057, "2008Q3": 5.4723, "2008Q2": 6.625775, "2008Q1": 8.42305, "2017Q2": 5.09675, "2017Q1": 3.8306099999999996, "2015Q3": 2.548375, "2015Q2": 2.66104, "2015Q1": 2.5939775, "2014Q3": 2.10308, "2014Q1": 2.2345224999999997, "2014Q4": 2.0145575, "2012Q4": 2.2667124999999997, "2023Q3": 0, "2023Q2": 6.24486, "2023Q1": 6.52384, "2018Q4": 6.5453, "2020Q3": 7.06034, "2020Q2": 6.30924, "2020Q1": 6.70625, "2020Q4": 5.7942, "2013Q3": 2.3176799999999997, "2013Q2": 2.494725, "2013Q1": 2.5751999999999997, "2013Q4": 2.2533, "2007Q4": 7.9402, "2016Q4": 4.694375}