{"2021Q3": 82.32260540624999, "2021Q2": 89.806478625, "2021Q1": 77.33335659375, "2021Q4": 84.767, "2009Q3": 31.830976715111998, "2009Q2": 33.621239492724, "2009Q1": 21.698048822668, "2009Q4": 32.492866824486995, "2011Q3": 35.83581928125, "2011Q2": 36.926473484374995, "2011Q1": 39.73101885209899, "2011Q4": 38.111824128638, "2022Q3": 79.29469999999999, "2022Q2": 86.69839999999999, "2022Q1": 87.66409999999999, "2022Q4": 78.2217, "2019Q3": 75.8178446875, "2019Q2": 76.210177078125, "2019Q1": 77.092929148974, "2019Q4": 79.89252865625, "2008Q3": 17.679366232556, "2008Q2": 20.464029664599, "2008Q1": 19.881193668236996, "2008Q4": 14.787613418609999, "2017Q3": 83.070025352099, "2017Q2": 81.468891398974, "2017Q1": 80.338687086474, "2017Q4": 82.41072553125, "2015Q3": 71.386145117724, "2015Q2": 68.702450566138, "2015Q1": 67.09224221875, "2015Q4": 72.173852859375, "2014Q3": 65.994311734375, "2014Q2": 62.250564437499996, "2014Q1": 62.51176449272399, "2014Q4": 60.204106144262994, "2012Q3": 42.174910477099, "2012Q2": 36.892891937499996, "2012Q1": 40.5496759375, "2012Q4": 46.124849812499995, "2023Q2": 75.2173, "2023Q1": 70.7107, "2018Q3": 76.839835273974, "2018Q2": 77.992438461474, "2018Q1": 78.280589258349, "2018Q4": 75.033188289599, "2020Q3": 60.57342352397399, "2020Q2": 57.454195758348995, "2020Q1": 50.410776465112, "2020Q4": 66.835141359375, "2013Q3": 62.99772870676299, "2013Q2": 69.526439121362, "2013Q1": 67.661104066138, "2013Q4": 63.034139453125, "2007Q4": 21.208767109375, "2016Q3": 80.724380289599, "2016Q2": 82.747094265625, "2016Q1": 82.379331898974, "2016Q4": 89.097778890625, "2010Q3": 36.19124214897399, "2010Q2": 33.511801874999996, "2010Q1": 34.794910783069, "2010Q4": 48.222552238012995}