{"2021Q3": 231.60624525, "2021Q2": 409.31331978124996, "2021Q1": 183.577289875, "2021Q4": 214.06349999999998, "2011Q3": 315.08138678125, "2011Q2": 309.49119090625, "2022Q3": 217.2825, "2022Q2": 216.74599999999998, "2022Q1": 210.84449999999998, "2022Q4": 260.2025, "2023Q2": 324.046, "2023Q1": 359.455}