{"2021Q3": 458.64804909375, "2021Q2": 809.1900069375, "2021Q1": 324.3182066875, "2021Q4": 436.71099999999996, "2011Q3": 811.7877399375, "2011Q2": 824.4225831875, "2022Q3": 410.42249999999996, "2022Q2": 392.71799999999996, "2022Q1": 430.27299999999997, "2022Q4": 524.697, "2023Q2": 547.23, "2023Q1": 605.172}