{"2017Q2": 0.09556699024200001, "2017Q4": 0.101624145984, "2017Q1": 0.086208520228, "2017Q3": 0.107532571719, "2023Q1": 0.06989922000000001, "2016Q2": 0.087059090181, "2016Q4": 0.086208520228, "2016Q1": 0.08483176448, "2016Q3": 0.09080633558800001, "2010Q4": 0.080044444568, "2015Q2": 0.086827257768, "2015Q4": 0.098226267234, "2015Q1": 0.113824666506, "2015Q3": 0.08929664187900001, "2020Q2": 0.06989922000000001, "2020Q1": 0.08025466, "2022Q2": 0.07507694, "2022Q1": 0.08284352, "2018Q2": 0.091135120808, "2018Q4": 0.098059285764, "2018Q1": 0.105169201425, "2018Q3": 0.098059285764, "2012Q2": 0.062974278386, "2012Q4": 0.08156772979200001, "2012Q1": 0.06435349355100001, "2012Q3": 0.078755062845, "2021Q2": 0.08154909, "2021Q4": 0.08543238, "2021Q1": 0.08931567, "2021Q3": 0.08543238, "2011Q2": 0.064706096283, "2011Q4": 0.070524300247, "2019Q2": 0.10112863818, "2019Q4": 0.08672681, "2019Q1": 0.098059285764, "2019Q3": 0.09967111000000001, "2013Q2": 0.081554785492, "2013Q4": 0.073528672277, "2013Q1": 0.080630174143, "2013Q3": 0.075515881213, "2014Q2": 0.071450982684, "2014Q4": 0.101177438191, "2014Q1": 0.068560520494, "2014Q3": 0.090638059688}