{"2021Q3": 14.451992850653, "2021Q2": 17.055476460028, "2021Q1": 14.266029586474, "2021Q4": 12.1249, "2022Q3": 10.78365, "2022Q2": 12.500449999999999, "2022Q1": 17.9191, "2022Q4": 11.0519, "2019Q3": 5.820282596665, "2019Q2": 5.820282596665, "2017Q3": 5.438690161334, "2017Q2": 5.388793565764999, "2015Q3": 5.215427572668, "2015Q2": 4.803043494543, "2014Q3": 3.5360539489389997, "2014Q2": 3.248958861742, "2023Q3": 0, "2023Q2": 11.35234, "2023Q1": 11.030439999999999, "2018Q3": 8.836416963292999, "2018Q2": 8.53083463118, "2020Q3": 5.054691333581999, "2020Q4": 5.392931007626, "2013Q3": 2.0940180482449997, "2013Q2": 1.9370840704989998, "2016Q3": 5.407871798694, "2016Q2": 4.940828639179}