{"2021Q3": 7.75093443132, "2021Q2": 8.961040045055999, "2021Q1": 7.4171125, "2021Q4": 7.7256, "2022Q3": 7.779249999999999, "2022Q2": 7.1998299999999995, "2022Q1": 7.67195, "2022Q4": 8.71276, "2019Q3": 6.621940911333999, "2019Q2": 7.016691743097, "2019Q1": 6.266665791418, "2019Q4": 6.705864390625, "2017Q3": 7.229557548693999, "2017Q2": 7.650969916418, "2017Q1": 7.276381320126, "2017Q4": 7.401010164972, "2015Q3": 7.172730986916999, "2015Q2": 7.932934721292, "2015Q1": 7.941877610820999, "2015Q4": 7.097164123903999, "2014Q3": 8.343956067956999, "2014Q2": 7.354587721292, "2014Q1": 5.787361196945, "2014Q4": 6.50196557521, "2023Q2": 8.35867, "2023Q1": 10.75146, "2018Q3": 6.825801480737, "2018Q2": 6.384808434958, "2018Q1": 6.8929095617769995, "2018Q4": 6.197584605014, "2020Q3": 6.087016880084, "2020Q2": 5.75223092479, "2020Q1": 4.687003364459, "2020Q4": 7.333656886264, "2016Q3": 7.619148235471, "2016Q2": 7.774828590835, "2016Q1": 7.435995833208999, "2016Q4": 7.491769828124999}