{"2021Q3": 0.362674, "2021Q2": 0.433492, "2021Q1": 0.43027299999999996, "2021Q4": 0.35408999999999996, "2009Q3": 0.115669403219, "2009Q2": 0.134125, "2009Q1": 0.153868193562, "2009Q4": 0.129833, "2011Q3": 0.072105596781, "2011Q2": 0.092063403219, "2011Q1": 0.100218202146, "2022Q3": 0.22747599999999998, "2022Q2": 0.272542, "2022Q1": 0.316535, "2022Q4": 0.215673, "2019Q3": 0.201724, "2019Q2": 0.215673, "2019Q1": 0.19957799999999998, "2019Q4": 0.188848, "2008Q3": 0.175972, "2008Q2": 0.313316, "2008Q1": 0.21781899999999998, "2008Q4": 0.134125, "2017Q3": 0.31503280643799997, "2017Q2": 0.190994, "2017Q1": 0.17640119356199999, "2017Q4": 0.275761, "2015Q3": 0.20301159678099998, "2015Q2": 0.160306193562, "2015Q1": 0.131335202146, "2015Q4": 0.17039240321899998, "2014Q3": 0.106870797854, "2014Q2": 0.109231403219, "2014Q1": 0.103866403219, "2014Q4": 0.089059, "2012Q4": 0.092278, "2023Q2": 0.23606, "2023Q1": 0.22103799999999998, "2018Q3": 0.223184, "2018Q2": 0.241425, "2018Q1": 0.261812, "2018Q4": 0.18992099999999998, "2020Q3": 0.163096, "2020Q2": 0.169534, "2020Q1": 0.155585, "2020Q4": 0.25215499999999996, "2013Q3": 0.111806596781, "2013Q2": 0.120605202146, "2013Q1": 0.109016797854, "2013Q4": 0.102578797854, "2007Q4": 0.163096, "2016Q3": 0.174899, "2016Q2": 0.166744193562, "2016Q1": 0.177903403219, "2016Q4": 0.165456596781, "2010Q3": 0.09356559678099999, "2010Q2": 0.08691299999999999, "2010Q1": 0.11717159678099999, "2010Q4": 0.12360959678099999}