{"2009Q2": 7.166880831039999, "2009Q1": 6.831096797971, "2009Q4": 8.782839264179, "2009Q3": 10.430277777985, "2011Q2": 71.878685648974, "2011Q1": 13.483808394262999, "2011Q3": 48.059028715112, "2022Q2": 69.74499999999999, "2022Q4": 53.65, "2022Q3": 60.4099, "2008Q2": 14.690532067583998, "2008Q1": 13.116545852471999, "2008Q4": 5.309577559585, "2008Q3": 10.965433385167998, "2023Q2": 53.7573, "2023Q1": 50.323699999999995, "2007Q4": 16.054652475653, "2010Q2": 10.283372133349, "2010Q1": 9.328488057042998, "2010Q4": 13.06407992514, "2010Q3": 13.693675248554}