{"2021Q3": 100.419504859375, "2021Q2": 98.55219984374999, "2021Q1": 81.33149710209901, "2021Q4": 97.4284, "2022Q3": 287.0275, "2022Q2": 193.14, "2022Q1": 113.738, "2022Q4": 419.543, "2019Q3": 81.427061164599, "2019Q2": 90.206514820849, "2019Q1": 90.978345515625, "2019Q4": 84.45252717187499, "2017Q3": 91.830701508349, "2017Q2": 112.288033305224, "2017Q1": 97.28599278125, "2017Q4": 105.456904546875, "2015Q3": 96.98224995312499, "2015Q2": 112.135725984375, "2015Q1": 102.17773271875, "2015Q4": 90.910352523974, "2014Q3": 129.797046117724, "2014Q2": 131.504926805224, "2014Q1": 119.549929648974, "2014Q4": 120.361905633349, "2012Q4": 103.87935982812499, "2023Q3": 0, "2023Q2": 134.125, "2023Q1": 552.595, "2018Q3": 97.0576785, "2018Q2": 104.523662796875, "2018Q1": 105.923533805224, "2018Q4": 87.79457009375, "2020Q3": 78.256019234375, "2020Q2": 67.36213525, "2020Q1": 67.162247086474, "2020Q4": 84.443674921875, "2013Q3": 115.977770140625, "2013Q2": 104.713743070849, "2013Q1": 98.8731274375, "2013Q4": 108.44884768749999, "2016Q3": 89.136482336474, "2016Q2": 94.014600203125, "2016Q1": 93.127673492724, "2016Q4": 92.285318195849}