{"2021Q3": 15.93405, "2021Q2": 19.47495, "2021Q1": 16.14865, "2021Q4": 14.00265, "2009Q3": 5.364999999999999, "2009Q2": 2.0387, "2009Q1": 1.389535, "2009Q4": 4.243715, "2011Q2": 13.8417, "2022Q3": 11.0519, "2022Q2": 12.3395, "2022Q1": 12.17855, "2022Q4": 12.1249, "2019Q3": 7.629029999999999, "2019Q2": 8.34794, "2019Q1": 12.661399999999999, "2019Q4": 9.10977, "2008Q3": 1.486105, "2008Q2": 1.132015, "2008Q1": 1.29833, "2008Q4": 1.0343719999999998, "2017Q2": 4.52806, "2017Q1": 4.92507, "2015Q3": 5.364999999999999, "2015Q2": 4.849959999999999, "2015Q1": 4.28127, "2015Q4": 4.522695, "2014Q3": 4.79631, "2014Q2": 3.74477, "2014Q1": 4.10959, "2014Q4": 3.5248049999999997, "2012Q4": 5.4723, "2023Q3": 0, "2023Q2": 9.62481, "2023Q1": 9.79649, "2018Q3": 17.75815, "2018Q2": 17.00705, "2018Q4": 13.0906, "2020Q3": 19.367649999999998, "2020Q2": 19.743199999999998, "2020Q1": 22.1038, "2020Q4": 18.5629, "2013Q3": 4.501234999999999, "2013Q2": 4.27054, "2013Q1": 5.1343049999999995, "2013Q4": 4.05594, "2007Q4": 0.978576, "2016Q3": 6.01953, "2016Q2": 6.88866, "2016Q1": 5.4508399999999995, "2016Q4": 5.5688699999999995, "2010Q3": 6.68479, "2010Q2": 4.393935, "2010Q1": 4.67828, "2010Q4": 8.17626}