{"2021Q3": 80.46022948437499, "2021Q2": 91.489370148974, "2021Q1": 76.153609859375, "2021Q4": 75.9684, "2009Q3": 8.017270529804, "2009Q2": 7.938755537057, "2009Q1": 6.289937002542, "2009Q4": 8.373271811054, "2022Q3": 91.95609999999999, "2022Q2": 76.18299999999999, "2022Q1": 96.4627, "2022Q4": 76.50489999999999, "2019Q3": 98.944238836474, "2019Q2": 100.16954615625, "2019Q1": 145.506227171875, "2019Q4": 90.188013953125, "2008Q3": 6.680631076679, "2008Q2": 9.455280191138, "2008Q1": 7.605513591208, "2008Q4": 5.940980427682, "2017Q3": 130.380355742724, "2017Q2": 182.7338448125, "2017Q1": 221.4955674375, "2017Q4": 158.54812303125, "2015Q3": 315.32653375, "2015Q2": 268.426692921875, "2015Q1": 284.39258084375, "2015Q4": 276.80497870312496, "2014Q3": 135.992061914599, "2014Q2": 92.514319867724, "2014Q1": 75.1430618125, "2014Q4": 149.68031453125, "2012Q4": 24.44277234375, "2023Q2": 84.4451, "2023Q1": 73.1786, "2018Q3": 139.806023648974, "2018Q2": 133.220955586474, "2018Q1": 126.635879140625, "2018Q4": 130.1897725, "2020Q3": 63.09024142551299, "2020Q2": 64.641640152612, "2020Q1": 62.57310572238799, "2020Q4": 75.628409890625, "2013Q3": 41.96499646875, "2013Q2": 35.82977527397399, "2013Q1": 22.037760203125, "2013Q4": 59.757096859375, "2007Q4": 8.546910769985999, "2016Q3": 198.218374875, "2016Q2": 187.7067974375, "2016Q1": 214.23598475, "2016Q4": 170.6522671875, "2010Q3": 9.081639376819, "2010Q2": 8.028169234375, "2010Q1": 8.282455040695}