{"2021Q3": 3.65373265625, "2021Q2": 3.9915599999999998, "2021Q1": 3.097616875, "2021Q4": 3.578455, "2022Q3": 3.07951, "2022Q2": 3.2404599999999997, "2022Q1": 3.7662299999999997, "2022Q4": 3.5087099999999998, "2019Q3": 3.546299316686, "2019Q2": 3.7974957950559998, "2019Q4": 3.4340118055969997, "2017Q3": 4.914106853195, "2017Q2": 5.293574769986, "2017Q4": 5.010159738013, "2015Q3": 3.843462684783, "2015Q2": 3.7745009543959998, "2015Q1": 3.7193313074159997, "2015Q4": 3.919492436777, "2014Q3": 4.044087751446, "2014Q2": 3.1031820141789996, "2014Q1": 2.623681471665, "2014Q4": 3.420497926411, "2012Q4": 1.766723315415, "2023Q2": 3.29411, "2023Q1": 3.320935, "2018Q3": 4.017762838117999, "2018Q2": 4.249001411334, "2018Q1": 4.460969731833, "2018Q4": 3.6546584331389997, "2020Q4": 3.31070796875, "2013Q3": 2.0405654373249997, "2013Q2": 1.983146839214, "2013Q1": 1.722555456116, "2013Q4": 2.144180930224, "2016Q3": 4.222786522352999, "2016Q2": 4.05480753434, "2016Q1": 4.11080026889, "2016Q4": 4.714887218027}