{"2021Q3": 29.751609595568997, "2021Q2": 27.650920793236995, "2021Q1": 22.423627349207, "2021Q4": 29.013993349207, "2011Q4": 11.230877238012999, "2022Q3": 25.169381956763, "2022Q2": 26.297134296874997, "2022Q1": 30.808145751818998, "2022Q4": 30.3659, "2019Q3": 20.848895064319, "2019Q2": 23.904340105736996, "2019Q1": 24.293757373181, "2019Q4": 21.203861067957, "2017Q3": 30.944089822667998, "2017Q2": 30.059975545056, "2017Q1": 25.970938105736998, "2017Q4": 30.044111072668, "2015Q3": 21.186177525793, "2015Q2": 22.749733425513, "2015Q1": 21.368591716931, "2015Q4": 22.273231310681, "2014Q3": 23.867512314318997, "2014Q2": 18.470720498181, "2014Q1": 15.886339222388, "2014Q4": 22.332782810681, "2012Q3": 11.465341360820998, "2012Q2": 9.870978623554, "2012Q1": 11.770144614459, "2012Q4": 11.48297775, "2023Q2": 37.1258, "2023Q1": 37.662299999999995, "2018Q3": 23.749153289599, "2018Q2": 24.149740654431, "2018Q1": 29.242934246361997, "2018Q4": 22.017153154431, "2020Q3": 16.051229144263, "2020Q2": 16.738245686054, "2020Q1": 15.520349820848999, "2020Q4": 18.564222388806, "2013Q3": 13.637565941138, "2013Q2": 12.707176442957, "2013Q1": 11.409526498554, "2013Q4": 14.898194242724, "2016Q3": 24.366375581763002, "2016Q2": 21.978045238013, "2016Q1": 23.131958239832, "2016Q4": 26.799797074486996}