{"2021Q3": 5.44011, "2021Q2": 5.338175, "2021Q1": 4.254445, "2021Q4": 5.13967, "2009Q3": 8.464056099557, "2009Q2": 7.135228379360999, "2009Q1": 5.34419857521, "2009Q4": 9.147729470569, "2011Q3": 24.493695833582, "2011Q2": 31.772946695848997, "2011Q1": 27.297189158069, "2011Q4": 21.623328623181, "2022Q3": 2.430345, "2022Q2": 3.1492549999999997, "2022Q1": 4.404665, "2022Q4": 2.10308, "2008Q3": 8.483315086847, "2008Q2": 8.714415605736999, "2008Q1": 10.929128472015, "2008Q4": 4.102034466208, "2012Q3": 17.443162676959, "2012Q2": 17.236734871362, "2012Q1": 25.442246695849, "2023Q2": 0.8852249999999999, "2023Q1": 0.7725599999999999, "2020Q3": 2.677135, "2020Q2": 2.7254199999999997, "2020Q4": 4.16324, "2007Q4": 7.578171477099, "2010Q3": 16.995516298321, "2010Q2": 14.251198295055998, "2010Q1": 10.399523335028, "2010Q4": 20.116308505457}