{"2021Q3": 6.943320653334999, "2021Q2": 7.847615502915, "2021Q1": 7.307117425513, "2021Q4": 7.89615198729, "2011Q3": 1.271206624452, "2011Q2": 1.3668887008569999, "2011Q1": 1.289431906075, "2011Q4": 1.358919658617, "2022Q3": 7.7695479425839995, "2022Q2": 7.695952611917, "2022Q1": 11.146283133722, "2022Q4": 13.197899999999999, "2012Q3": 1.5976485368819997, "2012Q2": 1.257918687949, "2012Q1": 1.5425573476619998, "2012Q4": 1.61004409684, "2023Q2": 21.40635, "2023Q1": 26.98595, "2013Q3": 1.87517123764, "2013Q2": 2.280092517071, "2013Q1": 2.202964354291}