{"2021Q3": 4.90284375, "2021Q2": 4.851984375, "2021Q1": 4.526484375, "2021Q4": 5.028975, "2009Q4": 0, "2011Q3": 0, "2011Q2": 0, "2011Q1": 0, "2011Q4": 0, "2022Q3": 3.965675, "2022Q2": 4.11215, "2022Q1": 4.8770750000000005, "2022Q4": 3.8843, "2019Q3": 3.8758369468350002, "2019Q2": 3.797954025845, "2019Q1": 3.390212032725, "2019Q4": 3.9984904224649997, "2008Q4": 0, "2017Q3": 0, "2017Q2": 0, "2017Q1": 0, "2017Q4": 0, "2015Q3": 0, "2015Q2": 0, "2015Q1": 0, "2015Q4": 0, "2014Q4": 0, "2012Q3": 0, "2012Q2": 0, "2012Q1": 0, "2012Q4": 0, "2023Q2": 4.0579, "2023Q1": 3.85175, "2018Q3": 3.678336749115, "2018Q2": 3.669712377065, "2018Q1": 0, "2018Q4": 3.252770929345, "2020Q3": 4.2813109297350005, "2020Q2": 3.476736544715, "2020Q1": 2.837953125, "2020Q4": 4.638375, "2013Q3": 0, "2013Q2": 0, "2013Q1": 0, "2007Q4": 0, "2016Q3": 0, "2016Q2": 0, "2016Q1": 0, "2016Q4": 0}