{"2021Q4": 20.469491066138, "2022Q3": 14.052889243096999, "2022Q2": 17.022556107556, "2022Q1": 23.280067867724, "2022Q4": 18.4556, "2012Q4": 20.550810635168, "2023Q3": 0, "2023Q2": 20.82693, "2023Q1": 19.18524}