{"2021Q3": 54.154833925512996, "2021Q2": 66.73410332084899, "2021Q1": 53.142093773974, "2021Q4": 50.806549999999994, "2022Q3": 43.4565, "2022Q2": 48.928799999999995, "2022Q1": 53.48905, "2022Q4": 48.285, "2017Q3": 70.11246058647399, "2017Q2": 84.134944320849, "2017Q1": 70.426396914599, "2015Q3": 82.473076890625, "2015Q2": 92.39073206249999, "2015Q1": 100.220454977099, "2015Q4": 70.571905773974, "2014Q3": 42.071713863012995, "2014Q2": 36.434310180223996, "2014Q1": 33.198024820849, "2014Q4": 41.549732894262995, "2023Q2": 43.510149999999996, "2023Q1": 45.978049999999996, "2020Q3": 30.821945956763, "2020Q2": 27.432590441138, "2020Q4": 33.260447433862, "2013Q3": 36.225523659888, "2013Q2": 43.533261414599, "2013Q1": 54.286083621361996, "2013Q4": 30.379325074486996, "2016Q3": 68.37958235209899, "2016Q2": 62.428992602098994, "2016Q1": 63.36855499272399, "2016Q4": 66.86845465625}