{"2021Q3": 0.08062168987999999, "2021Q1": 0.06941896222, "2021Q2": 0.07299465545, "2021Q4": 0.07517417444999999, "2011Q2": 0.08801282343, "2011Q4": 0.10896953964999999, "2015Q3": 0.09305007645999999, "2015Q1": 0.09697321066, "2015Q2": 0.09113722802, "2015Q4": 0.09232314276999999, "2014Q3": 0.07813575615, "2014Q1": 0.07058564592, "2014Q2": 0.0788344843, "2014Q4": 0.07953193037999999, "2010Q2": 0.07776780205999999, "2010Q4": 0.08032424963999998, "2009Q4": 0.06520095192, "2019Q3": 0.0806293823, "2019Q1": 0.08529483503, "2019Q2": 0.0853730413, "2019Q4": 0.07458698639, "2016Q3": 0.11712094070999998, "2016Q1": 0.10177456281, "2016Q2": 0.11087469566999998, "2016Q4": 0.11634016007999999, "2018Q3": 0.09190005966999998, "2018Q1": 0.11960302822999999, "2018Q2": 0.10167584342, "2018Q4": 0.08994362084999999, "2012Q3": 0.09947709336999999, "2012Q1": 0.10071172678, "2012Q2": 0.11128111185999999, "2012Q4": 0.10068223916999998, "2020Q3": 0.06683815531, "2020Q1": 0.06925998554, "2020Q2": 0.07352158621999999, "2020Q4": 0.07352158621999999, "2022Q3": 0.07948833999999999, "2022Q1": 0.08933720174, "2022Q2": 0.06505736007999999, "2022Q4": 0.08077040999999999, "2013Q3": 0.07119206502999999, "2013Q1": 0.09273340516999999, "2013Q2": 0.08234992024, "2013Q4": 0.07404595285, "2017Q3": 0.11146701200999999, "2017Q1": 0.12258640511999999, "2017Q2": 0.12227999039, "2017Q4": 0.11229779336999998}