{"2021Q3": 3.04732, "2021Q2": 3.020495, "2021Q1": 2.044065, "2021Q4": 2.441075, "2009Q3": 0.669892224694, "2009Q2": 0.641544891995, "2009Q1": 0.539345374962, "2009Q4": 0.738639800376, "2011Q3": 1.053222325583, "2011Q2": 1.140004737191, "2011Q1": 1.072945642893, "2022Q3": 1.5129299999999999, "2022Q2": 1.9743199999999999, "2022Q1": 2.55374, "2022Q4": 1.840195, "2019Q3": 2.9758840292559996, "2019Q2": 3.230504886264, "2019Q1": 2.705348927682, "2019Q4": 2.838085, "2008Q3": 0.6771760373310001, "2008Q2": 0.905031031661, "2008Q1": 0.834048192036, "2008Q4": 0.47444482188799997, "2017Q3": 3.624976727297, "2017Q2": 4.540427791791, "2017Q1": 4.314195853743, "2017Q4": 3.6933726186449998, "2015Q3": 4.779679548320999, "2015Q2": 4.795385271432, "2015Q1": 6.826618280527, "2015Q4": 4.256322488188, "2014Q3": 5.920800378265, "2014Q2": 6.129279876819, "2014Q1": 4.065338442409, "2014Q4": 6.104169686404, "2012Q4": 2.332982562675, "2023Q3": 0, "2023Q2": 1.6159379999999999, "2023Q1": 1.701778, "2018Q3": 3.472401681145, "2018Q2": 3.030459282521, "2018Q1": 3.382961001096, "2018Q4": 2.7212629104359998, "2020Q4": 2.12454, "2013Q3": 3.172526211124, "2013Q2": 3.7541296717, "2013Q1": 2.97373095604, "2013Q4": 2.9030685624999997, "2007Q4": 1.04344757349, "2016Q3": 3.540797310681, "2016Q2": 4.161620545779, "2016Q1": 5.245431230014, "2016Q4": 4.098486178602999, "2010Q3": 1.0771830239740001, "2010Q2": 0.938687893479, "2010Q1": 0.7809576134619999, "2010Q4": 1.124226188497}