{"2021Q3": 23.391399999999997, "2021Q2": 21.7819, "2022Q3": 22.7476, "2022Q1": 32.45825, "2019Q3": 20.601599999999998, "2019Q2": 22.532999999999998, "2017Q3": 28.350342849207, "2017Q2": 30.349069408069, "2015Q3": 25.577861739832, "2015Q2": 29.149109617723997, "2014Q3": 23.339489433861996, "2014Q2": 21.196999736193998, "2018Q3": 19.9578, "2018Q2": 21.835549999999998, "2020Q3": 14.2709, "2020Q2": 14.324549999999999, "2013Q3": 20.591727142443997, "2013Q2": 16.937662317584, "2016Q3": 31.281682447667997, "2016Q2": 29.216385878638, "2016Q1": 30.626833900793}