{"2020Q4": 0.34693199, "2022Q4": 0.34564228, "2021Q4": 0.46945444000000003, "2019Q4": 0.36240851}