{"2021Q3": 2.60739, "2021Q2": 3.219, "2021Q1": 3.342395, "2021Q4": 2.5751999999999997, "2022Q3": 1.8831149999999999, "2022Q2": 2.6824999999999997, "2022Q1": 2.4678999999999998, "2022Q4": 1.79191, "2019Q3": 2.51082, "2019Q2": 3.0902399999999997, "2019Q1": 2.71469, "2019Q4": 2.19965, "2017Q3": 2.473265, "2017Q2": 3.0151299999999996, "2017Q1": 5.9014999999999995, "2017Q4": 2.3606, "2015Q3": 1.035445, "2015Q2": 1.20176, "2015Q1": 1.20176, "2015Q4": 1.5665799999999999, "2014Q3": 0.9217069999999999, "2014Q4": 0.8594729999999999, "2012Q4": 0.626632, "2023Q3": 0, "2023Q2": 2.215745, "2023Q1": 2.4249799999999997, "2018Q3": 3.6481999999999997, "2018Q2": 3.492615, "2018Q1": 3.48725, "2018Q4": 2.77907, "2020Q3": 1.9528599999999998, "2020Q2": 1.80264, "2020Q1": 1.4002649999999999, "2020Q4": 3.65893, "2013Q3": 0.7081799999999999, "2016Q3": 1.3412499999999998, "2016Q2": 1.35198, "2016Q1": 1.35198, "2016Q4": 1.228585}