{"2021Q3": 9.48512195639, "2021Q2": 5.532987894985999, "2021Q1": 3.369714586474, "2021Q4": 6.87793, "2009Q3": 2.3884683980759998, "2009Q2": 2.274343478568, "2009Q1": 2.771601700035, "2022Q3": 4.88215, "2022Q2": 6.92085, "2022Q1": 8.80933, "2022Q4": 5.027005, "2019Q3": 3.789779153533, "2019Q2": 3.129175544333, "2019Q1": 2.513274330842, "2019Q4": 2.9871209273319996, "2008Q3": 3.564775560133, "2008Q2": 3.998541835028, "2008Q1": 2.945671849382, "2008Q4": 2.0583216752389997, "2017Q3": 4.262456349557, "2017Q2": 4.495299445126, "2017Q1": 4.7376465545010005, "2017Q4": 4.002222152064, "2015Q3": 6.785192516721, "2015Q2": 6.839839023623999, "2015Q1": 6.329810898251, "2015Q4": 5.210555586123999, "2014Q3": 5.48877903743, "2014Q2": 6.591916820849, "2014Q1": 6.313889841208, "2014Q4": 4.663112348833999, "2012Q4": 6.756408034165, "2023Q2": 6.180479999999999, "2023Q1": 5.359635, "2018Q3": 2.844194498904, "2018Q2": 3.546763777612, "2018Q1": 4.307477029256, "2018Q4": 2.423869277612, "2020Q3": 2.414040167339, "2020Q2": 2.403896964214, "2020Q1": 2.221322451854, "2020Q4": 2.568887218027, "2013Q3": 5.7367394872899995, "2013Q2": 6.490408295429, "2013Q1": 5.772207167514, "2013Q4": 6.24214082486, "2007Q4": 2.45275461573, "2016Q3": 4.91280961229, "2016Q2": 4.791849820126, "2016Q1": 4.996550766347999, "2016Q4": 4.504803982556}