{"2021Q3": 3.332685869368, "2021Q2": 2.042783739284, "2021Q1": 1.568942119368, "2021Q4": 3.1331599999999997, "2022Q3": 1.5826749999999998, "2022Q2": 1.7489899999999998, "2022Q1": 2.23184, "2022Q4": 1.6577849999999998, "2019Q3": 2.558744539599, "2019Q2": 2.379737698589, "2019Q1": 2.2639097585470003, "2019Q4": 1.942750589937, "2017Q3": 1.853247170505, "2017Q2": 2.511360429326, "2017Q1": 1.874306760168, "2017Q4": 2.232320440042, "2015Q3": 1.937485660063, "2015Q2": 2.4218571408, "2015Q1": 2.521890290147, "2015Q4": 1.869041829221, "2014Q3": 2.5008305695779995, "2014Q2": 2.005929489832, "2014Q1": 1.7900682695369998, "2014Q4": 2.269174689494, "2012Q4": 1.511028149347, "2023Q3": 0, "2023Q2": 1.565507, "2023Q1": 1.5665799999999999, "2018Q3": 2.569274399347, "2018Q2": 2.327088659515, "2018Q1": 2.843049458757, "2018Q4": 1.969075109474, "2020Q3": 1.511028149347, "2020Q2": 1.6373859502099999, "2020Q1": 1.4899685596839998, "2020Q4": 1.48470362981, "2013Q3": 1.310961719747, "2013Q2": 1.28463720021, "2013Q1": 1.432054589663, "2013Q4": 1.1688092601679998, "2016Q3": 1.8953663498309998, "2016Q2": 2.074373189768, "2016Q1": 1.8848366199159998, "2016Q4": 1.6795052604419998}