{"2021Q4": 2.168668958757, "2009Q3": 0.631700720021, "2009Q2": 0.812186798831, "2009Q1": 0.7018897467349999, "2009Q4": 0.626687274522, "2011Q3": 0.50235254756, "2011Q2": 0.5414578769749999, "2011Q1": 0.5675279324160001, "2011Q4": 0.525414549436, "2022Q3": 1.549804944403, "2022Q2": 1.703198625175, "2022Q1": 2.2480104458490002, "2022Q4": 1.432455, "2008Q3": 1.4037794945429998, "2008Q2": 1.8800618224930001, "2008Q1": 1.9552642957789999, "2008Q4": 0.601619848522, "2012Q3": 0.684843821945, "2012Q2": 0.575549563459, "2012Q1": 0.591592760092, "2012Q4": 0.542460572942, "2023Q2": 1.47001, "2023Q1": 1.4796669999999998, "2007Q4": 2.08060201271, "2010Q3": 0.601619848522, "2010Q2": 0.7470112830689999, "2010Q1": 1.027767194639, "2010Q4": 0.576552358142}