{"2021Q3": 14.586667972388, "2021Q2": 17.764479023974, "2021Q1": 12.502859010541, "2021Q4": 13.0906, "2022Q3": 8.14407, "2022Q2": 9.82868, "2022Q1": 13.0906, "2022Q4": 7.178369999999999, "2019Q3": 7.302675583208999, "2019Q2": 8.066678826679, "2019Q1": 5.814358567957, "2019Q4": 6.842795013083, "2017Q3": 4.657910813946, "2017Q2": 4.648405228195, "2017Q1": 3.9497185012709997, "2017Q4": 4.901488100652999, "2015Q3": 3.3793618929919997, "2015Q2": 2.908817861742, "2015Q1": 2.6426517768889997, "2015Q4": 3.146466404979, "2014Q3": 2.932582873904, "2014Q2": 2.523827242922, "2014Q1": 2.4477796780550003, "2014Q4": 2.7567229938199995, "2012Q4": 1.853658451405, "2023Q3": 0, "2023Q2": 6.55603, "2023Q1": 5.88004, "2018Q3": 5.695799927682, "2018Q2": 5.705486791418, "2018Q1": 4.6932234113339995, "2018Q4": 5.3480190410679995, "2020Q3": 14.721146098834, "2020Q2": 9.431685717304, "2020Q1": 5.9899837292910005, "2020Q4": 13.753145017070999, "2013Q3": 2.210131134818, "2013Q2": 2.2243902994169997, "2013Q1": 1.920200038876, "2013Q4": 2.181613593202, "2016Q3": 7.081925742724, "2016Q2": 2.851782253813, "2016Q1": 2.885052850653, "2016Q4": 5.922201355737}