{"2009Q4": 0.028253181858, "2014Q2": 0.14754029474400002, "2014Q4": 0.24327266617800003, "2016Q2": 0.240079526676, "2016Q4": 0.25593381449999997, "2010Q2": 0.025645154898, "2010Q4": 0.031513094592, "2017Q2": 0.28844766081, "2017Q4": 0.383438389698, "2015Q2": 0.317606031246, "2015Q4": 0.233136320208, "2012Q2": 0.038616943908, "2012Q4": 0.038057234226, "2018Q2": 0.342873772224, "2018Q4": 0.259217315604, "2013Q2": 0.052371141006, "2013Q4": 0.121636272606, "2019Q2": 0.324021584022, "2019Q4": 0.32873466131400003, "2011Q2": 0.027107149974000003, "2011Q4": 0.025447617420000002}