{"2021Q3": 1.8992099999999998, "2021Q2": 1.003255, "2021Q1": 0.672771, "2021Q4": 2.7576099999999997, "2009Q3": 1.3958390059059997, "2009Q2": 1.325163645161, "2009Q1": 1.007124322767, "2009Q4": 1.4046734430330001, "2022Q2": 1.346615, "2019Q3": 1.6095, "2019Q2": 2.92929, "2019Q1": 1.654566, "2019Q4": 1.708216, "2008Q3": 1.4488454945429998, "2008Q2": 1.925904411608, "2008Q1": 2.005414340386, "2008Q4": 1.413507879087, "2017Q3": 1.248972, "2017Q2": 1.3863159999999999, "2017Q1": 1.5386819999999999, "2017Q4": 1.122358, "2015Q3": 2.049586391896, "2015Q2": 2.968366480737, "2015Q1": 3.4189222194729996, "2015Q4": 2.102592880533, "2023Q2": 0.8712759999999999, "2018Q3": 1.3627099999999999, "2018Q2": 1.600916, "2018Q1": 1.199614, "2018Q4": 1.369148, "2020Q3": 0.778998, "2020Q2": 1.178154, "2020Q1": 1.24468, "2020Q4": 0.598734, "2007Q4": 1.7668848158639998, "2016Q3": 2.37133, "2016Q2": 2.129096189768, "2016Q1": 1.8994012332789998, "2016Q4": 2.12454, "2010Q3": 1.669706144811, "2010Q2": 2.288115916418, "2010Q1": 1.263322589564}