{"2021Q3": 48.65567539426299, "2021Q2": 49.684334508349, "2021Q1": 44.541030558862, "2021Q4": 50.162749999999996, "2011Q4": 51.594974472387996, "2022Q3": 54.830299999999994, "2022Q2": 50.27005, "2022Q1": 57.405499999999996, "2022Q4": 65.8822, "2019Q3": 46.258027555224, "2019Q2": 59.335189906249994, "2019Q1": 62.458097727098995, "2019Q4": 48.027999734375, "2017Q3": 48.614926543237, "2017Q2": 57.098710019262995, "2017Q1": 50.140099640624996, "2017Q4": 53.485847765624996, "2015Q3": 80.213364039599, "2015Q2": 82.55879953125, "2015Q1": 86.780559945849, "2015Q4": 64.282419871362, "2014Q3": 94.199550195849, "2014Q2": 74.05389975, "2014Q1": 62.022484874999996, "2014Q4": 83.403141555224, "2012Q2": 58.480428046875, "2012Q1": 52.14581327397399, "2023Q3": 0, "2023Q2": 72.8567, "2023Q1": 68.77929999999999, "2018Q3": 62.448335941138, "2018Q2": 52.907618125, "2018Q1": 53.00399532084899, "2018Q4": 60.994232328124994, "2020Q3": 36.818146590112, "2020Q2": 38.512082468749995, "2020Q1": 33.230994421874996, "2020Q4": 38.831958019263, "2013Q3": 57.32904875, "2013Q2": 63.626904890625, "2013Q4": 73.58758065625, "2016Q3": 56.152583886987, "2016Q2": 59.272176305223994, "2016Q1": 68.063743125, "2016Q4": 56.71741360209899}