{"2023Q2": 17.8733, "2023Q1": 17.3416, "2021Q3": 22.372300000000003, "2021Q2": 23.2312, "2021Q1": 20.859, "2021Q4": 24.6218, "2020Q4": 37.3417, "2022Q3": 14.192300000000001, "2022Q2": 13.701500000000001, "2022Q1": 18.814, "2022Q4": 11.7383}