{"2021Q3": 239.06701543749998, "2021Q2": 174.47436025, "2021Q1": 180.413901453125, "2021Q4": 157.441608546875, "2011Q4": 315.1639071875, "2022Q3": 137.761413765625, "2022Q2": 217.23914409374999, "2022Q1": 158.955477421875, "2022Q4": 125.98230478125, "2019Q3": 103.199740070849, "2019Q2": 138.54007645312498, "2019Q1": 137.94612065625, "2019Q4": 92.954006765625, "2017Q3": 148.6603945, "2017Q2": 130.095960445849, "2017Q1": 122.844240836474, "2017Q4": 200.28633089062498, "2015Q3": 118.894796086474, "2015Q2": 129.860822555224, "2015Q1": 149.339955578125, "2015Q4": 108.21735632084899, "2014Q3": 187.11245603125, "2014Q2": 247.564152734375, "2014Q1": 255.480444953125, "2014Q4": 113.41179123437499, "2012Q3": 258.44879885937496, "2012Q2": 323.7788900625, "2012Q1": 330.95806481249997, "2012Q4": 238.208548375, "2023Q3": 0, "2023Q2": 186.7905895625, "2023Q1": 159.504819890625, "2018Q3": 161.99627559375, "2018Q2": 151.68742809375, "2018Q1": 231.21289015624998, "2018Q4": 158.8830666875, "2020Q3": 84.638633992724, "2020Q2": 54.940869296875, "2020Q1": 51.67410822238799, "2020Q4": 138.094605414599, "2013Q3": 248.28381718749998, "2013Q2": 192.869754890625, "2013Q1": 229.572591703125, "2013Q4": 274.911401953125, "2016Q3": 134.91097249999999, "2016Q2": 130.293710992724, "2016Q1": 152.94719715624998, "2016Q4": 114.142168921875}