{"2021Q2": 326.7285, "2021Q1": 393.791, "2021Q4": 234.987, "2021Q3": 276.2975, "2011Q4": 15.648300878637999, "2022Q2": 251.61849999999998, "2022Q1": 245.71699999999998, "2022Q4": 132.5155, "2022Q3": 213.527, "2019Q2": 65.2384, "2019Q1": 53.7573, "2019Q4": 67.27709999999999, "2019Q3": 64.38, "2017Q2": 37.483297613012994, "2017Q1": 32.602461619543, "2017Q4": 28.636781456763, "2017Q3": 35.309801988013, "2015Q2": 40.372107011987, "2015Q1": 14.847373441138, "2015Q4": 20.186053505457, "2015Q3": 28.047989472388, "2014Q2": 14.521100756903, "2014Q1": 15.781521583208999, "2014Q4": 13.492782195849, "2014Q3": 14.521100756903, "2012Q2": 14.739688880084, "2012Q1": 17.061696506903, "2012Q4": 13.660287555224, "2012Q3": 14.386341807043, "2023Q2": 182.41, "2023Q1": 178.118, "2018Q2": 51.6113, "2018Q1": 41.4178, "2018Q4": 46.138999999999996, "2018Q3": 50.001799999999996, "2020Q2": 365.893, "2020Q1": 46.138999999999996, "2020Q4": 370.7215, "2020Q3": 381.988, "2013Q4": 15.676485989832, "2016Q2": 17.583114779431, "2016Q1": 21.567203597388, "2016Q4": 26.539546373181, "2016Q3": 25.471865267444}