{"2021Q3": 2.299060725653, "2021Q2": 2.825602729839, "2021Q1": 2.080102448589, "2021Q4": 2.096415926411, "2011Q4": 0.269652074078, "2022Q3": 1.6422804643889999, "2022Q2": 1.568351393167, "2022Q1": 2.2548351024719997, "2022Q4": 1.67388, "2019Q3": 1.6837354374009998, "2019Q2": 2.02250506078, "2019Q1": 1.435978663328, "2019Q4": 1.7817671895929998, "2017Q3": 1.380071852472, "2017Q2": 1.97859746085, "2017Q1": 2.2753874013410003, "2017Q4": 1.4399633808069998, "2015Q3": 1.048555129673, "2015Q2": 1.053017208757, "2015Q1": 1.213646959031, "2015Q4": 1.7885699731109999, "2014Q3": 0.9553549548449999, "2014Q2": 0.8081256537079999, "2014Q1": 0.8768326914499999, "2014Q4": 1.026245584069, "2012Q3": 0.31106288992099995, "2012Q2": 0.276072342753, "2012Q1": 0.335459984923, "2012Q4": 0.42662316903999997, "2023Q2": 1.514003, "2023Q1": 1.6277409999999999, "2018Q3": 1.324966517893, "2018Q2": 1.319966694129, "2018Q1": 1.344965943855, "2018Q4": 1.370247196222, "2020Q4": 1.803798138258, "2013Q3": 0.733636833795, "2013Q2": 0.702160747907, "2013Q1": 0.767534372732, "2013Q4": 0.781951566625, "2007Q4": 0.09018805995799999, "2016Q3": 2.239176794158, "2016Q2": 1.898975673968, "2016Q1": 1.6560834205050001, "2016Q4": 2.057741558862}