{"2009Q3": 3.59455, "2009Q2": 2.92929, "2009Q1": 2.8917349999999997, "2009Q4": 3.12243, "2011Q1": 12.929649999999999, "2022Q3": 25.537399999999998, "2022Q2": 31.2243, "2022Q1": 40.130199999999995, "2022Q4": 27.73705, "2008Q3": 5.52595, "2008Q2": 4.817769999999999, "2008Q1": 4.490505, "2008Q4": 3.127795, "2017Q3": 27.468799999999998, "2017Q2": 28.2199, "2017Q1": 25.4301, "2017Q4": 28.05895, "2015Q3": 21.299049999999998, "2015Q2": 23.069499999999998, "2015Q1": 16.89975, "2015Q4": 18.8848, "2014Q3": 7.510999999999999, "2014Q2": 7.54319, "2014Q1": 7.510999999999999, "2014Q4": 6.73844, "2012Q4": 5.2577, "2023Q2": 26.66405, "2023Q1": 27.6834, "2013Q3": 12.39315, "2013Q2": 6.68479, "2013Q1": 6.36289, "2013Q4": 6.116099999999999, "2007Q4": 4.4851399999999995, "2010Q3": 13.734399999999999, "2010Q2": 21.996499999999997, "2010Q4": 13.197899999999999}