{"2021Q3": 143.96477884375, "2021Q2": 160.55550484375, "2021Q1": 138.61292309375, "2021Q4": 111.0555, "2022Q3": 72.7494, "2022Q2": 84.4451, "2022Q1": 120.71249999999999, "2022Q4": 77.79249999999999, "2019Q3": 183.908863640625, "2019Q2": 132.20114453124998, "2019Q1": 139.664119398974, "2019Q4": 155.386495, "2017Q3": 37.938257996362, "2017Q2": 46.011354914598996, "2017Q1": 47.436013898974, "2017Q4": 31.508691105736997, "2015Q3": 29.453910775793, "2015Q2": 30.806919765624997, "2015Q1": 37.83214416459899, "2015Q4": 35.028032607556, "2014Q3": 25.286173396082, "2014Q2": 37.41531719584899, "2014Q4": 21.648104025793, "2012Q4": 15.572584173321, "2023Q3": 0, "2023Q2": 77.47059999999999, "2023Q1": 79.61659999999999, "2018Q3": 200.122765453125, "2018Q2": 144.2374214375, "2018Q1": 41.248706097387995, "2018Q4": 173.780548390625, "2020Q3": 130.289704008349, "2020Q2": 136.697400140625, "2020Q1": 116.406374961474, "2020Q4": 123.092556508349, "2013Q2": 15.110033152984998, "2013Q1": 16.600478354291, "2016Q3": 42.369228261987, "2016Q2": 56.946767352098995, "2016Q1": 34.293907802332, "2016Q4": 41.737357003637996}