{"2021Q3": 116.474795477099, "2021Q2": 118.4489394375, "2021Q1": 114.500643133349, "2021Q4": 114.81099999999999, "2011Q4": 25.977177013806, "2022Q3": 89.16629999999999, "2022Q2": 95.71159999999999, "2022Q1": 99.4671, "2022Q4": 86.913, "2019Q3": 25.2610354375, "2019Q2": 32.726495808862, "2019Q1": 29.297590183861995, "2019Q4": 29.956179560681, "2017Q3": 23.535963697668, "2017Q2": 23.818070486194, "2017Q1": 22.488128900792997, "2017Q4": 29.854720284888, "2015Q3": 26.018521045056, "2015Q2": 30.183007988013, "2015Q1": 30.565077720568997, "2015Q4": 26.858114204944, "2014Q3": 27.916838275792998, "2014Q2": 26.813404474207, "2014Q1": 24.643320654431, "2014Q4": 30.603278197667997, "2012Q3": 19.507391484375, "2012Q4": 19.909129390625, "2023Q3": 0, "2023Q2": 74.03699999999999, "2023Q1": 78.7582, "2018Q3": 28.816653560681, "2018Q2": 30.975825055224, "2018Q1": 26.948139324487, "2018Q4": 27.648246675513, "2020Q3": 37.78667159738799, "2020Q2": 27.315664876818996, "2020Q1": 21.624902496361997, "2020Q4": 54.68392771147399, "2013Q3": 25.9944309375, "2013Q2": 21.632713182043, "2013Q1": 18.080022755457, "2013Q4": 25.562848123181, "2016Q3": 21.690080958582, "2016Q2": 22.003294269263, "2016Q1": 22.864634541418, "2016Q4": 23.616564439319}