{"2023Q1": 0.015780350000000002, "2023Q2": 0.023670525, "2023Q3": 0.022092490000000003, "2020Q4": 0.07134296235000001, "2022Q1": 0.020514455, "2022Q4": 0.015780350000000002, "2022Q2": 0.023670525, "2022Q3": 0.026826595000000005, "2021Q1": 0.047561974900000005, "2021Q4": 0.017358385, "2021Q2": 0.050497120000000006, "2021Q3": 0.026826595000000005}