{"2021Q3": 2.32841, "2021Q2": 2.526915, "2021Q1": 2.044065, "2021Q4": 1.7328949999999999, "2022Q3": 0.981795, "2022Q2": 1.1588399999999999, "2022Q1": 1.818735, "2022Q4": 0.854108, "2019Q3": 1.507345736742, "2019Q2": 1.6085456695079998, "2019Q1": 1.459408885541, "2019Q4": 1.73105078125, "2017Q3": 1.511412055871, "2017Q2": 1.876235723385, "2017Q1": 1.9804708888059999, "2017Q4": 1.4753878362989998, "2015Q3": 1.4865034456739998, "2015Q2": 1.4814644584830001, "2015Q1": 1.587027382002, "2015Q4": 1.7086801980409998, "2014Q3": 1.180142953574, "2014Q2": 1.053872517444, "2014Q1": 1.078155167339, "2014Q4": 1.273602013258, "2012Q4": 0.9683477240699999, "2023Q3": 0, "2023Q2": 1.13738, "2023Q1": 1.1727889999999999, "2018Q3": 1.6351772097539998, "2018Q2": 1.896166383996, "2018Q1": 1.7257244210529998, "2018Q4": 1.411472165246, "2020Q3": 1.640503439045, "2020Q2": 1.8002928125, "2020Q1": 1.1078725, "2020Q4": 2.4678999999999998, "2013Q3": 0.982588092928, "2013Q2": 0.932271962943, "2013Q1": 1.115498501994, "2013Q4": 0.8654381567980001, "2016Q3": 2.0268129100629997, "2016Q2": 2.062731034614, "2016Q1": 1.8677464231459997, "2016Q4": 1.985682771706}