{"2021Q3": 41.532950503638, "2021Q2": 42.373059206762996, "2021Q1": 42.635596320849, "2021Q4": 37.93055, "2022Q3": 31.975399999999997, "2022Q2": 37.1258, "2022Q1": 38.574349999999995, "2022Q4": 105.6905, "2019Q3": 34.646803251818994, "2019Q2": 41.47425824272399, "2019Q1": 40.557136640625, "2019Q4": 37.871748761987, "2017Q3": 48.139948003638, "2017Q2": 54.54867941459899, "2017Q1": 88.1656604375, "2017Q4": 42.976148078125, "2015Q3": 125.95509417187499, "2015Q2": 141.116349453125, "2015Q1": 125.371977352099, "2015Q4": 106.278545914599, "2014Q3": 140.447191445849, "2014Q2": 134.714621883349, "2014Q1": 124.96931733647399, "2014Q4": 129.453845390625, "2012Q4": 85.079083727099, "2023Q2": 109.5533, "2023Q1": 114.91829999999999, "2018Q3": 51.269788409887994, "2018Q2": 52.878257324487, "2018Q1": 42.724827168237, "2018Q4": 37.958624039598995, "2020Q3": 27.745061873181, "2020Q2": 28.830061869542998, "2020Q1": 24.438388133348997, "2020Q4": 32.764298102099, "2013Q3": 100.364086086474, "2013Q2": 95.64373275, "2013Q1": 86.764926, "2013Q4": 112.472388117724, "2016Q3": 90.551232836474, "2016Q2": 94.363912, "2016Q1": 93.64902574999999, "2016Q4": 93.660736539599}