{"2016Q2": 0.08721204, "2016Q1": 0.06925662, "2016Q3": 0.19879215000000003, "2013Q1": 0.0641265, "2017Q1": 0.15133854, "2017Q3": 0.059637645, "2009Q4": 0.10260240000000001, "2019Q2": 0.021161745000000003, "2019Q1": 0.013979577, "2019Q3": 0.025265841, "2019Q4": 0.022059515999999998, "2021Q2": 0.009618975, "2021Q1": 0.010003734, "2021Q3": 0.014620842000000002, "2021Q4": 0.018340178999999998, "2020Q2": 0.013081806, "2020Q1": 0.019109697, "2020Q3": 0.012055782000000001, "2020Q4": 0.01410783, "2010Q2": 0.0769518, "2010Q4": 0.05001867, "2012Q2": 0.06797409, "2012Q1": 0.022572528, "2012Q3": 0.049377405000000006, "2012Q4": 0.04296475500000001, "2011Q4": 0.024368070000000002, "2018Q2": 0.022572528, "2018Q1": 0.035910840000000006, "2018Q3": 0.018468432, "2015Q3": 0.06540903, "2015Q4": 0.063485235, "2022Q2": 0.01026024, "2022Q1": 0.014620842000000002, "2022Q3": 0.009490722, "2022Q4": 0.009105963}