{"2021Q3": 4.494143672063999, "2021Q2": 5.485247859456, "2021Q1": 4.972607718911999, "2021Q4": 4.7951999999999995, "2022Q3": 4.03488, "2022Q2": 4.38912, "2022Q1": 5.47776, "2022Q4": 3.9095999999999997, "2015Q3": 6.240920906303999, "2015Q2": 6.71022520272, "2015Q1": 7.904067750432, "2015Q4": 5.4669806720639995, "2014Q3": 5.598714937824, "2014Q2": 4.668340078368, "2014Q1": 4.1167018126079995, "2014Q4": 5.261145750432, "2012Q4": 5.047077093696, "2023Q2": 4.71744, "2023Q1": 4.69152, "2020Q3": 3.827711953152, "2020Q2": 3.1698238360319997, "2020Q4": 5.14348776576, "2013Q3": 4.104352687392, "2013Q2": 4.701274172064, "2013Q1": 5.170578046848, "2013Q4": 3.7667830783680003, "2016Q3": 6.257387953152, "2016Q2": 5.170578046848, "2016Q1": 5.648115655872}