{"2021Q3": 6.570836142444, "2021Q2": 5.928494751819, "2021Q1": 5.528347484375, "2021Q4": 5.7942, "2011Q4": 9.799811689319, "2022Q3": 3.29411, "2022Q2": 4.31346, "2022Q1": 6.28778, "2022Q4": 2.8756399999999998, "2019Q3": 3.436858294333, "2019Q2": 3.843922429874, "2019Q1": 4.184001345021, "2019Q4": 3.0916265692279996, "2017Q3": 4.0700019064249995, "2017Q2": 4.843804920056, "2017Q1": 4.492076252915, "2017Q4": 4.199459513083, "2015Q3": 3.9695079636659996, "2015Q2": 4.934249180224, "2015Q1": 6.069830018889999, "2015Q4": 4.291088631355, "2014Q3": 6.653144358652, "2014Q2": 5.207182552682, "2012Q3": 9.208445133722, "2012Q2": 8.490354030154, "2018Q3": 5.729814760541, "2018Q2": 5.874090298694, "2018Q1": 4.184001345021, "2018Q4": 4.441636870639, "2020Q3": 3.395636600105, "2020Q2": 2.9164344331389995, "2020Q1": 2.3393307085819997, "2020Q4": 5.159791369192999, "2013Q3": 4.716588404804, "2013Q2": 4.458381014179, "2016Q3": 4.828730527612, "2016Q2": 5.436718104291, "2016Q1": 4.260940370091, "2016Q4": 4.286063396805}