{"2016Q3": 0.059715383861999996, "2013Q2": 0.231102120216, "2013Q4": 0.19626255846399998, "2009Q4": 0.087193504874, "2019Q1": 0.035641309999999995, "2019Q3": 0.029237956, "2021Q4": 0.019693334, "2020Q1": 0.016793702, "2020Q3": 0.022592966, "2023Q2": 0.014739796, "2023Q1": 0.013531616, "2010Q2": 0.11994871449, "2012Q2": 0.19607009538999998, "2012Q4": 0.212217058636, "2011Q4": 0.17761635407, "2018Q1": 0.04800642821, "2018Q3": 0.03745358, "2015Q2": 0.161582838926, "2015Q4": 0.11591810519199999, "2022Q2": 0.017881064, "2022Q4": 0.01570634, "2022Q3": 0.016914520000000002, "2014Q2": 0.217785560256, "2014Q4": 0.13933589567799998}