{"2017Q2": 0.13353630435299998, "2017Q4": 0.105851895058, "2017Q1": 0.100966490489, "2017Q3": 0.105851895058, "2016Q2": 0.109108943955, "2016Q4": 0.083053227885, "2016Q1": 0.145289899813, "2016Q3": 0.100966490489, "2015Q2": 0.15660771434999998, "2015Q4": 0.17919068515599998, "2015Q1": 0.114774095954, "2015Q3": 0.151747288703, "2020Q2": 0.462491829443, "2020Q4": 0.676406591709, "2020Q1": 0.089566988126, "2020Q3": 0.973764118022, "2022Q2": 0.150211085, "2022Q1": 0.22278498, "2022Q3": 0.08270048499999999, "2018Q2": 0.074910774419, "2018Q4": 0.066768320953, "2018Q1": 0.08142453465999999, "2018Q3": 0.074910774419, "2021Q2": 0.550486158142, "2021Q4": 0.35105512, "2021Q1": 0.420116776035, "2021Q3": 0.41856572, "2019Q2": 0.050483414021, "2019Q4": 0.05211176969299999, "2019Q1": 0.05211176969299999, "2019Q3": 0.042340960554999994, "2014Q4": 0.086885129541}