{"2010Q4": 0.43147847898099995, "2010Q2": 0.5986482273159999, "2013Q4": 0.059864720165999995, "2013Q2": 0.07116001327999999, "2014Q4": 0.025912301390999995, "2014Q2": 0.047439923381999996, "2009Q4": 0.7341912318559999, "2022Q4": 0.012436079, "2016Q4": 0.033333691793, "2016Q2": 0.020377605200999998, "2019Q4": 0.010384767, "2019Q2": 0.01025656, "2017Q4": 0.026282434999999996, "2017Q2": 0.03333382, "2021Q4": 0.007948833999999998, "2020Q4": 0.008333455, "2015Q4": 0.016478189296, "2015Q2": 0.03836530371499999, "2018Q4": 0.012820699999999999, "2018Q2": 0.019231049999999996, "2012Q4": 0.10843427542499999, "2012Q2": 0.099398117858, "2011Q4": 0.07228951695, "2011Q2": 0.24623641551199998}