{"2021Q3": 44.450177636987, "2021Q2": 40.821593418237, "2021Q1": 31.003065003638, "2021Q4": 50.5383, "2022Q3": 94.9605, "2022Q2": 79.1874, "2022Q1": 60.839099999999995, "2022Q4": 117.4935, "2019Q3": 7.981082977099, "2019Q2": 8.196234146082, "2019Q1": 6.966799338666, "2019Q4": 8.798386238013, "2017Q3": 8.271129860471, "2017Q2": 8.833985947668, "2017Q1": 8.347449605737, "2017Q4": 7.8174939625699995, "2015Q3": 11.620877111194, "2015Q2": 12.256393845196, "2015Q1": 9.85050884375, "2015Q4": 9.904760310680999, "2014Q3": 11.221284157696, "2014Q2": 9.225404611194001, "2014Q1": 9.624578425140001, "2014Q4": 9.714326911333998, "2023Q2": 21.08445, "2023Q1": 147.2156, "2018Q3": 7.197214038876, "2018Q2": 7.669808191137999, "2018Q1": 7.758419235098, "2018Q4": 6.516006261987, "2020Q3": 20.438028275793, "2020Q2": 14.206276898974, "2020Q1": 9.368749657696, "2020Q4": 26.413971841931, "2013Q3": 6.942019744916, "2013Q2": 7.1576094404149995, "2013Q1": 6.700558070849, "2013Q4": 7.965781724557, "2016Q3": 8.528325026889, "2016Q2": 8.779431651166, "2016Q1": 9.095639722015001, "2016Q4": 9.539942406249999}