{"2021Q3": 2.45717, "2021Q2": 3.1653499999999997, "2021Q1": 3.12243, "2021Q4": 1.83483, "2011Q4": 70.503149945849, "2022Q3": 1.185665, "2022Q2": 1.52366, "2022Q1": 1.8455599999999999, "2022Q4": 1.2715049999999999, "2019Q3": 1.3627099999999999, "2019Q2": 2.054795, "2019Q4": 1.66315, "2017Q3": 2.419615, "2017Q2": 2.4678999999999998, "2017Q1": 2.41425, "2017Q4": 2.40352, "2015Q3": 3.78769, "2015Q2": 2.7093249999999998, "2015Q1": 2.462535, "2015Q4": 3.5408999999999997, "2014Q3": 2.365965, "2014Q4": 2.065525, "2012Q3": 57.947796715112, "2012Q2": 91.589712414599, "2012Q1": 89.980044758349, "2012Q4": 30.905491161707, "2023Q3": 0, "2023Q2": 1.5429739999999998, "2023Q1": 1.814443, "2018Q2": 3.0419549999999997, "2018Q1": 3.0902399999999997, "2020Q4": 1.164205, "2013Q3": 4.034479999999999, "2013Q2": 3.48725, "2013Q1": 19.072575, "2013Q4": 3.2833799999999997, "2016Q3": 3.41214, "2016Q2": 3.181445, "2016Q1": 3.245825, "2016Q4": 3.031225}