{"2021Q3": 144.660998125, "2021Q2": 166.74320359375, "2021Q1": 174.4043625625, "2021Q4": 143.183530875, "2022Q3": 105.21473451609401, "2022Q2": 118.9384, "2022Q1": 126.71513815625, "2022Q4": 115.37400000000001, "2019Q3": 167.2952605625, "2019Q2": 188.81089937500002, "2019Q1": 206.374714875, "2019Q4": 172.94200590625002, "2017Q3": 144.9663464375, "2017Q2": 158.73171628125002, "2017Q1": 114.85464845359401, "2017Q4": 173.86394265625, "2015Q3": 245.926774625, "2015Q2": 221.5902766875, "2015Q1": 228.421584125, "2015Q4": 217.33731140625, "2014Q4": 250.623340625, "2023Q3": 0, "2023Q2": 114.52980000000001, "2023Q1": 108.808, "2018Q3": 200.81282921875, "2018Q2": 174.29858840625002, "2018Q1": 222.11117446875, "2018Q4": 179.1508184375, "2020Q3": 150.7129448125, "2020Q2": 149.8237794375, "2020Q1": 132.92972525000002, "2020Q4": 160.88464612500002, "2016Q3": 131.77145646875002, "2016Q2": 122.78702865625, "2016Q1": 149.740268125, "2016Q4": 120.01666031250001}