{"2021Q3": 3.1653499999999997, "2021Q2": 1.059051, "2021Q1": 0.6448729999999999, "2021Q4": 2.12454, "2009Q3": 0.558689501583, "2009Q2": 0.5671974012040001, "2009Q1": 0.43579671708699996, "2009Q4": 0.58298256387, "2011Q3": 0.814467644887, "2011Q2": 0.98603827507, "2011Q1": 1.0304100075879998, "2011Q4": 0.884979933238, "2022Q3": 2.60739, "2022Q2": 1.700705, "2022Q1": 2.47863, "2022Q4": 2.526915, "2019Q3": 0.81548, "2019Q2": 0.992525, "2019Q1": 0.9753569999999999, "2019Q4": 0.7832899999999999, "2008Q3": 0.684418328087, "2008Q2": 0.7609899504459999, "2008Q1": 0.8640307617129999, "2008Q4": 0.49251649605, "2017Q3": 1.3029582288419999, "2017Q2": 1.705498134993, "2017Q1": 1.4936349921, "2017Q4": 1.207125, "2015Q3": 1.931744219473, "2015Q2": 1.3887675796699999, "2015Q1": 1.174709450035, "2015Q4": 2.667122516173, "2014Q3": 1.336558113287, "2014Q4": 1.070290780154, "2012Q3": 1.3506527655259999, "2012Q2": 0.947472818094, "2012Q1": 1.224658830766, "2012Q4": 1.0485138706769999, "2023Q3": 0, "2023Q2": 2.8488149999999997, "2023Q1": 3.5087099999999998, "2018Q3": 1.207125, "2018Q2": 1.207125, "2018Q4": 0.956043, "2020Q4": 0.66526, "2013Q3": 1.17186846257, "2013Q2": 1.1821480171699998, "2013Q1": 1.218126524796, "2013Q4": 0.9658721091999999, "2007Q4": 1.058768603568, "2016Q3": 1.926838439867, "2016Q2": 1.779831676784, "2016Q1": 2.058094422423, "2016Q4": 1.721387887261, "2010Q3": 0.8715684161059999, "2010Q2": 0.749548917339, "2010Q1": 0.693381127131, "2010Q4": 1.045200629087}