{"2021Q3": 13.778802070488, "2021Q2": 14.18888524248, "2021Q1": 11.359309710528, "2021Q4": 13.940804109024, "2022Q3": 15.489783562968, "2022Q2": 12.30331324248, "2022Q1": 14.117830593984, "2022Q4": 16.0524, "2019Q3": 9.79898125752, "2019Q2": 10.742587171992, "2019Q1": 11.178097734024, "2019Q4": 10.41595425, "2017Q3": 14.297782078008, "2017Q2": 15.022552289472, "2017Q1": 13.935395601504, "2017Q4": 13.725737085528, "2015Q3": 10.84661388252, "2015Q2": 12.501179437968, "2015Q1": 14.49279, "2015Q4": 12.038731453008001, "2014Q3": 16.407637593984, "2014Q2": 18.95467275, "2014Q1": 15.31181925, "2014Q4": 14.891111929512, "2012Q4": 11.205534234024, "2023Q3": 0, "2023Q2": 15.1164, "2023Q1": 16.146, "2018Q3": 11.677118273496001, "2018Q2": 11.403970804512, "2018Q1": 13.145295515975999, "2018Q4": 10.815171046991999, "2020Q3": 8.208856195488, "2020Q2": 7.821645609024, "2020Q1": 7.186621253759999, "2020Q4": 9.677968523496, "2013Q3": 13.942103906016, "2013Q2": 13.596431976503998, "2013Q1": 13.740463546991998, "2013Q4": 16.585340484024, "2016Q3": 12.070577390975998, "2016Q2": 12.134276578008, "2016Q1": 12.197971195488, "2016Q4": 14.824889929512}