{"2021Q4": 119.745, "2011Q3": 10.700630272848999, "2022Q4": 46.0353, "2019Q4": 37.68161715625, "2017Q4": 33.717264207253, "2015Q4": 10.063287856279, "2014Q1": 10.314871027121999, "2014Q4": 5.9876571188079994, "2018Q4": 36.094202457253004, "2020Q4": 45.044112148881, "2013Q1": 9.015028831220999, "2016Q4": 11.74080581766, "2010Q4": 0}