{"2021Q3": 76.633517492724, "2021Q2": 81.281108015625, "2021Q1": 67.64819034375, "2021Q4": 78.089913805224, "2022Q3": 56.573204078124995, "2022Q2": 67.069160144263, "2022Q1": 71.89730387499999, "2022Q4": 59.9807, "2019Q3": 85.932386977099, "2019Q2": 77.863041367724, "2019Q1": 94.12989740625, "2019Q4": 94.566256328125, "2017Q3": 88.16400064062499, "2017Q2": 96.697703765625, "2017Q1": 88.754008133349, "2017Q4": 92.396323398974, "2015Q3": 71.43098478125, "2015Q2": 78.002296648974, "2015Q1": 78.087633680224, "2015Q4": 74.173354828125, "2014Q3": 70.298630277612, "2014Q2": 70.63217819584901, "2014Q1": 62.293094636987, "2014Q4": 71.857686703125, "2012Q4": 34.628375734375, "2023Q3": 0, "2023Q2": 51.504, "2023Q1": 56.332499999999996, "2018Q3": 84.3857496875, "2018Q2": 83.406327023974, "2018Q1": 85.690274586474, "2018Q4": 73.194695, "2020Q3": 80.548911258349, "2020Q2": 73.337093836474, "2020Q1": 58.71030572238799, "2020Q4": 75.084323445849, "2013Q3": 48.373468011987, "2013Q2": 45.365362808862, "2013Q1": 39.796325152612, "2013Q4": 55.371641074487, "2016Q3": 84.13956325, "2016Q2": 92.16543559374999, "2016Q1": 85.10972290625, "2016Q4": 80.758624078125}