{"2014Q2": 3.788737567576, "2014Q4": 4.8732138, "2016Q2": 4.714895202212, "2016Q4": 5.019838360641, "2019Q2": 6.54016233, "2013Q2": 2.9045901300000003, "2013Q4": 3.7899126824910003, "2011Q2": 2.871715919605, "2011Q4": 1.94155026, "2018Q2": 6.823484663203001, "2018Q4": 6.883339460478, "2023Q2": 3.100549921079, "2017Q2": 4.56251419, "2017Q4": 6.296529744778001, "2015Q2": 4.97892902, "2015Q4": 4.530588322481001, "2010Q2": 1.16544584, "2010Q4": 2.269142001867, "2009Q4": 1.388919693057, "2022Q4": 3.4728709328170004, "2012Q2": 2.6662601944290003, "2012Q4": 3.2978901982260003}