{"2016Q2": 0.22437625, "2016Q1": 0.17565455000000002, "2016Q4": 0.24232634999999997, "2016Q3": 0.23520118601999998, "2013Q2": 0.18206529999999999, "2013Q1": 0.17052595, "2013Q4": 0.22437625, "2013Q3": 0.20049466767000002, "2017Q2": 0.26284074999999996, "2017Q1": 0.2872016, "2017Q4": 0.24745494999999998, "2017Q3": 0.26796935, "2009Q4": 0.14488294999999998, "2019Q2": 0.1564223, "2019Q1": 0.1835884942, "2019Q4": 0.10554120296999998, "2019Q3": 0.14279099405999998, "2021Q2": 0.11282919999999999, "2021Q1": 0.168865950395, "2021Q4": 0.09359695, "2021Q3": 0.1153935, "2020Q2": 0.099332904455, "2020Q1": 0.11547427545, "2020Q4": 0.13719005, "2020Q3": 0.112991135545, "2023Q1": 0.06923610000000001, "2010Q2": 0.16026875, "2010Q4": 0.1743724, "2012Q2": 0.1307793, "2012Q1": 0.11361002935, "2012Q4": 0.14872939999999998, "2012Q3": 0.1638613343, "2011Q2": 0.1359079, "2011Q4": 0.13108906743999998, "2018Q2": 0.20642615, "2018Q1": 0.2172321102, "2018Q4": 0.2000154, "2018Q3": 0.18591175, "2015Q2": 0.17052595, "2015Q1": 0.22565839999999998, "2015Q4": 0.15269201279, "2015Q3": 0.13975435, "2022Q2": 0.0589789, "2022Q1": 0.09359695, "2022Q4": 0.07436469999999999, "2022Q3": 0.0794933, "2014Q2": 0.22181194999999998, "2014Q1": 0.20642615, "2014Q4": 0.19530798627499998, "2014Q3": 0.2025797}