{"2017Q2": 0.3460486141, "2017Q4": 0.32765411416, "2016Q2": 0.44585314043999996, "2016Q4": 0.39139779405999997, "2009Q4": 0.2987012606, "2010Q2": 0.23688250117999998, "2010Q4": 0.27175031404, "2015Q2": 0.6627550648799999, "2015Q4": 0.33746294349999995, "2018Q2": 0.24628657195999998, "2018Q4": 0.2062208816, "2012Q2": 0.20245742518, "2012Q4": 0.26779233148, "2011Q2": 0.24345094471999998, "2011Q4": 0.17757275562, "2019Q2": 0.1657958779, "2013Q2": 0.21490941546, "2013Q4": 0.21004355841999997, "2014Q2": 0.2343280421, "2014Q4": 0.6683277045199999}