{"2009Q4": 0.016365367135999998, "2020Q2": 0.008718076, "2020Q4": 0.007820626999999998, "2020Q1": 0.013589941999999999, "2020Q3": 0.008077041, "2014Q2": 0.018435525565, "2014Q4": 0.015893693583, "2014Q1": 0.018144880295999997, "2014Q3": 0.016495753654999997, "2016Q2": 0.018272574468, "2016Q4": 0.017771926132999997, "2016Q1": 0.015393942696999998, "2016Q3": 0.019524131202, "2010Q2": 0.015055989044999999, "2010Q4": 0.018666810993, "2022Q2": 0.006025729, "2022Q4": 0.007820626999999998, "2021Q1": 0.008333455, "2017Q2": 0.016895887701999998, "2017Q4": 0.017021017733999996, "2017Q1": 0.017521666069, "2017Q3": 0.016895887701999998, "2015Q2": 0.017646796100999996, "2015Q4": 0.017021017733999996, "2015Q1": 0.024563050923, "2015Q3": 0.016144979303, "2012Q2": 0.016143056197999998, "2012Q4": 0.0168976826, "2012Q1": 0.015095092179999998, "2012Q3": 0.017333842813999998, "2018Q2": 0.016019721063999997, "2018Q4": 0.016520369399, "2018Q1": 0.016645499430999997, "2018Q3": 0.016520369399, "2013Q2": 0.018480654428999998, "2013Q4": 0.019531823622, "2013Q1": 0.017115762707, "2013Q3": 0.017567051347, "2019Q2": 0.015128425999999997, "2019Q4": 0.015000218999999999, "2019Q1": 0.015018552600999999, "2019Q3": 0.015000218999999999, "2011Q2": 0.016368444104, "2011Q4": 0.016019208235999997}