{"2021Q3": 4.499571011987, "2021Q4": 3.6344210136309996, "2022Q3": 2.9496749044309998, "2022Q2": 3.376324433862, "2022Q1": 3.4816699289529995, "2022Q4": 2.8917349999999997, "2019Q3": 2.678024888258, "2019Q2": 2.678024888258, "2008Q3": 2.5574475605059996, "2008Q2": 2.576773086672, "2008Q1": 2.618645497458, "2017Q3": 4.276257601749, "2017Q2": 4.560361596291999, "2015Q3": 4.792011188596, "2015Q2": 5.063964820849, "2014Q3": 5.386714628265, "2014Q2": 5.055087421875, "2023Q3": 0, "2023Q2": 3.213635, "2023Q1": 2.92929, "2018Q3": 3.0124839133279995, "2018Q2": 3.2329097056669998, "2020Q3": 2.280582124825, "2020Q2": 2.2042233481110003, "2013Q3": 4.264702156798, "2013Q2": 4.264702156798, "2007Q4": 2.60576216243, "2016Q3": 4.290190360821, "2016Q2": 4.22323055014}