{"2021Q3": 23.839484375, "2021Q2": 32.5717, "2021Q1": 30.803828125, "2021Q4": 21.32025, "2011Q4": 3.7821558323500004, "2022Q3": 16.1665, "2022Q2": 18.93325, "2022Q1": 22.568, "2022Q4": 17.08875, "2019Q3": 21.905887227105, "2019Q2": 29.909961894260004, "2019Q1": 40.54695859375, "2019Q4": 23.966300107015, "2017Q3": 39.914284921875, "2017Q2": 33.409351787245, "2015Q3": 78.259295352105, "2015Q2": 83.94524632812501, "2014Q4": 44.66052418023, "2012Q4": 15.48452452162, "2023Q3": 0, "2023Q2": 15.6023, "2023Q1": 16.58965, "2018Q3": 41.1482859375, "2018Q4": 31.121103740370003, "2020Q3": 28.483229277615, "2020Q2": 23.32861466824, "2020Q1": 19.024245898980002, "2020Q4": 27.803803125, "2016Q3": 42.629149883355, "2016Q2": 62.36390548801, "2010Q3": 4.04546329383, "2010Q2": 2.7330551340400002, "2010Q1": 2.24146616372, "2010Q4": 3.711723279775}