{"2021Q4": 0.1153935, "2011Q2": 0.153858, "2011Q4": 0.1410365, "2015Q2": 0.410288, "2015Q4": 0.33207685, "2014Q2": 0.22181194999999998, "2014Q4": 0.27309795, "2010Q2": 0.128215, "2010Q4": 0.1666795, "2009Q4": 0.11282919999999999, "2019Q2": 0.282073, "2019Q4": 0.22437625, "2016Q2": 0.3307947, "2016Q4": 0.3461805, "2018Q2": 0.333359, "2018Q4": 0.30130525, "2012Q2": 0.14488294999999998, "2012Q4": 0.19104035, "2020Q4": 0.128215, "2022Q4": 0.1359079, "2013Q2": 0.17565455000000002, "2013Q4": 0.20899044999999997, "2017Q2": 0.36413059999999997, "2017Q4": 0.35643769999999997}