{"2021Q3": 80.350850546875, "2021Q2": 107.205232305224, "2021Q1": 76.343933234375, "2021Q4": 81.486612664599, "2022Q3": 66.8479, "2022Q2": 57.8347, "2022Q1": 68.1369083125, "2022Q4": 55.581399999999995, "2019Q3": 47.683587691137994, "2019Q2": 69.46115796875, "2019Q1": 63.133098555223995, "2019Q4": 44.603553765625, "2017Q3": 75.145459296875, "2017Q2": 71.729764984375, "2017Q1": 72.98274396875, "2017Q4": 67.65017287863799, "2015Q3": 100.84840307812499, "2015Q2": 91.35679596874999, "2015Q1": 68.17275740988799, "2015Q4": 97.482024852099, "2014Q3": 51.072511492724, "2014Q2": 42.233041090112, "2014Q1": 43.113215445848994, "2014Q4": 66.594231902612, "2023Q3": 0, "2023Q2": 65.1311, "2018Q3": 43.520909340112, "2018Q2": 44.639440586473995, "2018Q1": 54.201035796875, "2018Q4": 41.745991300513, "2020Q3": 47.255863066138, "2020Q2": 33.536418003638, "2020Q1": 25.405768886986998, "2020Q4": 65.86119686301299, "2013Q3": 40.321131128637994, "2013Q2": 31.955356695848998, "2013Q1": 29.093996816138002, "2013Q4": 40.617446784887996, "2016Q3": 77.24890814062499, "2016Q2": 89.592775586474, "2016Q1": 94.206139086474, "2016Q4": 78.789333765625}