{"2016Q2": 0.04040828226, "2016Q1": 0.03865184636, "2016Q3": 0.039237752349999995, "2016Q4": 0.039237752349999995, "2013Q2": 0.06010856987999999, "2013Q1": 0.05900470760999999, "2013Q3": 0.054208483739999994, "2013Q4": 0.05125074824999999, "2017Q2": 0.0339876757, "2017Q1": 0.03513769249, "2017Q3": 0.03518000079999999, "2017Q4": 0.0339876757, "2009Q2": 0.04093521303, "2009Q4": 0.04093521303, "2008Q4": 0.009840271870999999, "2019Q2": 0.020769534, "2019Q1": 0.022840077049999997, "2019Q3": 0.024743950999999997, "2019Q4": 0.022436224999999997, "2021Q2": 0.013974562999999999, "2021Q1": 0.017820773, "2021Q3": 0.013461734999999999, "2021Q4": 0.013205320999999997, "2020Q2": 0.01666691, "2020Q1": 0.013205320999999997, "2020Q3": 0.012564286, "2020Q4": 0.016795117, "2010Q2": 0.05054817389, "2010Q4": 0.05687903554999999, "2012Q2": 0.04293396016, "2012Q1": 0.045689128589999996, "2012Q3": 0.052343071889999995, "2012Q4": 0.05805341166999999, "2011Q4": 0.04843019424999999, "2018Q2": 0.03648258391999999, "2018Q1": 0.032199188049999994, "2018Q3": 0.026754236759999998, "2018Q4": 0.026997830059999995, "2015Q2": 0.056827752749999995, "2015Q1": 0.07722035816999999, "2015Q3": 0.040994188249999994, "2015Q4": 0.039237752349999995, "2022Q2": 0.007692419999999999, "2022Q1": 0.011795044, "2022Q3": 0.007692419999999999, "2022Q4": 0.008461662, "2014Q2": 0.08042296903, "2014Q1": 0.05026611848999999, "2014Q3": 0.08230120157999998, "2014Q4": 0.06604327190999999}