{"2011Q4": 0.294340635, "2011Q2": 0.363597255, "2017Q4": 0.024368070000000002, "2017Q1": 0.031293732, "2017Q3": 0.025137588000000002, "2017Q2": 0.026163612, "2013Q4": 0.47325357, "2013Q1": 0.363597255, "2013Q3": 0.47902495500000003, "2013Q2": 0.45016803, "2019Q4": 0.00128253, "2019Q1": 0.005258373, "2019Q3": 0.001410783, "2019Q2": 0.003975843, "2018Q4": 0.005643132, "2018Q1": 0.017314155, "2018Q3": 0.006284397000000001, "2018Q2": 0.011799276000000001, "2022Q1": 0.001923795, "2022Q2": 0.00128253, "2009Q4": 0.155827395, "2021Q4": 0.002693313, "2021Q1": 0.002308554, "2021Q3": 0.003462831, "2021Q2": 0.001667289, "2010Q4": 0.421311105, "2020Q4": 0.0032063250000000003, "2020Q1": 0.00128253, "2020Q3": 0.00128253, "2020Q2": 0.00128253, "2016Q4": 0.019494456, "2016Q1": 0.014877348000000002, "2016Q3": 0.016672890000000003, "2016Q2": 0.018724938, "2015Q4": 0.014492589000000002, "2015Q1": 0.193918536, "2015Q3": 0.011029757999999999, "2015Q2": 0.039245418000000004, "2014Q4": 0.166215888, "2014Q1": 0.375140025, "2014Q3": 0.192764259, "2014Q2": 0.27240937200000004, "2012Q4": 0.34628310000000007, "2012Q1": 0.31742617500000003, "2012Q3": 0.340511715}