{"2021Q3": 114.523293492724, "2021Q2": 133.69459287499998, "2021Q1": 120.57738582812499, "2021Q4": 114.423823039599, "2011Q4": 54.678055550512994, "2022Q3": 99.307281680224, "2022Q2": 113.37406857812499, "2022Q1": 112.84918715625, "2022Q4": 109.446, "2019Q3": 66.611517261987, "2019Q2": 68.153896081763, "2019Q1": 70.274672199487, "2019Q4": 77.08857846875, "2017Q3": 72.803678711474, "2017Q2": 85.469144375, "2017Q1": 74.17045437499999, "2017Q4": 73.840657765625, "2015Q2": 124.473356617724, "2015Q1": 82.296442648974, "2015Q4": 95.934465453125, "2014Q3": 129.164428789599, "2014Q2": 117.514306140625, "2014Q1": 80.031289352099, "2014Q4": 91.169029352099, "2012Q3": 46.367951375, "2012Q2": 46.729267359375, "2012Q1": 58.532015875, "2012Q4": 45.926801675513, "2023Q3": 0, "2023Q2": 107.1927, "2023Q1": 104.5102, "2018Q3": 73.372729171875, "2018Q2": 73.091972015625, "2018Q1": 76.367530852099, "2018Q4": 67.67190532084899, "2020Q3": 95.22028335937499, "2020Q2": 90.166964711474, "2020Q1": 63.513850090112, "2020Q4": 126.631486546875, "2013Q3": 64.545782691138, "2013Q2": 56.849929102099, "2013Q1": 49.029959590112, "2013Q4": 69.647482742724, "2016Q3": 95.029423484375, "2016Q2": 80.548751984375, "2016Q4": 80.093171273974}