{"2021Q3": 1.1316245999999999, "2021Q1": 1.1329120000000001, "2021Q2": 1.0852781999999999, "2021Q4": 1.0015972, "2015Q3": 1.0711168, "2015Q1": 1.4006912, "2015Q2": 1.1316245999999999, "2015Q4": 1.0260578, "2014Q3": 0.9089044, "2014Q1": 0.6990582, "2014Q2": 0.7544164, "2014Q4": 0.9282153999999999, "2009Q4": 0.392657, "2019Q3": 0, "2019Q1": 1.4766478, "2019Q2": 1.242341, "2019Q4": 1.1239002, "2016Q3": 1.2462031999999998, "2016Q1": 1.0015972, "2016Q2": 1.1187505999999998, "2016Q4": 1.3942542, "2018Q3": 1.6182618, "2018Q1": 1.7418521999999999, "2018Q2": 1.7650254, "2018Q4": 1.5384429999999998, "2012Q3": 0.6578614, "2012Q4": 0.6475622, "2020Q3": 1.0595302, "2020Q1": 0.9861483999999999, "2020Q2": 1.0273452, "2020Q4": 1.0711168, "2022Q3": 0.830373, "2022Q1": 0.9887231999999999, "2022Q2": 0, "2022Q4": 0.830373, "2013Q3": 0.7788769999999999, "2013Q1": 0.6900464000000001, "2013Q2": 0.7119322, "2013Q4": 0.6887589999999999, "2017Q3": 1.776612, "2017Q1": 1.2693763999999998, "2017Q2": 1.5410178, "2017Q4": 1.5101202}