{"2016Q2": 2.05002993, "2016Q4": 2.27567425, "2013Q2": 1.6884861899999999, "2013Q4": 1.6359213199999998, "2017Q2": 2.4231122999999997, "2017Q4": 2.85260575, "2009Q4": 0.65641984, "2019Q2": 2.59362761, "2010Q2": 0.8012937499999999, "2010Q4": 1.08591329, "2012Q2": 1.21668443, "2012Q4": 1.8205393999999997, "2011Q2": 1.13463195, "2011Q4": 1.1307857399999999, "2018Q2": 2.8667085199999995, "2015Q2": 2.3397777499999997, "2015Q4": 2.00643955, "2014Q2": 1.7679745299999998, "2014Q4": 2.0641327}