{"2021Q4": 33.877137418237, "2022Q3": 32.493350932043, "2022Q2": 31.980836253638, "2022Q1": 33.005863513806, "2022Q4": 34.711549999999995, "2015Q3": 53.51677196147399, "2015Q2": 54.884616433862, "2015Q1": 59.244609425513, "2014Q3": 62.924542562499994, "2014Q2": 55.393683680223994, "2014Q1": 53.218096543237, "2014Q4": 57.962257066137994, "2012Q4": 50.994555527612, "2023Q3": 0, "2023Q2": 38.8426, "2023Q1": 36.1601, "2013Q3": 50.347004218749994, "2013Q2": 54.394184180223995, "2013Q1": 53.908525937499995, "2013Q4": 57.569266625}