{"2021Q3": 31.36238359375, "2021Q2": 33.67329785134999, "2021Q1": 33.42570214865, "2021Q4": 24.262056347549997, "2011Q4": 17.731458203549998, "2022Q4": 21.037499999999998, "2019Q3": 32.28351796875, "2019Q2": 34.729236913849995, "2019Q1": 48.8328951174, "2019Q4": 35.97795664104999, "2017Q3": 9.285800928, "2017Q2": 11.02386914105, "2017Q1": 11.490573926099998, "2017Q4": 12.024328271749999, "2015Q3": 19.9692209962, "2015Q2": 21.078620410049997, "2015Q1": 13.37620678695, "2015Q4": 16.340926269849998, "2014Q3": 21.4411288087, "2014Q2": 13.321878174199998, "2014Q1": 12.37594604455, "2014Q4": 18.06738916005, "2012Q4": 13.96879375, "2023Q3": 0, "2023Q2": 15.520999999999999, "2023Q1": 18.4025, "2018Q3": 36.99793339865, "2018Q2": 32.9411423826, "2018Q1": 15.59430253885, "2018Q4": 31.712849218749998, "2020Q3": 24.914119238599998, "2020Q2": 25.7336620114, "2020Q1": 30.73287558615, "2020Q4": 26.6580270511, "2013Q3": 14.047095019849998, "2013Q2": 12.5750452633, "2013Q1": 11.7920416989, "2013Q4": 14.188983593749999, "2016Q3": 12.690123144849998, "2016Q2": 10.8248653807, "2016Q1": 13.949569141049999, "2016Q4": 10.653724853249999}