{"2009Q4": 0.0450965658, "2020Q2": 0.033978418760000004, "2020Q1": 0.033596812600000005, "2014Q2": 0.07491341468000001, "2014Q4": 0.08739941353000001, "2014Q1": 0.048880397150000005, "2014Q3": 0.08505820817, "2016Q2": 0.09381967933, "2016Q4": 0.09211405450000001, "2016Q1": 0.09105819151000001, "2016Q3": 0.09126188669, "2010Q2": 0.04117478898, "2010Q4": 0.052938830230000004, "2022Q2": 0.05280990923, "2022Q1": 0.09095118708000001, "2021Q2": 0.07764138304, "2021Q1": 0.07619360021, "2017Q2": 0.11834818879, "2017Q4": 0.11565760752000001, "2017Q1": 0.11343758790000001, "2017Q3": 0.12283077196000002, "2023Q1": 0.048560673070000004, "2015Q2": 0.08374063555, "2015Q4": 0.08780551468, "2015Q1": 0.12485612087000002, "2015Q3": 0.07967575642000001, "2012Q2": 0.02185468792, "2012Q4": 0.028411609980000002, "2012Q1": 0.0294455564, "2012Q3": 0.028411609980000002, "2018Q2": 0.10013422991000001, "2018Q4": 0.09339424003, "2018Q1": 0.10579644023, "2018Q3": 0.08376513054, "2013Q2": 0.02902269552, "2013Q4": 0.04964360947000001, "2013Q1": 0.02695480268, "2013Q3": 0.05193453564, "2019Q2": 0.05830065462, "2019Q4": 0.034090580030000005, "2019Q1": 0.06450948998000001, "2019Q3": 0.057311830550000005, "2011Q2": 0.035609269410000005, "2011Q4": 0.03184219779}