{"2009Q2": 0.21155474999999999, "2009Q4": 0.30643385, "2020Q2": 0.08552196929999999, "2020Q4": 0.1461651, "2020Q1": 0.0902736172, "2020Q3": 0.12118240725, "2014Q2": 0.3128446, "2014Q4": 0.3461805, "2014Q1": 0.3487448, "2014Q3": 0.31028029999999995, "2016Q2": 0.28976589999999997, "2016Q4": 0.29874095, "2016Q1": 0.30130525, "2016Q3": 0.28463730000000004, "2010Q2": 0.32694824999999994, "2010Q4": 0.31156245, "2022Q2": 0.1099417982, "2022Q4": 0.15129369999999998, "2022Q1": 0.14231865000000002, "2022Q3": 0.1410365, "2021Q2": 0.13847220000000002, "2021Q4": 0.1410365, "2021Q1": 0.1410365, "2021Q3": 0.14872939999999998, "2017Q2": 0.2872016, "2017Q4": 0.2641229, "2017Q1": 0.2718158, "2017Q3": 0.2743801, "2015Q2": 0.35259124999999997, "2015Q4": 0.3974665, "2015Q1": 0.4025951, "2015Q3": 0.39362004999999994, "2012Q2": 0.20899044999999997, "2012Q4": 0.3487448, "2012Q1": 0.29361235, "2012Q3": 0.31156245, "2018Q2": 0.20642615, "2018Q4": 0.20642615, "2018Q1": 0.21411904999999998, "2018Q3": 0.21155474999999999, "2008Q4": 0.1333436, "2013Q2": 0.31669105000000003, "2013Q4": 0.37823425, "2013Q1": 0.30643385, "2013Q3": 0.3384876, "2019Q2": 0.1359079, "2019Q4": 0.09898326214999999, "2019Q1": 0.16796165, "2019Q3": 0.1307793, "2011Q2": 0.31412675, "2011Q4": 0.38079855}