{"2021Q3": 72.986983671875, "2021Q2": 79.35097488335501, "2021Q1": 77.66053640625, "2021Q4": 66.65867455051, "2009Q3": 0, "2009Q2": 0, "2009Q1": 0, "2009Q4": 0, "2011Q3": 73.91484515625, "2011Q2": 77.33381578125, "2011Q1": 83.846138359375, "2011Q4": 65.85582964897999, "2022Q3": 64.89081539062501, "2022Q2": 65.098800566135, "2022Q1": 68.53052418023, "2022Q4": 77.035, "2019Q3": 66.157785996365, "2019Q2": 77.78889699273, "2019Q1": 78.25414160210501, "2019Q4": 71.805588203125, "2008Q3": 0, "2008Q2": 0, "2008Q1": 0, "2008Q4": 0, "2017Q3": 100.18581453125, "2017Q2": 103.73221332085501, "2017Q1": 96.196108477105, "2017Q4": 112.191246289605, "2015Q3": 85.34342140625, "2015Q2": 92.764601015625, "2015Q1": 83.444993515625, "2015Q4": 96.508359609375, "2014Q4": 100.530929296875, "2012Q3": 79.84057265625, "2012Q2": 77.348141171875, "2012Q1": 82.249916875, "2012Q4": 78.34511207085501, "2023Q2": 72.3695, "2023Q1": 68.138, "2018Q3": 87.680392734375, "2018Q2": 88.671633477105, "2018Q1": 104.53161250000001, "2018Q4": 75.92791855523001, "2020Q3": 58.79383589898, "2020Q2": 43.08334953125, "2020Q1": 41.444834238009996, "2020Q4": 78.65491347710501, "2013Q3": 88.083707578125, "2013Q2": 91.0338734375, "2013Q1": 88.083707578125, "2007Q4": 0, "2016Q3": 92.560273477105, "2016Q2": 88.1735421875, "2016Q1": 103.08846078125, "2016Q4": 99.74251574273, "2010Q3": 83.01629136773, "2010Q2": 82.61714699273, "2010Q1": 0, "2010Q4": 81.81892605523001}