{"2021Q3": 3.6481999999999997, "2021Q2": 3.7662299999999997, "2021Q1": 3.7072149999999997, "2021Q4": 2.805895, "2022Q3": 1.073, "2022Q2": 1.6095, "2022Q1": 2.28549, "2022Q4": 0.711399, "2019Q3": 3.7072149999999997, "2019Q2": 6.07318, "2019Q1": 9.51751, "2019Q4": 8.14407, "2017Q3": 3.031483557591, "2017Q4": 3.428235, "2015Q3": 2.2055562158349997, "2015Q2": 2.295375432043, "2014Q3": 2.190417118272, "2014Q2": 2.03325719677, "2012Q4": 1.377217243272, "2023Q3": 0, "2023Q2": 0.47426599999999997, "2023Q1": 0.457098, "2018Q3": 18.7775, "2018Q2": 13.14425, "2018Q1": 21.94285, "2018Q4": 13.0906, "2020Q3": 3.3714689511309994, "2020Q2": 4.296685206215, "2020Q1": 4.808318903335, "2020Q4": 3.9672888762709997, "2013Q3": 1.550573150169, "2016Q3": 3.75742961882, "2016Q2": 4.660610079571}