{"2016Q2": 0.18206529999999999, "2016Q1": 0.1718081, "2016Q3": 0.18206529999999999, "2016Q4": 0.1743724, "2013Q2": 0.2077083, "2013Q1": 0.14231865000000002, "2013Q3": 0.1718081, "2013Q4": 0.16026875, "2017Q2": 0.1897582, "2017Q1": 0.17309025, "2017Q3": 0.18078314999999998, "2017Q4": 0.1692438, "2019Q2": 0.12104649934999999, "2019Q1": 0.14744724999999997, "2019Q3": 0.081078422045, "2019Q4": 0.07993641104, "2021Q2": 0.06026105, "2021Q1": 0.07436469999999999, "2021Q3": 0.0641075, "2021Q4": 0.06154319999999999, "2020Q2": 0.0947816566, "2020Q1": 0.077652517245, "2020Q3": 0.07436469999999999, "2020Q4": 0.08333975, "2012Q2": 0.1718081, "2012Q3": 0.15257584999999999, "2012Q4": 0.12731877714999998, "2018Q2": 0.21411904999999998, "2018Q1": 0.17309025, "2018Q3": 0.2077083, "2018Q4": 0.15129369999999998, "2015Q2": 0.1718081, "2015Q1": 0.18334745, "2015Q3": 0.17693669999999997, "2015Q4": 0.16796165, "2022Q2": 0.051286, "2022Q1": 0.052568149999999994, "2022Q3": 0.0487217, "2022Q4": 0.04743955, "2014Q2": 0.19302345140500002, "2014Q1": 0.1718081, "2014Q3": 0.18591175, "2014Q4": 0.2333513}