{"2021Q3": 11.162348793609999, "2021Q2": 9.119240482555998, "2021Q1": 6.856871326679, "2021Q4": 8.557070215111999, "2009Q3": 3.970693346467, "2009Q2": 3.498282043062, "2009Q1": 3.282439553055, "2009Q4": 3.771139970744, "2022Q3": 5.339201894263, "2022Q2": 6.794416230737, "2022Q1": 10.401708105736999, "2022Q4": 5.295255, "2008Q3": 4.984746718027, "2008Q2": 4.113230498006, "2008Q1": 3.9747655595849998, "2008Q4": 4.219116160611, "2014Q3": 29.471847898973998, "2014Q2": 29.207525246361996, "2014Q4": 33.815634817957, "2023Q2": 6.148289999999999, "2023Q1": 5.74055, "2020Q3": 6.291738259445, "2020Q2": 5.160200555597, "2020Q1": 4.721241914599, "2020Q4": 7.1558626725979995, "2013Q3": 16.995912385541, "2013Q2": 15.914748574487, "2007Q4": 4.153955511264, "2010Q2": 3.868880420604, "2010Q1": 3.6041674438549998}