{"2014Q2": 0.09427651785999999, "2014Q4": 0.16325941842, "2016Q2": 0.1366961, "2019Q2": 0.096776, "2013Q2": 0.08622850473, "2013Q4": 0.09772573546999999, "2011Q2": 0.06438398407, "2011Q4": 0.05231190389, "2018Q4": 0.096776, "2023Q2": 0.023468179999999998, "2015Q2": 0.19890056758, "2015Q4": 0.1112924, "2010Q2": 0.047138258929999996, "2010Q4": 0.09197712009999999, "2009Q4": 0.05231190389, "2022Q4": 0.0278231, "2012Q2": 0.047138258929999996, "2012Q4": 0.08277940809}