{"2021Q3": 413.87534693749996, "2021Q2": 445.3426814375, "2021Q1": 402.14179015624995, "2021Q4": 404.2791055625, "2009Q3": 44.502260050512994, "2009Q2": 45.27175194113799, "2009Q1": 38.731070871362, "2009Q4": 49.24745165988799, "2011Q3": 58.224852859375, "2011Q2": 48.477968152612, "2011Q1": 49.119211394263, "2011Q4": 54.280609644262995, "2022Q3": 207.6255, "2022Q2": 256.3460709375, "2022Q1": 363.69096928125, "2022Q4": 190.45749999999998, "2019Q3": 166.88223139062498, "2019Q2": 121.17563362499999, "2019Q1": 131.80507340625, "2019Q4": 198.65290634375, "2008Q3": 38.474577765625, "2008Q2": 46.810739914599, "2008Q1": 59.27650183647399, "2008Q4": 33.344631828124996, "2017Q3": 157.69944709375, "2017Q2": 177.38537571875, "2017Q1": 180.983932703125, "2017Q4": 184.4642585, "2015Q3": 108.245195640625, "2015Q2": 133.77669414062498, "2015Q1": 141.583875671875, "2015Q4": 139.07947690625, "2014Q3": 170.099521296875, "2014Q2": 176.001390140625, "2014Q1": 163.143765265625, "2014Q4": 150.235022, "2012Q3": 74.73232076562499, "2012Q2": 64.313532680224, "2012Q1": 66.8860585625, "2012Q4": 58.58689395676299, "2023Q2": 217.2825, "2023Q1": 216.74599999999998, "2018Q3": 151.81197992187498, "2018Q2": 161.77728299999998, "2018Q1": 167.926092734375, "2018Q4": 129.679183773974, "2020Q3": 315.8208514375, "2020Q2": 284.39854940624997, "2020Q1": 181.07771960937498, "2020Q4": 312.00653762499996, "2013Q3": 117.28379556249999, "2013Q2": 74.975749258349, "2013Q1": 71.491500305224, "2013Q4": 152.604792796875, "2007Q4": 57.99401535209899, "2016Q3": 186.63704996875, "2016Q2": 150.070567984375, "2016Q1": 134.640760921875, "2016Q4": 164.04974610937498, "2010Q3": 50.273449230737, "2010Q2": 47.067220445848996, "2010Q1": 46.169496671874995, "2010Q4": 58.224852859375}