{"2009Q4": 0.122208401392, "2014Q2": 0.257219676296, "2014Q4": 0.28748077204, "2016Q2": 0.351494777128, "2016Q4": 0.43529479963199996, "2010Q2": 0.16643626824, "2017Q2": 0.484599449312, "2017Q4": 0.646132437984, "2015Q2": 0.492325419168, "2015Q4": 0.31425029583200004, "2012Q2": 0.21415570704, "2012Q4": 0.21881129740799998, "2018Q2": 0.7182795898080001, "2018Q4": 0.451858924264, "2013Q2": 0.246744597968, "2013Q4": 0.268858531392, "2019Q2": 0.453415983152, "2019Q4": 0.5195390919840001, "2011Q4": 0.264202941024}