{"2020Q4": 0.74204764, "2018Q4": 0, "2019Q4": 0.46784632}