{"2017Q2": 0.61528437144, "2017Q1": 0.69532151448, "2023Q2": 0.64098657928, "2023Q1": 0.59387342024, "2023Q3": 0.5232608, "2016Q2": 0.5663870743999999, "2016Q4": 0.63829502416, "2016Q1": 0.5791700508, "2016Q3": 0.5602589651200001, "2009Q2": 0.551421686, "2009Q4": 0.5363748295199999, "2009Q1": 0.40095350976, "2009Q3": 0.58948126752, "2010Q2": 0.4517521604, "2010Q4": 0.5089623100799999, "2010Q1": 0.49565995848, "2010Q3": 0.55160262544, "2015Q2": 0.8230313429599999, "2015Q4": 0.5791700508, "2015Q1": 0.7730349392, "2015Q3": 0.69126753848, "2020Q2": 0.42504979912, "2020Q4": 0.38029843728, "2020Q1": 0.44106922128, "2020Q3": 0.40714301152, "2022Q2": 0.57466430904, "2022Q4": 0.5108055092, "2022Q1": 0.52015996168, "2022Q3": 0.47733041759999995, "2018Q2": 0.6016912474399999, "2018Q1": 0.55290546712, "2012Q2": 0.29745187592, "2012Q4": 0.42592509528, "2012Q1": 0.23001715839999998, "2012Q3": 0.31873861744, "2008Q4": 0.47530252296, "2021Q2": 0.45300254647999993, "2021Q4": 0.48816839215999996, "2021Q1": 0.4597137548, "2021Q3": 0.45973136951999993, "2011Q2": 0.33114300688, "2011Q4": 0.22447460904, "2011Q1": 0.45543506159999997, "2011Q3": 0.14595466328, "2019Q2": 0.61832096784, "2019Q4": 0.51369082624, "2019Q3": 0.5083511052, "2013Q2": 0.336603052, "2013Q4": 0.38196251024, "2013Q1": 0.37139160592000003, "2013Q3": 0.4048801676, "2014Q2": 0.36190944672, "2014Q4": 0.6211539588, "2014Q1": 0.34472110656, "2014Q3": 0.40112136768}