{"2020Q4": 0.0258816, "2022Q4": 0.017081856, "2021Q4": 0.026399231999999998, "2019Q4": 0.027046271999999996}