{"2011Q2": 0.032185, "2011Q4": 0.03669089999999999, "2012Q2": 0.0347598, "2012Q4": 0.060507799999999994, "2019Q2": 0.00270354, "2019Q4": 0.00154488, "2009Q2": 0.0811062, "2009Q4": 0.0656574, "2014Q2": 1.1200379999999999, "2014Q4": 0.043127900000000004, "2017Q2": 0.0212421, "2018Q4": 0.00411968, "2008Q4": 0.00746692, "2013Q2": 0.0482775, "2013Q4": 0.0418405, "2015Q2": 0.045058999999999995, "2015Q4": 0.01171534, "2010Q2": 0.0347598, "2010Q4": 0.0411968, "2016Q2": 0.023559419999999998, "2016Q4": 0.02240076}