{"2011Q2": 0.10128985, "2011Q4": 0.10641845, "2015Q2": 0.007308255, "2015Q4": 0.014103649999999999, "2014Q2": 0.01718081, "2014Q4": 0.014103649999999999, "2010Q4": 0.0641075, "2019Q2": 0.007051824999999999, "2019Q4": 0.0050003849999999996, "2016Q2": 0.011923995, "2016Q4": 0.013847219999999999, "2018Q2": 0.013590789999999998, "2018Q4": 0.012693285, "2012Q2": 0.051927075, "2012Q4": 0.05000385, "2013Q2": 0.017309025000000002, "2013Q4": 0.01564223, "2017Q2": 0.013206144999999999, "2017Q4": 0.011282919999999998}