{"2009Q4": 0.29380071300800004, "2014Q2": 0.143673147464, "2014Q4": 0.12294579026399999, "2016Q2": 0.110387706176, "2016Q4": 0.11638698024800001, "2010Q2": 0.2542710874, "2010Q4": 0.315168074936, "2017Q2": 0.11599103999999999, "2017Q4": 0.11961576, "2015Q2": 0.19840351968800002, "2015Q4": 0.12753939792, "2012Q2": 0.111659137128, "2012Q4": 0.10180690652, "2018Q2": 0.0966592, "2013Q2": 0.076628876456, "2013Q4": 0.148869787704, "2019Q2": 0.10149216, "2011Q2": 0.336774185088, "2011Q4": 0.2025191476}