{"2021Q3": 218.76365914062498, "2021Q2": 242.71588606249998, "2021Q1": 204.924608109375, "2021Q4": 207.78827745312498, "2022Q3": 153.838105703125, "2022Q2": 158.645548078125, "2022Q1": 192.297644703125, "2022Q4": 168.46099999999998, "2019Q3": 243.766269234375, "2019Q2": 297.1727820625, "2019Q1": 270.20512335937497, "2019Q4": 239.6406680625, "2017Q3": 207.96984917187498, "2017Q2": 256.408422296875, "2017Q1": 244.825320234375, "2017Q4": 246.933597578125, "2015Q3": 421.18985381249996, "2015Q2": 396.53737703125, "2015Q1": 419.61626578125, "2015Q4": 412.8168995, "2014Q3": 357.00748699999997, "2014Q2": 207.29468068749998, "2014Q1": 192.1140108125, "2014Q4": 305.79544359375, "2012Q4": 77.23630039062499, "2023Q3": 0, "2023Q2": 35.46265, "2023Q1": 172.2165, "2018Q3": 313.94333615625, "2018Q2": 311.83274515625, "2018Q1": 233.742672078125, "2018Q4": 304.0468224375, "2020Q3": 181.321039125, "2020Q2": 189.803892109375, "2020Q1": 176.54944165625, "2020Q4": 190.55326524999998, "2013Q3": 120.029384609375, "2013Q2": 121.073120211474, "2013Q1": 122.638711039599, "2013Q4": 138.196456586474, "2016Q3": 236.87076885937498, "2016Q2": 297.79542384375, "2016Q1": 351.36716190625, "2016Q4": 208.49639039062498}