{"2016Q2": 0.675321, "2016Q4": 0.62238, "2012Q2": 0.582762, "2012Q4": 0.740418, "2009Q4": 0, "2011Q2": 0.698807, "2011Q4": 0.612934, "2015Q2": 1.380267, "2015Q4": 0.646736, "2018Q2": 0.537692, "2018Q4": 0.426749, "2013Q2": 0.768205, "2013Q4": 0.936432, "2010Q2": 1.112582, "2010Q4": 0.8862, "2014Q2": 1.223323, "2014Q4": 0.908597, "2017Q2": 0.684147, "2017Q4": 0.604646, "2019Q2": 0.497621}