{"2022Q3": 0.0323240788, "2022Q4": 0.03422519152, "2022Q1": 0.03106828608, "2022Q2": 0.030168710000000005, "2020Q3": 0.04839512808000001, "2020Q4": 0.04839512808000001, "2020Q1": 0.04131854896, "2020Q2": 0.045145296560000006, "2023Q1": 0.031690374560000005, "2016Q3": 0.06997462888000001, "2016Q4": 0.0820137188, "2016Q1": 0.08050883256000001, "2016Q2": 0.07223195824000002, "2015Q3": 0.06019286832000001, "2015Q4": 0.058305952640000006, "2015Q1": 0.10027369352000001, "2015Q2": 0.057935538960000005, "2019Q3": 0.04407019344, "2019Q4": 0.034815014000000005, "2019Q1": 0.03672774248, "2019Q2": 0.04407019344, "2018Q3": 0.051917284640000005, "2018Q4": 0.05208248656000001, "2018Q1": 0.06019286832000001, "2018Q2": 0.05342217088000001, "2013Q3": 0.05339377680000001, "2013Q4": 0.07245652960000001, "2013Q1": 0.05133004344000001, "2013Q2": 0.055013530000000005, "2014Q3": 0.07312637176000002, "2014Q4": 0.07130656936000002, "2014Q1": 0.06440551728, "2014Q2": 0.07782301072, "2012Q3": 0.05166690048000001, "2012Q4": 0.052328998800000005, "2017Q3": 0.07373684448000001, "2017Q4": 0.06245019768000001, "2017Q1": 0.06922218576000001, "2017Q2": 0.07298440136, "2021Q3": 0.042252972320000005, "2021Q4": 0.035417742880000005, "2021Q1": 0.046004862800000004, "2021Q2": 0.04349585864}