{"2021Q3": 803.83124375, "2021Q2": 880.48529075, "2021Q1": 833.8713541249999, "2021Q4": 649.387111, "2009Q4": 202.81648165625, "2011Q3": 287.94246721875, "2011Q2": 437.74429899999996, "2011Q1": 412.62785031249996, "2011Q4": 288.36294909375, "2022Q3": 565.9699449999999, "2022Q2": 544.8516284374999, "2022Q1": 561.74624815625, "2022Q4": 643.8, "2019Q3": 304.44044578125, "2019Q2": 360.34770246874996, "2019Q1": 372.03736684374996, "2019Q4": 324.84675978125, "2008Q4": 62.104334656249996, "2017Q3": 385.69816575, "2017Q2": 286.321868375, "2017Q1": 289.2736243125, "2017Q4": 404.6833583125, "2015Q4": 317.15489221875, "2014Q3": 238.10019214062498, "2014Q2": 275.8420115, "2014Q1": 236.702307859375, "2014Q4": 172.39099662499999, "2012Q3": 301.07816675, "2012Q2": 265.203082375, "2012Q1": 336.044956625, "2012Q4": 303.3708324375, "2023Q3": 0, "2023Q2": 757.538, "2023Q1": 763.976, "2018Q3": 365.21422690624996, "2018Q2": 333.2392628125, "2018Q1": 385.198550125, "2018Q4": 352.72400393749996, "2020Q3": 669.1331946875, "2020Q2": 501.84987924999996, "2020Q1": 312.05753865624996, "2020Q4": 853.5527895624999, "2013Q3": 282.68651084375, "2013Q2": 232.584335046875, "2013Q1": 246.37391071874998, "2013Q4": 279.10369678125, "2007Q4": 75.519508773974, "2016Q3": 233.159496578125, "2016Q2": 251.02060428125, "2016Q1": 316.18939340624996, "2016Q4": 256.804158109375}