{"2018Q4": 1.6978896, "2019Q2": 1.72843875, "2019Q4": 1.5612223500000002}