{"2021Q3": 42.931798406691996, "2021Q2": 44.518599125, "2021Q1": 19.790941929356002, "2021Q4": 75.14, "2011Q3": 38.284375594192, "2011Q4": 73.544904875, "2022Q3": 48.9736, "2022Q2": 62.764, "2022Q1": 74.34440000000001, "2022Q4": 48.266400000000004, "2019Q3": 18.881071116856003, "2019Q2": 17.3005291875, "2019Q1": 20.248026906692, "2019Q4": 17.395968383143998, "2017Q3": 15.216153875, "2017Q2": 16.519192320644, "2017Q1": 23.286600797096, "2017Q4": 20.194258297096, "2015Q3": 24.461490320644, "2015Q2": 31.908093952904, "2015Q1": 40.145126531692, "2015Q4": 28.952512469192, "2014Q3": 53.324620375, "2014Q2": 40.816376047096, "2014Q1": 54.065239719192, "2014Q4": 42.682800469191996, "2012Q3": 57.581049297096, "2012Q2": 65.205587281692, "2012Q1": 64.8879066875, "2012Q4": 57.278731656691996, "2023Q3": 0, "2023Q2": 59.0512, "2023Q1": 66.3, "2018Q3": 17.818463406692, "2018Q2": 22.485204726452, "2018Q1": 26.515571366856, "2018Q4": 17.855853844192, "2020Q3": 14.142358038952, "2020Q2": 13.014439648547999, "2020Q1": 13.057821258144, "2020Q4": 15.735781851452, "2013Q3": 59.566620344192, "2013Q2": 56.951893375000004, "2013Q1": 73.37561196919201, "2013Q4": 49.7861065, "2016Q3": 24.392075601452, "2016Q2": 22.258289523548, "2016Q1": 26.149307031692, "2016Q4": 19.881881702904003}