{"2017Q2": 0.21045637458299998, "2017Q4": 0.19935459316499998, "2016Q2": 0.134337382634, "2016Q4": 0.185056484977, "2010Q4": 0.24071312883799997, "2015Q2": 0.18191857938799996, "2015Q4": 0.131980183153, "2018Q2": 0.178323114424, "2018Q4": 0.13798409424799998, "2012Q4": 0.056672791720999996, "2011Q2": 0.143726793847, "2019Q2": 0.151300463041, "2019Q4": 0.15998940575799997, "2013Q2": 0.08296422661799999, "2013Q4": 0.102828892348, "2014Q2": 0.05945050657, "2014Q4": 0.07847472724}