{"2016Q2": 0.366909, "2016Q4": 0.405531, "2013Q2": 0.42547140986, "2013Q4": 0.6923351397199999, "2017Q2": 0.07338179999999998, "2017Q4": 0.09011799999999999, "2009Q2": 4.028131827339999, "2008Q4": 6.41983496706, "2019Q2": 0.0566456, "2023Q2": 0.007595659999999999, "2010Q4": 6.1177253149599995, "2012Q2": 0.57904393972, "2012Q4": 0.8559779698599999, "2011Q2": 1.9637142191599999, "2011Q4": 0.9063296, "2018Q2": 0.0508523, "2018Q4": 0.051496, "2015Q2": 0.31721536, "2015Q4": 0.18630107014, "2014Q2": 0.6797472, "2014Q4": 0.23917021098}