{"2017Q2": 0.5969644199999999, "2017Q4": 0.5866496999999999, "2016Q2": 0.5079999599999999, "2016Q4": 0.5131573199999999, "2015Q2": 0.61372584, "2015Q4": 0.5389441199999999, "2020Q4": 0.9889237799999999, "2022Q4": 1.7019288, "2018Q2": 0.5763349799999999, "2018Q4": 0.65498472, "2021Q4": 2.2047714000000003, "2019Q2": 0.75813192, "2019Q4": 0.7439491799999999, "2013Q4": 0.6433806599999999, "2014Q2": 0.6059898, "2014Q4": 0.59051772}