{"2017Q2": 0.0768244205, "2017Q4": 0.07844245799999999, "2016Q2": 0.09500339542000001, "2016Q4": 0.09025413175000001, "2010Q4": 0.05689149293, "2015Q2": 0.09839091873, "2015Q4": 0.08754488976000001, "2020Q2": 0.071894454402, "2020Q4": 0.064904661845, "2018Q2": 0.06145565311, "2018Q4": 0.05564236798, "2012Q2": 0.03463376908, "2012Q4": 0.036457620950000005, "2011Q4": 0.02808783657, "2019Q2": 0.05255774129, "2019Q4": 0.057726400280000006, "2013Q2": 0.03033496705, "2013Q4": 0.03258209753, "2014Q2": 0.057367843169999995, "2014Q4": 0.06578163817}