{"2014Q2": 1.28, "2014Q1": 1.26, "2014Q4": 1.21, "2014Q3": 1.04, "2016Q2": 1.342191, "2016Q1": 1.18, "2016Q4": 1.16, "2016Q3": 1.410273, "2019Q2": 0.476575, "2019Q1": 0.661369, "2019Q4": 0.315, "2019Q3": 0.505753, "2021Q2": 0.26, "2021Q1": 0.26, "2021Q4": 0.26, "2021Q3": 0.26, "2020Q2": 0.32, "2020Q1": 0.32, "2020Q4": 0.3, "2020Q3": 0.31, "2023Q2": 0.112, "2023Q1": 0.178, "2018Q2": 0.846164, "2018Q1": 0.894794, "2018Q4": 0.641917, "2018Q3": 0.71, "2017Q2": 1.186575, "2017Q1": 1.21, "2017Q4": 1.069863, "2017Q3": 1.18, "2015Q1": 2.69, "2015Q4": 1.36, "2015Q3": 1.44, "2022Q2": 0.26, "2022Q1": 0.26, "2022Q4": 0.275, "2022Q3": 0.26}