{"2017Q2": 1.34595085709, "2016Q2": 1.08485140855, "2009Q4": 0.502300558578, "2010Q2": 0.5181545015360001, "2010Q4": 0.5765648766920001, "2015Q2": 1.9484084166540003, "2018Q2": 1.6620298217460001, "2012Q2": 0.405250391056, "2012Q4": 0.5443661873300001, "2011Q2": 0.5751246628540001, "2011Q4": 0.457772155148, "2019Q2": 1.211771685768, "2013Q2": 0.592245344908, "2014Q2": 1.0908910855920002}