{"2021Q3": 37.857808144263, "2021Q2": 48.628624058862, "2021Q1": 49.055187664598996, "2021Q4": 35.56995, "2009Q3": 2.739449422423, "2009Q2": 2.538147706938, "2009Q1": 2.118040176959, "2011Q3": 4.40982566861, "2011Q2": 2.9042578735539997, "2011Q1": 3.1737726304569995, "2022Q3": 22.3184, "2022Q2": 25.91295, "2022Q1": 35.8382, "2022Q4": 25.9666, "2019Q3": 13.421884558861999, "2019Q2": 17.895846078125, "2019Q1": 18.948542906249997, "2019Q4": 26.797055894263, "2008Q3": 1.9677079261369999, "2008Q2": 2.266227607008, "2008Q1": 2.161115127816, "2017Q3": 9.440471953125, "2017Q2": 10.95218120639, "2017Q1": 11.106437529804, "2017Q4": 12.458182811054, "2015Q3": 12.716731801959, "2015Q2": 11.101908715485, "2015Q4": 14.868102041417998, "2014Q3": 6.142750008722, "2014Q2": 5.61594473111, "2014Q1": 4.646821400793, "2012Q1": 5.7841002823459995, "2023Q2": 23.65965, "2023Q1": 24.5717, "2018Q3": 15.325128786707, "2018Q2": 10.581635744916, "2018Q1": 9.966546878265, "2018Q4": 11.684934373181, "2020Q3": 19.978870199486998, "2020Q2": 22.568723355736996, "2020Q1": 21.723056847388, "2020Q4": 25.540690253638, "2013Q3": 5.822511901166, "2013Q2": 4.852093425513, "2016Q3": 11.711175720196, "2016Q2": 11.456585512359998, "2016Q1": 12.220358229291, "2016Q4": 11.466369302332, "2010Q3": 3.282646241826, "2010Q2": 3.765122683314, "2010Q1": 3.0301347107509997}