{"2014Q2": 0.10324954508, "2014Q4": 0.12160512715999999, "2016Q2": 0.06768584644799999, "2016Q4": 0.081452412184, "2010Q4": 0.178965958688, "2017Q2": 0.1193106794, "2017Q4": 0.10554399283999999, "2015Q2": 0.139960588416, "2015Q4": 0.06539139868800001, "2012Q2": 0.102102442024, "2012Q4": 0.161757721312, "2018Q2": 0.06539139868800001, "2018Q4": 0.045888713552000006, "2013Q2": 0.134224469016, "2013Q4": 0.170935391528, "2019Q2": 0.025927138864, "2019Q4": 0.022026577672, "2011Q2": 0.15143270639200002, "2011Q4": 0.09866077038400001}