{"2021Q3": 4.35638, "2021Q2": 5.241605, "2021Q1": 2.580565, "2021Q4": 3.6321049999999997, "2009Q3": 1.294865147802, "2009Q2": 1.0517475396599998, "2009Q1": 0.856196499003, "2009Q4": 1.157450810506, "2011Q3": 2.5000899999999997, "2011Q2": 3.4818849999999997, "2011Q1": 4.157875, "2022Q3": 1.66315, "2022Q2": 2.5591049999999997, "2022Q1": 3.62674, "2022Q4": 1.3949, "2019Q3": 5.000179999999999, "2019Q2": 5.359635, "2019Q1": 5.815659999999999, "2019Q4": 3.0258599999999998, "2008Q3": 0.697641625997, "2008Q2": 1.2261579137010001, "2008Q1": 1.918514438497, "2008Q4": 0.533801519811, "2017Q3": 1.389535, "2017Q2": 1.8240999999999998, "2017Q1": 1.797275, "2017Q4": 1.24468, "2014Q3": 1.72753, "2014Q2": 2.2425699999999997, "2023Q2": 1.6534929999999999, "2023Q1": 1.7725959999999998, "2018Q3": 5.815659999999999, "2018Q2": 5.83712, "2018Q1": 2.52155, "2018Q4": 5.815659999999999, "2020Q3": 2.205015, "2020Q2": 2.1674599999999997, "2020Q1": 2.08162, "2020Q4": 2.655675, "2013Q3": 3.04732, "2013Q2": 2.172825, "2007Q4": 1.4692754563900001, "2016Q3": 2.08162, "2016Q2": 2.37133, "2016Q1": 1.496835, "2016Q4": 1.81337, "2010Q3": 3.24509045639, "2010Q2": 3.324368023799, "2010Q1": 2.293760954396, "2010Q4": 3.8735299999999997}