{"2021Q3": 157.225332578125, "2021Q2": 185.86087296875002, "2021Q1": 144.258294140625, "2021Q4": 160.58, "2022Q3": 171.43, "2022Q2": 191.5025, "2022Q1": 177.94, "2022Q4": 171.9725, "2019Q3": 159.66397179687502, "2019Q2": 160.735561875, "2019Q1": 197.16894640625, "2019Q4": 148.003629375, "2017Q3": 112.75239472710501, "2017Q2": 91.37197808648001, "2017Q1": 89.457317578125, "2017Q4": 175.67241781250002, "2015Q3": 84.53719859375, "2015Q2": 132.5459734375, "2015Q1": 62.620151972385, "2015Q4": 74.974398515625, "2014Q3": 77.40121293023, "2014Q2": 60.76355591824, "2014Q1": 72.440915039605, "2014Q4": 70.13456105523, "2012Q4": 48.786016289604994, "2023Q3": 0, "2023Q2": 120.32650000000001, "2023Q1": 114.142, "2018Q3": 207.17596921875, "2018Q2": 209.31179171875002, "2018Q1": 213.049515, "2018Q4": 201.99102546875, "2020Q3": 113.02094918023, "2020Q2": 142.621673359375, "2020Q1": 91.17023589898001, "2020Q4": 178.2967615625, "2013Q3": 80.90093128960501, "2013Q2": 58.502301484375, "2013Q1": 63.61615654324, "2013Q4": 78.744595508355, "2016Q3": 85.51931855523, "2016Q2": 110.194439414605, "2016Q1": 102.81299793023001, "2016Q4": 73.07631816460501, "2010Q3": 43.262929746365, "2010Q2": 40.876620586479994, "2010Q1": 44.190939570855}