{"2021Q3": 5.220145, "2021Q2": 5.332809999999999, "2021Q1": 4.3993, "2021Q4": 5.65471, "2009Q3": 6.106739541791, "2009Q2": 6.366601489831999, "2009Q1": 5.301169598111, "2009Q4": 6.103396372084999, "2022Q3": 2.91856, "2022Q2": 3.127795, "2022Q1": 5.145035, "2022Q4": 3.22973, "2019Q3": 3.7501349999999998, "2019Q2": 4.8285, "2019Q1": 4.34565, "2019Q4": 5.54741, "2008Q3": 4.437847839389, "2008Q2": 5.130217855014, "2008Q1": 5.021775696945, "2008Q4": 4.833419663152999, "2017Q3": 4.44222, "2017Q2": 5.55814, "2017Q1": 5.77274, "2017Q4": 4.715835, "2015Q3": 5.774473670779, "2015Q2": 5.479427486194, "2015Q1": 5.679637340485, "2015Q4": 6.09464, "2014Q3": 3.360479608104, "2014Q2": 4.3722368755479994, "2014Q1": 4.222537920056, "2014Q4": 4.9578284593049995, "2012Q4": 5.1661565436100005, "2023Q3": 0, "2023Q2": 4.24908, "2023Q1": 5.16113, "2018Q3": 4.6139, "2018Q2": 4.09886, "2018Q1": 4.275905, "2018Q4": 4.694375, "2020Q3": 4.6514549999999995, "2020Q2": 3.0044, "2020Q1": 3.14389, "2020Q4": 4.361745, "2013Q4": 3.742469441861, "2007Q4": 6.840291171875, "2016Q3": 6.16975, "2016Q2": 5.230875, "2016Q1": 5.359635, "2016Q4": 5.4508399999999995, "2010Q3": 3.7710584999999996, "2010Q2": 4.369781497458, "2010Q1": 5.263396644986}