{"2020Q2": 0.20900995, "2020Q4": 0.2078018, "2020Q1": 0.2150507, "2020Q3": 0.22350775000000003, "2014Q2": 0.30324565, "2014Q4": 0.36365315, "2014Q1": 0.2802908, "2014Q3": 0.38056725, "2016Q2": 0.289956, "2016Q4": 0.29962120000000003, "2016Q1": 0.33465755, "2016Q3": 0.32740865, "2021Q4": 0.26216855, "2017Q2": 0.31895160000000006, "2017Q4": 0.32015975, "2017Q1": 0.3165353, "2017Q3": 0.34432275, "2015Q2": 0.37090205, "2015Q4": 0.2972049, "2015Q1": 0.39748135, "2015Q3": 0.3044538, "2012Q2": 0.25854410000000005, "2012Q4": 0.3310331, "2012Q1": 0.32257605, "2012Q3": 0.34432275, "2018Q2": 0.32620050000000006, "2018Q4": 0.3551961, "2018Q1": 0.2972049, "2018Q3": 0.3455309, "2013Q2": 0.28874785000000003, "2013Q4": 0.30566195, "2013Q1": 0.29962120000000003, "2013Q3": 0.3020375, "2019Q2": 0.36002870000000003, "2019Q4": 0.2947886, "2019Q1": 0.38660800000000006, "2019Q3": 0.32740865, "2011Q4": 0.33224125000000004}