{"2023Q2": 0.4451636, "2023Q1": 0.521073, "2022Q2": 0.4947568836, "2022Q4": 0.431011, "2022Q3": 0.405279}