{"2009Q2": 1.270438207065, "2009Q4": 2.281121045463, "2009Q1": 1.1366132045230002, "2009Q3": 1.93163258168, "2020Q2": 2.716584778207, "2020Q4": 2.235164541063, "2020Q1": 2.732870946684, "2020Q3": 2.1136632270090003, "2014Q2": 1.340372433068, "2014Q4": 1.477216623311, "2014Q1": 1.31774477439, "2014Q3": 1.51055067362, "2002Q4": 0, "2016Q2": 1.068765867734, "2016Q4": 1.473104700115, "2016Q1": 1.502325377496, "2016Q3": 1.232687064974, "2010Q2": 1.708162313619, "2010Q4": 2.2038502090520002, "2010Q1": 2.222085904636, "2010Q3": 2.2038502090520002, "2022Q2": 2.168494145036, "2022Q4": 2.040377462244, "2022Q1": 1.8551888173750002, "2022Q3": 1.670262453187, "2021Q2": 2.80826015177, "2021Q4": 2.4724268345060003, "2021Q1": 2.262674293062, "2021Q3": 2.9645961095640003, "2017Q2": 2.036993183701, "2017Q4": 3.2073904595080003, "2017Q1": 1.558343867653, "2017Q3": 2.7921239097440003, "2023Q2": 3.7934654, "2023Q1": 2.728411691863, "2023Q3": 2.85718015, "2015Q2": 2.0922215699180002, "2015Q4": 1.875785039088, "2015Q1": 1.559673996763, "2015Q3": 1.871541069469, "2003Q2": 0, "2003Q4": 0, "2003Q1": 0, "2012Q2": 1.307244727947, "2012Q4": 1.14274520845, "2012Q1": 1.8044240351749998, "2012Q3": 1.088495512144, "2004Q2": 0, "2004Q4": 0.6267326744320001, "2004Q1": 0, "2004Q3": 0, "2005Q2": 0.584664230445, "2005Q4": 0.6564872156220001, "2005Q1": 0.6429305300679999, "2005Q3": 0.636326517564, "2018Q2": 1.319637761949, "2018Q4": 1.681766801473, "2018Q1": 2.7921239097440003, "2018Q3": 1.629495626914, "2008Q2": 1.34736400726, "2008Q4": 0.73132334795, "2008Q3": 1.041144969615, "2013Q2": 1.093745595771, "2013Q4": 1.3474944831400002, "2013Q1": 1.1724950380110002, "2013Q3": 1.4034941267810002, "2019Q2": 2.562421727059, "2019Q4": 2.710144464608, "2019Q1": 2.6817363620130004, "2019Q3": 2.363564284028, "2006Q4": 0.909882610005, "2011Q2": 2.434677383769, "2011Q4": 2.1022839181079997, "2011Q1": 2.58185671344, "2011Q3": 1.933928111491}