{"2021Q3": 10.305387494542998, "2021Q2": 12.550125498554, "2021Q1": 11.682840765624999, "2021Q4": 12.685858951305999, "2022Q3": 7.9574932180269995, "2022Q2": 9.404310595569001, "2022Q1": 11.742282241278, "2022Q4": 8.85225, "2019Q3": 6.657262415695, "2019Q2": 7.289405590485, "2019Q1": 5.827574072668, "2019Q4": 6.743992565765, "2017Q3": 6.869902933139, "2017Q2": 7.302274255456999, "2017Q1": 6.783428458582, "2017Q4": 9.387772354291, "2015Q3": 3.5465489673039996, "2015Q2": 3.654840235821, "2015Q4": 3.606645088841, "2014Q3": 3.764325791966, "2014Q2": 4.60769986264, "2014Q1": 5.574493819402999, "2014Q4": 4.3993455810399995, "2012Q4": 3.8178083975279997, "2023Q3": 0, "2023Q2": 11.770809999999999, "2023Q1": 12.54337, "2018Q3": 8.649188941138, "2018Q2": 8.104970466931, "2018Q1": 7.832861229291, "2018Q4": 6.301681322317999, "2020Q3": 11.880345067583999, "2020Q2": 10.262597427332, "2020Q1": 4.620696364832, "2020Q4": 14.998931548320998, "2013Q3": 5.656774791067999, "2013Q2": 6.3767279273319994, "2013Q1": 5.307083148974, "2013Q4": 5.821335688223, "2016Q3": 4.661553145708999, "2016Q2": 3.5401193506529998, "2016Q1": 3.497352860471, "2016Q4": 7.042851357556}