{"2017Q2": 0.086749134975, "2017Q4": 0.08096585931, "2016Q2": 0.09503856643500001, "2016Q4": 0.09715915980000002, "2015Q2": 0.105101456445, "2015Q4": 0.09392046754500001, "2018Q2": 0.072760839975, "2018Q4": 0.059043628485000006, "2019Q2": 0.07348919602500001, "2019Q4": 0.060410622555, "2014Q4": 0.07470456984}