{"2017Q2": 0.05666584, "2017Q4": 0.06568086000000001, "2016Q2": 0.06052942, "2016Q4": 0.058597630000000005, "2009Q2": 0.317787697304, "2015Q4": 0.07340802, "2018Q2": 0.05087047000000001, "2018Q4": 0.03541615000000001, "2008Q4": 0.07774617641, "2019Q2": 0.028204134000000002}