{"2017Q2": 0.67473799, "2015Q4": 1.2294938899999999, "2016Q2": 2.11839346, "2016Q4": 0.7456951399999999}