{"2020Q4": 0.39836589, "2014Q2": 0.41512562000000003, "2014Q4": 0.52986531, "2016Q2": 0.57627687, "2016Q4": 0.54404662, "2010Q4": 0.56080635, "2017Q2": 0.5891689700000001, "2017Q4": 0.82638361, "2015Q2": 0.98495644, "2015Q4": 0.55951714, "2012Q2": 0.28620462, "2012Q4": 0.41512562000000003, "2018Q2": 0.57498766, "2018Q4": 0.53888978, "2013Q2": 0.32745934000000004, "2013Q4": 0.39578747000000003, "2019Q2": 0.48861059, "2019Q4": 0.44993429000000007, "2011Q4": 0.34550828000000006}