{"2010Q4": 0.13230228, "2010Q2": 0.08638915999999999, "2013Q4": 0.05618316, "2013Q2": 0.05618316, "2014Q4": 0.21506672000000002, "2014Q2": 0.04712136, "2009Q4": 0.120824, "2016Q4": 0.024648095999999998, "2016Q2": 0.017277832, "2019Q4": 0.019694312000000002, "2019Q2": 0.022110792, "2017Q4": 0.014861352, "2017Q2": 0.015465472000000001, "2015Q4": 0.0483296, "2015Q2": 0.0966592, "2018Q4": 0.020056784, "2018Q2": 0.013532288, "2012Q4": 0.08155620000000001, "2012Q2": 0.07793148, "2011Q4": 0.0785356, "2011Q2": 0.10451276}