{"2021Q4": 2.8756399999999998, "2009Q4": 1.2124899999999998, "2011Q3": 1.0837299999999999, "2011Q2": 1.31979, "2011Q1": 1.647055, "2022Q3": 1.6202299999999998, "2022Q2": 1.8831149999999999, "2022Q1": 2.70396, "2022Q4": 1.6202299999999998, "2019Q3": 3.3155699999999997, "2019Q2": 3.45506, "2019Q1": 2.3606, "2019Q4": 5.72982, "2017Q3": 1.8777499999999998, "2017Q2": 2.07089, "2017Q1": 2.376695, "2017Q4": 1.8616549999999998, "2015Q4": 2.838085, "2014Q3": 2.77907, "2014Q2": 1.6577849999999998, "2014Q1": 0.8240639999999999, "2012Q4": 0.7199829999999999, "2023Q2": 1.625595, "2023Q1": 1.637398, "2018Q3": 1.968955, "2018Q2": 1.8240999999999998, "2018Q1": 1.9957799999999999, "2018Q4": 2.67177, "2013Q3": 1.110555, "2013Q2": 0.688866, "2013Q1": 0.87986, "2013Q4": 0.8594729999999999, "2016Q3": 2.5000899999999997, "2016Q2": 3.020495, "2016Q1": 2.96148, "2016Q4": 2.6664049999999997, "2010Q3": 3.1653499999999997, "2010Q2": 3.278015, "2010Q1": 2.0387, "2010Q4": 1.75972}