{"2021Q3": 32.90330484375, "2021Q2": 0, "2021Q1": 0, "2021Q4": 32.439694148876995, "2022Q3": 26.479644948999002, "2022Q2": 32.524836972876, "2022Q1": 37.335449461376996, "2022Q4": 24.30435, "2019Q3": 0, "2019Q2": 0, "2019Q1": 0, "2019Q4": 0, "2017Q3": 0, "2017Q2": 0, "2017Q1": 0, "2017Q4": 0, "2015Q3": 0, "2015Q2": 0, "2015Q1": 0, "2015Q4": 0, "2014Q3": 0, "2014Q2": 0, "2014Q1": 0, "2014Q4": 0, "2012Q4": 0, "2023Q2": 24.084600000000002, "2023Q1": 22.7661, "2018Q3": 0, "2018Q2": 0, "2018Q1": 0, "2018Q4": 0, "2020Q3": 0, "2020Q2": 0, "2020Q1": 0, "2020Q4": 0, "2013Q3": 0, "2013Q2": 0, "2013Q1": 0, "2013Q4": 0, "2016Q3": 0, "2016Q2": 0, "2016Q1": 0, "2016Q4": 0}