{"2016Q4": 0.166695417705, "2016Q2": 0.23413706540999998, "2015Q4": 0.173057842164, "2015Q2": 4.79080546155, "2019Q2": 0.030420635999999994, "2018Q4": 0.032869755, "2018Q2": 0.09538673999999998, "2014Q4": 1.261365633738, "2017Q4": 0.119613554049, "2017Q2": 0.09543636688499998}