{"2016Q2": 0.045234576594, "2016Q1": 0.049269159468, "2016Q3": 0.047662918896, "2016Q4": 0.048281867874, "2013Q2": 0.067002188766, "2013Q1": 0.052268355873, "2013Q3": 0.058354730241, "2013Q4": 0.065649119616, "2017Q2": 0.044247285, "2017Q1": 0.046424892687, "2017Q3": 0.035910840000000006, "2017Q4": 0.033345780000000005, "2009Q4": 0.05504747013, "2019Q3": 0.017185902000000003, "2019Q4": 0.016544637, "2021Q2": 0.029241684000000004, "2021Q1": 0.037834635, "2021Q3": 0.022316021999999998, "2021Q4": 0.017185902000000003, "2020Q2": 0.012825300000000001, "2020Q1": 0.020263974, "2020Q3": 0.012440541000000001, "2020Q4": 0.015518613, "2010Q2": 0.05664293745, "2010Q4": 0.069801566997, "2012Q2": 0.078496735638, "2012Q1": 0.08367879810300001, "2012Q3": 0.086802784677, "2012Q4": 0.083069339847, "2011Q4": 0.097772135514, "2018Q1": 0.035269575000000004, "2015Q2": 0.07184027668500001, "2015Q1": 0.086474328744, "2015Q3": 0.046301128542000004, "2015Q4": 0.057579569109, "2022Q2": 0.015646866, "2022Q1": 0.018340178999999998, "2022Q3": 0.01923795, "2022Q4": 0.021033492, "2014Q2": 0.05602347546, "2014Q1": 0.067733230866, "2014Q3": 0.068269200153, "2014Q4": 0.07395837497999999}