{"2020Q4": 0.012697047000000001, "2014Q2": 0.09747228000000001, "2014Q4": 0.07566927, "2016Q2": 0.063485235, "2016Q4": 0.04745361, "2010Q4": 0.08849457, "2022Q4": 0.009490722, "2021Q4": 0.012184035000000001, "2017Q2": 0.048094875, "2017Q4": 0.04104096, "2015Q2": 0.09105963, "2015Q4": 0.058355115000000006, "2012Q2": 0.051301200000000005, "2012Q4": 0.08849457, "2018Q2": 0.051301200000000005, "2018Q4": 0.033345780000000005, "2013Q2": 0.07182168000000001, "2013Q4": 0.08464698000000001, "2019Q2": 0.029498190000000004, "2019Q4": 0.02693313, "2011Q2": 0.08721204, "2011Q4": 0.054507525}