{"2016Q2": 0.20513119999999999, "2016Q4": 0.256414, "2013Q2": 0.06178038915999999, "2013Q4": 0.05736750422, "2017Q2": 0.240439279593, "2017Q4": 0.20897740999999997, "2009Q2": 0.04361217518999999, "2009Q4": 0.08022296610999999, "2008Q4": 0.030811988309999996, "2019Q2": 0.12085971324399998, "2023Q2": 0.0641035, "2010Q2": 0.07019461457, "2010Q4": 0.13974563, "2012Q2": 0.06610481127, "2012Q4": 0.06930357592, "2011Q2": 0.11041058632999999, "2011Q4": 0.06652020195, "2018Q2": 0.16795116999999998, "2018Q4": 0.138670614305, "2015Q2": 0.13846355999999999, "2015Q4": 0.18205393999999997, "2014Q2": 0.07060615903999999, "2014Q4": 0.08003321975}