{"2022Q3": 0.15097562999999997, "2022Q4": 0.13420056, "2022Q2": 0.18065459999999997, "2010Q3": 4.4492647199999995, "2010Q4": 3.7524541199999994, "2010Q1": 4.90606278, "2010Q2": 5.315116409999999, "2023Q1": 0.11097353999999998, "2013Q3": 1.0494494115119999, "2013Q1": 1.3033484834969997, "2013Q2": 1.8762270599999997, "2012Q3": 1.3372017361079997, "2012Q4": 2.18850144, "2012Q1": 1.1848622929169998, "2012Q2": 1.2525686690999998, "2009Q4": 7.288122719999999, "2011Q3": 1.1340824785199999, "2011Q4": 2.45303139, "2011Q1": 4.40152029, "2011Q2": 1.8039652199999998}