{"2010Q4": 0.214278753416, "2010Q2": 0.17477469027200002, "2016Q4": 0.10874136000000001, "2019Q4": 0.024675924000000002, "2019Q2": 0.031088876, "2018Q4": 0.030810052, "2018Q2": 0.062038340000000004, "2012Q4": 0.05018832, "2012Q2": 0.05158244, "2017Q4": 0.08225308, "2017Q2": 0.08504132, "2009Q4": 0, "2011Q4": 0.09480016000000001, "2011Q2": 0.17139548280400002}