{"2020Q4": 0.017669027, "2022Q4": 0.10188709, "2021Q4": 0.11220477, "2019Q4": 0.013541955}