{"2020Q1": 44.533605379275, "2020Q2": 39.816840160575, "2020Q3": 39.081760736175, "2020Q4": 41.470770957525005, "2023Q1": 36.467867692125, "2023Q2": 36.2886365385, "2021Q1": 46.07390543445, "2021Q2": 41.499971791425, "2021Q3": 39.796421752575, "2021Q4": 40.776528349125, "2019Q4": 49.5158151321, "2022Q1": 36.77697749385, "2022Q2": 31.710541808025, "2022Q3": 27.796006634624998, "2022Q4": 33.565099153949994}