{"2023Q1": 3.5847039900000004, "2023Q2": 3.34660557, "2022Q3": 3.08205177, "2022Q4": 3.3598332600000003}