{"2023Q2": 21.91776, "2023Q1": 22.7686848, "2020Q2": 43.6034496, "2020Q1": 33.456815999999996, "2022Q2": 26.8943808, "2022Q1": 31.8581088, "2021Q2": 36.563980799999996, "2021Q1": 39.9290016, "2019Q2": 56.56071359999999}