{"2023Q2": 62, "2023Q3": 50.08, "2023Q1": 42.676998, "2022Q4": 44.32, "2022Q3": 78.394997}