{"2021Q2": 31.150669260479997, "2021Q4": 42.35506427232, "2021Q3": 38.16880434432, "2023Q2": 42.54675700127999, "2023Q1": 44.58689046624, "2022Q2": 42.41662481376, "2022Q1": 47.64944617824, "2022Q4": 37.18445582496, "2022Q3": 40.266857424}