{"2023Q2": 32.311501, "2023Q3": 30.94, "2023Q1": 30.634991, "2022Q4": 29.09, "2022Q3": 29.42}