{"2023Q2": 223.240097, "2023Q3": 199.71, "2023Q1": 197.384995, "2022Q4": 202.565, "2022Q3": 185.06}