{"2023Q2": 5.414976, "2023Q1": 5.554659173759999, "2022Q4": 5.06416677984}