{"2023Q1": 28.809910142769, "2023Q2": 25.000015312671, "2023Q3": 20.62196871, "2022Q3": 19.599640232970003, "2022Q4": 24.55059264}