{"2023Q2": 7.2586464, "2023Q1": 7.284432000000001, "2020Q2": 7.0136832, "2020Q4": 7.671216, "2020Q1": 6.2916864, "2020Q3": 7.7227872, "2022Q2": 8.058, "2022Q4": 7.73568, "2022Q1": 8.4189984, "2022Q3": 7.4649312, "2021Q2": 7.658323200000001, "2021Q4": 8.186928, "2021Q1": 7.697001599999999, "2021Q3": 7.73568, "2019Q2": 6.033830399999999, "2019Q4": 6.76872, "2019Q3": 6.4592928}