{"2020Q1": 21.199304419545, "2020Q2": 14.879318407272, "2020Q3": 26.499123370908, "2020Q4": 18.101507876817, "2023Q1": 1.3418889935100002, "2023Q2": 2.06519106, "2021Q1": 17.790485126817, "2021Q2": 13.933803026817001, "2021Q3": 13.436166626817, "2021Q4": 11.376605078592002, "2019Q4": 19.781030726817, "2022Q1": 7.90811420514, "2022Q2": 7.565384551914001, "2022Q3": 7.8553212035549995, "2022Q4": 0.9701172799800001}