{"2023Q2": 36.4350528, "2023Q1": 41.8887072, "2020Q2": 60.802444799999996, "2020Q4": 62.4398304, "2020Q1": 49.0442112, "2020Q3": 57.888672, "2022Q2": 42.6493824, "2022Q4": 37.4149056, "2022Q1": 46.865328, "2022Q3": 36.8605152, "2021Q2": 66.2560992, "2021Q4": 64.206144, "2021Q1": 58.5204192, "2021Q3": 64.06432319999999, "2019Q2": 55.6066464, "2019Q4": 62.8910784, "2019Q3": 59.28109439999999}