{"2021Q4": 186.72693999819998, "2021Q2": 192.04787680679996, "2021Q1": 133.03756553079998, "2021Q3": 215.0843881592, "2020Q4": 100.092928999, "2020Q2": 93.2731800126, "2020Q3": 86.6632658178, "2023Q2": 98.59214156959999, "2023Q1": 100.7635748602, "2022Q4": 110.3328538312, "2022Q2": 113.86357664639999, "2022Q1": 157.8345331892, "2022Q3": 88.3419739818}