{"2023Q2": 78.6265231962, "2023Q1": 83.42082319619999, "2020Q2": 68.8574817252, "2020Q4": 72.4870129326, "2020Q1": 63.75538553439999, "2020Q3": 72.07220690039999, "2022Q2": 79.0201714498, "2022Q4": 89.6009273306, "2022Q1": 91.67169843299999, "2022Q3": 81.5090012506, "2021Q2": 81.06126690059999, "2021Q4": 90.2198853108, "2021Q1": 76.220244849, "2021Q3": 74.97584273339999, "2019Q4": 79.53867925639999}