{"2020Q1": 90.5229756298, "2020Q2": 93.50336714039999, "2020Q3": 110.52693455299999, "2020Q4": 108.30426830719999, "2023Q1": 72.3602750794, "2023Q2": 79.22634765779999, "2021Q1": 105.19183857839998, "2021Q2": 104.5308729416, "2021Q3": 63.41386836819999, "2021Q4": 67.22518558139998, "2019Q2": 94.9480932218, "2019Q3": 104.74801424639999, "2019Q4": 106.88985285579999, "2022Q1": 69.3210095648, "2022Q2": 68.902528968, "2022Q3": 71.21910276599999, "2022Q4": 78.2421417918}