{"2023Q1": 41.783301449999996, "2023Q2": 55.92025428, "2022Q3": 30.37499124, "2022Q4": 35.443129590000005}