{"2020Q1": 0, "2020Q2": 0, "2020Q3": 0, "2020Q4": 0, "2023Q1": 18.837288, "2023Q2": 18.873096861, "2021Q1": 0, "2021Q2": 0, "2021Q3": 27.123635999999998, "2021Q4": 25.06581669, "2019Q4": 0, "2022Q1": 23.701014, "2022Q2": 24.498768, "2022Q3": 23.053700964, "2022Q4": 21.98481354}