{"2023Q2": 20.354197049139998, "2023Q3": 19.566706, "2022Q4": 13.02896}