{"2022Q3": 293.89, "2022Q4": 285.05, "2023Q3": 348.3, "2023Q1": 313.049286, "2023Q2": 350.450012}