{"2023Q2": 271.1443, "2023Q1": 290.9692323034, "2020Q2": 252.00205151239996, "2020Q4": 248.36490482579998, "2020Q1": 257.7175549494, "2020Q3": 248.36490482579998, "2022Q2": 261.8279672316, "2022Q4": 247.05290627639997, "2022Q1": 283.67504045439995, "2022Q3": 224.60106833219996, "2021Q2": 296.42475789779996, "2021Q4": 300.93967059799996, "2021Q1": 290.45184636299996, "2021Q3": 301.7122219692, "2019Q2": 281.6187928848, "2019Q4": 274.86409615699995, "2019Q3": 277.4620495528}