{"2023Q2": 16.1755265, "2023Q1": 14.59446, "2020Q2": 0, "2020Q4": 0, "2020Q1": 0, "2020Q3": 0, "2022Q2": 12.6971802, "2022Q4": 14.1809503, "2022Q1": 14.472839500000001, "2022Q3": 11.818472087499998, "2021Q2": 0, "2021Q4": 14.9106733, "2021Q1": 0, "2021Q3": 17.513352, "2019Q2": 0, "2019Q4": 0, "2019Q3": 0}