{"2023Q2": 14.610541495579, "2023Q1": 15.530227268889, "2022Q4": 14.8652552923, "2022Q3": 6.85973811063}