{"2023Q1": 9.267460277988, "2023Q2": 10.366996507626, "2022Q3": 5.486811644919}