{"2023Q2": 15.690078554074, "2023Q1": 10.266303464111, "2023Q3": 15.677782500000001, "2022Q4": 9.89237335, "2022Q3": 9.0116016773}