{"2017Q2": 14.640360872538, "2017Q1": 18.086558879361, "2017Q3": 15.424370847555, "2023Q2": 6.44439138, "2023Q1": 7.64051023104, "2016Q2": 14.514715146084, "2016Q1": 10.978775879067001, "2016Q3": 22.543881893706, "2015Q2": 8.537716313874, "2015Q4": 0, "2015Q1": 7.167615068757, "2015Q3": 10.25363629017, "2020Q2": 5.415485823906001, "2020Q1": 4.523279742801, "2020Q3": 6.493213243113, "2022Q2": 6.957012856095, "2022Q1": 8.142146383605, "2022Q3": 7.567278058416001, "2018Q2": 12.361428758283001, "2018Q1": 14.890450533540001, "2018Q3": 9.588473084292001, "2021Q2": 10.326710463237, "2021Q1": 7.603894144728001, "2021Q3": 11.447400076947, "2019Q2": 8.789027672238001, "2019Q1": 8.574214211541, "2019Q3": 7.713741159573, "2014Q2": 8.537716313874, "2014Q4": 8.290315133523, "2014Q1": 9.402258787503001, "2014Q3": 8.281885172907002}