{"2023Q2": 31.545, "2023Q3": 26.18, "2023Q1": 30.028, "2022Q4": 25.174999, "2022Q3": 21.495001}