{"2023Q1": 81.72066882, "2023Q2": 84.1281084, "2023Q3": 74.93486385}