{"2023Q3": 89.699997, "2023Q1": 153.36, "2023Q2": 123.76, "2023Q4": 159.979996, "2024Q1": 158.85}