{"2009Q2": 66.82722574894, "2009Q4": 14.5176390288, "2020Q4": 0.18152339999999997, "2014Q2": 0.09398019999999999, "2014Q4": 0.14933839999999998, "2016Q2": 0.26649179999999995, "2016Q4": 0.28322800000000004, "2010Q2": 9.10232919556, "2010Q4": 0.76044761152, "2015Q2": 0.46990099999999996, "2015Q4": 0.238169, "2012Q2": 0.037446217579999996, "2012Q4": 0.0460876326, "2008Q4": 10.945828963739999, "2013Q2": 0.06913157764, "2013Q4": 0.06221836838, "2011Q2": 0.2995702556, "2011Q4": 0.03859844058}