{"2016Q1": 0.09269279999999999, "2009Q1": 0.0289665, "2009Q3": 0.06791035, "2010Q1": 0.07177254999999999, "2010Q3": 0.06469185, "2015Q1": 0.1596376, "2015Q3": 0.09140539999999998, "2011Q1": 0.052139700000000004, "2013Q1": 0.018667299999999998, "2013Q3": 0.021563950000000002, "2014Q1": 0.13839549999999998, "2014Q3": 0.2220765}