{"2021Q3": 22.223208655872, "2021Q2": 21.185181281376, "2021Q1": 16.42088995344, "2021Q4": 17.881354968624, "2009Q3": 22.703662405872002, "2009Q4": 25.187382281376, "2011Q3": 9.713912905872, "2011Q2": 11.259310781376, "2011Q1": 15.086001655872002, "2011Q4": 12.951884531375999, "2022Q3": 17.080689937248003, "2022Q2": 17.673082875504, "2022Q1": 18.218739655872, "2022Q4": 18.7992, "2019Q3": 14.328216984815999, "2019Q2": 12.426241077936, "2019Q1": 10.566532265184, "2019Q4": 17.440268344128, "2015Q3": 19.437167531376, "2015Q2": 17.085895312751997, "2015Q1": 13.676554827936, "2015Q4": 23.704728468623998, "2014Q3": 12.892671422064, "2014Q2": 12.627233718624002, "2014Q1": 13.46146495344, "2014Q4": 12.030665062752, "2012Q3": 14.423688562752, "2012Q2": 13.982147155872001, "2012Q1": 14.497279453440001, "2012Q4": 12.215533640688001, "2023Q3": 0, "2023Q2": 21.7224, "2023Q1": 19.92816, "2020Q3": 13.657464844127999, "2020Q2": 13.928804859311999, "2020Q1": 11.714927765184001, "2020Q4": 14.519035125504, "2013Q3": 14.301115172064, "2013Q2": 14.636295844128, "2013Q1": 11.843109140688, "2013Q4": 12.665151844128, "2010Q3": 14.536719422064, "2010Q2": 16.911527062751997, "2010Q1": 23.892033375504, "2010Q4": 13.283041077936}