{"2021Q3": 42.34719306661, "2021Q4": 28.775704824014998, "2011Q3": 4.789311286289999, "2011Q2": 5.255935, "2011Q1": 5.5123225394699995, "2011Q4": 4.87326384786, "2022Q3": 15.500836787414999, "2022Q2": 18.171999287414998, "2022Q1": 24.202351425984997, "2022Q4": 17.64475, "2019Q3": 9.800666298929999, "2019Q2": 12.470108066609999, "2015Q3": 15.894867002055, "2015Q2": 22.877736064555, "2014Q3": 13.550544970805, "2014Q2": 13.604212402140002, "2012Q3": 7.624300327505, "2012Q2": 5.292469524155, "2023Q3": 0, "2023Q2": 14.5885, "2023Q1": 14.61295, "2018Q3": 15.33657926768, "2018Q2": 14.639464560444999, "2020Q3": 17.161940497945, "2020Q2": 12.871454975534999, "2013Q3": 10.721179350535, "2013Q2": 10.375336806335}