{"2017Q4": 0.049075972908999996, "2016Q2": 0.046526576714, "2016Q4": 0.045251814513, "2009Q4": 0.020344014966999998, "2010Q2": 0.034884868286, "2010Q4": 0.034283449248999995, "2015Q2": 0.114723085189, "2015Q4": 0.061185636886999996, "2018Q4": 0.043339863522, "2012Q2": 0.047801210707999996, "2012Q4": 0.06309771608499999, "2011Q2": 0.053145134882, "2011Q4": 0.062217446823, "2013Q2": 0.077756776258, "2013Q4": 0.057361478491, "2014Q2": 0.059273557688999993, "2014Q4": 0.08922912323899998}