{"2009Q2": 0.125279678079, "2009Q4": 0.165742664687, "2009Q1": 0.064585198167, "2009Q3": 0.14317674043, "2020Q2": 0.0604055, "2020Q4": 0.07611093000000001, "2020Q1": 0.07127849, "2020Q3": 0.059801445, "2014Q2": 0.21383547, "2014Q4": 0.29598695, "2014Q1": 0.18967327, "2014Q3": 0.43733582000000004, "2002Q4": 0.075138522261, "2016Q2": 0.17880028, "2016Q4": 0.18242461000000001, "2016Q1": 0.20658681, "2016Q3": 0.18000839, "2010Q2": 0.12450153442800001, "2010Q4": 0.308141382277, "2010Q1": 0.153292487082, "2010Q3": 0.16496452103599998, "2022Q2": 0.07369471, "2022Q4": 0.06161361, "2022Q1": 0.07731904, "2022Q3": 0.054969005, "2021Q2": 0.08698391999999999, "2021Q4": 0.07852715, "2021Q1": 0.08215148000000001, "2021Q3": 0.09906501999999999, "2007Q2": 0.28635360167100005, "2007Q4": 0.209318225899, "2007Q1": 0.18130541689600002, "2007Q3": 0.325260300977, "2017Q2": 0.14859753, "2017Q1": 0.18484083, "2023Q2": 0.06402983000000001, "2023Q1": 0.0724866, "2023Q3": 0.07490282, "2015Q2": 0.45424936, "2015Q4": 0.24524632999999998, "2015Q1": 0.40954929, "2015Q3": 0.3020275, "2003Q2": 0.082988821041, "2003Q4": 0.146538789749, "2003Q1": 0.077348517884, "2012Q2": 0.125166840605, "2012Q4": 0.15463808, "2012Q1": 0.15114495074599998, "2012Q3": 0.12161632612600001, "2004Q2": 0.10510750297600001, "2004Q4": 0.125671951396, "2004Q1": 0.12560478047999998, "2004Q3": 0.136335092689, "2005Q2": 0.095710581774, "2005Q4": 0.130726683636, "2005Q1": 0.108915707318, "2005Q3": 0.094932438123, "2018Q2": 0.12685155, "2018Q1": 0.14255698, "2008Q2": 0.091819863519, "2008Q4": 0.068475795611, "2008Q1": 0.12605782173000002, "2008Q3": 0.050578733259999994, "2013Q2": 0.17638406, "2013Q4": 0.19088138000000002, "2013Q1": 0.16188674, "2013Q3": 0.165913733063, "2019Q2": 0.11718666999999999, "2019Q4": 0.10268935, "2019Q3": 0.09906501999999999, "2006Q2": 0.129948419174, "2006Q4": 0.136951712033, "2006Q1": 0.159517515479, "2006Q3": 0.127614109032, "2011Q2": 0.216483526309, "2011Q4": 0.14012384645999998, "2011Q1": 0.247446902365, "2011Q3": 0.125166840605}