{"2017Q2": 0.1474829, "2017Q4": 0.25136216, "2017Q1": 0.26033937999999995, "2017Q3": 0.19749884, "2023Q2": 0.10131434, "2023Q3": 0.10516171999999999, "2016Q2": 0.21545328, "2016Q4": 0.28983595999999995, "2016Q1": 0.13337584, "2016Q3": 0.29753071999999997, "2009Q2": 0.38602045999999995, "2009Q4": 0.37319586, "2009Q1": 0.246324528874, "2009Q3": 0.38217308, "2010Q2": 0.24110247999999998, "2010Q4": 0.25905692, "2010Q1": 0.31163778000000003, "2010Q3": 0.27188152, "2015Q2": 0.2757289, "2015Q4": 0.15389519999999998, "2015Q1": 0.23469018, "2015Q3": 0.14620044, "2020Q2": 0.0897722, "2020Q4": 0.10131434, "2020Q1": 0.09233712, "2020Q3": 0.09233712, "2022Q2": 0.14107060000000002, "2022Q1": 0.15389519999999998, "2018Q2": 0.1603075, "2018Q4": 0.1474829, "2018Q1": 0.19365146, "2018Q3": 0.15389519999999998, "2012Q2": 0.13337584, "2012Q4": 0.18467424, "2012Q1": 0.17697948, "2012Q3": 0.12055123999999999, "2008Q2": 0.35158448531, "2008Q4": 0.24508041442800002, "2008Q1": 0.31195403463599997, "2008Q3": 0.18412137149399999, "2021Q2": 0.26162184, "2021Q1": 0.13850568000000002, "2011Q2": 0.22186558, "2011Q4": 0.14107060000000002, "2011Q1": 0.24879724, "2011Q3": 0.14491797999999997, "2019Q2": 0.14620044, "2019Q4": 0.13209338, "2019Q1": 0.1731321, "2019Q3": 0.12439862, "2006Q4": 0.219367604412, "2013Q2": 0.1346583, "2013Q4": 0.15646012, "2013Q1": 0.15517766, "2013Q3": 0.14235306, "2014Q2": 0.17441456000000002, "2014Q4": 0.21930065999999998, "2014Q1": 0.13081092, "2014Q3": 0.22699542, "2007Q4": 0.45575447899199995, "2007Q3": 0.60071452368}