{"2009Q2": 1.3228722348520001, "2009Q4": 1.9866960608820001, "2009Q1": 0.8265688073740001, "2009Q3": 1.867302898778, "2020Q2": 0.42266984784399997, "2020Q4": 0.626406847165, "2020Q1": 0.399709958916, "2020Q3": 0.630787333214, "2014Q2": 1.328138869586, "2014Q4": 1.421866459606, "2014Q1": 1.181941370912, "2014Q3": 1.3939472791279999, "2002Q4": 0.034068702, "2016Q2": 0.617422978772, "2016Q4": 0.696762341125, "2016Q1": 0.644211126668, "2016Q3": 0.62352610887, "2010Q2": 2.315062050236, "2010Q4": 3.683052965203, "2010Q1": 2.110864398572, "2010Q3": 3.486942160257, "2022Q2": 1.0675418106819998, "2022Q4": 1.546982559591, "2022Q1": 0.9959939121520001, "2022Q3": 1.246439222726, "2021Q2": 0.6811627415610001, "2021Q4": 1.4900158238949999, "2021Q1": 0.7851988925890001, "2021Q3": 1.462759533374, "2007Q2": 2.049666740845, "2007Q4": 3.0958021712479997, "2007Q1": 1.529221530426, "2007Q3": 3.360885425826, "2017Q2": 0.713037153368, "2017Q1": 0.746603764852, "2023Q2": 1.21052622, "2023Q1": 1.477088805273, "2023Q3": 1.0510557, "2015Q2": 1.4532439757700002, "2015Q4": 0.79295266338, "2015Q1": 1.491663444313, "2015Q3": 0.798982582012, "2003Q2": 0.064994143402, "2003Q4": 0.165847166202, "2003Q1": 0.046168286083000006, "2012Q2": 1.521052653039, "2012Q4": 1.5171725661520001, "2012Q1": 1.809166833413, "2012Q3": 1.024382443365, "2004Q2": 0.114300011966, "2004Q4": 0.212911990716, "2004Q1": 0.138953067059, "2004Q3": 0.179294276179, "2005Q2": 0.33499803001, "2005Q4": 0.360065829266, "2005Q1": 0.291353123284, "2005Q3": 0.387412607226, "2018Q2": 0.524860369225, "2018Q1": 0.62149165163, "2008Q2": 1.092865004392, "2008Q4": 0.925833286335, "2008Q1": 1.491097323967, "2008Q3": 0.973556893232, "2013Q2": 1.019522337646, "2013Q4": 1.330662490565, "2013Q1": 1.247496077354, "2013Q3": 1.105624095724, "2019Q2": 0.518757359938, "2019Q4": 0.49050570758799994, "2019Q3": 0.45502242958899997, "2006Q2": 0.6916787350560001, "2006Q4": 1.0148124, "2006Q1": 0.720131779343, "2006Q3": 0.638979285502, "2011Q2": 2.7733508468320003, "2011Q4": 2.210990259963, "2011Q1": 2.525522060896, "2011Q3": 1.9514390618860002}