{"2022Q3": 1.177618602588, "2022Q4": 1.2254405517959999, "2022Q1": 1.34149680954, "2022Q2": 1.2090033359939998, "2020Q3": 1.069086576258, "2020Q4": 1.112880483366, "2020Q1": 0.9492222198, "2020Q2": 1.0504082441579998, "2010Q4": 0.466848787644, "2023Q1": 1.2941848164479999, "2023Q2": 1.32706249317, "2016Q3": 0.5865065277539999, "2016Q4": 0.561979894404, "2016Q1": 0.604227833598, "2016Q2": 0.5733998427179999, "2015Q3": 0.6617733535620001, "2015Q4": 0.563123845758, "2015Q1": 0.757813376916, "2015Q2": 0.7029272154, "2019Q3": 1.043180610228, "2019Q4": 1.155208006716, "2019Q1": 0.9082863164699999, "2019Q2": 1.077032893554, "2018Q3": 0.939997357518, "2018Q4": 0.768985751082, "2018Q1": 0.6251697142679999, "2018Q2": 0.738736714458, "2013Q3": 0.677117405682, "2013Q4": 0.698843281656, "2013Q1": 0.6172996099860001, "2013Q2": 0.6249206908439999, "2014Q3": 0.748184198136, "2014Q4": 0.75107295177, "2014Q1": 0.687980485446, "2014Q2": 0.740484131736, "2012Q3": 0.627460956612, "2012Q4": 0.6325416141719999, "2012Q1": 0.5572544985, "2012Q2": 0.5805058319819999, "2017Q3": 0.589886838, "2017Q4": 0.62186196234, "2017Q1": 0.6526219317659999, "2017Q2": 0.556648039506, "2021Q3": 1.258688392512, "2021Q4": 1.222804759836, "2021Q1": 1.23138144918, "2021Q2": 1.306088854452, "2011Q3": 0.495251226102, "2011Q4": 0.5270279256539999, "2011Q1": 0.478429542582, "2011Q2": 0.593513304624}