{"2016Q2": 0.0950303937, "2016Q4": 0.098928770775, "2013Q2": 0.087002980765, "2013Q4": 0.093683238695, "2017Q4": 0.10586199689999999, "2009Q2": 0.026662437464999997, "2009Q4": 0.044983078815, "2008Q4": 0.024615869635, "2010Q2": 0.10379542753, "2010Q4": 0.171959521915, "2012Q2": 0.07442008887999998, "2012Q4": 0.09022694694, "2011Q2": 0.15659385167, "2011Q4": 0.079869098165, "2018Q4": 0.09616843003999999, "2015Q2": 0.13066416293, "2015Q4": 0.109997828155, "2014Q2": 0.090431449865, "2014Q4": 0.09993602781500001}