{"2023Q2": 50.239424599158994, "2023Q3": 51.520770999999996, "2021Q4": 32.619016330632, "2022Q1": 49.524896640457, "2022Q2": 49.763359060822}