{"2019Q4": 0.11938236046500002, "2021Q4": 0.09596363030600001, "2020Q4": 0.08118828096700001, "2022Q4": 0.11536613119400002}