{"2014Q2": 0.2458552, "2014Q4": 0.24199359999999998, "2016Q2": 0.29734320000000003, "2016Q4": 0.135156, "2013Q2": 0.1647616, "2013Q4": 0.34496960000000004, "2011Q4": 0.4994336, "2018Q4": 0.05460662816, "2023Q2": 0.01364432, "2017Q4": 0.0669344, "2015Q2": 0.32823599999999997, "2015Q4": 0.21367519999999998, "2022Q4": 0.025486560000000002, "2012Q2": 0.2535784, "2012Q4": 0.2175368}