{"2009Q4": 0.022698215940000002, "2020Q4": 0.045826464189, "2014Q2": 0.089628711279, "2014Q4": 0.08031664570800001, "2016Q2": 0.052962461109000006, "2010Q2": 0.024095019363000004, "2010Q4": 0.027237859128000003, "2022Q4": 0.10388493000000001, "2021Q4": 0.10003734, "2012Q2": 0.103596873762, "2012Q4": 0.08730066282300002, "2018Q4": 0.037457314674, "2019Q4": 0.037387288536, "2011Q2": 0.162961339872, "2011Q4": 0.10941686664900001}