{"2016Q2": 0.16031625, "2016Q1": 0.16159878, "2016Q3": 0.21033492, "2016Q4": 0.21674757, "2013Q2": 0.1539036, "2013Q1": 0.12016280076000001, "2013Q3": 0.13338312000000002, "2013Q4": 0.14877347999999999, "2017Q2": 0.25137588, "2017Q1": 0.21161744999999998, "2017Q3": 0.22059516, "2017Q4": 0.21289998, "2009Q4": 0.07374290994, "2019Q2": 0.13210059000000002, "2019Q1": 0.13723071, "2019Q3": 0.11162243349, "2019Q4": 0.08630529129, "2021Q2": 0.09954484848, "2021Q1": 0.10650000867, "2021Q3": 0.11775420942, "2021Q4": 0.13081806, "2020Q2": 0.07710057348, "2020Q1": 0.07249757331000001, "2020Q3": 0.09489182964000001, "2020Q4": 0.10769660916000001, "2010Q2": 0.12382185885000001, "2010Q4": 0.11927657253, "2012Q2": 0.09027087405, "2012Q1": 0.09628209216000001, "2012Q3": 0.10764530796, "2012Q4": 0.11265230508000001, "2011Q2": 0.09347848158, "2011Q4": 0.100293846, "2018Q2": 0.20648733000000002, "2018Q1": 0.20520480000000002, "2018Q3": 0.18468432, "2018Q4": 0.18596685, "2015Q2": 0.14107830000000002, "2015Q1": 0.13723071, "2015Q3": 0.17570661, "2015Q4": 0.20263974, "2022Q2": 0.11760415341, "2022Q1": 0.10659876348000001, "2022Q3": 0.12772075005, "2022Q4": 0.11057588901, "2014Q2": 0.12322419987000001, "2014Q1": 0.12760019223, "2014Q3": 0.11704497033000001, "2014Q4": 0.11254329003}