{"2020Q3": 5.435420552016, "2020Q4": 5.168723200753, "2023Q1": 3.890526971877, "2023Q2": 4.17977056, "2021Q1": 5.234807825722999, "2021Q2": 5.476467071809999, "2022Q3": 4.20075204857, "2022Q4": 3.7989849318399997}