{"2021Q3": 86.587109375, "2021Q2": 70.10258815669201, "2021Q1": 51.8828578125, "2021Q4": 62.6756, "2011Q4": 48.098799125, "2022Q3": 37.3932, "2022Q2": 46.144800000000004, "2022Q1": 56.0456, "2022Q4": 36.3766, "2019Q3": 34.7141689375, "2019Q2": 35.461601297096, "2019Q1": 42.022411031691995, "2019Q4": 42.081621765404, "2017Q3": 57.068581375, "2017Q2": 55.537079, "2017Q1": 57.068581375, "2017Q4": 72.7034611875, "2015Q3": 49.336098702903996, "2015Q2": 50.912332859596006, "2015Q1": 39.4846473125, "2015Q4": 49.886530281691996, "2014Q3": 45.469575937500004, "2014Q2": 55.530600937500004, "2014Q1": 42.4278700625, "2014Q4": 38.105438109596, "2012Q3": 46.959008890404, "2012Q2": 53.341785859596, "2012Q1": 56.913111327904, "2012Q4": 49.1133825, "2023Q3": 0, "2023Q2": 38.1888, "2023Q1": 39.338, "2018Q3": 50.8107315625, "2018Q2": 55.221950265404, "2018Q1": 55.058572562500004, "2018Q4": 47.5866454375, "2020Q3": 31.9312816875, "2020Q2": 27.152163594192, "2020Q1": 25.375851922096, "2020Q4": 35.615237734596, "2013Q3": 43.870513172096004, "2013Q2": 37.316917015404, "2013Q1": 42.251384297096, "2013Q4": 42.661850359596, "2016Q3": 65.8534004375, "2016Q2": 57.433055265404, "2016Q1": 57.512497859596, "2016Q4": 59.647948344192}