{"2015Q1": 24.514851200000003, "2015Q2": 28.7163294, "2015Q3": 17.1876227, "2015Q4": 14.5823859, "2020Q1": 3.5154681, "2020Q2": 3.8651464, "2020Q3": 6.9214949, "2020Q4": 7.6422058999999996, "2016Q1": 9.016895400000001, "2016Q2": 9.315857, "2016Q3": 6.4944068999999995, "2016Q4": 7.4233233, "2013Q4": 15.0922222, "2017Q1": 6.7693448, "2017Q2": 6.112697, "2017Q3": 6.3315795999999995, "2017Q4": 5.5227817, "2023Q1": 5.0503156, "2023Q2": 5.3279228000000005, "2023Q3": 4.2495256, "2021Q1": 9.529401, "2021Q2": 13.6241072, "2021Q3": 11.9210938, "2021Q4": 9.7589608, "2019Q1": 4.9462129, "2019Q2": 4.2575335, "2019Q3": 4.324266, "2019Q4": 4.3669747999999995, "2018Q1": 5.098363, "2018Q2": 5.9925785, "2018Q3": 5.8190740000000005, "2018Q4": 5.2611903, "2014Q1": 15.909028000000001, "2022Q1": 9.0836279, "2022Q2": 6.5504622, "2022Q3": 6.059311, "2022Q4": 4.911511999999999}