{"2022Q3": 2.032701619026, "2022Q4": 2.0115588876059998, "2022Q1": 1.903257989292, "2022Q2": 1.943876343648, "2020Q3": 1.74426305481, "2020Q4": 1.883804105496, "2020Q1": 1.766040821166, "2020Q2": 1.9194926845259999, "2023Q3": 2.2085706, "2023Q1": 2.1716379120419997, "2023Q2": 2.304533906244, "2016Q3": 1.3806475829099998, "2016Q4": 1.249603070304, "2016Q1": 1.282080526308, "2016Q2": 1.440922373136, "2015Q3": 1.293426435522, "2015Q4": 1.2457738310639999, "2015Q1": 1.116310951164, "2015Q2": 1.165309397424, "2019Q3": 2.013717426678, "2019Q4": 1.997564584032, "2019Q1": 1.951411885716, "2019Q2": 2.15751008604, "2018Q3": 2.0792450547540002, "2018Q4": 1.8209699883719999, "2018Q1": 1.6623240458519999, "2018Q2": 1.878304764702, "2013Q3": 1.0787391639959998, "2013Q4": 1.051330078212, "2013Q1": 1.021585641684, "2013Q2": 1.054074156294, "2014Q3": 1.124832505008, "2014Q4": 1.069442783094, "2014Q1": 1.037625755862, "2014Q2": 1.0493723583839998, "2012Q3": 0.9385592661479999, "2012Q4": 0.962023202118, "2012Q1": 0.6764547084779999, "2012Q2": 0.7882312226879999, "2017Q3": 1.5409864688339998, "2017Q4": 1.601655304602, "2017Q1": 1.331506004892, "2017Q2": 1.42744927332, "2021Q3": 1.981593436488, "2021Q4": 1.990297315554, "2021Q1": 2.037299226594, "2021Q2": 2.042880640518, "2011Q4": 0.7327569701759999}