{"2020Q2": 0.006169406094, "2020Q4": 0.007963116672, "2020Q1": 0.008186332271, "2020Q3": 0.006997995793, "2022Q2": 0.007544120513, "2022Q4": 0.006649068466, "2022Q1": 0.008567073939, "2022Q3": 0.005242539706000001, "2021Q2": 0.008577378179, "2021Q4": 0.008950649272999999, "2021Q1": 0.008083805083, "2021Q3": 0.009590027365, "2019Q2": 0.009619265646, "2019Q4": 0.006637604999, "2019Q3": 0.009181979461}