{"2014Q3": 0.16304641, "2014Q4": 0.17460088, "2016Q2": 0.25419833999999997, "2016Q1": 0.22210259, "2016Q3": 0.24136003999999997, "2016Q4": 0.25034685, "2019Q2": 0.091537079, "2019Q1": 0.14122130000000002, "2019Q3": 0.08601661000000001, "2019Q4": 0.0641915, "2021Q2": 0.045575964999999996, "2021Q1": 0.057130435, "2021Q3": 0.0385149, "2021Q4": 0.03209575, "2020Q2": 0.09628724999999999, "2020Q1": 0.08858426999999999, "2020Q3": 0.052637029999999994, "2020Q4": 0.04878554, "2018Q2": 0.17331705, "2018Q1": 0.14764044999999998, "2018Q3": 0.13351832, "2018Q4": 0.14635662, "2017Q2": 0.22723791, "2017Q1": 0.24649536, "2017Q3": 0.18230385999999998, "2017Q4": 0.16433024, "2015Q2": 0.16946556000000002, "2015Q1": 0.25163068, "2015Q3": 0.19514216, "2015Q4": 0.21439961, "2022Q2": 0.023108939999999998, "2022Q1": 0.030298388, "2022Q3": 0.027602345, "2022Q4": 0.0256766}