{"2015Q4": 4.882745399999999, "2020Q1": 2.5625755999999997, "2020Q2": 3.0127578, "2020Q3": 4.3473216, "2020Q4": 5.847041, "2017Q2": 3.8758290000000004, "2017Q3": 3.86251, "2017Q4": 3.9584068, "2023Q1": 7.3733984, "2023Q2": 9.4778004, "2021Q1": 7.8129254, "2021Q2": 9.720206200000002, "2021Q3": 10.5992602, "2021Q4": 8.5694446, "2019Q1": 3.2738102, "2019Q2": 3.1459478, "2019Q3": 3.4176554, "2019Q4": 3.7080096, "2018Q1": 3.9051308000000002, "2018Q2": 3.9530792, "2018Q3": 3.2711464, "2018Q4": 3.0580424, "2022Q1": 8.2817542, "2022Q2": 7.1576306, "2022Q3": 8.9983164, "2022Q4": 7.4932694}