{"2017Q4": 0.459830237067, "2023Q2": 0.41657633, "2016Q4": 0.257469321285, "2022Q4": 0.532253773146}