{"2016Q4": 0.30734098000000004, "2016Q2": 0.60707451, "2015Q4": 1.3541261000000002, "2015Q2": 0.48231233, "2018Q4": 0.16279943000000002, "2013Q4": 0, "2014Q4": 0.6435902700000001, "2014Q2": 0, "2017Q4": 0.25561032}