{"2022Q3": 1.795226169732, "2022Q4": 1.418327903448, "2022Q1": 1.7424717938460004, "2022Q2": 1.846830443712, "2020Q3": 1.657577601924, "2020Q4": 1.8314285649780002, "2020Q1": 1.236532884276, "2020Q2": 1.567873016634, "2023Q3": 1.2673347, "2023Q1": 1.5026341283520002, "2023Q2": 1.4679198024900002, "2016Q3": 2.9672671130340005, "2016Q4": 2.300245524822, "2016Q1": 2.912090896944, "2016Q2": 2.6880839235420004, "2015Q3": 2.24950140876, "2015Q4": 2.8059824583420006, "2015Q1": 2.3317497664380005, "2015Q2": 2.434119203598, "2019Q3": 1.8357647913960002, "2019Q4": 1.8978030961080004, "2019Q1": 2.009790442062, "2019Q2": 1.7900535717600001, "2018Q3": 2.2777626605040004, "2018Q4": 2.012470534218, "2018Q1": 2.750826041106, "2018Q2": 2.6234733281400002, "2013Q3": 1.7712864773040002, "2013Q4": 2.2720115268420003, "2013Q2": 1.45116081807, "2014Q3": 2.4227449526820006, "2014Q4": 2.1338357408640003, "2014Q1": 2.5808286770640003, "2014Q2": 2.9345925198960003, "2012Q2": 0, "2017Q3": 2.903649893058, "2017Q4": 2.9163852024960004, "2017Q1": 2.420407196928, "2017Q2": 2.6362083601860005, "2021Q3": 1.4894813786280001, "2021Q4": 1.7867452213980002, "2021Q1": 2.092204818852, "2021Q2": 1.978302462552}