{"2022Q1": 8.30833072, "2020Q4": 17.81062336, "2010Q3": 0, "2010Q4": 0, "2010Q1": 0, "2010Q2": 0, "2023Q3": 8.81518, "2023Q1": 9.182400600000001, "2023Q2": 8.475772000000001, "2013Q3": 0, "2013Q4": 0, "2013Q1": 0, "2013Q2": 0, "2012Q3": 0, "2012Q4": 0, "2012Q1": 0, "2012Q2": 0, "2014Q3": 0, "2014Q4": 0, "2014Q1": 0, "2014Q2": 0, "2009Q4": 0, "2021Q3": 10.8912256, "2021Q1": 15.246867320000002, "2021Q2": 14.25145908, "2011Q3": 0, "2011Q4": 0, "2011Q1": 0, "2011Q2": 0}