{"2010Q4": 0.5694433200000001, "2010Q2": 0.37449876, "2013Q2": 0.44888550000000005, "2014Q2": 0.45016803, "2009Q4": 0.36039093, "2016Q2": 0.41425719, "2015Q2": 0.46684092000000005, "2012Q4": 0.43477767000000006, "2012Q2": 0.34500057, "2011Q4": 0.38732406, "2011Q2": 0.50403429}