{"2016Q4": 1.0453607999999999, "2016Q2": 1.4730084, "2015Q4": 1.3256914044239998, "2015Q2": 2.105509812396, "2018Q4": 0.7285847999999999, "2013Q4": 4.368497210568, "2014Q4": 2.38854093222, "2014Q2": 3.590322394872, "2017Q4": 1.108716}