{"2014Q4": 0, "2016Q2": 0.022891258980000002, "2016Q1": 0.02485977576, "2016Q4": 0.03106698486, "2019Q2": 0.04286777242, "2019Q1": 0.03582133318, "2019Q4": 0.03417767968, "2019Q3": 0.04402542014, "2021Q2": 0.0708898086, "2021Q1": 0.073674351, "2021Q4": 0.0558713276, "2021Q3": 0.061277980759999996, "2020Q2": 0.04812617448, "2020Q1": 0.04228765942, "2020Q4": 0.06535553058, "2020Q3": 0.05525511868, "2023Q1": 0.036553564700000006, "2018Q2": 0.03190363672, "2018Q1": 0.02692497804, "2018Q4": 0.04197826582, "2018Q3": 0.033582097, "2017Q2": 0.0381520983, "2017Q1": 0.03597216256, "2017Q4": 0.03597216256, "2015Q2": 0.03226459592, "2015Q1": 0.5285474, "2015Q4": 0.02422422974, "2022Q2": 0.040818039820000006, "2022Q1": 0.048060428339999996, "2022Q4": 0.039599802520000005, "2022Q3": 0.046910515459999996}