{"2022Q2": 0.23050904, "2022Q4": 0.21634367999999998, "2022Q1": 0.18286191999999998, "2022Q3": 0.21505591999999998, "2018Q4": 0.13779032000000002, "2020Q2": 0.05262173688, "2020Q4": 0.08770160704, "2020Q1": 0.054375666, "2020Q3": 0.07016102808, "2021Q2": 0.11622549104, "2021Q4": 0.15710672, "2021Q1": 0.10699611512, "2021Q3": 0.15195567999999998, "2019Q2": 0.105242186, "2019Q4": 0.062268347040000005, "2019Q1": 0.10596204384, "2019Q3": 0.07279320952000001}