{"2017Q4": 0.19024676104500002, "2016Q2": 0.25106336572500004, "2015Q2": 0.311879970405}