{"2022Q3": 0.749034765618, "2022Q4": 0.796519600626, "2022Q1": 0.8179274550360001, "2022Q2": 0.739844150358, "2020Q3": 0.654866797278, "2020Q4": 0.710875265526, "2020Q1": 0.513579022446, "2020Q2": 0.6218363164559999, "2023Q1": 0.871576249908, "2023Q2": 0.8947704, "2016Q3": 0.373556182008, "2016Q4": 0.404075508606, "2016Q1": 0.303972219444, "2016Q2": 0.351582290802, "2015Q3": 0.300309898992, "2015Q4": 0.297868310016, "2015Q1": 0.407737829058, "2015Q2": 0.332049988572, "2019Q3": 0.613289904378, "2019Q4": 0.6884144805960001, "2019Q1": 0.49076880447, "2019Q2": 0.565451130966, "2018Q3": 0.51210655803, "2018Q4": 0.48009992769, "2018Q1": 0.453060249756, "2018Q2": 0.48899063733599996, "2013Q3": 0.369893893062, "2013Q4": 0.48708795849, "2013Q1": 0.404075508606, "2013Q2": 0.384543143364, "2014Q3": 0.5420227337639999, "2014Q4": 0.505399529244, "2014Q1": 0.5298150409319999, "2014Q2": 0.49929571433399994, "2012Q3": 0.419945553396, "2012Q4": 0.378439296948, "2012Q1": 0.36012772619399996, "2012Q2": 0.295426784052, "2017Q3": 0.42087561051600003, "2017Q4": 0.43449215715, "2017Q1": 0.452906342946, "2017Q2": 0.436967930136, "2021Q3": 0.735248842728, "2021Q4": 0.7633005248879999, "2021Q1": 0.6922057866119999, "2021Q2": 0.7367252769, "2011Q4": 0.3369330405}