{"2022Q3": 0.60158422815, "2022Q4": 0.645109641126, "2022Q1": 0.7339787728559999, "2022Q2": 0.60158422815, "2020Q3": 0.870926533176, "2020Q4": 0.877081482324, "2020Q1": 0.816823547808, "2020Q2": 0.9850326640379999, "2010Q4": 0.713056961508, "2023Q1": 0.7026254824379999, "2023Q2": 0.69796202733, "2016Q3": 0.502774134264, "2016Q4": 0.41459123472, "2016Q1": 0.34737019064999997, "2016Q2": 0.329621348562, "2015Q3": 0.325818007254, "2015Q4": 0.341031277968, "2015Q1": 0.413038114944, "2015Q2": 0.350715781284, "2019Q3": 0.7885643671320001, "2019Q4": 0.898909595268, "2019Q1": 0.853156771104, "2019Q2": 0.8464283182379999, "2018Q3": 0.8154778320299999, "2018Q4": 0.902946616578, "2018Q1": 0.746848595784, "2018Q2": 1.068464490288, "2013Q3": 0.35750006278199997, "2013Q4": 0.363399372246, "2013Q1": 0.33630229038, "2013Q2": 0.33858231658800003, "2014Q3": 0.340939784544, "2014Q4": 0.35682586588799997, "2014Q1": 0.349240985424, "2014Q2": 0.34688124903600004, "2012Q3": 0.36936251286599997, "2012Q4": 0.337442303484, "2012Q1": 0.42969083178600004, "2012Q2": 0.375565319628, "2017Q3": 0.54096054048, "2017Q4": 0.555762941448, "2017Q1": 0.5422590287639999, "2017Q2": 0.592096133238, "2021Q3": 0.698587767996, "2021Q4": 0.7216688115479999, "2021Q1": 0.783218397546, "2021Q2": 0.764753581608, "2011Q3": 0.421958629266, "2011Q4": 0.452887502358, "2011Q1": 0.6539254610099999, "2011Q2": 0.852190167024}