{"2022Q3": 0.506345874966, "2022Q4": 0.51104874408, "2022Q1": 0.489101916528, "2022Q2": 0.479696115288, "2020Q3": 0.28914552735, "2020Q4": 0.359119975278, "2020Q1": 0.21376616211, "2020Q2": 0.276089566974, "2023Q3": 0.6710778000000001, "2023Q1": 0.514184032164, "2023Q2": 0.6411471000000001, "2019Q3": 0.21286294810200002, "2019Q4": 0.216776969988, "2019Q1": 0.227649816612, "2019Q2": 0.22384102476599999, "2017Q3": 0.23997055297199998, "2017Q4": 0.23854219695599999, "2017Q1": 0.25415108851199997, "2017Q2": 0.24559661089799997, "2021Q3": 0.37936752671999996, "2021Q4": 0.48753427248599995, "2021Q1": 0.40689989548199995, "2021Q2": 0.377615446554}