{"2023Q3": 0.05209236, "2022Q4": 0.0324998446}