{"2022Q3": 0.2410209, "2022Q4": 0.2410209, "2022Q1": 0.23692512, "2022Q2": 0.24795222, "2020Q3": 0.21424079999999998, "2020Q4": 0.18651552, "2020Q1": 0.04662888, "2020Q2": 0.08034029999999999, "2023Q3": 0.6647766, "2023Q1": 0.24826727999999998, "2023Q2": 0.4300569, "2016Q3": 0.16698179999999999, "2016Q4": 0.14051676, "2016Q1": 0.17926914000000002, "2016Q2": 0.18304985999999998, "2015Q3": 0.13673604, "2015Q4": 0.15343422, "2015Q1": 0.26906124, "2015Q2": 0.17548842, "2019Q3": 0.110271, "2019Q4": 0.08317584, "2019Q1": 0.17202276, "2019Q2": 0.13673604, "2018Q3": 0.19313178, "2018Q4": 0.16194083999999997, "2018Q1": 0.22589802, "2018Q2": 0.21928176, "2013Q3": 0.3575931, "2013Q4": 0.3386895, "2013Q1": 0.31001903999999997, "2013Q2": 0.3071835, "2014Q3": 0.30025218, "2014Q4": 0.2867046, "2014Q1": 0.3701955, "2014Q2": 0.32608709999999996, "2012Q3": 0.34026480000000003, "2012Q4": 0.32923769999999997, "2012Q2": 0.3386895, "2017Q3": 0.15879024, "2017Q4": 0.15753, "2017Q1": 0.17832396, "2017Q2": 0.16162578, "2021Q3": 0.28103352, "2021Q4": 0.28071846, "2021Q1": 0.2299938, "2021Q2": 0.3276624, "2011Q4": 0.31821059999999995}