{"2022Q3": 0.5803251450720001, "2022Q4": 0.6317080914359999, "2022Q1": 0.5624687730060001, "2022Q2": 0.5669805582299999, "2020Q3": 0.5368002676979999, "2020Q4": 0.56653994682, "2020Q1": 0.6105006781979999, "2020Q2": 0.57578018403, "2023Q3": 0.8317583999999999, "2023Q1": 0.7374965122739999, "2023Q2": 0.749586593208, "2016Q3": 0.804941185932, "2016Q4": 0.786436798458, "2016Q1": 0.985372802814, "2016Q2": 0.980732851182, "2015Q3": 0.64408487697, "2015Q4": 0.7557092172, "2015Q1": 0.728235292068, "2015Q2": 0.716097952134, "2019Q3": 0.7566156763259999, "2019Q4": 0.7132151216279999, "2019Q1": 0.5691539366280001, "2019Q2": 0.7806350630760001, "2018Q3": 0.567734528316, "2018Q4": 0.49392898229399995, "2018Q1": 0.643704189972, "2018Q2": 0.566182857816, "2013Q3": 0.767295202134, "2013Q4": 0.7022320670159999, "2013Q1": 0.695709852426, "2013Q2": 0.696796840932, "2014Q3": 0.667549001976, "2014Q4": 0.634778414148, "2014Q1": 0.7594426151879999, "2014Q2": 0.710084527938, "2012Q3": 0.598962708408, "2012Q4": 0.657663238332, "2012Q1": 0.754607074308, "2012Q2": 0.592833720204, "2017Q3": 0.668621844288, "2017Q4": 0.66031598052, "2017Q1": 0.713740988274, "2017Q2": 0.684662620092, "2021Q3": 0.527878430124, "2021Q4": 0.544421663616, "2021Q1": 0.54274819092, "2021Q2": 0.553157080188, "2011Q4": 0.709390923348}