{"2022Q3": 11.919673203065999, "2022Q4": 15.066831078047999, "2022Q1": 14.094539093844, "2022Q2": 12.26446333587, "2020Q3": 10.391151453012, "2020Q4": 12.22914022644, "2020Q1": 6.73957259364, "2020Q2": 9.583924632803999, "2023Q3": 15.343422, "2023Q1": 15.051628046784, "2023Q2": 15.737247, "2016Q3": 9.488716273331999, "2016Q4": 8.528473632804, "2016Q1": 10.330192226442, "2016Q2": 7.573847503883999, "2015Q3": 12.613637843634, "2015Q4": 11.000549515728, "2015Q1": 9.796045929665999, "2015Q2": 12.045686648556, "2019Q3": 11.657639218836, "2019Q4": 11.293338585953999, "2019Q1": 11.308193570436, "2019Q2": 10.844967468696, "2018Q3": 10.299992906285999, "2018Q4": 9.482533913964001, "2018Q1": 8.990100773538, "2018Q2": 9.613308640692, "2013Q2": 4.7799394062600005, "2014Q3": 6.582277691412, "2014Q4": 7.641631371138, "2014Q2": 8.119059085932, "2012Q3": 1.765232597748, "2012Q4": 2.2982551700219997, "2012Q1": 1.281030714882, "2012Q2": 1.313198340882, "2017Q3": 9.772424117129999, "2017Q4": 7.889543042915999, "2017Q1": 7.681943140608, "2017Q2": 9.375005101686, "2021Q3": 17.917037593638, "2021Q4": 18.625453406286002, "2021Q1": 13.893461406126, "2021Q2": 18.987732015594, "2011Q4": 0.8685273827819999}