{"2018Q3": 0.24029302500000002, "2018Q2": 0.25936390000000004, "2018Q1": 0.270806425, "2018Q4": 0.225036325, "2019Q3": 0.072469325}