{"2022Q3": 0.510397231506, "2022Q4": 0.541903231506, "2022Q1": 0.4347828, "2022Q2": 0.504096, "2020Q3": 0.3701955, "2020Q4": 0.34026480000000003, "2020Q1": 0.3087588, "2020Q2": 0.3575931, "2023Q3": 0.5182737, "2023Q1": 0.6616259999999999, "2023Q2": 0.5907375, "2016Q3": 0.4505358, "2016Q4": 0.4584123, "2016Q1": 0.5229996, "2016Q2": 0.4820418, "2015Q3": 0.47574059999999996, "2015Q4": 0.4599876, "2015Q1": 0.708885, "2015Q2": 0.598614, "2019Q3": 0.47574059999999996, "2019Q4": 0.47259, "2019Q1": 0.6505989, "2019Q2": 0.5639573999999999, "2018Q3": 0.734089768494, "2018Q4": 0.6899814, "2018Q1": 0.6647766, "2018Q2": 0.6647766, "2013Q3": 0.6017646, "2013Q4": 0.589162231506, "2013Q1": 0.560806768494, "2013Q2": 0.425331, "2014Q3": 0.655324768494, "2014Q4": 0.7419662684939999, "2014Q1": 0.597038731506, "2014Q2": 0.7687463999999999, "2012Q3": 0.752541414924, "2012Q4": 0.620668231506, "2012Q1": 0.844535469264, "2012Q2": 0.745000894908, "2017Q3": 0.6742284, "2017Q4": 0.6663518999999999, "2017Q1": 0.724638, "2017Q2": 0.793951231506, "2021Q3": 0.3229365, "2021Q4": 0.456837, "2021Q1": 0.3071835, "2021Q2": 0.3197859, "2011Q4": 0.8128654175219999}