{"2016Q4": 0.123539459694, "2016Q2": 0.136430556742, "2015Q4": 0.128030454544, "2018Q4": 0.08504531255799999, "2017Q4": 0.10635138538399999}