{"2022Q3": 0.46740647535, "2022Q4": 0.464361483462, "2022Q1": 0.43524240952800003, "2022Q2": 0.45461960772, "2020Q3": 0.41490440436, "2020Q4": 0.446708892204, "2020Q1": 0.407333292018, "2020Q2": 0.452139959496, "2023Q1": 0.5115588262199999, "2023Q2": 0.5389638477300001, "2016Q3": 0.331424342424, "2016Q4": 0.291424860426, "2016Q1": 0.36741852965399996, "2016Q2": 0.327784391232, "2015Q3": 0.338496336714, "2015Q4": 0.34278115271399995, "2015Q1": 0.485810327178, "2015Q2": 0.40451152014, "2019Q3": 0.5363221641479999, "2019Q4": 0.529533282774, "2019Q1": 0.461875345002, "2019Q2": 0.545392584018, "2018Q3": 0.43150545136199997, "2018Q4": 0.402400996212, "2018Q1": 0.406018861698, "2018Q2": 0.389000045136, "2013Q3": 0.33719731282800003, "2013Q4": 0.363496788798, "2013Q1": 0.328381618968, "2013Q2": 0.312406281126, "2014Q3": 0.469947182202, "2014Q4": 0.45606686733599994, "2014Q1": 0.44521317635999996, "2014Q2": 0.444273856476, "2012Q3": 0.370982425362, "2012Q4": 0.334594224096, "2012Q1": 0.354902708142, "2012Q2": 0.35986644693599995, "2017Q3": 0.361040707062, "2017Q4": 0.382921939122, "2017Q1": 0.349709857716, "2017Q2": 0.349709857716, "2021Q3": 0.447166831914, "2021Q4": 0.45014796114, "2021Q1": 0.459719799, "2021Q2": 0.48574170711, "2011Q4": 0.286238563248}