{"2022Q3": 0.9382486800000001, "2022Q4": 1.02205464, "2022Q1": 1.24984302, "2022Q2": 1.1940773999999998, "2020Q3": 1.38342846, "2020Q4": 1.43478324, "2020Q1": 0.8182108199999999, "2020Q2": 0.9971648999999999, "2010Q4": 0.36294911999999996, "2023Q3": 0.9625083, "2023Q1": 1.0311913799999999, "2023Q2": 1.10302506, "2016Q3": 1.2586647, "2016Q4": 1.24700748, "2016Q1": 1.22967918, "2016Q2": 1.4291121599999999, "2015Q3": 1.14555816, "2015Q4": 0.9562071, "2015Q1": 0.42312558, "2015Q2": 0.42722136, "2019Q3": 0.9420293999999999, "2019Q4": 0.9798366000000001, "2019Q1": 0.77221206, "2019Q2": 0.9763709399999999, "2018Q3": 0.8049783, "2018Q4": 0.86389452, "2018Q1": 1.05765642, "2018Q2": 0.97763118, "2013Q3": 0.2725269, "2013Q4": 0.28103352, "2013Q1": 0.2095149, "2013Q2": 0.21865164, "2014Q3": 0.32860758, "2014Q4": 0.33994973999999994, "2014Q1": 0.33900456, "2014Q2": 0.35885334, "2012Q3": 0.2457468, "2012Q4": 0.22085706, "2012Q1": 0.2756775, "2012Q2": 0.22180223999999998, "2017Q3": 1.1153123999999999, "2017Q4": 1.1931322199999999, "2017Q1": 1.40705796, "2017Q2": 1.19061174, "2021Q3": 1.3134851399999998, "2021Q4": 1.2570894, "2021Q1": 1.50189102, "2021Q2": 1.37271642, "2011Q4": 0.18052938000000002}