{"2017Q4": 0.37905213311099994, "2016Q4": 0.37452199324499996, "2015Q4": 0.228629908881, "2018Q4": 0.34724844468899996}