{"2017Q4": 0.21769356447000002, "2016Q2": 0, "2016Q4": 0, "2015Q4": 0, "2018Q4": 0.181823556465}