{"2016Q4": 0.13211542665, "2016Q2": 0, "2018Q4": 0.09039493485000001, "2017Q4": 0.12168530370000001, "2015Q4": 0}