{"2016Q2": 0.8370013686300001, "2015Q4": 1.3269298244850003}