{"2014Q2": 7.960674080707, "2014Q1": 6.0416630258229995, "2014Q3": 8.435938061216, "2014Q4": 6.534881497264999, "2016Q2": 0.5777235, "2016Q1": 0.54562775, "2016Q3": 0.5263703, "2016Q4": 0.491064975, "2019Q2": 0.25034685, "2019Q1": 0.23750855, "2019Q3": 0.5680947749999999, "2019Q4": 0.5071128500000001, "2013Q1": 1.16094692772, "2013Q3": 8.529406405685, "2013Q4": 5.863966831692999, "2021Q2": 0.13608598, "2021Q1": 0.17973619999999998, "2021Q3": 0.127741085, "2021Q4": 0.11811236, "2020Q2": 0.247137275, "2020Q1": 0.32737665, "2020Q3": 0.149566195, "2020Q4": 0.19899365, "2018Q2": 0.31132877499999995, "2018Q1": 0.362681975, "2018Q3": 0.3209575, "2018Q4": 0.29849047500000003, "2017Q2": 0.369101125, "2017Q1": 0.426873475, "2017Q3": 0.292071325, "2017Q4": 0.2696043, "2015Q2": 1.877293127417, "2015Q1": 5.762576999358, "2015Q3": 0.8911201399809999, "2015Q4": 0.6547533, "2022Q2": 0.08216512, "2022Q1": 0.12196384999999998, "2022Q3": 0.07061065000000001, "2022Q4": 0.06932682, "2012Q4": 1.071643327771}