{"2014Q2": 0.141446078595, "2014Q4": 0.143232003557, "2016Q2": 0.2738682, "2016Q4": 0.1825788, "2013Q2": 0.154846145323, "2013Q4": 0.15931293566500002, "2018Q4": 0.2130086, "2017Q4": 0.10498281, "2015Q2": 0.21453009, "2015Q4": 0.37276505000000004, "2012Q4": 0.15667391126000002}