{"2022Q3": 0.417494922198, "2022Q4": 0.440518530312, "2022Q1": 0.39001182882, "2022Q2": 0.37382269126199996, "2020Q3": 0.292590897486, "2020Q4": 0.423653872608, "2020Q1": 0.20349993201, "2020Q2": 0.25774611214800003, "2023Q3": 0.9640836, "2023Q1": 0.52033371981, "2023Q2": 0.6154979393760001, "2016Q3": 0.223869947274, "2016Q4": 0.22883869552199998, "2016Q1": 0.222524073966, "2016Q2": 0.20267948426399998, "2015Q3": 0.18230571978600002, "2015Q4": 0.190243561968, "2015Q1": 0.225303879852, "2015Q2": 0.1818872886, "2019Q3": 0.252229569078, "2019Q4": 0.28686134235, "2019Q1": 0.263432157498, "2019Q2": 0.252788454012, "2018Q3": 0.261953832966, "2018Q4": 0.252492770202, "2018Q1": 0.264737703126, "2018Q2": 0.271892778738, "2013Q3": 0.256646080158, "2013Q4": 0.25536148602, "2013Q1": 0.280722146202, "2013Q2": 0.264786001824, "2014Q3": 0.233781703368, "2014Q4": 0.214257088602, "2014Q1": 0.258187448196, "2014Q2": 0.24405776333999998, "2012Q3": 0.28807731642, "2012Q4": 0.28439977857, "2012Q1": 0.27597353037600003, "2012Q2": 0.23405350563000002, "2017Q3": 0.25701025801199995, "2017Q4": 0.265023935136, "2017Q1": 0.24236478843, "2017Q2": 0.231047077086, "2021Q3": 0.475553422854, "2021Q4": 0.426805417788, "2021Q1": 0.485535846906, "2021Q2": 0.568045208982, "2011Q4": 0.20703830785799998}