{"2014Q4": 0.273025908252, "2014Q2": 0.251684392356, "2016Q4": 0.490545217068, "2016Q2": 0.40135519199999997, "2017Q4": 0.531979517868, "2013Q4": 0.18852686058, "2015Q4": 0.41770669395599996, "2015Q2": 0.393922676712, "2018Q4": 0.469899816432}