{"2022Q3": 0.476745, "2022Q4": 0.5282849999999999, "2022Q1": 0.79887, "2022Q2": 0.67002, "2020Q3": 0.350472, "2020Q4": 0.703521, "2020Q1": 0.680328, "2020Q2": 0.5798249999999999, "2016Q4": 0.7086749999999999, "2019Q3": 0.8826224999999999, "2019Q4": 0.79887, "2019Q1": 0.7022324999999999, "2019Q2": 0.7679459999999999, "2018Q4": 0.9019499999999999, "2018Q1": 1.412196, "2018Q2": 0.7975815, "2017Q4": 1.167381, "2017Q1": 0.765369, "2017Q2": 1.084917, "2021Q3": 0.5798249999999999, "2021Q4": 0.554055, "2021Q1": 0.7086749999999999, "2021Q2": 0.79887}