{"2016Q4": 0.05520422167, "2019Q2": 0.02074551615, "2019Q1": 0.021898805570000002, "2019Q3": 0.01659641292, "2019Q4": 0.012562661454350001, "2021Q2": 0.016121708040000002, "2021Q1": 0.020837261997, "2021Q3": 0.019884352810000002, "2021Q4": 0.017600596320000002, "2020Q2": 0.01628602896, "2020Q1": 0.014867735540740001, "2020Q3": 0.021772217602000002, "2020Q4": 0.018540877140000002, "2018Q2": 0.022820828510000002, "2018Q1": 0.02881397762, "2018Q3": 0.024433607910000002, "2018Q4": 0.0276606882, "2017Q2": 0.05541114431000001, "2017Q1": 0.04870898086, "2017Q3": 0.06427686654, "2017Q4": 0.04488243351, "2022Q2": 0.024782485567000002, "2022Q1": 0.02687103489, "2022Q3": 0.015975645}