{"2022Q3": 4.057225351656, "2022Q4": 5.086670511606, "2022Q1": 4.24714207038, "2022Q2": 4.042086246066, "2020Q3": 4.7155250742, "2020Q4": 4.952696004011999, "2020Q1": 5.316344714742, "2020Q2": 5.301477726474, "2023Q3": 4.914936, "2023Q1": 5.450003878782, "2023Q2": 5.2930079999999995, "2016Q3": 6.432819371081999, "2016Q4": 4.600142320218, "2016Q1": 4.42097406243, "2016Q2": 5.0200221836039995, "2015Q3": 3.91777440813, "2015Q4": 4.385031765582, "2015Q1": 3.1696732598099997, "2015Q2": 4.608306785058, "2019Q3": 4.992506828082, "2019Q4": 5.262372132707999, "2019Q1": 5.211649867164001, "2019Q2": 5.518743953135999, "2018Q3": 5.617582402421999, "2018Q4": 4.989041168081999, "2018Q1": 6.394564218774, "2018Q2": 5.84791136325, "2013Q3": 3.083713927722, "2013Q4": 3.38869682814, "2013Q1": 2.0482433397900004, "2013Q2": 2.472771976488, "2014Q3": 3.005926275348, "2014Q4": 2.970837539052, "2014Q1": 2.970757734354, "2014Q2": 3.049827050808, "2012Q3": 1.457403823362, "2012Q4": 1.744070269596, "2012Q1": 0.99312472809, "2012Q2": 1.162277354502, "2017Q3": 4.652903906130001, "2017Q4": 5.288546214798, "2017Q1": 4.698540410142, "2017Q2": 4.981437226488, "2021Q3": 4.696498222728, "2021Q4": 4.638516722736, "2021Q1": 5.078257527438, "2021Q2": 4.813183781316, "2011Q4": 0.7658578354019999}