{"2022Q3": 0.541715613276, "2022Q4": 0.58074411186, "2022Q1": 0.685231933512, "2022Q2": 0.562010423718, "2020Q3": 0.48537261432, "2020Q4": 0.610096802784, "2020Q1": 0.42062227077000003, "2020Q2": 0.49589152253999996, "2023Q3": 0.6017646, "2023Q1": 0.62133376425, "2023Q2": 0.691585023894, "2016Q3": 0.508778516238, "2016Q4": 0.5965878491400001, "2016Q1": 0.512360401872, "2016Q2": 0.5049044754659999, "2015Q3": 0.581598208014, "2015Q4": 0.527466741222, "2015Q1": 0.666358799814, "2015Q2": 0.5782352890799999, "2019Q3": 0.650857595766, "2019Q4": 0.619864418928, "2019Q1": 0.717943636626, "2019Q2": 0.708315970134, "2018Q3": 0.936627507264, "2018Q4": 0.70969139607, "2018Q1": 0.783932102964, "2018Q2": 0.8568560796, "2013Q3": 0.686574372666, "2013Q4": 0.74804144445, "2013Q1": 0.6891391816079999, "2013Q2": 0.643663578738, "2014Q3": 0.6229004946179999, "2014Q4": 0.662737248126, "2014Q1": 0.6912133476119999, "2014Q2": 0.7178877764880001, "2012Q3": 0.743603320254, "2012Q4": 0.7736142030240001, "2012Q1": 0.731245343802, "2012Q2": 0.688118261184, "2017Q3": 0.634177720752, "2017Q4": 0.8243006777519999, "2017Q1": 0.609501024324, "2017Q2": 0.63287551476, "2021Q3": 0.677718414138, "2021Q4": 0.673210346622, "2021Q1": 0.5845509188279999, "2021Q2": 0.6611887597320001, "2011Q4": 0.7283702007599999}