{"2022Q3": 8.55662745, "2022Q4": 9.38562114, "2022Q1": 9.922984260000002, "2022Q2": 9.80121828, "2020Q3": 6.961828440000001, "2020Q4": 8.41096935, "2020Q1": 10.133193, "2020Q2": 7.104762, "2010Q4": 3.5135039100000003, "2023Q1": 10.23022854, "2016Q3": 12.40786953, "2016Q4": 13.055471729999999, "2016Q1": 9.81735594, "2016Q2": 10.742966010000002, "2015Q3": 9.8125356, "2015Q4": 8.61080388, "2015Q1": 7.955761590000001, "2015Q2": 11.740462020000002, "2019Q3": 10.29310254, "2019Q4": 8.781402, "2019Q1": 6.28341798, "2019Q2": 6.848550449999999, "2018Q3": 8.68310898, "2018Q4": 6.44479458, "2018Q1": 10.30630608, "2018Q2": 9.14481372, "2013Q3": 7.401946440000001, "2013Q4": 6.613506480000001, "2013Q1": 6.58133595, "2013Q2": 6.349750050000001, "2014Q3": 7.4023656, "2014Q4": 7.5407931900000005, "2014Q1": 6.2905437, "2014Q2": 7.108115280000001, "2012Q3": 4.65026583, "2012Q4": 5.26915557, "2012Q1": 4.83626808, "2012Q2": 5.17599726, "2017Q3": 14.02352175, "2017Q4": 12.11739165, "2017Q1": 12.746760390000002, "2017Q2": 13.31482698, "2021Q3": 17.028270210000002, "2021Q4": 12.69782346, "2021Q1": 9.804257190000001, "2021Q2": 12.755772330000001, "2011Q3": 6.350169210000001, "2011Q4": 6.74093112, "2011Q1": 7.7039512199999995, "2011Q2": 7.95785739}