{"2016Q3": 2.894563742976, "2016Q4": 3.0658706255400006, "2016Q1": 2.303031695576, "2016Q2": 2.4923217810400002, "2015Q3": 3.322617900156, "2015Q4": 2.586967182036, "2015Q1": 2.5953168073960002, "2015Q2": 2.5800052262840003, "2013Q3": 1.95322218858, "2013Q4": 1.839465863892, "2013Q1": 1.190812100624, "2013Q2": 1.590169820516, "2014Q3": 1.9958576504560002, "2014Q4": 2.327363713676, "2014Q1": 1.9511742007080002, "2014Q2": 2.0926714537400004, "2012Q3": 1.033808983684, "2012Q4": 1.1036794202840001, "2012Q1": 0.87205662488, "2012Q2": 0.801729505388, "2017Q1": 2.902792237392, "2011Q3": 0.6836009928400001, "2011Q4": 0.8790892812040001, "2011Q1": 0.764821034972, "2011Q2": 0.690369316328}