{"2022Q3": 0.640984560546, "2022Q4": 0.604872792924, "2022Q1": 0.7756919292059999, "2022Q2": 0.608861105958, "2020Q3": 0.374934664026, "2020Q4": 0.44719474623, "2020Q1": 0.33501709762799997, "2020Q2": 0.365941748916, "2010Q4": 0.388952187522, "2023Q1": 0.634965969366, "2023Q2": 0.6725824320420001, "2016Q3": 0.285570384, "2016Q4": 0.303143926704, "2016Q1": 0.291975774342, "2016Q2": 0.290936706462, "2015Q3": 0.290936706462, "2015Q4": 0.28885860220799997, "2015Q1": 0.292887936054, "2015Q2": 0.26320332942, "2019Q3": 0.373672911738, "2019Q4": 0.38526970323, "2019Q1": 0.362019819024, "2019Q2": 0.36689556156, "2018Q3": 0.39127395917999996, "2018Q4": 0.352268459976, "2018Q1": 0.394777520898, "2018Q2": 0.438899720526, "2013Q3": 0.279398484624, "2013Q4": 0.293900066304, "2013Q1": 0.266830331646, "2013Q2": 0.26489677691999997, "2014Q3": 0.32949888474, "2014Q4": 0.28200355823400003, "2014Q1": 0.28906625825399995, "2014Q2": 0.29776720726199996, "2012Q3": 0.294866890926, "2012Q4": 0.286165910412, "2012Q1": 0.32096986397399996, "2012Q2": 0.29776720726199996, "2017Q3": 0.32859422145600004, "2017Q4": 0.354138656136, "2017Q1": 0.31522572156, "2017Q2": 0.313029060228, "2021Q3": 0.661619572776, "2021Q4": 0.9781703106719999, "2021Q1": 0.6176196479339999, "2021Q2": 0.588988255374, "2011Q3": 0.324836973426, "2011Q4": 0.32387018031000003, "2011Q1": 0.365276846292, "2011Q2": 0.37796009068799996}