{"2022Q3": 0.84339136038, "2022Q4": 0.756889684008, "2022Q1": 1.550648665902, "2022Q2": 0.9808672557779999, "2020Q3": 0.335770406088, "2020Q4": 0.337296651246, "2020Q1": 0.253651466364, "2020Q2": 0.28845727878, "2023Q3": 0.9199752, "2023Q1": 0.790872528198, "2023Q2": 1.070458379004, "2016Q3": 0.33948581415, "2016Q4": 0.34209725197199997, "2016Q1": 0.353939727252, "2016Q2": 0.32130700968000003, "2015Q3": 0.366490835484, "2015Q4": 0.372766358094, "2015Q1": 0.43293780864000003, "2015Q2": 0.40856325475199995, "2019Q3": 0.36449329207200004, "2019Q4": 0.351048894222, "2019Q1": 0.402396333324, "2019Q2": 0.37813841464799997, "2018Q3": 0.43378894322999995, "2018Q4": 0.399542425326, "2018Q1": 0.39942440385, "2018Q2": 0.39942440385, "2013Q3": 0.367595089278, "2013Q4": 0.36867621766799996, "2013Q1": 0.34855494227399997, "2013Q2": 0.363408099408, "2014Q3": 0.40856325475199995, "2014Q4": 0.44454465054599995, "2014Q1": 0.36867621766799996, "2014Q2": 0.419490795792, "2012Q3": 0.407967759846, "2012Q4": 0.364398332988, "2012Q1": 0.37440249618, "2012Q2": 0.327156445146, "2017Q3": 0.3447087213, "2017Q4": 0.45687578388600003, "2017Q1": 0.364294394694, "2017Q2": 0.33948581415, "2021Q3": 0.958471845798, "2021Q4": 1.550648665902, "2021Q1": 0.35866383140999997, "2021Q2": 0.486867069924, "2011Q4": 0.314676351438}