{"2022Q3": 1.671432083886, "2022Q4": 1.659450541122, "2022Q1": 1.7598725449800001, "2022Q2": 1.654678201278, "2020Q3": 1.872650508906, "2020Q4": 1.923625169016, "2020Q1": 1.4979159394859998, "2020Q2": 1.902964384878, "2023Q3": 1.811595, "2023Q1": 1.695395232426, "2023Q2": 1.782261842796, "2016Q3": 0.811144906368, "2016Q4": 0.847863353526, "2016Q2": 0.7801040609519999, "2015Q3": 0.645483365298, "2015Q4": 0.749221722222, "2015Q1": 0.675850360386, "2015Q2": 0.594827230848, "2019Q3": 1.9080595351979999, "2019Q4": 1.8647523642839998, "2019Q1": 1.7028438809459998, "2019Q2": 2.2166326073279996, "2018Q3": 1.257559847592, "2018Q4": 1.570726336992, "2018Q1": 1.0707838359839998, "2018Q2": 1.160015822316, "2013Q3": 0.37417237635600004, "2013Q4": 0.482106765372, "2013Q1": 0.316463875854, "2013Q2": 0.323287886418, "2014Q3": 0.525661321398, "2014Q4": 0.5711132632620001, "2014Q1": 0.53247613221, "2014Q2": 0.510889260708, "2012Q3": 0.30963980227800003, "2012Q4": 0.30281582322, "2012Q1": 0.277728036504, "2012Q2": 0.28987363101, "2017Q3": 0.9604178769, "2017Q4": 0.959243900328, "2017Q1": 0.8868072269939999, "2017Q2": 0.9157370443859999, "2021Q3": 1.8195773916659999, "2021Q4": 1.805361915972, "2021Q1": 1.920942496128, "2021Q2": 1.832407327998, "2011Q4": 0.26720191341}