{"2022Q3": 0.904222231506, "2022Q4": 1.030246231506, "2022Q1": 1.499808851472, "2022Q2": 0.85681071096, "2020Q3": 0.6437785126259999, "2020Q4": 0.749542138242, "2020Q1": 0.872166609336, "2020Q2": 0.896691509856, "2023Q3": 0.7687463999999999, "2023Q1": 0.872716231506, "2023Q2": 0.897921, "2016Q3": 0.41385761751, "2016Q4": 0.412324819104, "2016Q1": 0.412324819104, "2016Q2": 0.395463910614, "2015Q3": 0.38473432177199995, "2015Q4": 0.395463910614, "2015Q1": 0.42918566458199997, "2015Q2": 0.41385761751, "2019Q3": 0.309626821806, "2019Q4": 0.354078196122, "2019Q1": 0.317290845342, "2019Q2": 0.318823643748, "2018Q3": 0.343348544268, "2018Q4": 0.34028291595, "2018Q1": 0.374004638412, "2018Q2": 0.360209421252, "2013Q3": 0.360209421252, "2013Q4": 0.390865546902, "2013Q1": 0.42765283467000004, "2013Q2": 0.375537468324, "2014Q3": 0.363275018064, "2014Q4": 0.449112138378, "2014Q1": 0.361742188152, "2014Q2": 0.374004638412, "2012Q3": 0.452177798202, "2012Q4": 0.42918566458199997, "2012Q1": 0.427523376516, "2012Q2": 0.415606295028, "2017Q3": 0.38320149186, "2017Q4": 0.381668693454, "2017Q1": 0.40006233733799995, "2017Q2": 0.386267151684, "2021Q3": 0.82403643693, "2021Q4": 1.073744612334, "2021Q1": 0.77100144195, "2021Q2": 1.072964114196, "2011Q4": 0.41858556539999997}