{"2017Q2": 0.7598213886399999, "2017Q1": 0.793252455824, "2023Q2": 0.61264632, "2023Q1": 0.5824888406, "2023Q3": 0.5398142399999999, "2016Q2": 0.7260097381359999, "2016Q4": 0.731263216032, "2016Q1": 0.7997613588479999, "2016Q3": 0.735465769856, "2009Q2": 0.425223244296, "2009Q4": 0.533870713848, "2009Q1": 0.32876972143999994, "2009Q3": 0.42241349689599994, "2010Q2": 0.50531753952, "2010Q4": 0.963497442824, "2010Q1": 0.570398572512, "2010Q3": 0.6919835900159998, "2015Q2": 1.203526844296, "2015Q4": 0.9810132724479999, "2015Q1": 1.0356399029919998, "2015Q3": 0.99113964492, "2020Q2": 0.390617152888, "2020Q4": 0.320138834344, "2020Q1": 0.449202849616, "2020Q3": 0.367920677448, "2022Q2": 0.39739896199999997, "2022Q4": 0.428700904712, "2022Q1": 0.399108230952, "2022Q3": 0.34568261568799996, "2018Q2": 0.676575178048, "2018Q1": 0.724103251336, "2012Q2": 0.585003975096, "2012Q4": 0.6602049542, "2012Q1": 0.5020098206239999, "2012Q3": 0.5010135920159999, "2008Q4": 0.390994451624, "2021Q4": 0.425800188616, "2021Q1": 0.41211903940799993, "2011Q2": 0.6923945914399999, "2011Q4": 0.42055156619199996, "2011Q1": 0.750434475992, "2011Q3": 0.265212735424, "2019Q2": 0.74449094984, "2019Q4": 0.647581583848, "2019Q3": 0.6236393942239999, "2013Q2": 0.45259325434399994, "2013Q4": 0.63124849008, "2013Q1": 0.538125678208, "2013Q3": 0.536958222808, "2014Q2": 0.589626955672, "2014Q4": 1.05586737092, "2014Q1": 0.647129025296, "2014Q3": 0.69076372408}