{"2017Q4": 0.75240369774, "2016Q2": 0.7489016396550001, "2016Q4": 0.712574198325, "2015Q2": 1.3678272578700001, "2015Q4": 0.70176671298, "2018Q4": 0.64366930422, "2014Q4": 0.8447367349800001}