{"2014Q2": 0.13644320000000001, "2014Q4": 0.08881679999999999, "2016Q2": 0.1261456, "2016Q4": 0.20337760000000002, "2013Q2": 0.0599500528, "2013Q4": 0.1197404928, "2011Q4": 0.052234576, "2015Q2": 0.1377304, "2015Q4": 0.08752960000000001, "2012Q2": 0.05978323168000001, "2012Q4": 0.1061077576}