{"2022Q1": 40.52097832, "2020Q3": 29.567999320000002, "2020Q4": 32.35680172, "2020Q1": 19.649743320000002, "2020Q2": 24.40984624, "2008Q4": 1.68685776, "2010Q3": 2.5081308399999998, "2010Q4": 4.495458960000001, "2010Q1": 2.3687850000000004, "2010Q2": 2.15976624, "2023Q3": 34.76942692, "2023Q1": 36.22011328000001, "2023Q2": 36.92202788, "2016Q3": 20.176862800000002, "2016Q4": 20.539935080000003, "2016Q1": 16.637685880000003, "2016Q2": 20.32280824, "2015Q3": 20.87811744, "2015Q4": 17.87822212, "2015Q1": 21.817240520000002, "2015Q2": 18.1328724, "2019Q3": 22.412241599999998, "2019Q4": 18.390633920000003, "2019Q1": 21.0187832, "2019Q2": 22.20209148, "2018Q3": 27.150262286684004, "2018Q4": 25.183696480000002, "2018Q1": 25.09318768, "2018Q2": 24.484798840000003, "2013Q3": 16.658616040000002, "2013Q4": 13.55152436, "2013Q1": 4.28974, "2013Q2": 9.9022284, "2014Q3": 19.94983656, "2014Q4": 22.32295844, "2014Q1": 13.479683000000001, "2014Q2": 18.58390792, "2012Q3": 4.53260528, "2012Q4": 3.6105468800000002, "2012Q1": 3.6473160800000004, "2012Q2": 3.11614256, "2017Q3": 20.79948792, "2017Q4": 22.65991516, "2017Q1": 19.79842288, "2017Q2": 19.7243188, "2009Q3": 2.0654862400000003, "2009Q4": 2.85649544, "2009Q2": 2.34087812, "2021Q3": 33.19183968, "2021Q1": 33.609311520000006, "2021Q2": 31.897563840000004, "2011Q3": 3.23106988, "2011Q4": 4.2847431600000006, "2011Q1": 3.7930729600000004, "2011Q2": 3.33647492}