{"2017Q2": 0, "2017Q4": 0, "2017Q1": 0, "2017Q3": 0, "2023Q1": 0.01568066, "2016Q4": 0, "2020Q2": 0.037530759999999996, "2020Q4": 0.11464876, "2020Q1": 0.033417800000000004, "2020Q3": 0.03136132, "2022Q2": 0.016708900000000002, "2022Q4": 0.017223020000000002, "2022Q1": 0.02364952, "2022Q3": 0.01735155, "2018Q2": 0, "2018Q4": 0.1053946, "2018Q1": 0, "2018Q3": 0.1105358, "2021Q2": 0.025191880000000003, "2021Q4": 0.03020455, "2021Q1": 0.3033308, "2021Q3": 0.02274981, "2019Q2": 0.06786384000000001, "2019Q4": 0.056553200000000005, "2019Q1": 0.09511220000000001, "2019Q3": 0.056553200000000005}