{"2022Q3": 0.18705435, "2022Q4": 0.17157399, "2022Q1": 0.16899393000000001, "2022Q2": 0.1548036, "2023Q1": 0.17028396, "2021Q3": 0.2193051, "2021Q4": 0.16770390000000002, "2021Q1": 0.16770390000000002, "2021Q2": 0.21285495}