{"2020Q4": 0.038559, "2018Q4": 0, "2021Q4": 0.04048695}