{"2017Q4": 0.0883081, "2016Q2": 0.1270185, "2016Q4": 0.1342767, "2009Q4": 0.6641135659099999, "2010Q2": 0.50304068024, "2015Q4": 0.1270185, "2018Q4": 0.08709839999999999}