{"2020Q3": 7.120497, "2020Q4": 7.666755320000001, "2020Q1": 7.15368356, "2020Q2": 7.867760280000001, "2008Q4": 0.63139316, "2010Q3": 1.44286112, "2010Q4": 1.96790644, "2010Q1": 1.5176251600000001, "2010Q2": 1.51093128, "2016Q3": 7.475838320000001, "2016Q4": 7.16980544, "2016Q1": 5.2668579200000005, "2016Q2": 7.25362036, "2015Q3": 5.118272640000001, "2015Q4": 4.18669196, "2015Q1": 4.36950088, "2015Q2": 4.7078718, "2019Q3": 7.93658468, "2019Q4": 7.017543240000001, "2019Q1": 7.405411160000001, "2019Q2": 6.34758956, "2018Q3": 8.67366572, "2018Q4": 8.15342868, "2018Q1": 10.447826760000002, "2018Q2": 10.18855676, "2013Q3": 2.46740188, "2013Q4": 2.3574714, "2013Q1": 2.10602664, "2013Q2": 2.38566112, "2014Q3": 3.66070384, "2014Q4": 3.60027036, "2014Q1": 2.3951834, "2014Q2": 3.1203851600000005, "2012Q3": 1.79056576, "2012Q4": 1.78934012, "2012Q1": 1.39779528, "2012Q2": 1.2903160800000002, "2017Q3": 8.006446160000001, "2017Q4": 9.451287160000001, "2017Q1": 7.32216192, "2017Q2": 7.034042240000001, "2009Q3": 0.9107448, "2009Q4": 1.0945908, "2009Q2": 1.1073186000000002, "2021Q3": 7.166411360000001, "2021Q1": 7.2934065200000004, "2021Q2": 7.50855348, "2011Q3": 1.4444638800000003, "2011Q4": 1.59748032, "2011Q1": 1.7261725200000002, "2011Q2": 1.4655826}