{"2022Q3": 4.9026978, "2022Q4": 5.07522015, "2020Q3": 4.56567111, "2020Q4": 4.72296825, "2020Q1": 4.75522047, "2020Q2": 4.5407161799999995, "2023Q1": 5.429544119999999, "2023Q2": 5.3063009999999995, "2019Q3": 4.09314906, "2019Q4": 4.50972522, "2019Q1": 4.06783377, "2019Q2": 4.940805869999999, "2018Q4": 4.74314841, "2021Q3": 4.55954499, "2021Q1": 4.823418599999999, "2021Q2": 4.5339594299999995}