{"2017Q4": 0.07028111999999999, "2016Q2": 0.09224397, "2016Q4": 0.08199464000000001, "2010Q4": 0.740431219346, "2015Q2": 0.18888051, "2015Q4": 0.08638720999999999, "2018Q4": 0.0292838, "2012Q2": 0.172429163998, "2012Q4": 0.237633498011, "2011Q2": 0.44483834586099996, "2011Q4": 0.16808227672599999, "2013Q2": 0.253572377513, "2013Q4": 0.23675366624, "2014Q2": 0.23280621, "2014Q4": 0.13616967}