{"2022Q3": 19.58176744, "2022Q4": 21.29247804, "2022Q1": 18.680450640000004, "2022Q2": 17.0774078, "2020Q3": 13.719248480000001, "2020Q1": 11.313034320000002, "2020Q2": 11.051690160000001, "2008Q4": 4.6282052, "2010Q3": 3.89791232, "2010Q4": 4.772265040000001, "2010Q1": 5.054162240000001, "2010Q2": 4.65215232, "2023Q1": 23.911859280000005, "2023Q2": 32.334174520000005, "2016Q3": 10.08673436, "2016Q4": 11.60907352, "2016Q1": 9.590350160000002, "2016Q2": 10.23560248, "2015Q3": 9.80389436, "2015Q4": 12.074816720000001, "2015Q1": 9.56480028, "2015Q2": 10.999836160000001, "2019Q3": 11.57032444, "2019Q4": 13.01261988, "2019Q1": 12.21614244, "2019Q2": 10.26086952, "2018Q3": 15.490958240000001, "2018Q4": 11.29464972, "2018Q1": 13.24511436, "2018Q2": 13.019973720000001, "2013Q3": 7.546548320000001, "2013Q4": 8.68846768, "2013Q1": 7.13388476, "2013Q2": 8.48340868, "2014Q3": 8.51744376, "2014Q4": 8.546293440000001, "2014Q1": 7.425398520000001, "2014Q2": 8.850346440000001, "2012Q3": 4.78348436, "2012Q4": 5.69564336, "2012Q1": 5.14401108, "2012Q2": 4.95809092, "2017Q3": 13.5051386, "2017Q4": 15.469462400000001, "2017Q1": 12.81962872, "2017Q2": 13.396150920000002, "2009Q3": 4.8733332, "2009Q4": 4.749355, "2021Q4": 19.18022892, "2011Q3": 4.61585452, "2011Q4": 4.595395760000001, "2011Q1": 5.014470360000001, "2011Q2": 4.91330792}