{"2017Q4": 4.575849836831, "2016Q2": 0.570229966852, "2016Q4": 0.822081481858, "2010Q4": 0.273708064812, "2015Q2": 0.9587065149479999, "2015Q4": 0.5397664689689999, "2018Q4": 3.8479727289639998, "2012Q2": 0.330119937875, "2012Q4": 0.6429189473069999, "2011Q2": 0.2717390221, "2011Q4": 0.208727019774, "2013Q2": 0.524274313836, "2013Q4": 0.482992794557, "2014Q2": 0.48377994310100003, "2014Q4": 0.764791241214}