{"2022Q1": 7.519489960000001, "2020Q3": 7.417101880000001, "2020Q4": 8.366595760000001, "2020Q1": 7.668452360000001, "2020Q2": 7.30660572, "2008Q4": 4.21045052, "2010Q3": 3.617995, "2010Q4": 3.15913424, "2010Q1": 3.45649336, "2010Q2": 3.31931596, "2023Q3": 12.858849200000002, "2023Q1": 10.66514216, "2023Q2": 12.84951548, "2016Q3": 8.0967664, "2016Q4": 7.72558604, "2016Q1": 6.38407592, "2016Q2": 7.14510408, "2015Q3": 6.1320654800000005, "2015Q4": 6.110098240000001, "2015Q1": 5.71110528, "2015Q2": 5.815756080000001, "2019Q3": 8.64462748, "2019Q4": 7.200163600000001, "2019Q1": 7.30679428, "2019Q2": 7.960626080000001, "2018Q3": 8.7482412, "2018Q4": 7.68033164, "2018Q1": 9.6349446, "2018Q2": 9.396887600000001, "2013Q3": 4.28257472, "2013Q4": 3.82145124, "2013Q1": 3.0302534800000003, "2013Q2": 4.28974, "2014Q3": 5.129397679999999, "2014Q4": 5.21019564, "2014Q1": 4.303693440000001, "2014Q2": 4.10655396, "2012Q3": 2.73496852, "2012Q4": 3.10878872, "2012Q1": 2.6082562, "2012Q2": 2.6291863600000003, "2017Q3": 9.3035504, "2017Q4": 9.603266520000002, "2017Q1": 9.17749804, "2017Q2": 9.26432992, "2009Q3": 3.7976926800000004, "2009Q4": 3.8959324400000006, "2009Q2": 4.03131852, "2021Q3": 7.49460004, "2021Q1": 7.47046436, "2021Q2": 8.1330642, "2011Q3": 2.55083968, "2011Q4": 2.78861384, "2011Q1": 2.62814928, "2011Q2": 2.4892748399999998}