{"2022Q1": 23.181754960000003, "2020Q3": 22.2991056, "2020Q4": 20.74810532, "2020Q1": 19.976329240000002, "2020Q2": 20.897444840000002, "2008Q4": 3.2111768000000005, "2010Q3": 2.2869499600000003, "2010Q4": 2.6319204800000002, "2010Q1": 2.493706, "2010Q2": 2.1212057200000003, "2023Q3": 25.851576, "2023Q1": 28.696757840000004, "2023Q2": 26.153272, "2016Q3": 9.699243560000001, "2016Q4": 9.83264976, "2016Q1": 8.22423296, "2016Q2": 7.939130240000001, "2015Q3": 11.456999880000001, "2015Q4": 10.795248560000001, "2015Q1": 12.725348720000001, "2015Q2": 10.538147, "2019Q3": 24.214120960000002, "2019Q4": 18.62727672, "2019Q1": 13.889518160000002, "2019Q2": 18.12146452, "2018Q3": 14.51883716, "2018Q4": 15.254126880000001, "2018Q1": 15.62059324, "2018Q2": 14.893505880000001, "2013Q3": 10.6065, "2013Q4": 9.08491508, "2013Q1": 9.900625640000001, "2013Q2": 9.354084480000001, "2014Q3": 10.69116344, "2014Q4": 9.865459200000002, "2014Q1": 8.20688544, "2014Q2": 10.391447320000001, "2012Q3": 6.453466000000001, "2012Q4": 8.865431240000001, "2012Q1": 3.81023192, "2012Q2": 4.7196568, "2017Q3": 18.63529052, "2017Q4": 16.76166408, "2017Q1": 12.48286056, "2017Q2": 16.12734824, "2009Q3": 3.00272372, "2009Q4": 2.9571864800000003, "2009Q2": 3.00272372, "2021Q3": 18.25251372, "2021Q1": 19.688680960000003, "2021Q2": 20.38644724, "2011Q3": 2.98339632, "2011Q4": 4.512335080000001, "2011Q1": 3.1489520000000004, "2011Q2": 2.8813853600000003}