{"2017Q4": 0.6051761032380001, "2023Q2": 0.51771972, "2023Q1": 0.49680229788, "2016Q2": 0.475791892268, "2016Q4": 0.5364632344400001, "2015Q2": 0.558657054606, "2015Q4": 0.45598486304, "2022Q2": 0.48519468691400003, "2022Q4": 0.472426456516, "2022Q3": 0.43644313297200005, "2018Q4": 0.408440420276, "2021Q4": 0.46583364360400004, "2013Q4": 0.33197270248800004, "2014Q2": 0.3689215346740001, "2014Q4": 0.45700059822200007}