{"2022Q1": 14.49781272, "2020Q3": 13.44772208, "2020Q4": 15.048690760000001, "2020Q1": 13.351650760000002, "2020Q2": 12.96651696, "2008Q4": 3.76516608, "2010Q3": 4.46283808, "2010Q4": 4.92396156, "2010Q1": 4.8354326400000005, "2010Q2": 4.29219128, "2023Q3": 30.35816, "2023Q1": 22.431946120000003, "2023Q2": 27.397768000000003, "2016Q3": 11.61935004, "2016Q4": 12.142981160000001, "2016Q1": 9.23972284, "2016Q2": 11.557596640000002, "2015Q3": 13.45356744, "2015Q4": 10.82438108, "2015Q1": 11.173499920000001, "2015Q2": 12.5067134, "2019Q3": 16.25830316, "2019Q4": 14.018398920000001, "2019Q1": 14.52496536, "2019Q2": 14.814970640000002, "2018Q3": 14.413432120000001, "2018Q4": 14.57408524, "2018Q1": 16.38331844, "2018Q2": 16.564524600000002, "2013Q3": 6.49146084, "2013Q4": 7.81279504, "2013Q1": 6.02939456, "2013Q2": 6.08256848, "2014Q3": 11.536666480000001, "2014Q4": 11.27881068, "2014Q1": 8.862414280000001, "2014Q2": 10.582081480000001, "2012Q3": 4.7993234000000005, "2012Q4": 5.39621008, "2012Q1": 4.29567964, "2012Q2": 4.47368028, "2017Q3": 16.14299872, "2017Q4": 15.555351480000002, "2017Q1": 14.15906468, "2017Q2": 14.5247768, "2009Q3": 5.03342064, "2009Q4": 4.7710394, "2009Q2": 4.93216392, "2021Q3": 16.776183200000002, "2021Q1": 16.166003040000003, "2021Q2": 18.80244896, "2011Q3": 4.4739631200000005, "2011Q4": 4.46915484, "2011Q1": 4.18904896, "2011Q2": 4.60331528}