{"2022Q1": 16.974736880000002, "2008Q4": 5.06274172, "2010Q3": 4.56041788, "2010Q4": 4.99476584, "2010Q1": 4.421449160000001, "2010Q2": 4.45953828, "2015Q1": 11.21997996, "2015Q2": 9.20163372, "2018Q3": 14.17009544, "2018Q1": 16.382469920000002, "2018Q2": 14.91811296, "2013Q3": 8.553364440000001, "2013Q4": 9.963039, "2013Q1": 6.3337304, "2013Q2": 7.89133028, "2014Q3": 11.13295952, "2014Q4": 10.82438108, "2014Q1": 10.90649896, "2014Q2": 10.714167760000002, "2012Q3": 6.33241048, "2012Q4": 6.229173880000001, "2012Q1": 5.73712656, "2012Q2": 6.538318, "2017Q4": 14.594355440000001, "2009Q3": 4.71277436, "2009Q4": 4.7385128000000005, "2009Q2": 4.81044844, "2021Q3": 17.573320600000002, "2021Q1": 15.214812120000001, "2021Q2": 16.75270748, "2011Q3": 5.1561732000000005, "2011Q4": 5.78143816, "2011Q1": 4.97025304, "2011Q2": 5.492847080000001}