{"2022Q3": 0.08921086928999998, "2022Q4": 0.09598637834999998, "2022Q1": 0.09163418894999999, "2022Q2": 0.08437453100999999, "2020Q3": 0.06742416969, "2020Q4": 0.07779731696999999, "2020Q1": 0.07287599511, "2020Q2": 0.05881893839999999, "2019Q3": 0.05247092249999999, "2019Q4": 0.05101332533999999, "2019Q2": 0.061215217829999995, "2021Q3": 0.09561811616999999, "2021Q4": 0.08864688735, "2021Q1": 0.09249303815999999, "2021Q2": 0.09091182851999999}