{"2020Q1": 26.1009025, "2020Q2": 32.025049249999995, "2020Q3": 41.57732975, "2020Q4": 49.515902999999994, "2016Q4": 56.014053, "2017Q1": 61.992351, "2017Q2": 55.54835224999999, "2017Q3": 63.77934224999999, "2017Q4": 75.61680549999998, "2023Q1": 41.436536499999995, "2023Q2": 51.72527399999999, "2023Q3": 55.2992565, "2021Q1": 56.544735249999995, "2021Q2": 54.573629749999995, "2021Q3": 59.42558174999999, "2021Q4": 53.93464499999999, "2019Q1": 44.187419999999996, "2019Q2": 42.1729935, "2019Q3": 42.855299249999995, "2019Q4": 38.93474875, "2018Q1": 70.07171749999999, "2018Q2": 69.09699499999999, "2018Q3": 63.2269995, "2018Q4": 38.88059749999999, "2022Q1": 45.76863649999999, "2022Q2": 35.674843499999994, "2022Q3": 31.288592249999997, "2022Q4": 39.692866249999994}