{"2020Q4": 0.01707450402, "2020Q1": 0.02582109726, "2020Q3": 0.023322196275, "2020Q2": 0.02831911866, "2016Q4": 0.021656262285, "2017Q4": 0.03165098664, "2017Q1": 0.034982854619999997, "2017Q3": 0.03581582161499999, "2017Q2": 0.04164659058, "2015Q1": 0.08607003100499999, "2015Q3": 0.052390721354999996, "2015Q2": 0.052390721354999996, "2018Q4": 0.056639116905, "2018Q1": 0.02748703125, "2018Q3": 0.03914768959499999, "2018Q2": 0.02415516327, "2019Q4": 0.02582109726, "2019Q1": 0.04997626053, "2019Q3": 0.019990328295, "2019Q2": 0.05164219452, "2022Q1": 0.007916264999999999, "2022Q2": 0.007916264999999999, "2021Q4": 0.004397925, "2021Q1": 0.013279094745, "2021Q3": 0.009675435, "2021Q2": 0.01199402106, "2014Q4": 0.10103792895}