{"2020Q2": 0.37330599, "2020Q4": 0.36847355, "2020Q3": 0.42404661, "2014Q2": 0.4590818, "2014Q4": 0.4590818, "2014Q1": 0.45062503, "2014Q3": 0.4590818, "2016Q2": 0.92903659, "2016Q4": 0.84326078, "2016Q1": 1.0293097199999999, "2016Q3": 0.90004195, "2022Q2": 0.35397623, "2022Q4": 0.33585457999999996, "2022Q1": 0.33706269, "2022Q3": 0.33464647000000003, "2021Q2": 0.3865952, "2021Q4": 0.35880867000000005, "2021Q1": 0.39263575, "2021Q3": 0.37209788, "2017Q2": 0.68499837, "2017Q4": 0.68137404, "2017Q1": 0.78285528, "2017Q3": 0.78285528, "2023Q2": 0.29961128, "2023Q1": 0.31652482000000004, "2023Q3": 0.26215987, "2015Q2": 1.20569378, "2015Q4": 1.21898299, "2015Q1": 0.6427145200000001, "2015Q3": 0.70795246, "2018Q2": 0.68741459, "2018Q4": 0.56297926, "2018Q1": 0.6692929400000001, "2018Q3": 0.65117129, "2013Q4": 0.43129527, "2019Q2": 0.61009555, "2019Q1": 0.604055}