{"2009Q2": 0.085742586975, "2009Q4": 0.10633047272900001, "2009Q1": 0.065396806465, "2009Q3": 0.081867211717, "2020Q2": 0.336269686596, "2020Q4": 0.34538886330900004, "2020Q1": 0.27055454314599997, "2020Q3": 0.38642521892299997, "2014Q2": 0.23268995952600002, "2014Q4": 0.317419425455, "2014Q1": 0.213995907008, "2014Q3": 0.285803911621, "2002Q4": 0.069643433926, "2016Q2": 0.5090761704529999, "2016Q4": 0.471748108484, "2016Q1": 0.41678647295500004, "2016Q3": 0.47046098809000003, "2010Q2": 0.157291572804, "2010Q4": 0.204643685876, "2010Q1": 0.110690300097, "2010Q3": 0.2038202381, "2022Q2": 0.26081524356999997, "2022Q4": 0.25259127636699996, "2022Q1": 0.245077919466, "2022Q3": 0.257290703456, "2021Q2": 0.335129834811, "2021Q4": 0.29979297974400004, "2021Q1": 0.349948512071, "2021Q3": 0.330570186049, "2007Q2": 0.092480337256, "2007Q4": 0.100187112568, "2007Q1": 0.078468194232, "2007Q3": 0.113398520284, "2017Q2": 0.48937237959700003, "2017Q1": 0.5225914178340001, "2023Q2": 0.23437333999999999, "2023Q1": 0.24319254299999998, "2023Q3": 0.23074901, "2015Q2": 0.5151151499100001, "2015Q4": 0.45802107942000003, "2015Q1": 0.302876318086, "2015Q3": 0.30132969566400003, "2003Q2": 0.069643433926, "2003Q4": 0.072594000979, "2003Q1": 0.070038002652, "2012Q2": 0.145144630809, "2012Q4": 0.15626214227299998, "2012Q1": 0.16182089800500002, "2012Q3": 0.14143887419499998, "2004Q2": 0.08447346741999999, "2004Q4": 0.061853661457, "2004Q1": 0.104503447976, "2004Q3": 0.068259302299, "2005Q2": 0.042236612899, "2005Q4": 0.036431644349, "2005Q1": 0.054647526929, "2005Q3": 0.040835446921, "2018Q2": 0.419926350845, "2018Q1": 0.503527683656, "2008Q2": 0.06927218172300001, "2008Q4": 0.043113459137, "2008Q1": 0.084113088207, "2008Q3": 0.062732561482, "2013Q2": 0.17207267784299998, "2013Q4": 0.188967129705, "2013Q1": 0.169232532044, "2013Q3": 0.188341328725, "2019Q2": 0.38123578241800005, "2019Q4": 0.36781996249, "2019Q3": 0.35104994595800004, "2006Q2": 0.049242805222, "2006Q4": 0.056048692907, "2006Q1": 0.04443851418500001, "2006Q3": 0.065056602689, "2011Q2": 0.17664416608300001, "2011Q4": 0.130321362731, "2011Q1": 0.217408213703, "2011Q3": 0.151938799827}