{"2020Q2": 0.33223025, "2020Q4": 0.36605732999999996, "2020Q1": 0.36122489, "2020Q3": 0.38297087, "2014Q2": 0.36847355, "2014Q4": 0.604055, "2014Q1": 0.30444372000000003, "2014Q3": 0.62942531, "2016Q2": 0.70432813, "2016Q4": 0.72607411, "2016Q1": 0.74298765, "2016Q3": 0.70432813, "2022Q2": 0.362433, "2022Q4": 0.34914379, "2022Q1": 0.36847355, "2022Q3": 0.34068702, "2021Q2": 0.36726544, "2021Q4": 0.34793567999999997, "2021Q1": 0.37330599, "2021Q3": 0.35397623, "2017Q2": 0.56177115, "2017Q1": 0.65600373, "2023Q2": 0.3020275, "2023Q1": 0.33947891, "2023Q3": 0.2899464, "2015Q2": 1.0244772800000002, "2015Q4": 0.80701748, "2015Q1": 0.7369471, "2015Q3": 0.604055, "2018Q2": 0.49290888, "2018Q4": 0.45183314, "2018Q3": 0.44820881, "2013Q4": 0.30444372000000003, "2019Q2": 0.41921417000000005, "2019Q4": 0.36122489, "2019Q1": 0.42163039, "2019Q3": 0.37088977}