{"2022Q3": 0.31285458, "2022Q4": 0.3796473, "2022Q1": 0.620668231506, "2022Q2": 0.3827979, "2020Q3": 0.19596732, "2020Q4": 0.30308771999999995, "2020Q1": 0.11751737999999999, "2020Q2": 0.12696918000000001, "2010Q4": 0.239834352534, "2023Q1": 0.3560178, "2023Q2": 0.3245118, "2016Q3": 0.1528041, "2016Q4": 0.14114688, "2016Q1": 0.14555772, "2016Q2": 0.1496535, "2015Q3": 0.11153124, "2015Q4": 0.14555772, "2015Q1": 0.17863901999999998, "2015Q2": 0.12381858, "2019Q3": 0.14524266, "2019Q4": 0.13138002, "2019Q1": 0.1638312, "2019Q2": 0.15469446, "2018Q3": 0.15500951999999998, "2018Q4": 0.17391311999999998, "2018Q1": 0.16635168, "2018Q2": 0.15879024, "2013Q3": 0.23125404, "2013Q4": 0.22337753999999999, "2013Q1": 0.21014502, "2013Q2": 0.2331444, "2014Q3": 0.1953372, "2014Q4": 0.17832396, "2014Q1": 0.19659744, "2014Q2": 0.19880285999999997, "2012Q3": 0.17391311999999998, "2012Q4": 0.21203538, "2012Q1": 0.18052938000000002, "2012Q2": 0.14051676, "2017Q3": 0.14902338, "2017Q4": 0.15942035999999998, "2017Q1": 0.17706372, "2017Q2": 0.15753, "2021Q3": 0.888469231506, "2021Q4": 0.667927231506, "2021Q1": 0.29269073999999995, "2021Q2": 0.655324768494, "2011Q3": 0.190192837308, "2011Q4": 0.13484568, "2011Q1": 0.241329595788, "2011Q2": 0.23086301903399997}