{"2016Q2": 0.27378619929, "2009Q4": 0.15557504110999998, "2010Q2": 0.13050691189, "2010Q4": 0.18233493577999998, "2015Q4": 0.24342901973, "2012Q2": 0.19598240827, "2012Q4": 0.26713115570999996, "2011Q2": 0.22120779848999997, "2011Q4": 0.21538660112, "2013Q2": 0.27130522556000003}