{"2017Q2": 0.40800399742800003, "2017Q1": 0.329997614868, "2023Q2": 0.12622392000000002, "2023Q1": 0.13832967456, "2023Q3": 0.11888532000000002, "2016Q2": 0.236004532524, "2016Q4": 0.27380610144000006, "2016Q1": 0.303707961, "2016Q3": 0.30445605788400004, "2010Q4": 0.5025520247040001, "2015Q2": 0.398014695108, "2015Q4": 0.26720224207200005, "2015Q1": 0.3604177263600001, "2015Q3": 0.269230337568, "2020Q2": 0.17669000448000002, "2020Q4": 0.177860070864, "2020Q1": 0.20999976310800003, "2020Q3": 0.16732888632000004, "2022Q2": 0.15460375392000003, "2022Q4": 0.13697350128, "2022Q1": 0.155629543428, "2022Q3": 0.1288364616, "2018Q2": 0.30560220043200004, "2018Q1": 0.3665822971320001, "2012Q2": 0.26272848474000005, "2012Q4": 0.3444335217000001, "2012Q1": 0.315596052684, "2012Q3": 0.29061575182800004, "2008Q4": 0, "2021Q2": 0.178912719648, "2021Q4": 0.14827700008800002, "2021Q1": 0.189561468564, "2021Q3": 0.16298223354, "2011Q2": 0.560629998648, "2011Q4": 0.24938368095600003, "2011Q1": 0.6055419371040001, "2011Q3": 0.283214773728, "2019Q2": 0.2717006571, "2019Q4": 0.258711041556, "2019Q3": 0.24355639224, "2013Q2": 0.23609450376000002, "2013Q4": 0.33409592942400007, "2013Q1": 0.30969655214400005, "2013Q3": 0.25688270275200004, "2014Q2": 0.252040254156, "2014Q4": 0.32714833003200006, "2014Q1": 0.29895401592000004, "2014Q3": 0.271195467876}