{"2013Q1": 15.9917763, "2023Q3": 21.581290499999998, "2022Q3": 22.2592927}