{"2022Q3": 0.447827827794, "2022Q4": 0.48590843686199997, "2022Q1": 0.701245330602, "2022Q2": 0.48743165744399997, "2020Q3": 0.300463018152, "2020Q4": 0.406758906132, "2020Q1": 0.23787007945799998, "2020Q2": 0.273619339044, "2010Q4": 0.235581767172, "2023Q1": 0.48743165744399997, "2023Q2": 0.554453520582, "2016Q3": 0.249875692806, "2016Q4": 0.27333824251199995, "2016Q1": 0.23037111585599998, "2016Q2": 0.23148945283199998, "2015Q3": 0.205544734422, "2015Q4": 0.194361648216, "2015Q1": 0.24460823617199998, "2015Q2": 0.234844337736, "2019Q3": 0.27911918393400004, "2019Q4": 0.27911918393400004, "2019Q1": 0.27377211163799997, "2019Q2": 0.280290514002, "2018Q3": 0.28550516658, "2018Q4": 0.26334268045799997, "2018Q1": 0.297668940048, "2018Q2": 0.2814777546, "2013Q3": 0.21456052288799998, "2013Q4": 0.223337936958, "2013Q1": 0.21078711228, "2013Q2": 0.21358519164599998, "2014Q3": 0.25528977836399996, "2014Q4": 0.24674453200799998, "2014Q1": 0.239917622892, "2014Q2": 0.268200622104, "2012Q3": 0.21824858374199999, "2012Q4": 0.21638327101199997, "2012Q1": 0.223720388292, "2012Q2": 0.213274321944, "2017Q3": 0.28023229091400004, "2017Q4": 0.28521414565799996, "2017Q1": 0.292108225566, "2017Q2": 0.28506947010600003, "2021Q3": 0.7459750289220001, "2021Q4": 0.7041311226720001, "2021Q1": 0.406758906132, "2021Q2": 0.96800105604, "2011Q3": 0.214144801218, "2011Q4": 0.20282822408999998, "2011Q1": 0.24262572112199998, "2011Q2": 0.24325388775}