{"2022Q1": 1.10617566, "2020Q3": 0.26086968, "2020Q4": 0.64650312, "2020Q1": 0.2473221, "2020Q2": 0.2473221, "2010Q4": 0.39287982, "2023Q1": 0.83868972, "2023Q2": 0.7309392, "2016Q3": 0.0866415, "2016Q4": 0.10586016, "2016Q1": 0.0756144, "2016Q2": 0.07939512, "2015Q3": 0.06364212, "2015Q4": 0.07372403999999999, "2015Q1": 0.15406434, "2015Q2": 0.07813488, "2019Q3": 0.24511668, "2019Q4": 0.252048, "2019Q1": 0.24165102, "2019Q2": 0.2457468, "2018Q3": 0.25708896, "2018Q4": 0.20573418000000002, "2018Q1": 0.27032148, "2018Q2": 0.28891002, "2013Q3": 0.21644622, "2013Q4": 0.21424079999999998, "2013Q1": 0.21424079999999998, "2013Q2": 0.22243236, "2014Q3": 0.19880285999999997, "2014Q4": 0.1780089, "2014Q1": 0.21140525999999998, "2014Q2": 0.19817274, "2012Q3": 0.23534982, "2012Q4": 0.25173294, "2012Q1": 0.23219922, "2012Q2": 0.21865164, "2017Q3": 0.21235044, "2017Q4": 0.25708896, "2017Q1": 0.18147455999999998, "2017Q2": 0.15910529999999998, "2021Q3": 1.0784503799999998, "2021Q4": 1.1326407, "2021Q1": 0.64650312, "2021Q2": 1.59231324, "2011Q3": 0.27788292, "2011Q4": 0.22400766, "2011Q1": 0.4111533, "2011Q2": 0.37303104}