{"2015Q3": 23.2942003911, "2015Q2": 21.16881845715}