{"2017Q2": 0, "2017Q4": 0, "2017Q1": 0, "2017Q3": 0, "2023Q2": 30.9273315, "2023Q1": 35.139879895042, "2016Q2": 0, "2016Q4": 0, "2016Q3": 0, "2015Q4": 0, "2020Q2": 0, "2020Q4": 35.326627936535, "2020Q1": 0, "2020Q3": 35.045266656257, "2022Q2": 31.876891391657, "2022Q4": 33.194637466133, "2022Q1": 31.235965492758, "2022Q3": 29.539461124602, "2018Q2": 0, "2018Q4": 0, "2018Q1": 0, "2018Q3": 0, "2021Q2": 36.619315947292, "2021Q4": 33.86504553237, "2021Q1": 33.919816341242, "2021Q3": 37.871260779443006}