{"2020Q2": 6.817213420000001, "2020Q3": 7.34572096, "2020Q4": 7.32169789, "2023Q1": 14.974380300000002, "2023Q2": 16.762764400000002, "2021Q1": 7.78881314, "2021Q2": 10.418004690000002, "2021Q3": 14.533957350000001, "2021Q4": 13.33013462, "2022Q1": 12.467973330000001, "2022Q2": 10.58349695, "2022Q3": 14.32041895, "2022Q4": 13.42088844}