{"2023Q1": 6.01547546688, "2023Q2": 6.93888, "2022Q1": 11.008219802880001, "2022Q2": 7.05897626688, "2022Q3": 6.85881626688, "2022Q4": 5.93007333312}