{"2019Q4": 0.022400178299999997, "2019Q2": 0.023338999819999998, "2020Q4": 0.023893523519999998, "2020Q2": 0.021577419879999997, "2018Q4": 0.027377995699999998, "2018Q2": 0.026929218379999998, "2017Q4": 0.035906054369999996}