{"2022Q3": 0.42186534000000003, "2022Q4": 0.43226232000000003, "2022Q1": 0.44265930000000003, "2022Q2": 0.42942678, "2020Q3": 0.39035934, "2020Q4": 0.42564606, "2020Q1": 0.35475755999999997, "2020Q2": 0.4741653, "2023Q3": 0.441084, "2023Q1": 0.43352256, "2023Q2": 0.45494663999999996, "2016Q3": 0.34845636, "2016Q4": 0.34373046, "2016Q1": 0.38437319999999997, "2016Q2": 0.35097684, "2015Q3": 0.37523646, "2015Q4": 0.32482686, "2015Q1": 0.5762447399999999, "2015Q2": 0.41587919999999995, "2019Q3": 0.36925032, "2019Q4": 0.35633286000000003, "2019Q1": 0.41619426000000004, "2019Q2": 0.4001262, "2018Q3": 0.45652194, "2018Q4": 0.41776956, "2018Q1": 0.50000022, "2018Q2": 0.50315082, "2013Q3": 0.5182737, "2013Q4": 0.5592315, "2013Q1": 0.2630751, "2013Q2": 0.32514192000000003, "2014Q3": 0.6112164, "2014Q4": 0.59294292, "2014Q1": 0.64366758, "2014Q2": 0.6168874799999999, "2012Q3": 0.23661005999999998, "2012Q4": 0.21865164, "2012Q1": 0.24322632, "2012Q2": 0.2299938, "2017Q3": 0.35979852, "2017Q4": 0.4064274, "2017Q1": 0.34845636, "2017Q2": 0.34530576, "2021Q3": 0.47195988, "2021Q4": 0.46912434000000003, "2021Q1": 0.4773159, "2021Q2": 0.54914958, "2011Q4": 0.22463777999999998}