{"2022Q3": 0.9997482433999999, "2022Q4": 0.9734822238399999, "2022Q1": 1.21162300268, "2022Q2": 1.0526456735999998, "2020Q3": 1.0869841439599999, "2020Q4": 1.20776007276, "2020Q1": 0.87798686076, "2020Q2": 1.0528453438399998, "2023Q3": 1.0235999999999998, "2023Q1": 1.0686963698799998, "2023Q2": 1.13960806824, "2016Q3": 1.21110161496, "2016Q4": 1.0786983408, "2016Q1": 0.924264738, "2016Q2": 0.9075276496799999, "2015Q3": 0.7559630611999999, "2015Q4": 0.7699106689199999, "2015Q1": 0.9844450480799999, "2015Q2": 0.84595237752, "2019Q3": 0.9777300955999999, "2019Q4": 1.01344056528, "2019Q1": 0.8482505642399999, "2019Q2": 0.90083736596, "2018Q3": 0.70192148504, "2018Q4": 0.76937003752, "2018Q1": 0.8758114719199999, "2018Q2": 0.81037101792, "2014Q3": 1.0218462661199998, "2014Q4": 1.0973434536399997, "2014Q2": 0.87726505216, "2017Q3": 1.09721836972, "2017Q4": 0.98815095776, "2017Q1": 1.09622240692, "2017Q2": 1.1838423280800001, "2021Q3": 1.28262259416, "2021Q4": 1.25020975424, "2021Q1": 1.33667856896, "2021Q2": 1.3190368912}