{"2016Q2": 6.6451850199999996, "2016Q4": 5.74450712, "2015Q4": 6.30144006}