{"2022Q3": 23.46106, "2022Q4": 25.495735999999997, "2022Q1": 23.201535, "2022Q2": 24.727542, "2020Q3": 32.642499459072994, "2020Q4": 37.439940739011995, "2020Q1": 25.002113875402998, "2020Q2": 36.314780742037, "2010Q3": 1.677092873337, "2010Q4": 1.9799357724229998, "2010Q1": 1.4774392008319999, "2010Q2": 1.4015705966219998, "2023Q1": 31.298714999999998, "2016Q3": 9.600847316382, "2016Q4": 14.614269661340998, "2016Q1": 4.141737996711, "2016Q2": 6.4770793460939995, "2015Q3": 5.689971579333999, "2015Q4": 5.2395477543219995, "2015Q1": 5.8935314249, "2015Q2": 6.242489912953, "2019Q3": 33.560569146572995, "2019Q4": 11.322866655897998, "2019Q1": 26.675041424395, "2019Q2": 23.553601953930997, "2018Q3": 18.987440789667, "2018Q4": 25.869178284173, "2018Q1": 41.913766510483, "2018Q2": 40.954294467541, "2013Q3": 5.260977896244, "2013Q4": 5.076451873702999, "2013Q1": 3.696408678592, "2013Q2": 3.879399465424, "2014Q3": 4.813228206451, "2014Q4": 4.555853983555, "2014Q1": 5.950729572228, "2014Q2": 5.424282860583999, "2012Q3": 2.091953343977, "2012Q4": 2.9964705217859997, "2012Q1": 2.199854226171, "2012Q2": 2.118378044524, "2017Q3": 33.076527148588, "2017Q4": 35.348959980543995, "2017Q1": 18.229963594255, "2017Q2": 22.219344387701998, "2009Q4": 1.597231435478, "2021Q3": 44.546832645665, "2021Q4": 32.233005, "2021Q1": 33.371501135483, "2021Q2": 34.761979820463, "2011Q3": 2.388560770841, "2011Q4": 2.686508582044, "2011Q1": 3.151046611895, "2011Q2": 2.104208239049}