{"2010Q3": 1.1755773200000001, "2010Q4": 0.8297582800000001, "2010Q1": 1.70656228, "2010Q2": 1.31105768, "2016Q3": 4.92056748, "2016Q1": 6.02854604, "2016Q2": 6.39670944, "2015Q3": 8.9250162, "2015Q4": 8.592679200000001, "2015Q1": 4.96676468, "2015Q2": 5.6652852000000005, "2013Q3": 2.0269257200000004, "2013Q4": 1.7286238, "2013Q1": 1.1617181600000002, "2013Q2": 1.4497435600000002, "2014Q3": 2.85442128, "2014Q4": 3.8951782, "2014Q1": 1.664042, "2014Q2": 1.93019444, "2012Q3": 1.00955024, "2012Q4": 1.1617181600000002, "2012Q1": 0.8574766, "2012Q2": 0.8353208, "2009Q4": 1.24741868, "2011Q3": 0.72746448, "2011Q4": 0.86021072, "2011Q1": 1.00681612, "2011Q2": 0.6887154}