{"2022Q3": 0.20938969999999998, "2022Q4": 0.22710728999999996, "2022Q1": 0.16990363465, "2022Q2": 0.179430866, "2021Q4": 0.185782460946}