{"2015Q1": 2.8961905, "2015Q2": 3.2431995000000002, "2015Q3": 2.7814106, "2015Q4": 2.6132446999999996, "2012Q4": 2.3676690999999996, "2020Q1": 4.0199658000000005, "2020Q2": 5.0076068000000005, "2020Q3": 6.3929735, "2020Q4": 7.8023639000000005, "2016Q1": 2.2929287, "2016Q2": 2.4290629999999998, "2016Q3": 2.3997007, "2016Q4": 2.7467097, "2013Q1": 2.5758745000000003, "2013Q3": 2.6105753999999997, "2013Q4": 2.9202141999999998, "2017Q1": 2.776072, "2017Q2": 2.5732052000000003, "2017Q3": 2.7013315999999996, "2017Q4": 2.5224884999999997, "2023Q1": 7.2124486, "2023Q2": 7.514079499999999, "2021Q1": 9.270478899999999, "2021Q2": 11.539383899999999, "2021Q3": 10.5090341, "2021Q4": 7.6208515000000006, "2019Q1": 3.1177424, "2019Q2": 3.363318, "2019Q3": 3.5394918, "2019Q4": 4.564503, "2018Q1": 2.8721668, "2018Q2": 3.3446328999999997, "2018Q3": 2.9068677000000003, "2018Q4": 2.4504174, "2014Q1": 3.0857108, "2014Q2": 3.043002, "2014Q3": 3.3846724, "2014Q4": 2.615914, "2022Q1": 7.1644012, "2022Q2": 5.1624262, "2022Q3": 5.4827422, "2022Q4": 5.1997964}