{"2017Q2": 0.890574333608, "2017Q1": 0.9140104003139999, "2023Q2": 0.67998162, "2023Q1": 0.8286380114799999, "2023Q3": 0.5001727, "2016Q2": 0.826515379842, "2016Q4": 1.0233791759039998, "2016Q1": 0.8228152414959998, "2016Q3": 0.9046358976559998, "2009Q2": 0, "2009Q4": 0, "2009Q1": 0, "2009Q3": 0, "2010Q2": 0, "2010Q4": 1.0941539928319999, "2010Q1": 0, "2010Q3": 0, "2015Q2": 1.1623193011519999, "2015Q4": 1.10449971691, "2015Q1": 1.04929647908, "2015Q3": 0.9933085399279998, "2020Q2": 0.783850775158, "2020Q4": 1.8392161851659998, "2020Q1": 0.77811866939, "2020Q3": 0.798016805656, "2022Q2": 1.812877090784, "2022Q4": 0.8582762196659999, "2022Q1": 1.4284819614859998, "2022Q3": 1.125021106348, "2018Q2": 1.018951571188, "2018Q1": 1.3117841996419999, "2012Q2": 0.20054962566999998, "2012Q4": 0.232215369368, "2012Q1": 0.29013967331199997, "2012Q3": 0.18647590552599996, "2008Q2": 0, "2008Q4": 0, "2008Q1": 0, "2008Q3": 0, "2021Q2": 1.4671550613979998, "2021Q4": 1.839382191852, "2021Q1": 1.723527252664, "2021Q3": 1.981988646304, "2011Q2": 0.57407669864, "2011Q4": 0.28669379997399996, "2011Q1": 0.9578856761839999, "2011Q3": 0.25981629183999994, "2019Q2": 0.984464093706, "2019Q4": 1.043255405872, "2019Q3": 1.0697689908819998, "2006Q4": 0, "2013Q2": 0.376885321116, "2013Q4": 0.6286161629779999, "2013Q1": 0.327212473836, "2013Q3": 0.364085331906, "2014Q2": 0.64987312285, "2014Q4": 0.867936643832, "2014Q1": 0.587372048762, "2014Q3": 0.958616688082, "2007Q2": 0, "2007Q4": 0, "2007Q3": 0}