{"2017Q2": 0.5737384999999999, "2017Q1": 0.4886447, "2017Q3": 0.5892101, "2016Q2": 0.3326394, "2016Q4": 0.49638049999999995, "2016Q1": 0.3300608, "2016Q3": 0.3855007, "2015Q2": 0.348111, "2015Q4": 0.35455749999999997, "2015Q1": 0.3158785, "2015Q3": 0.36745049999999996, "2020Q2": 0.02797781, "2020Q4": 0.03004069, "2020Q1": 0.05543989999999999, "2020Q3": 0.026688509999999995, "2022Q2": 0.04319155, "2022Q4": 0.09282959999999998, "2022Q1": 0.061886399999999994, "2022Q3": 0.0593078, "2018Q2": 0.44996569999999997, "2018Q1": 0.44996569999999997, "2018Q3": 0.44996569999999997, "2021Q2": 0.10185469999999999, "2021Q4": 0.0799366, "2021Q1": 0.0850938, "2021Q3": 0.08380449999999999, "2019Q2": 0.058018499999999994, "2019Q4": 0.03287715, "2019Q1": 0.15342669999999997, "2019Q3": 0.04512549999999999, "2014Q4": 0.12377279999999999}