{"2015Q4": 0.025337393103, "2020Q1": 0.32833250999999997, "2020Q2": 0.36570369, "2020Q3": 0.533874, "2020Q4": 0.5578983299999999, "2016Q1": 0.03454698654, "2016Q2": 0.0313384038, "2016Q3": 0.04242162804, "2016Q4": 0.08291864031, "2017Q1": 0.07146704301, "2017Q2": 0.14889478923, "2017Q3": 0.18428796605999997, "2017Q4": 0.24026198559, "2021Q1": 0.56590644, "2021Q2": 0.7527623399999999, "2021Q3": 0.7527623399999999, "2021Q4": 0.62196321, "2019Q1": 0.39239738999999996, "2019Q2": 0.3710424299999999, "2019Q3": 0.41375235, "2019Q4": 0.38171990999999994, "2018Q1": 0.24813128834999998, "2018Q2": 0.266937, "2018Q3": 0.24588367880999998, "2018Q4": 0.3710424299999999, "2022Q1": 0.74475423, "2022Q2": 0.6513262799999999, "2022Q3": 0.64865691}