{"2022Q3": 2.5374600000000003, "2022Q4": 2.282715, "2022Q1": 3.0322980000000004, "2022Q2": 2.685978, "2023Q3": 2.1978000000000004, "2023Q1": 2.3050260000000002, "2023Q2": 2.238093, "2021Q4": 3.541455}