{"2017Q4": 0.1544283, "2016Q2": 0.13146204, "2016Q4": 0.14175726, "2015Q2": 0.1346298, "2015Q4": 0.1267104, "2018Q4": 0.12750234000000002, "2013Q4": 0, "2014Q2": 0.10849578000000001, "2014Q4": 0.0950328}