{"2022Q1": 22.071042280000004, "2020Q3": 22.470883760000003, "2020Q4": 26.04211588, "2020Q1": 21.18811008, "2020Q2": 24.50563472, "2008Q4": 5.41195484, "2010Q3": 6.433290080000001, "2010Q4": 5.6875352800000005, "2010Q1": 6.4520518000000004, "2010Q2": 6.69510564, "2023Q3": 25.23753036, "2023Q1": 21.823745840000004, "2023Q2": 26.028445280000003, "2016Q3": 17.70993232, "2016Q4": 17.534948640000003, "2016Q1": 14.975623760000001, "2016Q2": 16.97379408, "2015Q3": 11.475761600000002, "2015Q4": 12.683017000000001, "2015Q1": 9.33447424, "2015Q2": 10.332333760000001, "2019Q3": 19.391416120000002, "2019Q4": 18.48981648, "2019Q1": 18.58532212, "2019Q2": 17.95345756, "2018Q3": 12.53754296, "2018Q4": 16.36285968, "2018Q1": 17.77668256, "2018Q2": 13.24662284, "2013Q3": 6.25472376, "2013Q4": 6.79909648, "2013Q1": 5.8136819200000005, "2013Q2": 6.21465476, "2014Q3": 8.51932936, "2014Q4": 9.47994828, "2014Q1": 7.4748955200000005, "2014Q2": 7.22910756, "2012Q3": 5.4013012, "2012Q4": 5.753625560000001, "2012Q1": 5.968866800000001, "2012Q2": 5.2056702, "2017Q3": 21.6532876, "2017Q4": 18.5924874, "2017Q1": 18.17181004, "2017Q2": 18.25675632, "2009Q3": 6.73291192, "2009Q4": 6.882157160000001, "2009Q2": 8.218859, "2021Q3": 24.4312478, "2021Q1": 25.90786116, "2021Q2": 31.32207872, "2011Q3": 5.70667412, "2011Q4": 6.360223080000001, "2011Q1": 6.568393320000001, "2011Q2": 6.58753216}