{"2015Q1": 28.271297669999996, "2015Q2": 27.470486669999996, "2015Q3": 22.708330589999996, "2012Q4": 12.07889925, "2020Q1": 39.54938592, "2020Q2": 43.72161122999999, "2020Q3": 41.946480179999995, "2020Q4": 40.384898729999996, "2013Q1": 16.62483636, "2013Q2": 17.77533483, "2013Q3": 16.528739039999998, "2013Q4": 18.30120072, "2023Q1": 83.04677007, "2021Q1": 43.99388697, "2021Q2": 40.91877272999999, "2021Q3": 40.91877272999999, "2021Q4": 43.51873911, "2014Q1": 19.961548859999997, "2014Q2": 24.5315103, "2014Q3": 23.52248844, "2014Q4": 23.866837169999997, "2022Q1": 41.941141439999996, "2022Q2": 49.85849286, "2022Q3": 55.51221852, "2022Q4": 61.80392361}