{"2022Q3": 8.586144315045999, "2022Q2": 8.586144315045999, "2022Q1": 9.34005, "2022Q4": 9.07695, "2019Q3": 11.639040409937, "2019Q2": 10.198017216203999, "2019Q1": 10.45666284375, "2019Q4": 9.195804055126, "2023Q2": 9.88379, "2023Q1": 9.53299, "2021Q3": 10.774017798015999, "2021Q2": 11.779056372453999, "2021Q1": 11.698652430126, "2021Q4": 9.968304023876, "2018Q3": 26.286326138343, "2018Q2": 17.727153855687998, "2018Q1": 10.099105490343998, "2018Q4": 11.823787653968001, "2020Q3": 8.195423686359, "2020Q2": 7.325862770452999, "2020Q1": 5.925330169461, "2020Q4": 9.045349736921}