{"2014Q2": 2.607715007066, "2014Q4": 1.048597306533, "2013Q2": 0.954325068022, "2013Q4": 1.4909516451909999, "2015Q2": 1.224088618662, "2015Q4": 0.6787601759259999, "2023Q2": 0.037387335, "2022Q4": 0.047650525}