{"2016Q4": 0, "2018Q4": 0.15810953760000002, "2017Q4": 0.18490275}