{"2017Q4": 3.013959492, "2016Q2": 1.22439931408, "2016Q4": 1.86175047296, "2015Q2": 1.51531462344, "2015Q4": 1.12107075, "2018Q4": 1.90269694856, "2012Q2": 1.17203498832, "2012Q4": 1.83605461424, "2011Q4": 1.08198157528, "2013Q2": 2.1856943045599997, "2013Q4": 3.2747662923200003, "2014Q2": 2.99036563088, "2014Q4": 2.1260252475200003}