{"2022Q1": 38.888099854686004, "2020Q3": 39.86412573283201, "2020Q4": 42.449299096896, "2020Q1": 37.976286576582005, "2020Q2": 41.181220035954006, "2008Q4": 15.109988701185001, "2010Q3": 15.856043682429002, "2010Q4": 15.93265961718, "2010Q1": 16.498653864858003, "2010Q2": 15.273209506644003, "2023Q3": 45.041940000000004, "2023Q1": 36.759123, "2023Q2": 42.130233000000004, "2016Q3": 51.445636879689005, "2016Q4": 49.550362382790006, "2016Q1": 40.651015246884, "2016Q2": 39.72157984686601, "2015Q3": 38.281204359360004, "2015Q4": 40.439039151546005, "2015Q1": 44.977989670317, "2015Q2": 39.214881946863, "2019Q3": 38.68213736718, "2019Q4": 33.059127754674, "2019Q1": 39.582714829698, "2019Q2": 37.26693206016301, "2018Q3": 34.681514838282006, "2018Q4": 34.179227071893, "2018Q1": 37.533198525003, "2018Q2": 35.184757333608005, "2013Q3": 27.912117679695, "2013Q4": 24.341396514831, "2013Q1": 23.445565068762004, "2013Q2": 21.714576534396002, "2014Q3": 41.777887335930004, "2014Q4": 44.55943914843, "2014Q1": 31.341330496854003, "2014Q2": 36.836752321863, "2012Q3": 18.183563787879002, "2012Q4": 23.971037646078, "2012Q1": 16.022837218338, "2012Q2": 15.24680279298, "2017Q3": 45.555166823436004, "2017Q4": 36.568659236742, "2017Q1": 56.612408568732, "2017Q2": 51.307590853143004, "2009Q3": 15.832319395329, "2009Q4": 17.679265351173, "2009Q1": 17.969832385524, "2009Q2": 17.011637980083, "2021Q3": 37.036899056268005, "2021Q4": 38.017813567968005, "2021Q1": 38.64719680779601, "2021Q2": 37.842052530456, "2011Q3": 14.520135587121002, "2011Q4": 15.992405715222002, "2011Q1": 17.466689971881003, "2011Q2": 15.385876011333002}