{"2022Q3": 22.179989418176998, "2022Q4": 21.745910412447, "2022Q1": 24.897572954892, "2022Q2": 23.916791555205, "2020Q3": 24.728878905417, "2020Q4": 25.218939695628, "2020Q1": 25.792909883229, "2020Q2": 24.590948318330998, "2016Q3": 17.110247120102997, "2016Q4": 17.863361983176, "2016Q1": 17.083274218181998, "2016Q2": 16.363979496566998, "2015Q3": 17.697398757029998, "2015Q4": 16.507838981408998, "2015Q1": 16.529861931668997, "2015Q2": 16.582533886662, "2019Q3": 26.828881295309998, "2019Q4": 25.132813872501, "2019Q1": 19.989580504265998, "2019Q2": 19.883916121667998, "2018Q3": 22.946112025419, "2018Q4": 22.112454172442998, "2018Q1": 27.471752134794, "2018Q2": 23.731551005729997, "2013Q3": 11.527287271254, "2013Q4": 12.592338947495998, "2013Q1": 11.343118593018, "2013Q2": 11.175690306668999, "2014Q3": 15.169217975678999, "2014Q4": 16.082159806404, "2014Q1": 12.824261949893998, "2014Q2": 13.760524803804, "2012Q3": 8.918820687764999, "2012Q4": 10.204620952373999, "2012Q1": 8.217706521273, "2012Q2": 8.429672194346999, "2017Q3": 21.641973671975997, "2017Q4": 29.080032079791, "2017Q1": 17.863361983176, "2017Q2": 18.019654232343, "2021Q3": 26.252832028953, "2021Q4": 24.774974266457995, "2021Q1": 25.208802813332994, "2021Q2": 25.746022750100998, "2011Q4": 8.152487344298999}