{"2017Q4": 0.448681771487, "2016Q2": 0.561662445821, "2016Q4": 0.336714409493, "2015Q4": 0.9701986386150001, "2018Q4": 0.40672440250200004, "2013Q4": 0, "2014Q2": 0.48964317311800004}