{"2017Q4": 0.36295599, "2016Q4": 0.513012, "2015Q2": 2.64970698, "2015Q4": 2.64970698, "2022Q4": 0.07566927, "2018Q4": 0.15133854, "2020Q2": 0.50659935, "2020Q4": 0.55533549, "2012Q4": 6.08945244, "2008Q3": 2.68946541, "2021Q4": 0.24111564, "2019Q4": 0.36552105, "2013Q2": 6.08945244, "2013Q4": 4.70560257, "2014Q2": 2.64970698, "2014Q4": 2.64970698, "2007Q1": 34.00628295, "2007Q3": 11.26959111}