{"2015Q1": 5.22961441, "2015Q2": 5.9176513900000005, "2015Q3": 3.5895262600000004, "2015Q4": 2.66947681, "2012Q1": 3.77353615, "2012Q2": 3.00016125, "2012Q3": 3.1468358000000003, "2012Q4": 3.1468358000000003, "2011Q4": 3.0801655500000003, "2020Q1": 2.62147423, "2020Q2": 3.07749874, "2020Q3": 3.5255228200000004, "2020Q4": 3.80020425, "2016Q1": 2.51213502, "2016Q2": 2.48813373, "2016Q3": 2.5334695, "2016Q4": 3.59219307, "2013Q1": 3.27484268, "2013Q2": 3.8935426, "2013Q3": 4.38423564, "2013Q4": 5.58696695, "2017Q1": 3.38151508, "2017Q2": 2.68281086, "2017Q3": 3.0108284899999997, "2017Q4": 3.3228452600000002, "2023Q1": 9.54184618, "2023Q2": 9.28849923, "2021Q1": 4.84826058, "2021Q2": 6.72302801, "2021Q3": 9.84852933, "2021Q4": 9.779192270000001, "2019Q1": 4.19222532, "2019Q2": 4.301564529999999, "2019Q3": 3.71486633, "2019Q4": 3.83220597, "2018Q1": 4.03221672, "2018Q2": 4.3735684, "2018Q3": 4.50424209, "2018Q4": 3.98154733, "2014Q1": 5.83231347, "2014Q2": 5.68830573, "2014Q3": 7.84308821, "2014Q4": 4.89892997, "2022Q1": 12.50467209, "2022Q2": 11.688628229999999, "2022Q3": 10.11787714}