{"2014Q1": 3.2320272267599996, "2014Q3": 3.3633325, "2016Q2": 0.534271, "2011Q1": 29.69260531534, "2011Q3": 29.95537356832, "2013Q1": 5.123945722719999, "2013Q3": 5.43926551496, "2015Q1": 3.5886275, "2015Q3": 0.9977349999999999, "2010Q3": 30.765830876539997, "2022Q4": 0.023173199999999998, "2023Q3": 0.02046966, "2012Q1": 21.28408159904, "2012Q3": 15.05651686096}