{"2009Q4": 0.308357091852, "2014Q2": 0.5976165554880001, "2014Q4": 0.823728742974, "2016Q2": 0.6898243405800001, "2016Q4": 0.672749505816, "2010Q2": 0.32711141856, "2010Q4": 0.425244844128, "2017Q4": 0.949322055372, "2015Q2": 0.957042710322, "2015Q4": 0.7261719623280001, "2012Q2": 0.40350507654, "2012Q4": 0.561821990292, "2018Q4": 0.732223649376, "2013Q2": 0.435918279138, "2013Q4": 0.534495287028, "2011Q2": 0.577460595738, "2011Q4": 0.47564254581}