{"2022Q1": 6.2289853200000005, "2020Q3": 7.8062897200000005, "2020Q4": 7.884824960000001, "2020Q1": 7.08429348, "2020Q2": 7.295574960000001, "2008Q4": 0.51816288, "2010Q3": 0.6886211200000001, "2010Q4": 0.68579272, "2010Q1": 0.60848312, "2010Q2": 0.6184767999999999, "2023Q3": 7.647993600000001, "2023Q1": 7.60519048, "2023Q2": 8.505941600000002, "2016Q3": 5.06547584, "2016Q4": 4.838449600000001, "2016Q1": 5.54300404, "2016Q2": 6.085302600000001, "2015Q3": 6.11094676, "2015Q4": 6.69548276, "2015Q1": 5.08084348, "2015Q2": 5.8321608000000005, "2019Q3": 8.08130448, "2019Q4": 7.422947240000001, "2019Q1": 6.578387, "2019Q2": 7.7263402800000005, "2018Q3": 6.55406276, "2018Q4": 6.379833320000001, "2018Q1": 6.454220240000001, "2018Q2": 6.36917968, "2013Q3": 2.029377, "2013Q4": 2.1924814, "2013Q1": 1.68534928, "2013Q2": 1.90426744, "2014Q3": 3.06702268, "2014Q4": 4.3076532, "2014Q1": 2.4619336400000003, "2014Q2": 2.7022533600000003, "2012Q3": 0.95477356, "2012Q4": 1.28909044, "2012Q1": 0.9148931200000001, "2012Q2": 0.9761751200000002, "2017Q3": 7.35506564, "2017Q4": 6.503622960000001, "2017Q1": 5.89231144, "2017Q2": 6.1912733200000005, "2009Q3": 0.66957656, "2009Q4": 0.73057572, "2009Q2": 0.6843785200000001, "2021Q3": 7.154814920000001, "2021Q1": 7.628571920000001, "2021Q2": 7.9063208000000005, "2011Q3": 0.6545860400000001, "2011Q4": 0.8334352000000002, "2011Q1": 0.6835300000000001, "2011Q2": 0.7045544400000001}