{"2022Q3": 0.458399193504, "2022Q4": 0.46307676329999997, "2022Q1": 0.515773257816, "2022Q2": 0.44384049144599996, "2020Q3": 0.581471522388, "2020Q4": 0.904511330562, "2020Q1": 0.368738063946, "2020Q2": 0.601956912624, "2023Q3": 0.6332706, "2023Q1": 0.567541932138, "2023Q2": 0.68136214605, "2016Q3": 0.348950185044, "2016Q4": 0.33344135654400003, "2016Q1": 0.311627169252, "2016Q2": 0.325241920044, "2015Q3": 0.2971047306, "2015Q4": 0.311627169252, "2015Q1": 0.486962438586, "2015Q2": 0.37170510999, "2019Q3": 0.38292030081, "2019Q4": 0.41916376351199996, "2019Q1": 0.41718937701000003, "2019Q2": 0.393926008236, "2018Q3": 0.36135734236199996, "2018Q4": 0.37376443666799997, "2018Q1": 0.353602896606, "2018Q2": 0.431147354166, "2013Q3": 0.443487529728, "2013Q4": 0.485148354612, "2013Q1": 0.44847382681799997, "2013Q2": 0.46626028706999995, "2014Q3": 0.522980255316, "2014Q4": 0.535946801664, "2014Q1": 0.58190936127, "2014Q2": 0.532184922252, "2012Q3": 0.454826161056, "2012Q4": 0.46626028706999995, "2012Q1": 0.5261096517780001, "2012Q2": 0.456600988554, "2017Q3": 0.341195739288, "2017Q4": 0.32878864498199994, "2017Q1": 0.440452682772, "2017Q2": 0.369111788118, "2021Q3": 0.6002323687019999, "2021Q4": 0.581584093326, "2021Q1": 0.768992178306, "2021Q2": 0.600381140034, "2011Q4": 0.490156863432}