{"2022Q3": 1.0401268281659999, "2022Q4": 1.04477030847, "2022Q1": 1.480740160032, "2022Q2": 1.2325070010299999, "2020Q3": 0.63302501073, "2020Q4": 0.7519735507799999, "2020Q1": 0.488099175066, "2020Q2": 0.560562124404, "2023Q3": 1.4949597000000001, "2023Q1": 1.20109882716, "2023Q2": 1.3698099599940001, "2016Q3": 0.360686012514, "2016Q4": 0.388538167176, "2016Q1": 0.295079808474, "2016Q2": 0.309192354066, "2015Q3": 0.254538423276, "2015Q4": 0.25787408952, "2015Q1": 0.32590468026, "2015Q2": 0.282770193732, "2019Q3": 0.686346773322, "2019Q4": 0.704120725692, "2019Q1": 0.74593211775, "2019Q2": 0.662701835382, "2018Q3": 0.7160948960519999, "2018Q4": 0.57004924263, "2018Q1": 0.6878831319059999, "2018Q2": 0.877386523416, "2013Q3": 0.28921279266, "2013Q4": 0.292669567968, "2013Q1": 0.272262753696, "2013Q2": 0.250127520264, "2014Q3": 0.342679136286, "2014Q4": 0.32111195603399995, "2014Q1": 0.36641304716999995, "2014Q2": 0.342215998086, "2012Q3": 0.292184407074, "2012Q4": 0.267835688106, "2012Q1": 0.30452896196999996, "2012Q2": 0.26764825891199995, "2017Q3": 0.6461028047640001, "2017Q4": 0.638641963422, "2017Q1": 0.49994710088399996, "2017Q2": 0.491591363118, "2021Q3": 0.9366475135739999, "2021Q4": 2.052253959072, "2021Q1": 0.7300979898000001, "2021Q2": 0.7374836578259999, "2011Q4": 0.23814374057399998}