{"2011Q2": 0.144206102128, "2011Q4": 0.100338653272, "2015Q2": 0.187674469312, "2015Q4": 0.11203731624800001, "2014Q2": 0.140507558664, "2014Q4": 0.1430525954, "2010Q2": 0.10113343354399999, "2010Q4": 0.17120084185599999, "2009Q2": 0.083286158032, "2009Q4": 0.11417082644, "2016Q2": 0.134652790096, "2016Q4": 0.153200844808, "2018Q4": 0.15093853623200001, "2012Q2": 0.079680769872, "2012Q4": 0.092813734552, "2013Q2": 0.093032546816, "2013Q4": 0.108173485552, "2008Q4": 0.063412301568, "2017Q4": 0.14585027512}