{"2022Q3": 1.4032771454819999, "2022Q4": 1.5884425703699998, "2022Q1": 1.8525251377319998, "2022Q2": 1.45429112508, "2020Q3": 1.475783352558, "2020Q4": 1.5302296903139998, "2020Q1": 1.357330212852, "2020Q2": 1.549275917976, "2023Q3": 1.8178962, "2023Q1": 1.71086590716, "2023Q2": 1.701684082074, "2016Q3": 2.207132634654, "2016Q4": 2.041957136646, "2016Q1": 1.653092693334, "2016Q2": 1.726360148382, "2015Q3": 2.15680529682, "2015Q4": 1.593563209044, "2015Q1": 1.852541583864, "2015Q2": 2.470055560674, "2019Q3": 1.7741265840179998, "2019Q4": 1.815257793042, "2019Q1": 1.605474209874, "2019Q2": 1.647242659254, "2018Q3": 1.9448427586919999, "2018Q4": 1.579368779358, "2018Q1": 1.9944430010579999, "2018Q2": 1.859817642516, "2013Q3": 1.5931454394840001, "2013Q4": 1.443788064378, "2013Q1": 1.623045862218, "2013Q2": 1.420165180638, "2014Q3": 1.658465726574, "2014Q4": 1.8812115712739998, "2014Q1": 1.4894250409799998, "2014Q2": 1.5018714862799998, "2012Q3": 2.223885099492, "2012Q4": 1.77325582119, "2012Q1": 2.2484760996, "2012Q2": 1.981239025494, "2017Q3": 2.181421785282, "2017Q4": 2.12408158992, "2017Q1": 2.214314238318, "2017Q2": 2.197557457158, "2021Q3": 2.07376650792, "2021Q4": 1.91447264451, "2021Q1": 2.080424324334, "2021Q2": 1.882698150378, "2011Q4": 1.7803506573299999}