{"2022Q3": 0.866830312092, "2022Q4": 0.883736557716, "2022Q1": 1.004347133784, "2022Q2": 0.883523451132, "2020Q3": 0.863167708086, "2020Q4": 0.941907692322, "2020Q1": 0.5953122027059999, "2020Q2": 0.7570196147520001, "2023Q3": 1.2366105, "2023Q1": 0.999006488712, "2023Q2": 0.965193997464, "2016Q3": 1.755085428822, "2016Q4": 1.528460565402, "2016Q1": 1.409189466924, "2016Q2": 1.6808405001239999, "2015Q3": 1.089029370162, "2015Q4": 1.283065813446, "2015Q1": 1.4441282031540001, "2015Q2": 1.07565831828, "2019Q3": 0.905847689058, "2019Q4": 0.91443392472, "2019Q1": 1.074296754984, "2019Q2": 0.9798378287339999, "2018Q3": 1.061608249086, "2018Q4": 1.016493484434, "2018Q1": 1.3702463496, "2018Q2": 1.027019607528, "2013Q3": 1.184929727418, "2013Q4": 1.0887359862900001, "2013Q1": 0.76506870462, "2013Q2": 0.924808125882, "2014Q3": 1.158048965748, "2014Q4": 1.158048965748, "2014Q1": 1.211164269522, "2014Q2": 1.252702410042, "2012Q3": 0.728286489318, "2012Q4": 0.657874864134, "2012Q1": 0.539839620012, "2012Q2": 0.557901096138, "2017Q3": 1.548511519404, "2017Q4": 1.5458506171620001, "2017Q1": 1.5536410742759998, "2017Q2": 1.5611953624139998, "2021Q3": 0.880502813382, "2021Q4": 1.108557639624, "2021Q1": 0.9760777451639999, "2021Q2": 0.968649481026, "2011Q4": 0.39233697162}