{"2009Q4": 0.37663813070400004, "2010Q2": 0.26579890524, "2010Q4": 0.39923632672, "2012Q2": 0.27610579656, "2012Q4": 0.40712069684, "2011Q2": 0.500379184536, "2011Q4": 0.388225152304}