{"2022Q3": 0.46592692208399994, "2022Q4": 0.44265930000000003, "2022Q1": 0.736814627916, "2022Q2": 0.495337584048, "2020Q3": 0.47702494209, "2020Q4": 0.43787700426000004, "2020Q1": 0.333552478206, "2020Q2": 0.39343558584, "2023Q3": 0.3560178, "2023Q1": 0.4662888, "2023Q2": 0.3323883, "2016Q4": 0.48111590167199997, "2015Q3": 0.45902928199799997, "2015Q4": 0.466637445396, "2015Q1": 0.725316922794, "2015Q2": 0.51735892329, "2019Q3": 0.48890569716, "2019Q4": 0.5132748950279999, "2019Q1": 0.5102287374179999, "2019Q2": 0.464536625316, "2018Q3": 0.578766921324, "2018Q4": 0.560490101688, "2018Q1": 0.6686280824759999, "2018Q2": 0.769150748004, "2013Q3": 0.51735892329, "2013Q4": 0.5731525206179999, "2013Q1": 0.639090482838, "2013Q2": 0.580760747028, "2014Q3": 0.79379083446, "2014Q4": 0.664451206032, "2014Q1": 0.5731525206179999, "2014Q2": 1.067686764678, "2012Q3": 0.692348036202, "2012Q4": 0.585832897968, "2012Q1": 0.46765187558399995, "2012Q2": 0.65937899208, "2017Q3": 0.55592084952, "2017Q4": 0.718889446746, "2017Q1": 0.43226411584200003, "2017Q2": 0.5595748838939999, "2021Q3": 0.83278628325, "2021Q4": 0.713595682602, "2021Q1": 0.407428597668, "2021Q2": 0.473873837994, "2011Q4": 0.435697356168}