{"2022Q3": 0.500767044534, "2022Q4": 0.48437289743399997, "2022Q1": 0.628808058654, "2022Q2": 0.500959073604, "2020Q3": 0.273874380114, "2020Q4": 0.39793716312, "2020Q1": 0.160434097056, "2020Q2": 0.24505206119399997, "2023Q3": 1.1893515, "2023Q1": 0.560382162132, "2023Q2": 0.543988015032, "2019Q3": 0.162634570614, "2019Q4": 0.182638832724, "2019Q1": 0.160634160156, "2019Q2": 0.162434507514, "2012Q3": 0.23119465119, "2012Q1": 0.256395891012, "2012Q2": 0.217388690484, "2021Q3": 0.660118028322, "2021Q4": 0.68620965921, "2021Q1": 0.43656052605, "2021Q2": 0.504443889252, "2011Q4": 0.26844866884199997}