{"2022Q2": 0.562581, "2022Q3": 0.628767, "2022Q1": 0.55155, "2020Q2": 0.43020899999999995, "2020Q3": 1.235472, "2020Q4": 0.9817589999999999, "2020Q1": 0.6839219999999999, "2010Q4": 3.0886799999999996, "2023Q3": 0.728046, "2016Q2": 1.7539289999999998, "2016Q3": 1.5333089999999998, "2016Q4": 1.7428979999999998, "2016Q1": 1.5333089999999998, "2015Q2": 2.6805329999999996, "2015Q3": 2.448882, "2015Q4": 1.842177, "2015Q1": 2.901153, "2019Q2": 0.8493869999999999, "2019Q3": 0.6839219999999999, "2019Q4": 0.6728909999999999, "2019Q1": 0.6949529999999999, "2018Q2": 1.456092, "2018Q3": 0.9486659999999999, "2018Q4": 0.9486659999999999, "2018Q1": 1.43403, "2013Q2": 4.610957999999999, "2013Q3": 6.287669999999999, "2013Q4": 6.409011, "2013Q1": 1.777094166186, "2014Q2": 3.0555869999999996, "2014Q3": 3.4085789999999996, "2014Q4": 2.603316, "2014Q1": 4.721267999999999, "2012Q2": 1.324823077938, "2012Q3": 1.1031, "2012Q4": 1.029192333093, "2012Q1": 1.136193, "2017Q2": 1.467123, "2017Q3": 1.5222779999999998, "2017Q4": 1.411968, "2017Q1": 1.5333089999999998, "2021Q2": 0.705984, "2021Q3": 1.058976, "2021Q4": 0.7721699999999999, "2021Q1": 0.650829, "2011Q2": 1.777094166186, "2011Q3": 1.6965678330929999, "2011Q4": 1.350194422062, "2011Q1": 2.313200666907}