{"2008Q4": 0.062017329216, "2016Q4": 0.097352848858, "2016Q2": 0.097352848858, "2011Q4": 0.061296287392, "2017Q4": 0.13581332607, "2013Q2": 0.06370008232, "2015Q4": 0.112977395072, "2015Q2": 0.20191708249999998, "2018Q4": 0.08052640518, "2009Q2": 0.124996248894, "2014Q4": 0.305279418678, "2012Q4": 0.06370008232, "2012Q2": 0.055887748804}