{"2022Q3": 2.4106589686919997, "2022Q4": 2.5247557422719997, "2022Q1": 2.437945968726, "2022Q2": 2.167837658322, "2020Q3": 2.164730851662, "2020Q4": 2.2187849082119997, "2020Q1": 1.812062296992, "2020Q2": 2.193044695248, "2023Q3": 3.638943, "2023Q1": 2.788056015654, "2023Q2": 3.0875879999999998, "2016Q3": 1.5875632694159998, "2016Q4": 1.50337416495, "2016Q1": 1.55589167388, "2016Q2": 1.4460317011559998, "2015Q3": 1.4243549745419999, "2015Q4": 1.356707528268, "2015Q1": 1.552460733492, "2015Q2": 1.464051652374, "2019Q3": 2.1849934629720003, "2019Q4": 2.127619367154, "2019Q1": 1.631180900454, "2019Q2": 1.8264058760820001, "2018Q3": 1.4059549979519999, "2018Q4": 1.4241552265019999, "2018Q1": 1.596682145514, "2018Q2": 1.555154937576, "2013Q3": 1.226820294054, "2013Q4": 1.2467956651619998, "2013Q1": 1.23246242004, "2013Q2": 1.285543319262, "2014Q3": 1.6090419493139998, "2014Q4": 1.564837834086, "2014Q1": 1.315044750012, "2014Q2": 1.418061335982, "2012Q3": 1.0805580683879998, "2012Q4": 1.0508035184339999, "2012Q1": 0.816847586886, "2012Q2": 0.8291616439739999, "2017Q3": 1.530773798934, "2017Q4": 1.5945561836459998, "2017Q1": 1.551482283156, "2017Q2": 1.6310485752539998, "2021Q3": 2.09044373643, "2021Q4": 2.234331417888, "2021Q1": 2.612606316528, "2021Q2": 2.182748849508, "2011Q4": 0.699249772068}