{"2022Q3": 8.19250518, "2022Q4": 9.2391345, "2022Q1": 10.03844172, "2022Q2": 9.3998151, "2020Q3": 7.728106739999999, "2020Q4": 9.29490012, "2020Q1": 5.87492382, "2020Q2": 6.958100099999999, "2023Q3": 10.86957, "2023Q1": 10.35570714, "2023Q2": 11.4303768, "2016Q3": 5.27032368, "2016Q4": 4.9495926, "2016Q1": 4.472276699999999, "2016Q2": 4.75520058, "2015Q3": 4.254885300000001, "2015Q4": 3.9993716399999997, "2015Q1": 4.37019726, "2015Q2": 4.00882344, "2019Q3": 6.42816918, "2019Q4": 7.11121926, "2019Q1": 5.85728046, "2019Q2": 6.04033032, "2018Q3": 5.20510626, "2018Q4": 4.81632222, "2018Q1": 4.602081419999999, "2018Q2": 4.425962879999999, "2013Q3": 2.693763, "2013Q4": 3.36106008, "2013Q1": 1.9256467199999998, "2013Q2": 2.2479530999999997, "2014Q3": 3.93951024, "2014Q4": 4.2967882799999995, "2014Q1": 3.21455718, "2014Q2": 4.15028538, "2012Q3": 1.68179028, "2012Q4": 1.9256467199999998, "2012Q1": 1.528041, "2012Q2": 1.4700699599999998, "2017Q3": 4.75646082, "2017Q4": 4.63516272, "2017Q1": 4.93982574, "2017Q2": 4.74543372, "2021Q3": 9.91619844, "2021Q4": 10.771901399999999, "2021Q1": 9.40107534, "2021Q2": 9.1619448, "2011Q4": 1.2495279599999998}