{"2022Q1": 18.117221920000002, "2020Q3": 6.0589984800000005, "2020Q4": 6.364748520000001, "2020Q1": 5.816604600000001, "2020Q2": 6.61543904, "2008Q4": 2.93512496, "2010Q3": 3.38955456, "2010Q4": 3.03034776, "2010Q1": 3.21391092, "2010Q2": 3.22267896, "2023Q3": 16.008744, "2023Q1": 19.873092640000003, "2023Q2": 17.649216000000003, "2016Q3": 5.1922824400000005, "2016Q4": 5.16569548, "2016Q1": 4.882195520000001, "2016Q2": 5.5822245200000005, "2015Q3": 3.67720284, "2015Q4": 3.7657317600000004, "2015Q1": 6.45940564, "2015Q2": 3.5974419600000003, "2019Q3": 5.61116848, "2019Q4": 4.7394556, "2019Q1": 6.2069238, "2019Q2": 5.94020568, "2018Q3": 5.93662304, "2018Q4": 8.012102960000002, "2018Q1": 4.421449160000001, "2018Q2": 5.50246364, "2013Q3": 11.828934480000001, "2013Q4": 9.294782360000001, "2013Q1": 11.368188120000001, "2013Q2": 12.35171708, "2014Q3": 7.0087752000000005, "2014Q4": 7.221376600000001, "2014Q1": 8.36442732, "2014Q2": 7.442934600000001, "2012Q3": 2.7733404800000003, "2012Q4": 13.45931852, "2012Q1": 1.9847825600000002, "2012Q2": 1.7543622400000003, "2017Q3": 5.13034048, "2017Q4": 5.2100070800000005, "2017Q1": 6.29102156, "2017Q2": 4.7847100000000005, "2009Q3": 4.804603080000001, "2009Q4": 5.014093240000001, "2009Q2": 5.844134360000001, "2021Q3": 12.929936320000001, "2021Q1": 7.45745372, "2021Q2": 8.60474704, "2011Q3": 1.7366376000000001, "2011Q4": 2.0822680800000004, "2011Q1": 2.4366666, "2011Q2": 2.05568112}