{"2022Q3": 0.7451169, "2022Q4": 0.625530237426, "2022Q1": 1.1123742764640001, "2022Q2": 0.825010980522, "2020Q3": 0.388008110232, "2020Q4": 0.710474288664, "2020Q1": 0.295523665002, "2020Q2": 0.42799977874199996, "2023Q3": 0.9105234, "2023Q1": 0.748183252956, "2023Q2": 0.7451169, "2016Q3": 0.500918021286, "2016Q4": 0.546664040154, "2016Q1": 0.292529240244, "2016Q2": 0.30440312700600003, "2015Q3": 0.301164782796, "2015Q4": 0.267702039654, "2015Q1": 0.419783675568, "2015Q2": 0.29384858550000004, "2019Q3": 0.518440240716, "2019Q4": 0.478952132604, "2019Q1": 0.556417825164, "2019Q2": 0.565571168826, "2018Q3": 0.58029845949, "2018Q4": 0.597014818452, "2018Q1": 0.506636297274, "2018Q2": 0.542089463472, "2013Q3": 0.243037378518, "2013Q4": 0.262174217436, "2013Q1": 0.241160881158, "2013Q2": 0.234295062132, "2014Q3": 0.36181351773599996, "2014Q4": 0.403791860088, "2014Q1": 0.354030905616, "2014Q2": 0.380822410788, "2012Q3": 0.226571082678, "2012Q4": 0.203399049798, "2012Q1": 0.226807377678, "2012Q2": 0.203969119362, "2017Q3": 0.75938265927, "2017Q4": 0.6027027856680001, "2017Q1": 0.755951750388, "2017Q2": 0.616426515714, "2021Q3": 0.983921604948, "2021Q4": 1.14415645806, "2021Q1": 1.0722657206939998, "2021Q2": 1.16271349206, "2011Q4": 0.151204886946}