{"2022Q3": 4.324152, "2022Q4": 3.673323, "2022Q2": 4.776422999999999, "2008Q4": 9.078670544742, "2010Q3": 5.4837703874759995, "2010Q4": 5.082644343200999, "2010Q1": 5.201568605534999, "2010Q2": 5.104125296307, "2023Q1": 3.8498189999999997, "2015Q1": 20.439903032549996, "2013Q3": 15.509761050939, "2013Q4": 14.487748056668998, "2013Q1": 4.937884684635, "2013Q2": 8.839322620367998, "2014Q3": 16.855545742502997, "2014Q4": 23.785717628129998, "2014Q1": 17.165482911147, "2014Q2": 15.235402629897, "2012Q3": 4.333493745753, "2012Q4": 5.95407314544, "2012Q1": 4.371740693696999, "2012Q2": 4.328602037772, "2009Q3": 9.174349522736998, "2009Q4": 8.382884031350999, "2011Q3": 3.9274308767069996, "2011Q4": 4.308873623759999, "2011Q1": 3.743362514385, "2011Q2": 4.721527548399}