{"2022Q3": 0.76150002, "2022Q4": 0.8648397, "2022Q1": 0.99842514, "2022Q2": 0.75740424, "2020Q3": 0.7013235600000001, "2020Q4": 0.90831798, "2020Q1": 0.6824199599999999, "2020Q2": 0.72999402, "2023Q3": 1.2255833999999999, "2023Q1": 0.92533122, "2023Q2": 0.99369924, "2016Q3": 0.55702608, "2016Q4": 0.5554507799999999, "2016Q1": 0.42974184, "2016Q2": 0.42596111999999997, "2015Q3": 0.36735996, "2015Q4": 0.41146836000000003, "2015Q1": 0.5327664599999999, "2015Q2": 0.44990568, "2019Q3": 0.84310056, "2019Q4": 0.81379998, "2019Q1": 0.75362352, "2019Q2": 0.77284218, "2018Q3": 0.78796506, "2018Q4": 0.73156932, "2018Q1": 0.8002524, "2018Q2": 0.79206084, "2013Q3": 0.5302459799999999, "2013Q4": 0.56994354, "2013Q1": 0.60050436, "2013Q2": 0.54064296, "2014Q3": 0.61373688, "2014Q4": 0.5652176400000001, "2014Q1": 0.65122902, "2014Q2": 0.6918717600000001, "2012Q3": 0.6080658, "2012Q4": 0.57372426, "2012Q1": 0.5623821, "2012Q2": 0.5497797, "2017Q3": 0.82640238, "2017Q4": 0.8538126, "2017Q1": 0.59168268, "2017Q2": 0.67485852, "2021Q3": 0.7986771, "2021Q4": 0.8475113999999999, "2021Q1": 0.82923792, "2021Q2": 0.9199752, "2011Q4": 0.40926294}