{"2022Q3": 0.9379336199999999, "2022Q4": 1.02173958, "2022Q1": 0.98235708, "2022Q2": 1.0444239, "2020Q3": 0.86042886, "2020Q4": 0.9379336199999999, "2020Q1": 0.92218062, "2020Q2": 0.8175806999999999, "2023Q3": 1.1483937, "2023Q1": 1.0844365200000001, "2023Q2": 1.14744852, "2016Q3": 0.9940143, "2016Q4": 1.00409622, "2016Q1": 0.95809746, "2016Q2": 0.96376854, "2015Q3": 0.8667300600000001, "2015Q4": 0.8705107799999999, "2015Q1": 0.94959084, "2015Q2": 0.8667300600000001, "2019Q3": 0.9423444599999999, "2019Q4": 0.97952154, "2019Q1": 0.93226254, "2019Q2": 0.9593577, "2018Q3": 0.9350980799999999, "2018Q4": 0.95085108, "2018Q1": 1.09577868, "2018Q2": 0.93226254, "2013Q3": 0.86515476, "2013Q4": 1.07214918, "2013Q1": 0.83585418, "2013Q2": 0.8497168199999999, "2014Q3": 1.03402692, "2014Q4": 0.9256462799999999, "2014Q1": 1.02993114, "2014Q2": 1.06773834, "2012Q3": 0.70636452, "2012Q4": 0.7006934399999999, "2012Q1": 0.70352898, "2012Q2": 0.67800912, "2017Q3": 1.08128592, "2017Q4": 1.008192, "2017Q1": 0.99117876, "2017Q2": 1.14303768, "2021Q3": 1.12570938, "2021Q4": 1.08128592, "2021Q1": 0.95809746, "2021Q2": 1.07151906, "2011Q4": 0.74574702}