{"2022Q3": 5.01512508, "2022Q4": 4.913360699999999, "2022Q1": 3.96376986, "2022Q2": 4.5400146, "2020Q3": 4.64524464, "2020Q4": 5.27221404, "2020Q1": 4.75803612, "2020Q2": 5.40296394, "2023Q3": 5.6005065599999995, "2023Q1": 5.52363192, "2023Q2": 5.385635639999999, "2016Q3": 5.51260482, "2016Q4": 4.8519239999999995, "2016Q1": 5.482044, "2016Q2": 4.93163418, "2015Q3": 7.27820106, "2015Q4": 5.73125646, "2015Q1": 6.69092922, "2015Q2": 7.87397952, "2019Q3": 5.71959924, "2019Q4": 5.52489216, "2019Q1": 5.47353738, "2019Q2": 5.1386286, "2018Q3": 7.76024286, "2018Q4": 5.19659964, "2018Q1": 7.92596442, "2018Q2": 7.6134249, "2013Q3": 3.13831266, "2013Q4": 3.8805940199999998, "2013Q1": 2.6134227, "2013Q2": 2.99748084, "2014Q3": 5.75236548, "2014Q4": 5.0283576, "2014Q1": 4.4218671, "2014Q2": 5.58506862, "2012Q3": 2.65186002, "2012Q4": 2.76717198, "2012Q1": 3.87429282, "2012Q2": 3.68840742, "2017Q3": 6.30718614, "2017Q4": 7.32325464, "2017Q1": 6.4981124999999995, "2017Q2": 7.87366446, "2021Q3": 4.59483504, "2021Q4": 4.2930075599999995, "2021Q1": 5.4130458599999995, "2021Q2": 4.65784704, "2011Q4": 2.61058716}