{"2022Q3": 1.21154369628, "2022Q4": 1.284145681596, "2022Q1": 1.663109931516, "2022Q2": 1.291708381836, "2020Q3": 1.784838624018, "2020Q4": 2.290986798834, "2020Q1": 1.3428707862, "2020Q2": 1.983076549932, "2023Q3": 1.4666043, "2023Q1": 1.408173871014, "2023Q2": 1.4943885907380001, "2016Q3": 0.738229814424, "2016Q4": 0.584784504312, "2016Q1": 0.7314213048120001, "2016Q2": 0.7314213048120001, "2015Q3": 0.643825929156, "2015Q4": 0.628496779374, "2015Q1": 0.742816363386, "2015Q2": 0.613167472062, "2019Q3": 1.242242292018, "2019Q4": 1.37930511225, "2019Q1": 1.821200612292, "2019Q2": 1.51347640632, "2018Q3": 2.108426164002, "2018Q4": 1.6065702090960001, "2018Q1": 1.07993320989, "2018Q2": 3.7406377832459996, "2013Q3": 0.665166140184, "2013Q4": 0.637973847186, "2013Q1": 0.676271438076, "2013Q2": 0.64580888529, "2014Q3": 0.738559430196, "2014Q4": 0.7598435605439999, "2014Q1": 0.736284476454, "2014Q2": 0.8492372671739999, "2012Q3": 0.729073446186, "2012Q4": 0.714857560914, "2012Q1": 0.751582655838, "2012Q2": 0.73432672512, "2017Q3": 0.763778880486, "2017Q4": 1.173840560598, "2017Q1": 0.6480461263499999, "2017Q2": 0.6958781259719999, "2021Q3": 1.7326378133999998, "2021Q4": 1.818852659148, "2021Q1": 2.133814486452, "2021Q2": 1.995289693302, "2011Q4": 0.6768076386899999}