{"2022Q2": 7.717127, "2022Q3": 4.513001, "2022Q4": 6.240716, "2022Q1": 9.727559, "2020Q2": 10.36629, "2020Q3": 14.544219, "2020Q4": 24.177539, "2020Q1": 13.769364999999999, "2023Q2": 5.036550999999999, "2023Q3": 4.533943, "2023Q1": 5.298325999999999, "2016Q2": 3.0290138021889996, "2016Q3": 5.115668273937, "2016Q4": 4.849695669928, "2016Q1": 2.775301357008, "2015Q2": 1.6976302044659999, "2015Q3": 2.181198010312, "2015Q4": 2.9953581967059995, "2015Q1": 1.7542181166869997, "2019Q2": 21.90427620907, "2019Q3": 13.997010833070998, "2019Q4": 15.497079999999999, "2019Q1": 25.67511440404, "2018Q2": 18.299451677294, "2018Q3": 21.585841235427, "2018Q4": 34.940297970275, "2018Q1": 21.97186222096, "2013Q4": 1.371330965331, "2014Q2": 3.5419668988849997, "2014Q3": 2.77075256613, "2014Q4": 1.790228482534, "2014Q1": 1.6854345993529998, "2017Q2": 8.850759741897999, "2017Q3": 11.870430228902999, "2017Q4": 17.151823941288, "2017Q1": 6.937434382313, "2021Q2": 29.402568, "2021Q3": 19.004865, "2021Q4": 16.303347, "2021Q1": 34.187815}