{"2022Q3": 25.424, "2022Q2": 28.011799999999997, "2022Q1": 61.925599999999996, "2022Q4": 25.923399999999997, "2019Q3": 13.150670406704, "2019Q2": 16.975538828351997, "2019Q1": 18.694579680028, "2019Q4": 14.484761819972, "2017Q3": 13.833912031704, "2017Q2": 14.980763914176, "2017Q4": 18.7701050625, "2023Q3": 0, "2023Q2": 17.869439999999997, "2023Q1": 19.749, "2021Q3": 12.6212, "2021Q2": 14.8004, "2021Q1": 14.437199999999999, "2021Q4": 30.508799999999997, "2018Q3": 21.537492210824, "2018Q2": 17.125715289176, "2018Q1": 20.133743719204, "2018Q4": 17.577204101676, "2020Q3": 15.2998, "2020Q2": 13.574599999999998, "2020Q1": 11.4408, "2020Q4": 17.161199999999997}