{"2022Q3": 0.244305936102, "2022Q4": 0.244305936102, "2022Q1": 0.283734025284, "2022Q2": 0.244491222888, "2020Q3": 0.207408660888, "2020Q4": 0.275077814796, "2020Q1": 0.156922343778, "2020Q2": 0.190452761808, "2023Q3": 0.3418401, "2023Q1": 0.277920538164, "2023Q2": 0.333144444, "2016Q3": 0.136105730964, "2016Q4": 0.15370775509200002, "2016Q1": 0.151620482592, "2016Q2": 0.12487796925, "2015Q3": 0.190062843552, "2015Q4": 0.17096103930599998, "2015Q1": 0.176970052662, "2015Q2": 0.192612529614, "2019Q3": 0.20295292483799998, "2019Q4": 0.20869331803799998, "2019Q1": 0.210537490242, "2019Q2": 0.203214456144, "2018Q3": 0.21432810312599998, "2018Q4": 0.18621454318199998, "2018Q1": 0.204121986474, "2018Q2": 0.21534870848999998, "2013Q3": 0.20280342886799999, "2013Q4": 0.206244671718, "2013Q1": 0.204603398154, "2013Q2": 0.184526577726, "2014Q3": 0.17907128232, "2014Q4": 0.185608430754, "2014Q1": 0.195920974674, "2014Q2": 0.18422078049, "2012Q3": 0.175954425246, "2012Q4": 0.18136838478, "2012Q1": 0.186497467062, "2012Q2": 0.159188885418, "2017Q3": 0.16865580829799998, "2017Q4": 0.20922504479999998, "2017Q1": 0.164616045966, "2017Q2": 0.15916188477600002, "2021Q3": 0.24533816717999998, "2021Q4": 0.25578413900999997, "2021Q1": 0.24591954739799998, "2021Q2": 0.24591954739799998, "2011Q4": 0.17628448210199998}