{"2022Q3": 0.15217398, "2022Q4": 0.15753, "2022Q1": 0.18525528, "2022Q2": 0.1622559, "2020Q3": 0.16446132, "2020Q4": 0.16698179999999999, "2020Q1": 0.12948966, "2020Q2": 0.15753, "2010Q4": 0.34591634628, "2023Q1": 0.1543794, "2023Q2": 0.17233781999999997, "2016Q3": 0.190247783772, "2016Q4": 0.213574322076, "2016Q1": 0.19849920517199998, "2016Q2": 0.182584547886, "2015Q3": 0.19849920517199998, "2015Q4": 0.19358011038, "2015Q1": 0.228748304808, "2015Q2": 0.214417044564, "2019Q3": 0.18651552, "2019Q4": 0.19061129999999998, "2019Q1": 0.20069322, "2019Q2": 0.19092636, "2018Q3": 0.20352876, "2018Q4": 0.19911792, "2018Q1": 0.20226851999999998, "2018Q2": 0.2032137, "2013Q3": 0.212900786808, "2013Q4": 0.204460959528, "2013Q1": 0.23108781434399997, "2013Q2": 0.227236331868, "2014Q3": 0.22792149285000002, "2014Q4": 0.24418186547399998, "2014Q1": 0.213717516846, "2014Q2": 0.222974074164, "2012Q3": 0.22466868738600002, "2012Q4": 0.22107401031600002, "2012Q1": 0.216166982322, "2012Q2": 0.21095818985999998, "2017Q3": 0.19722756, "2017Q4": 0.22810344, "2017Q1": 0.225692002266, "2017Q2": 0.217512572076, "2021Q3": 0.18714564, "2021Q4": 0.21140525999999998, "2021Q1": 0.15721494, "2021Q2": 0.1984878, "2011Q3": 0.201360863646, "2011Q4": 0.177574211718, "2011Q1": 0.255292928964, "2011Q2": 0.289552994448}