{"2023Q2": 9.1005286, "2023Q1": 10.3852525, "2023Q3": 9.4357437, "2022Q2": 12.394939200000001, "2022Q4": 9.5945298, "2022Q1": 9.7934134, "2022Q3": 8.9898595, "2021Q4": 8.9465542}