{"2022Q3": 1.055451, "2022Q4": 1.012917963012, "2022Q1": 1.124764231506, "2022Q2": 1.028670963012, "2020Q3": 1.206679768494, "2020Q4": 1.241336463012, "2020Q1": 0.9562071, "2020Q2": 1.0979840369879998, "2010Q4": 0.8013463828380001, "2023Q1": 1.0003155, "2023Q2": 1.0050413999999999, "2016Q3": 0.550989341364, "2016Q4": 0.6186042104339999, "2016Q1": 0.5222170854779999, "2015Q3": 0.527971530354, "2015Q4": 0.54811208742, "2015Q1": 0.710718901248, "2015Q2": 0.680992990248, "2019Q3": 0.882168, "2019Q4": 0.978261268494, "2019Q1": 0.899496268494, "2019Q2": 0.9325776, "2018Q3": 0.6348459, "2018Q4": 0.8317583999999999, "2018Q1": 0.644499275388, "2018Q2": 0.66751714941, "2013Q3": 0.762063630834, "2013Q4": 0.785033678748, "2013Q1": 0.80800366365, "2013Q2": 0.766117129782, "2014Q3": 0.6728859608459999, "2014Q4": 0.751254237294, "2014Q1": 0.725581888254, "2012Q3": 0.83772957465, "2012Q4": 0.85934836173, "2012Q1": 0.657422753034, "2012Q2": 0.648589730874, "2017Q3": 0.66751714941, "2017Q4": 0.6416220214439999, "2017Q1": 0.69916665924, "2017Q2": 0.703482540156, "2021Q3": 1.200378536988, "2021Q4": 1.285444768494, "2021Q1": 1.131065463012, "2021Q2": 1.116887731506, "2011Q3": 0.49464435753, "2011Q4": 0.453003381426, "2011Q1": 0.662183435658, "2011Q2": 0.670301240112}