{"2022Q3": 0.6134218199999999, "2022Q4": 0.6241338599999999, "2022Q1": 0.80371806, "2022Q2": 0.64146216, "2020Q3": 0.4647135, "2020Q4": 0.48771288, "2020Q1": 0.409578, "2020Q2": 0.49117854, "2010Q4": 0.28544436, "2023Q1": 0.66918744, "2023Q2": 0.7416512399999999, "2016Q3": 0.35192202, "2016Q4": 0.39414005999999996, "2016Q1": 0.3512919, "2016Q2": 0.33963467999999997, "2015Q3": 0.32325156, "2015Q4": 0.32419674, "2015Q1": 0.40831776000000003, "2015Q2": 0.34026480000000003, "2019Q3": 0.51449298, "2019Q4": 0.5261502, "2019Q1": 0.51638334, "2019Q2": 0.49432914, "2018Q3": 0.6887211599999999, "2018Q4": 0.49432914, "2018Q1": 0.62728446, "2018Q2": 0.70667958, "2013Q3": 0.23093898, "2013Q4": 0.3087588, "2013Q1": 0.21613116000000002, "2013Q2": 0.21770646, "2014Q3": 0.32230638, "2014Q4": 0.37240092, "2014Q1": 0.29332086, "2014Q2": 0.2804034, "2012Q3": 0.22747331999999998, "2012Q4": 0.21203538, "2012Q1": 0.21077514, "2012Q2": 0.17832396, "2017Q3": 0.41146836000000003, "2017Q4": 0.5305610399999999, "2017Q1": 0.44360447999999997, "2017Q2": 0.42186534000000003, "2021Q3": 0.77536266, "2021Q4": 0.83585418, "2021Q1": 0.5396977799999999, "2021Q2": 0.70352898, "2011Q3": 0.21014502, "2011Q4": 0.17139264, "2011Q1": 0.2599245, "2011Q2": 0.31947084000000003}