{"2022Q1": 9.135144475324001, "2020Q3": 11.196860599544001, "2020Q4": 13.264239623680002, "2020Q1": 8.373756938820001, "2020Q2": 10.128424900576, "2008Q4": 3.71587725024, "2010Q3": 3.66909574994, "2010Q4": 3.2221004202080006, "2010Q1": 3.4618457675920005, "2010Q2": 3.6000130887360005, "2023Q3": 11.681292000000001, "2023Q1": 11.016618000000001, "2023Q2": 11.323028, "2016Q3": 8.796358525336, "2016Q4": 9.921008900576, "2016Q1": 7.67637668828, "2016Q2": 7.700901348704001, "2015Q3": 7.545706475024001, "2015Q4": 7.578275199328, "2015Q1": 7.823361763268001, "2015Q2": 5.855271948668, "2019Q3": 8.526881385988, "2019Q4": 7.036040325468, "2019Q1": 9.56198474922, "2019Q2": 9.069886763148, "2018Q3": 11.20283481202, "2018Q4": 11.10615637596, "2018Q1": 12.257810975624, "2018Q2": 13.982612475864, "2013Q3": 7.894055075708, "2013Q4": 6.356135598884001, "2013Q1": 6.96771149886, "2013Q2": 7.2093655637000005, "2014Q3": 6.331906138568, "2014Q4": 7.10472362602, "2014Q1": 7.179930112632, "2014Q2": 6.743803400156, "2012Q3": 5.448508176512, "2012Q4": 6.363573150096, "2012Q1": 4.0784153303320005, "2012Q2": 4.59618309228, "2017Q3": 10.870981176152002, "2017Q4": 9.888302074928001, "2017Q1": 9.664929137788, "2017Q2": 8.48366012476, "2009Q3": 4.033086232288, "2009Q4": 4.022188567364, "2009Q2": 4.690162706772001, "2021Q3": 10.746939450288, "2021Q1": 12.190427013748002, "2021Q2": 14.250036451368, "2011Q3": 3.8806321819160003, "2011Q4": 4.484663494596, "2011Q1": 3.2142612173400003, "2011Q2": 3.6924801691880003}