{"2022Q3": 0.714705355428, "2022Q4": 0.656717081646, "2022Q1": 0.68673659706, "2022Q2": 0.707421451782, "2020Q3": 0.481754276244, "2020Q4": 0.51451251372, "2020Q1": 0.40312887933, "2020Q2": 0.474737259924, "2010Q4": 0.330982376256, "2023Q1": 0.665415352644, "2023Q2": 0.6335217973380001, "2016Q3": 0.383135045706, "2016Q4": 0.422691773886, "2016Q1": 0.33871032546599994, "2016Q2": 0.361729554246, "2015Q3": 0.32994113446199996, "2015Q4": 0.405575509266, "2015Q1": 0.402686251536, "2015Q2": 0.39734563797, "2019Q3": 0.6006898988339999, "2019Q4": 0.68558426511, "2019Q1": 0.89650701072, "2019Q2": 0.62785676649, "2018Q3": 0.914618171808, "2018Q4": 0.771237484902, "2018Q1": 0.741977705172, "2018Q2": 0.966819392004, "2013Q3": 0.474703327962, "2013Q4": 0.491946719292, "2013Q1": 0.422072271408, "2013Q2": 0.47789160913799994, "2014Q3": 0.43793466024, "2014Q4": 0.435798458922, "2014Q1": 0.470645953776, "2014Q2": 0.41080090538999997, "2012Q3": 0.331977997362, "2012Q4": 0.328060856382, "2012Q1": 0.264052605156, "2012Q2": 0.270361051536, "2017Q3": 0.530153131818, "2017Q4": 0.6058892710020001, "2017Q1": 0.428342721552, "2017Q2": 0.440774894634, "2021Q3": 0.616408179222, "2021Q4": 0.661914878514, "2021Q1": 0.51713759364, "2021Q2": 0.510574925346, "2011Q3": 0.222597262404, "2011Q4": 0.23972011177799998, "2011Q1": 0.267237641214, "2011Q2": 0.277044482328}