{"2022Q3": 0.69502236, "2022Q4": 0.69502236, "2022Q1": 0.67958442, "2022Q2": 0.65500974, "2020Q3": 0.6843103199999999, "2020Q4": 0.6710778000000001, "2020Q1": 0.56616282, "2020Q2": 0.6562699799999999, "2010Q4": 0.6068055600000001, "2023Q1": 0.75677412, "2023Q2": 0.83270358, "2016Q3": 0.5882170200000001, "2016Q4": 0.57782004, "2016Q1": 0.5441086199999999, "2016Q2": 0.56647788, "2015Q3": 0.43982376, "2015Q4": 0.43761834, "2015Q1": 0.49338396, "2015Q2": 0.44864544, "2019Q3": 0.5702586000000001, "2019Q4": 0.6770639399999999, "2019Q1": 0.53843754, "2019Q2": 0.5608068, "2018Q3": 0.5529303, "2018Q4": 0.51858876, "2018Q1": 0.54158814, "2018Q2": 0.5403279, "2013Q3": 0.53906766, "2013Q4": 0.53906766, "2013Q2": 0.50063034, "2014Q3": 0.45904242, "2014Q4": 0.47385024, "2014Q1": 0.5025206999999999, "2014Q2": 0.44045388, "2012Q3": 0.49968515999999996, "2012Q4": 0.5066164799999999, "2012Q1": 0.49968515999999996, "2012Q2": 0.39729065999999996, "2017Q3": 0.51953394, "2017Q4": 0.5293008, "2017Q1": 0.58034052, "2017Q2": 0.5261502, "2021Q3": 0.65500974, "2021Q4": 0.7151862, "2021Q1": 0.6594205799999999, "2021Q2": 0.6316953, "2011Q3": 0.38752380000000003, "2011Q4": 0.31821059999999995, "2011Q1": 0.48613757999999996, "2011Q2": 0.49653455999999996}