{"2022Q3": 1.137219687522, "2022Q4": 1.14571695024, "2022Q1": 1.367571868272, "2022Q2": 1.18395467973, "2020Q3": 0.86443973133, "2020Q4": 0.8588338687499999, "2020Q1": 0.615373490676, "2020Q2": 0.7542937471379999, "2010Q4": 1.1242380498, "2023Q1": 1.285922147406, "2023Q2": 1.280718963012, "2016Q3": 0.684155846082, "2016Q4": 0.69021029109, "2016Q1": 0.466373645658, "2016Q2": 0.674305558194, "2015Q3": 0.450378868614, "2015Q4": 0.41081294068199997, "2015Q1": 0.6642584208179999, "2015Q2": 0.588450416448, "2019Q3": 0.665297929782, "2019Q4": 0.8682518628120001, "2019Q1": 0.560959478076, "2019Q2": 0.64576761243, "2018Q3": 0.54767635944, "2018Q4": 0.5221317042179999, "2018Q1": 0.5724330811080001, "2018Q2": 0.524085800856, "2013Q3": 0.84610213662, "2013Q4": 0.7287396401159999, "2013Q1": 0.963523297296, "2013Q2": 0.959370522942, "2014Q3": 0.5854481151900001, "2014Q4": 0.725805486336, "2014Q1": 0.708269278242, "2014Q2": 0.625706103918, "2012Q3": 0.962288104566, "2012Q4": 0.912876520128, "2012Q1": 0.672829785648, "2012Q2": 0.723877823232, "2017Q3": 0.539556822156, "2017Q4": 0.58403648886, "2017Q1": 0.790541746704, "2017Q2": 0.72826701861, "2021Q3": 0.941299500498, "2021Q4": 0.936299214744, "2021Q1": 0.9653471796359999, "2021Q2": 0.969831995724, "2011Q3": 0.682240092246, "2011Q4": 0.539910666042, "2011Q1": 0.8114365889159999, "2011Q2": 0.878382995184}