{"2022Q3": 19.33590177, "2022Q4": 19.01646207, "2022Q1": 19.67305671, "2022Q2": 19.589097780000003, "2020Q3": 19.91569896, "2020Q4": 19.802246040000004, "2020Q1": 21.271857120000004, "2020Q2": 20.58444927, "2010Q3": 12.481140420000001, "2010Q4": 12.61749123, "2010Q1": 13.2459111, "2010Q2": 13.039453170000002, "2023Q3": 19.656378, "2023Q1": 19.42070877, "2023Q2": 19.062729, "2016Q3": 19.70990064, "2016Q4": 19.824107400000003, "2016Q1": 17.057608830000003, "2016Q2": 17.12960055, "2015Q3": 17.31155868, "2015Q4": 16.814306970000004, "2015Q1": 18.319725450000004, "2015Q2": 18.145776870000002, "2019Q3": 21.495653370000003, "2019Q4": 21.346110360000004, "2019Q1": 19.49288895, "2019Q2": 20.326259070000003, "2018Q3": 19.19059911, "2018Q4": 19.197100980000002, "2018Q1": 20.19264093, "2018Q2": 19.20897396, "2013Q3": 13.949243820000001, "2013Q4": 14.053650660000002, "2013Q1": 13.562806590000001, "2013Q2": 13.773033720000003, "2014Q3": 14.87731509, "2014Q4": 16.1660988, "2014Q1": 14.274996930000002, "2014Q2": 14.64598044, "2012Q3": 13.518706950000002, "2012Q4": 13.396113720000002, "2012Q1": 12.8218761, "2012Q2": 13.34400453, "2017Q3": 19.859632110000003, "2017Q4": 19.239410250000002, "2017Q1": 19.9786446, "2017Q2": 19.768323240000004, "2009Q4": 13.561675830000002, "2021Q3": 18.868426740000004, "2021Q4": 18.756293040000003, "2021Q1": 19.42052031, "2021Q2": 20.165502690000004, "2011Q3": 12.068507250000001, "2011Q4": 12.97858059, "2011Q1": 12.972078720000003, "2011Q2": 13.53482028}