{"2022Q3": 0.9499533480360001, "2022Q4": 0.83704290138, "2022Q1": 1.09599953706, "2022Q2": 0.84947390874, "2020Q3": 0.40024538719799996, "2020Q4": 0.59595363336, "2020Q1": 0.330837322632, "2020Q2": 0.39268952376, "2010Q4": 0.662793895914, "2023Q1": 0.8340319989839999, "2023Q2": 0.8671523349179999, "2016Q3": 0.34227100756199996, "2016Q4": 0.340939217436, "2016Q1": 0.350121546618, "2016Q2": 0.33196715929799997, "2015Q3": 0.335857331142, "2015Q4": 0.35919880329, "2015Q1": 0.45148775379, "2015Q2": 0.38698945824, "2019Q3": 0.39412793019, "2019Q4": 0.412827434322, "2019Q1": 0.377331010386, "2019Q2": 0.399774498522, "2018Q3": 0.378733752024, "2018Q4": 0.378733752024, "2018Q1": 0.35924278566600004, "2018Q2": 0.36060872829599994, "2013Q3": 0.48408590927999995, "2013Q4": 0.51768564051, "2013Q1": 0.49846757912399997, "2013Q2": 0.455601744258, "2014Q3": 0.46286970586799997, "2014Q4": 0.464134388214, "2014Q1": 0.5039968821240001, "2014Q2": 0.45919708295399997, "2012Q3": 0.488669685714, "2012Q4": 0.49356858516, "2012Q1": 0.372785891814, "2012Q2": 0.355950440172, "2017Q3": 0.37836598248599995, "2017Q4": 0.386561638266, "2017Q1": 0.38089295272199997, "2017Q2": 0.368906873094, "2021Q3": 0.92521370262, "2021Q4": 0.8702651592239999, "2021Q1": 0.54445140528, "2021Q2": 1.45971834864, "2011Q3": 0.413672141688, "2011Q4": 0.340317446526, "2011Q1": 0.54555710835, "2011Q2": 0.571093792554}