{"2022Q1": 19.291573600000003, "2020Q3": 25.729577680000002, "2020Q4": 25.9972386, "2020Q1": 24.0187728, "2020Q2": 28.898799880000002, "2008Q4": 7.5122304, "2010Q3": 8.661880720000001, "2010Q4": 8.042743960000001, "2010Q1": 9.468634680000001, "2010Q2": 9.1362034, "2023Q3": 22.658123840000002, "2023Q1": 18.36121856, "2023Q2": 21.164728640000003, "2016Q3": 18.8036746, "2016Q4": 21.52610388, "2016Q1": 15.398281, "2016Q2": 16.911852120000002, "2015Q3": 15.844979640000002, "2015Q4": 16.44375192, "2015Q1": 17.05940032, "2015Q2": 12.454199440000002, "2019Q3": 25.16729176, "2019Q4": 22.597784640000004, "2019Q1": 27.62771692, "2019Q2": 26.830202400000005, "2018Q3": 29.93851972, "2018Q4": 32.21821012, "2018Q1": 33.37427148, "2018Q2": 30.231541960000005, "2013Q3": 12.123276640000002, "2013Q4": 10.33271088, "2013Q1": 13.1737444, "2013Q2": 13.19090336, "2014Q3": 12.11535712, "2014Q4": 15.21518924, "2014Q1": 11.301815000000001, "2014Q2": 12.75344416, "2012Q3": 9.5015384, "2012Q4": 11.20838352, "2012Q1": 7.832311000000001, "2012Q2": 8.284383600000002, "2017Q3": 27.41832104, "2017Q4": 26.917411400000002, "2017Q1": 21.45181124, "2017Q2": 24.45594916, "2009Q3": 9.7245106, "2009Q4": 9.54811272, "2009Q2": 9.05955376, "2021Q3": 20.626578400000003, "2021Q1": 23.268115440000003, "2021Q2": 23.320440840000003, "2011Q3": 8.1995316, "2011Q4": 8.855531840000001, "2011Q1": 9.12743536, "2011Q2": 9.54745276}