{"2016Q4": 0.427455633744, "2016Q2": 0.509579811744, "2015Q4": 0.5052197068800001, "2015Q2": 0.465031761252, "2018Q4": 0.245933324076, "2013Q4": 0, "2014Q4": 0.454984893636, "2014Q2": 0.5482782766200001, "2017Q4": 0.47869177592400003}