{"2020Q3": 33.50022956, "2020Q4": 36.7593006, "2020Q1": 32.088292280000005, "2020Q2": 34.099190400000005, "2019Q3": 31.753504000000003, "2019Q4": 31.36101636, "2021Q3": 34.49177232, "2021Q1": 35.1023296, "2021Q2": 36.5848826}