{"2022Q3": 0.722157784668, "2022Q4": 0.786479520594, "2022Q1": 0.982650936462, "2022Q2": 0.781777470636, "2020Q3": 0.450149788488, "2020Q4": 0.562021324794, "2020Q1": 0.342665368164, "2020Q2": 0.42388975803, "2010Q4": 0.6629942110620001, "2023Q1": 0.907813663458, "2023Q2": 0.8917332216, "2016Q3": 0.281341743198, "2016Q4": 0.282490073886, "2016Q1": 0.31127124597, "2016Q2": 0.27292623855, "2015Q3": 0.28758755565, "2015Q4": 0.31127124597, "2015Q1": 0.436487369118, "2015Q2": 0.374750921034, "2019Q3": 0.4848080268, "2019Q4": 0.450541502586, "2019Q1": 0.43343387061, "2019Q2": 0.46558416831, "2018Q3": 0.471537888636, "2018Q4": 0.452485832364, "2018Q1": 0.34564845076199996, "2018Q2": 0.384691788672, "2013Q3": 0.587507378856, "2013Q4": 0.59063794104, "2013Q1": 0.47019176328, "2013Q2": 0.43293891134999996, "2014Q3": 0.47981120670599997, "2014Q4": 0.47114639507999995, "2014Q1": 0.500894391786, "2014Q2": 0.45915322660200003, "2012Q3": 0.512478769914, "2012Q4": 0.5034173292540001, "2012Q1": 0.624861554082, "2012Q2": 0.59136966789, "2017Q3": 0.335313411558, "2017Q4": 0.38124676510199995, "2017Q1": 0.31005004190400004, "2017Q2": 0.312346734786, "2021Q3": 1.2160983926759998, "2021Q4": 1.008438754992, "2021Q1": 0.6392659712579999, "2021Q2": 1.744663370046, "2011Q3": 0.525342984774, "2011Q4": 0.601895790984, "2011Q1": 0.568535442342, "2011Q2": 0.5738822310839999}