{"2022Q3": 27.448746171984002, "2022Q2": 21.846960265952, "2022Q1": 18.485890765952, "2022Q4": 37.06, "2019Q3": 8.268187335992002, "2019Q2": 13.288157640952, "2019Q1": 18.38195075, "2019Q4": 9.953940460992001, "2023Q3": 0, "2023Q2": 42.074000000000005, "2023Q1": 33.0488, "2021Q3": 23.958402671984004, "2021Q2": 17.753349453016, "2021Q1": 18.054983109048003, "2021Q4": 17.150080437936, "2018Q3": 25.505880781032005, "2018Q2": 25.838083828016, "2018Q1": 30.452024875000003, "2018Q4": 16.388727359048, "2020Q3": 13.185740218968, "2020Q2": 6.825559562936, "2020Q1": 5.63625758244, "2020Q4": 14.133734507976001}