{"2022Q3": 12.336402750000001, "2022Q4": 14.253640590000002, "2022Q1": 8.22423357, "2022Q2": 11.79631509, "2020Q3": 5.53741797, "2020Q4": 8.00522247, "2020Q1": 6.732338340000001, "2020Q2": 5.5762950600000005, "2010Q3": 2.8316353800000003, "2010Q4": 3.1282958699999996, "2010Q1": 3.2459750400000003, "2010Q2": 3.2220829200000005, "2023Q1": 17.08695261, "2016Q3": 6.46596216, "2016Q4": 6.1155444, "2016Q1": 6.021547770000001, "2016Q2": 4.70569974, "2015Q3": 6.48314772, "2015Q4": 5.56183404, "2015Q1": 9.04673028, "2015Q2": 7.64841252, "2019Q3": 8.322002640000001, "2019Q4": 7.03832514, "2019Q1": 7.74523848, "2019Q2": 7.68645129, "2018Q3": 7.05771129, "2018Q4": 7.42741041, "2018Q1": 6.38852235, "2018Q2": 5.687372460000001, "2013Q3": 5.61234282, "2013Q4": 3.7073654100000004, "2013Q1": 6.901783770000001, "2013Q2": 4.57355955, "2014Q3": 6.68025771, "2014Q4": 6.885646110000001, "2014Q1": 4.73221161, "2014Q2": 5.86279092, "2012Q3": 3.86214024, "2012Q4": 4.21591128, "2012Q1": 3.76353285, "2012Q2": 4.61683782, "2017Q3": 7.74492411, "2017Q4": 6.92022681, "2017Q1": 6.11994558, "2017Q2": 7.83441477, "2009Q4": 1.7862503400000003, "2021Q3": 7.625463510000001, "2021Q4": 8.13254232, "2021Q1": 7.837558469999999, "2021Q2": 8.2962243, "2011Q3": 2.8901082000000002, "2011Q4": 3.22093023, "2011Q1": 2.4009484800000003, "2011Q2": 2.49389721}