{"2022Q3": 18.5698602, "2022Q4": 18.56910596, "2022Q1": 16.704247560000002, "2022Q2": 18.171527200000003, "2020Q3": 19.99575092, "2020Q4": 20.38456164, "2020Q1": 19.433465, "2020Q2": 21.423998640000004, "2010Q3": 3.26284224, "2010Q4": 2.3626568, "2010Q1": 3.8712310800000003, "2010Q2": 3.70529828, "2023Q1": 21.476984, "2016Q3": 9.37746592, "2016Q4": 10.974474840000001, "2016Q1": 7.692965160000001, "2016Q2": 8.091958120000001, "2015Q3": 8.754557960000001, "2015Q4": 8.52772028, "2015Q1": 6.978511320000001, "2015Q2": 9.263669960000001, "2019Q3": 17.84380992, "2019Q4": 18.57023732, "2019Q1": 14.14925956, "2019Q2": 15.61823624, "2018Q3": 16.48712072, "2018Q4": 14.728327320000002, "2018Q1": 24.9691152, "2018Q2": 21.554199320000002, "2013Q3": 4.71249152, "2013Q4": 5.28788236, "2013Q1": 5.67839012, "2013Q2": 5.268554960000001, "2014Q3": 4.930184039999999, "2014Q4": 5.3579324, "2014Q1": 5.1945451600000005, "2014Q2": 5.101207960000001, "2012Q3": 5.11110736, "2012Q4": 5.98564864, "2012Q1": 5.56167148, "2012Q2": 5.237819679999999, "2017Q3": 22.57034916, "2017Q4": 22.21133092, "2017Q1": 13.8539746, "2017Q2": 17.644502000000003, "2009Q4": 4.4519016, "2021Q3": 18.79320952, "2021Q4": 15.5920264, "2021Q1": 17.9117858, "2021Q2": 18.83591836, "2011Q3": 2.43251828, "2011Q4": 4.23807456, "2011Q1": 2.6003366800000003, "2011Q2": 2.4185648399999997}