{"2022Q3": 0.99465303349, "2022Q4": 1.0047, "2022Q1": 0.90798104745, "2022Q2": 0.9365467783199999, "2020Q3": 0.95899127397, "2020Q4": 0.98551655961, "2020Q1": 0.8033291511499999, "2020Q2": 1.05473781088, "2023Q1": 1.93237303349, "2023Q2": 2.2505278995299998, "2016Q3": 1.2651999221099999, "2016Q4": 1.1053120645799999, "2016Q1": 1.75986982786, "2016Q2": 1.44594273942, "2015Q4": 2.00658020898, "2019Q3": 0.97420846017, "2019Q4": 0.98992146582, "2019Q1": 1.11129120173, "2019Q2": 1.12348243247, "2018Q3": 1.11129120173, "2018Q4": 1.13215168736, "2018Q1": 1.4298632192099998, "2018Q2": 1.21369695722, "2017Q3": 1.36002417791, "2017Q4": 1.47397212794, "2017Q1": 1.2877928454399998, "2017Q2": 1.30856377881, "2021Q3": 0.9324659883299999, "2021Q4": 0.92430434137, "2021Q1": 1.0691732735, "2021Q2": 0.9997993413199999}