{"2022Q3": 2.8013767875840005, "2022Q4": 3.412936, "2022Q1": 2.368949433748, "2022Q2": 2.547560800732, "2020Q3": 2.5528577245440003, "2020Q4": 2.624615882444, "2020Q1": 2.507433111432, "2020Q2": 2.8617441301640003, "2010Q3": 1.325051339848, "2010Q4": 1.174199955196, "2010Q1": 1.2128426590720003, "2010Q2": 1.3976566884, "2023Q1": 3.233804, "2016Q3": 2.2103255210440005, "2016Q4": 2.4474196676880005, "2016Q1": 2.4183562360720003, "2016Q2": 2.4010203973640003, "2015Q3": 2.95745409378, "2015Q4": 3.5538565139880003, "2015Q1": 2.88052618636, "2015Q2": 2.9403592253240003, "2019Q3": 2.8218840075040004, "2019Q4": 2.352989621068, "2019Q1": 2.6337584686, "2019Q2": 2.3739659688400003, "2018Q3": 2.290407556436, "2018Q4": 2.723342023536, "2018Q1": 3.121675023536, "2018Q2": 2.7679440436480003, "2013Q3": 3.4456287307880005, "2013Q4": 3.931174473704, "2013Q1": 4.418117087956, "2013Q2": 4.334281888328, "2014Q3": 3.144940037164, "2014Q4": 3.0172871327440003, "2014Q1": 3.846633211156, "2014Q2": 3.4915594389400004, "2012Q3": 1.569966135056, "2012Q4": 3.5512612872840004, "2012Q1": 1.2958451965960003, "2012Q2": 1.6796145387240002, "2017Q3": 2.762087794308, "2017Q4": 2.732570913604, "2017Q1": 2.6309759263920003, "2017Q2": 3.417646257084, "2009Q4": 1.09815901516, "2021Q3": 2.2654576555, "2021Q4": 2.0399286856080003, "2021Q1": 2.477268857108, "2021Q2": 2.77196262494, "2011Q3": 1.250382173812, "2011Q4": 1.4121387752160002, "2011Q1": 1.243757570756, "2011Q2": 1.184136642936}