{"2022Q3": 12.36783896, "2022Q4": 19.059173400000002, "2022Q1": 4.11353068, "2022Q2": 7.251923320000001, "2020Q3": 2.06275212, "2020Q4": 2.5564022, "2020Q1": 1.4521948400000002, "2020Q2": 1.4740678, "2008Q4": 4.2732410000000005, "2010Q3": 4.11522772, "2010Q4": 4.68552744, "2010Q1": 3.4224582800000003, "2010Q2": 3.3496741200000004, "2023Q1": 27.51552372, "2016Q3": 5.3984728, "2016Q4": 4.6918442, "2016Q1": 4.919907520000001, "2016Q2": 5.01258476, "2015Q3": 8.07376208, "2015Q4": 7.33111852, "2015Q1": 7.46989868, "2015Q2": 6.247935600000001, "2019Q3": 2.7479791600000003, "2019Q4": 1.23855636, "2019Q1": 2.130728, "2019Q2": 2.130728, "2018Q3": 3.25935388, "2018Q4": 3.0608002, "2018Q1": 4.36007288, "2018Q2": 3.9515576400000003, "2013Q3": 7.28897536, "2013Q4": 5.489453, "2013Q1": 5.54922652, "2013Q2": 5.82395844, "2014Q3": 5.572890800000001, "2014Q4": 6.938725160000001, "2014Q1": 5.49312992, "2014Q2": 5.96726404, "2012Q3": 4.10287704, "2012Q4": 5.492469960000001, "2012Q1": 4.7223909200000005, "2012Q2": 3.8409672, "2017Q3": 5.013998960000001, "2017Q4": 4.8561742400000005, "2017Q1": 4.89888308, "2017Q2": 4.64875824, "2009Q3": 3.5565244400000005, "2009Q4": 3.43198056, "2009Q2": 4.15803084, "2021Q3": 2.2679054, "2021Q4": 4.0817583200000005, "2021Q1": 2.14364436, "2021Q2": 2.41441652, "2011Q3": 3.9710736, "2011Q4": 4.681379120000001, "2011Q1": 4.40579868, "2011Q2": 4.66195744}