{"2009Q2": 0.772555286334, "2009Q4": 0.49017298173, "2014Q2": 0.581178243816, "2014Q4": 0.5350241503800001, "2016Q2": 0.692571962304, "2016Q4": 0.726008537262, "2010Q2": 0.458560695018, "2010Q4": 0.531023925726, "2017Q4": 1.744037224212, "2015Q2": 0.57753462693, "2015Q4": 0.53167702116, "2012Q2": 0.548987013828, "2012Q4": 0.769979194398, "2018Q4": 1.34512196061, "2008Q4": 0.281157402888, "2013Q2": 0.636201685338, "2013Q4": 0.589510744794, "2011Q2": 0.512745479262, "2011Q4": 0.391293921738}