{"2022Q3": 53.208406949863, "2022Q4": 51.779095, "2022Q1": 61.64261850047299, "2022Q2": 54.978547907880994, "2020Q3": 60.41652984422299, "2020Q4": 78.531794432607, "2020Q1": 60.41652984422299, "2020Q2": 59.17932598064, "2008Q4": 14.417685038140998, "2010Q3": 26.856839359953998, "2010Q4": 25.083047865792995, "2010Q1": 26.974548635258998, "2010Q2": 27.965246855533998, "2016Q3": 51.19470787221099, "2016Q4": 55.377642303399, "2016Q1": 46.35740753125, "2016Q2": 49.481502987164, "2015Q3": 48.997060737637, "2015Q4": 48.473725476904995, "2015Q1": 44.716748058765, "2015Q2": 49.500635053871996, "2019Q3": 31.174598135838, "2019Q4": 41.549247553978, "2019Q1": 32.710294524252994, "2019Q2": 33.017432775778, "2018Q3": 40.26234732965, "2018Q4": 35.32097353125, "2018Q1": 43.617543587911, "2018Q2": 45.600167104008996, "2013Q3": 26.84557587279, "2013Q4": 25.949597250473, "2013Q1": 28.984863035457998, "2013Q2": 27.581887085122002, "2014Q3": 41.060129657408, "2014Q4": 47.939576657408, "2014Q1": 31.634849202651996, "2014Q2": 34.542647944497, "2012Q3": 22.587774828230998, "2012Q4": 25.840610401935997, "2012Q1": 22.083847723064, "2012Q2": 24.623244172453997, "2017Q3": 53.049153678399, "2017Q4": 56.63163658301799, "2017Q1": 53.960299397621995, "2017Q2": 53.251625395045, "2009Q3": 25.750065392729, "2009Q4": 25.503204416036, "2021Q3": 49.30224335190499, "2021Q4": 48.26241885400899, "2021Q1": 71.806411224116, "2021Q2": 63.322078965015, "2011Q3": 20.690306154199, "2011Q4": 20.147189488636, "2011Q1": 26.119536261205, "2011Q2": 20.236223668666}