{"2022Q1": 67.24718988000001, "2020Q3": 66.25602424, "2020Q4": 61.115312960000004, "2020Q1": 47.78694936, "2020Q2": 53.7810832, "2008Q4": 6.827946160000001, "2010Q3": 7.6522362, "2010Q4": 6.7235782, "2010Q1": 7.85408968, "2010Q2": 7.7448191600000005, "2023Q3": 81.401352, "2023Q1": 76.90881572, "2023Q2": 73.953232, "2016Q3": 33.55208356, "2016Q4": 29.98565972, "2016Q1": 33.4783566, "2016Q2": 28.887014880000002, "2015Q3": 37.48384240000001, "2015Q4": 33.03203508, "2015Q1": 33.93504892, "2015Q2": 29.09989912, "2019Q3": 49.2250022, "2019Q4": 42.4005444, "2019Q1": 42.81999612, "2019Q2": 47.29999316000001, "2018Q3": 53.75232780000001, "2018Q4": 49.57628948, "2018Q1": 50.68803924, "2018Q2": 61.48319352000001, "2013Q3": 17.32234724, "2013Q4": 17.16423968, "2013Q1": 14.391747720000001, "2013Q2": 15.656419640000003, "2014Q3": 26.14752092, "2014Q4": 33.84633144, "2014Q1": 18.60116116, "2014Q2": 20.54945736, "2012Q3": 10.714922000000001, "2012Q4": 14.452746880000001, "2012Q1": 8.571937600000002, "2012Q2": 9.2950652, "2017Q3": 41.18254108, "2017Q4": 38.8094192, "2017Q1": 32.37556344, "2017Q2": 31.248163200000004, "2009Q3": 9.4195148, "2009Q4": 9.19955956, "2009Q2": 9.28658, "2021Q3": 89.89286876000001, "2021Q1": 67.97804844, "2021Q2": 84.50118412000002, "2011Q3": 7.58114908, "2011Q4": 8.33680328, "2011Q1": 7.24664364, "2011Q2": 7.632625960000001}