{"2022Q3": 128.0664013125, "2022Q2": 110.03539532859601, "2022Q1": 108.648396, "2022Q4": 115.395, "2019Q3": 130.90030528125, "2019Q2": 153.60750965625002, "2019Q1": 164.73847603125, "2019Q4": 134.29823175, "2023Q2": 101.0766, "2023Q1": 103.0548, "2021Q3": 115.88628979734601, "2021Q2": 126.3799269375, "2021Q1": 121.36123059375001, "2021Q4": 111.42239465625, "2018Q4": 134.46221334375, "2020Q3": 91.17906487500001, "2020Q2": 94.77231651609601, "2020Q1": 94.77231651609601, "2020Q4": 93.07402298484601}