{"2022Q1": 33.97719208, "2020Q3": 41.7302136, "2020Q4": 44.57888380000001, "2020Q1": 35.91012064, "2020Q2": 44.33271872, "2010Q3": 16.265185600000002, "2010Q4": 16.02562012, "2010Q1": 16.543028760000002, "2010Q2": 16.28507868, "2023Q3": 39.03192, "2023Q1": 33.97719208, "2023Q2": 37.052040000000005, "2016Q3": 21.92453116, "2016Q4": 26.50380504, "2016Q1": 20.15602692, "2016Q2": 21.30944844, "2015Q3": 21.481980840000002, "2015Q4": 20.286981840000003, "2015Q1": 21.1380474, "2015Q2": 21.07054292, "2019Q3": 38.298893, "2019Q4": 37.31922952, "2019Q1": 36.20663124, "2019Q2": 36.35455656, "2018Q3": 36.93173872, "2018Q4": 37.466023480000004, "2018Q1": 47.86161912, "2018Q2": 38.85665348, "2013Q3": 15.454471880000002, "2013Q4": 15.806419120000001, "2013Q1": 15.316257400000001, "2013Q2": 15.643409000000002, "2014Q3": 18.56458052, "2014Q4": 22.148729000000003, "2014Q1": 16.42093616, "2014Q2": 17.38966316, "2012Q3": 14.38825936, "2012Q4": 14.900105480000002, "2012Q1": 14.41173508, "2012Q2": 14.264564000000002, "2017Q3": 51.807897080000004, "2017Q4": 51.51581764, "2017Q1": 30.61186748, "2017Q2": 36.49192252, "2009Q4": 16.95663512, "2021Q3": 34.856353080000005, "2021Q4": 34.16282940000001, "2021Q1": 42.10224248, "2021Q2": 42.46380628000001, "2011Q3": 13.8502034, "2011Q4": 14.5342048, "2011Q1": 15.404692040000002, "2011Q2": 14.69938336}