{"2022Q3": 0.38846898, "2022Q4": 0.38090754, "2022Q1": 0.42627617999999995, "2022Q2": 0.39193464, "2020Q3": 0.25393836000000003, "2020Q4": 0.26811606, "2020Q1": 0.23597994, "2020Q2": 0.25141788, "2010Q4": 0.27441726, "2023Q1": 0.37618164, "2023Q2": 0.38090754, "2016Q3": 0.2000631, "2016Q4": 0.20132334, "2016Q1": 0.18714564, "2016Q2": 0.18840588, "2015Q3": 0.1795842, "2015Q4": 0.18557033999999997, "2015Q1": 0.18525528, "2015Q2": 0.18714564, "2019Q3": 0.24606186, "2019Q4": 0.25078775999999997, "2019Q1": 0.236295, "2019Q2": 0.23503475999999998, "2018Q3": 0.23062392, "2018Q4": 0.22243236, "2018Q1": 0.21770646, "2018Q2": 0.21707633999999998, "2013Q3": 0.18525528, "2013Q4": 0.18651552, "2013Q1": 0.18494022, "2013Q2": 0.18210468, "2014Q3": 0.18178961999999999, "2014Q4": 0.18178961999999999, "2014Q1": 0.18777575999999999, "2014Q2": 0.1874607, "2012Q3": 0.17674866, "2012Q4": 0.17611854, "2012Q1": 0.17737877999999999, "2012Q2": 0.16099566, "2017Q3": 0.21550103999999998, "2017Q4": 0.21361068, "2017Q1": 0.21959682, "2017Q2": 0.22274742, "2021Q3": 0.31537506, "2021Q4": 0.34845636, "2021Q1": 0.28449917999999996, "2021Q2": 0.29395098, "2011Q3": 0.18935106, "2011Q4": 0.17139264, "2011Q1": 0.2126655, "2011Q2": 0.22652814000000002}