{"2017Q2": 0.158295670408, "2017Q4": 0.147251756536, "2017Q1": 0.160136179912, "2017Q3": 0.162897229784, "2023Q2": 0.12500983895999998, "2023Q1": 0.13403116312799998, "2023Q3": 0.12138679999999999, "2016Q2": 0.147251756536, "2016Q4": 0.147251756536, "2016Q1": 0.162897229784, "2016Q3": 0.152773713472, "2009Q2": 0.19142726921599998, "2009Q4": 0.257690466832, "2009Q1": 0.12700458110399998, "2009Q3": 0.25953111914399996, "2010Q2": 0.257690466832, "2010Q4": 0.316591198008, "2010Q1": 0.285300251512, "2010Q3": 0.26321242376799997, "2015Q2": 0.278857897016, "2015Q4": 0.19878987846399998, "2015Q1": 0.226399520336, "2015Q3": 0.28622050626400003, "2020Q2": 0.070733659248, "2020Q4": 0.12835297424, "2020Q1": 0.07742464247199998, "2020Q3": 0.079456657504, "2022Q2": 0.16800075928, "2022Q4": 0.13403116312799998, "2022Q1": 0.17014087996799998, "2022Q3": 0.12758738055199997, "2018Q2": 0.12056236941599999, "2018Q1": 0.13436719035199998, "2012Q2": 0.17025983903199998, "2012Q4": 0.205232090152, "2012Q1": 0.24664669576799997, "2012Q3": 0.14541110422399997, "2008Q4": 0.10767780323199999, "2021Q2": 0.16909995245599999, "2021Q4": 0.151949711312, "2021Q3": 0.16586063859199998, "2011Q2": 0.24204499358399997, "2011Q4": 0.162897229784, "2011Q1": 0.2834595992, "2011Q3": 0.11135910785599999, "2019Q2": 0.090191677672, "2019Q4": 0.08793916708799998, "2019Q3": 0.086027396392, "2013Q2": 0.186825567032, "2013Q4": 0.18590531227999998, "2013Q1": 0.193267921528, "2013Q3": 0.186825567032, "2014Q2": 0.184064659968, "2014Q4": 0.225479122776, "2014Q1": 0.161976832224, "2014Q3": 0.192347523968}