{"2015Q1": 12.119819520000002, "2015Q2": 12.21711798, "2014Q4": 12.659150700000001}