{"2012Q1": 0.28778911983600003, "2013Q4": 0.32547589014000006, "2011Q3": 0.19871156892000003}