{"2022Q1": 27.79298976, "2020Q3": 25.51131948, "2020Q4": 23.77675604, "2020Q1": 27.12171616, "2020Q2": 28.57032836, "2008Q4": 4.992880240000001, "2010Q3": 5.3530298400000005, "2010Q4": 5.59250104, "2010Q1": 5.8022740399999995, "2010Q2": 5.54611528, "2023Q3": 46.395188000000005, "2023Q1": 36.714234760000004, "2023Q2": 39.04766476, "2016Q3": 15.15400152, "2016Q4": 15.550543200000002, "2016Q1": 13.5390794, "2016Q2": 15.12939444, "2015Q3": 15.23319672, "2015Q4": 12.81246344, "2015Q1": 12.439774600000002, "2015Q2": 13.00630312, "2019Q3": 22.65755816, "2019Q4": 25.559779400000004, "2019Q1": 18.968004640000004, "2019Q2": 21.764632280000004, "2018Q3": 18.45455576, "2018Q4": 20.77186388, "2018Q1": 20.97645148, "2018Q2": 20.888393960000002, "2013Q3": 9.667659760000001, "2013Q4": 10.37523116, "2013Q1": 8.484162920000001, "2013Q2": 8.774922440000001, "2014Q3": 13.13593812, "2014Q4": 13.690681640000001, "2014Q1": 11.612184760000002, "2014Q2": 12.976604920000002, "2012Q3": 6.7534649600000005, "2012Q4": 9.266026960000001, "2012Q1": 6.01779812, "2012Q2": 6.31006612, "2017Q3": 21.158883280000005, "2017Q4": 19.32664576, "2017Q1": 17.692867640000003, "2017Q2": 17.58529416, "2009Q3": 5.33398528, "2009Q4": 5.58901268, "2009Q2": 6.07332904, "2021Q3": 24.37948808, "2021Q1": 23.168555760000004, "2021Q2": 26.035704840000005, "2011Q3": 5.778892600000001, "2011Q4": 6.13677948, "2011Q1": 5.58297876, "2011Q2": 5.9801804}