{"2022Q3": 0.584256180198, "2022Q4": 0.6025618593300001, "2022Q1": 0.650278420968, "2022Q2": 0.650278420968, "2020Q3": 0.6631951563299999, "2020Q4": 0.733077260172, "2020Q1": 0.532183662012, "2020Q2": 0.642467547966, "2023Q1": 0.6361222710719999, "2023Q2": 0.620867538462, "2016Q3": 0.546520530324, "2016Q4": 0.519835011336, "2016Q1": 0.5556319395, "2016Q2": 0.5427333515939999, "2015Q3": 0.504037619382, "2015Q4": 0.51098289654, "2015Q1": 0.510520167918, "2015Q2": 0.515127731382, "2019Q3": 0.6334909844700001, "2019Q4": 0.6116906283119999, "2019Q1": 0.5476548408419999, "2019Q2": 0.576605672736, "2018Q3": 0.480102668712, "2018Q4": 0.474071191578, "2018Q1": 0.41494142391, "2018Q2": 0.458140812798, "2013Q3": 0.41808688843200004, "2013Q4": 0.437280501162, "2013Q1": 0.402256383672, "2013Q2": 0.429735034704, "2014Q3": 0.49669744602, "2014Q4": 0.48840380658, "2014Q1": 0.442287560706, "2014Q2": 0.48401281536, "2012Q3": 0.431261594922, "2012Q4": 0.36867133423799997, "2012Q1": 0.357286893186, "2012Q2": 0.40278410917199997, "2017Q3": 0.450183027318, "2017Q4": 0.44449890383400004, "2017Q1": 0.512363048376, "2017Q2": 0.468598725402, "2021Q3": 0.788260775316, "2021Q4": 0.74569172697, "2021Q1": 0.801589168074, "2021Q2": 0.81529147404, "2011Q4": 0.245551084728}