{"2020Q3": 17.618386440000002, "2020Q1": 17.4790406, "2020Q2": 18.33114324, "2008Q4": 8.119676440000001, "2010Q3": 7.3283844, "2010Q4": 7.54136292, "2010Q1": 7.629326160000001, "2010Q2": 7.58539168, "2016Q3": 20.070703520000002, "2016Q4": 21.262779840000004, "2016Q1": 24.390518840000002, "2016Q2": 19.28940516, "2015Q3": 17.30613108, "2015Q4": 19.406783760000003, "2015Q1": 20.16488924, "2015Q2": 19.862721840000003, "2019Q3": 17.00038104, "2019Q4": 16.97341696, "2019Q1": 17.57407484, "2019Q2": 16.974265480000003, "2018Q3": 20.402946240000002, "2018Q4": 18.5576038, "2018Q1": 24.06987256, "2018Q2": 20.09493348, "2013Q3": 9.402261560000001, "2013Q4": 9.93060668, "2013Q1": 8.8208368, "2013Q2": 9.55207248, "2014Q3": 16.1991896, "2014Q4": 15.817638440000001, "2014Q1": 10.162252640000002, "2014Q2": 11.46699356, "2012Q3": 7.87577408, "2012Q4": 8.649624320000001, "2012Q1": 7.322633320000001, "2012Q2": 8.02945048, "2017Q3": 21.170291159999998, "2017Q4": 20.318565640000003, "2017Q1": 21.51384748, "2017Q2": 22.41704988, "2009Q3": 7.791770600000001, "2009Q4": 7.886144880000001, "2009Q2": 7.719363560000001, "2011Q3": 7.120025600000001, "2011Q4": 7.65581884, "2011Q1": 7.195921, "2011Q2": 7.70965272}