{"2022Q3": 0.28922507999999997, "2022Q4": 0.30907386000000003, "2022Q1": 0.32892264, "2022Q2": 0.29899194, "2020Q3": 0.28701965999999995, "2020Q4": 0.3512919, "2020Q1": 0.25803413999999997, "2020Q2": 0.28103352, "2010Q4": 1.6433529599999999, "2023Q1": 0.31253952, "2023Q2": 0.32608709999999996, "2016Q3": 0.5532453599999999, "2016Q4": 0.4694394, "2016Q1": 0.6537495, "2016Q2": 0.5554507799999999, "2015Q3": 0.51134238, "2015Q4": 0.76276026, "2015Q1": 0.6978578999999999, "2015Q2": 0.5992441199999999, "2019Q3": 0.31632024, "2019Q4": 0.33175817999999996, "2019Q1": 0.39508523999999995, "2019Q2": 0.32829252, "2018Q3": 0.46817916, "2018Q4": 0.43131714, "2018Q1": 0.52173936, "2018Q2": 0.53434176, "2013Q3": 0.8717710200000001, "2013Q4": 0.98897334, "2013Q1": 0.8711408999999999, "2013Q2": 0.72337776, "2014Q3": 0.77315724, "2014Q4": 0.7419663, "2014Q1": 0.92218062, "2014Q2": 0.77945844, "2012Q3": 0.9820420200000001, "2012Q4": 0.8872089599999999, "2012Q1": 1.30403334, "2012Q2": 0.98550768, "2017Q3": 0.48834299999999997, "2017Q4": 0.4946442, "2017Q1": 0.46313819999999994, "2017Q2": 0.44202917999999997, "2021Q3": 0.34877142, "2021Q4": 0.3575931, "2021Q1": 0.31411482, "2021Q2": 0.36767501999999996, "2011Q3": 1.0456841399999999, "2011Q4": 1.1468184, "2011Q1": 1.60239516, "2011Q2": 1.37618208}