{"2022Q1": 13.38097184, "2020Q3": 16.7709978, "2020Q4": 17.255502720000003, "2020Q1": 17.507041760000003, "2020Q2": 16.72555484, "2008Q4": 0, "2010Q4": 4.35045632, "2023Q3": 16.018172, "2023Q1": 12.37962396, "2023Q2": 13.736596, "2016Q3": 28.54317572, "2016Q4": 23.86622776, "2016Q1": 24.57464768, "2016Q2": 31.0082206, "2015Q3": 20.491192320000003, "2015Q4": 20.94703612, "2015Q1": 14.443130320000002, "2015Q2": 13.26151908, "2019Q3": 22.142789360000002, "2019Q4": 18.439376680000002, "2019Q1": 20.03619704, "2019Q2": 21.765386520000003, "2018Q3": 17.30235988, "2018Q4": 19.598455, "2018Q1": 35.92624252, "2018Q2": 25.252520880000002, "2013Q3": 7.42200444, "2013Q4": 7.628477640000001, "2013Q1": 7.05365248, "2013Q2": 7.372507440000001, "2014Q3": 12.26422524, "2014Q4": 13.584993760000001, "2014Q1": 8.322001320000002, "2014Q2": 9.70178912, "2012Q3": 6.098878920000001, "2012Q4": 7.355725600000001, "2012Q1": 5.155890360000001, "2012Q2": 6.010161440000001, "2017Q3": 35.76785212, "2017Q4": 30.85067872, "2017Q1": 28.25232192, "2017Q2": 24.16415256, "2009Q3": 0, "2009Q2": 0, "2021Q3": 12.30438852, "2021Q1": 14.539578760000001, "2021Q2": 15.004002040000001, "2011Q3": 4.02679308, "2011Q4": 5.01267904, "2011Q1": 3.88461884, "2011Q2": 3.7977869600000003}