{"2022Q2": 15.8693355, "2022Q3": 17.021151120000003, "2022Q4": 14.512937760000002, "2022Q1": 25.17396192, "2020Q2": 7.6812764399999995, "2020Q3": 7.8849443400000006, "2020Q4": 9.73563036, "2020Q1": 4.8296211, "2010Q4": 0.58438974, "2023Q2": 13.22429388, "2023Q3": 17.519197860000002, "2023Q4": 16.86034998, "2023Q1": 13.075580760000001, "2016Q2": 3.48693666, "2016Q3": 4.53981336, "2016Q4": 3.7477941, "2016Q1": 4.46251098, "2015Q2": 7.012575300000001, "2015Q1": 5.1338532, "2019Q2": 5.3512344, "2019Q3": 4.48181118, "2019Q4": 4.73301852, "2019Q1": 5.81484552, "2018Q2": 3.8540467800000004, "2018Q3": 6.500612100000001, "2018Q4": 4.40461038, "2018Q1": 3.8636968800000004, "2013Q2": 1.0094004600000002, "2013Q3": 2.98228722, "2013Q4": 2.4003354000000003, "2013Q1": 0.80410728, "2014Q2": 2.1540039, "2014Q3": 1.37163474, "2014Q4": 1.4102351400000002, "2014Q1": 2.01392508, "2012Q2": 0.6038931000000001, "2012Q3": 0.7160374199999999, "2012Q4": 0.8584525800000001, "2012Q1": 1.01417472, "2017Q2": 4.327308, "2017Q3": 4.00854996, "2017Q4": 4.095502440000001, "2017Q1": 4.3369581, "2021Q2": 25.16126442, "2021Q3": 31.53693312, "2021Q4": 28.33299834, "2021Q1": 15.845972100000001, "2024Q1": 13.29915834, "2011Q2": 0.52405122, "2011Q3": 0.40449156, "2011Q4": 0.44217774000000004, "2011Q1": 0.40347576}