{"2022Q3": 102.134, "2022Q2": 173.494, "2022Q1": 242.624, "2022Q4": 88.754, "2019Q3": 145.6205191875, "2019Q2": 128.818152125, "2019Q1": 121.0632016875, "2019Q4": 128.894, "2023Q3": 0, "2023Q2": 89.646, "2023Q1": 116.0492, "2021Q3": 318.89, "2021Q2": 312.2, "2021Q1": 275.628, "2021Q4": 270.722, "2020Q3": 110.608, "2020Q2": 93.66, "2020Q1": 73.59, "2020Q4": 139.598}