{"2017Q2": 0.00879326052, "2017Q4": 0.00948940784, "2017Q1": 0.00909136602, "2017Q3": 0.00939060716, "2023Q2": 0.00782995389, "2023Q1": 0.00814310662, "2016Q4": 0.00875180966, "2020Q2": 0.00630819629, "2020Q4": 0.00675649018, "2020Q1": 0.00470013005, "2020Q3": 0.00565151246, "2022Q2": 0.0078728243, "2022Q4": 0.00817916319, "2022Q1": 0.00811443171, "2022Q3": 0.0074356029, "2018Q2": 0.007762099399999999, "2018Q4": 0.00764683194, "2018Q1": 0.00917483556, "2018Q3": 0.00944909262, "2021Q2": 0.00747393075, "2021Q4": 0.0073033008400000005, "2021Q1": 0.0071607780199999995, "2021Q3": 0.00698191472, "2019Q2": 0.01082350093, "2019Q4": 0.007951183459999999, "2019Q1": 0.00886991622, "2019Q3": 0.00898348022}