{"2017Q2": 0, "2017Q4": 0, "2017Q1": 0, "2017Q3": 0, "2023Q2": 1.661989, "2023Q1": 1.5527119999999999, "2023Q3": 1.4320179999999998, "2016Q2": 0, "2016Q4": 0, "2016Q1": 0, "2016Q3": 0, "2015Q2": 0, "2015Q4": 0, "2015Q1": 0, "2015Q3": 0, "2020Q2": 5.080565, "2020Q4": 3.899721, "2020Q1": 3.860577, "2020Q3": 4.038356, "2022Q2": 1.6587269999999998, "2022Q4": 1.918056, "2022Q1": 2.1871709999999998, "2022Q3": 1.6489409999999998, "2018Q2": 0, "2018Q4": 0, "2018Q1": 0, "2018Q3": 0, "2021Q2": 2.59329, "2021Q4": 2.084418, "2021Q1": 3.855684, "2021Q3": 2.012654, "2019Q2": 0, "2019Q4": 3.558842, "2019Q1": 0, "2019Q3": 3.8948279999999995, "2014Q4": 0}