{"2017Q2": 2.00261684779, "2017Q1": 2.0589553821199997, "2023Q2": 0.9007687, "2023Q1": 1.1266943999999999, "2023Q3": 0.87289475, "2016Q2": 2.6838129078149997, "2016Q4": 2.281387009135, "2016Q1": 2.6025566759400003, "2016Q3": 3.036484099155, "2009Q4": 0, "2010Q2": 0, "2010Q4": 1.14629330777, "2010Q3": 0.72441139199, "2015Q2": 5.7858967345400005, "2015Q4": 3.9016400137000002, "2015Q1": 3.175583618545, "2015Q3": 5.7858967345400005, "2020Q2": 1.2441230969050001, "2020Q4": 1.18033356233, "2020Q1": 1.359889479455, "2020Q3": 1.524902676635, "2022Q2": 0.9829235000000001, "2022Q4": 0.8802300000000001, "2022Q1": 1.1795082, "2022Q3": 0.8010093, "2018Q2": 1.2332110323, "2018Q4": 1.209221338856817, "2018Q3": 0.976902286685, "2012Q2": 0.6367021939849999, "2012Q4": 0.54409099511, "2012Q1": 0.69462235492, "2012Q3": 0.58518717335, "2021Q2": 1.423731387715, "2021Q4": 1.3174109, "2021Q1": 1.12608205333, "2021Q3": 1.18390935, "2011Q2": 0.8835472934599999, "2011Q4": 0.75547353505, "2011Q1": 1.085329311495, "2011Q3": 0.733084738295, "2019Q2": 1.39212834332, "2019Q4": 1.42290177094, "2019Q1": 1.901078062845, "2019Q3": 1.1986958936549998, "2013Q2": 0.809112550675, "2013Q4": 1.472491435155, "2013Q1": 0.6291775478299999, "2013Q3": 1.512713838415, "2014Q2": 1.41944452091, "2014Q4": 1.432011417915, "2014Q1": 1.07726215025, "2014Q3": 2.47932535617}