{"2017Q2": 2.0960327326240002, "2017Q1": 3.235467431536, "2023Q2": 4.009486186492, "2023Q1": 5.751275627016001, "2023Q3": 2.41565308, "2016Q2": 3.4651093161800004, "2016Q4": 3.570422854456, "2016Q1": 3.754419882788, "2016Q3": 2.9985117873000005, "2009Q4": 0, "2010Q2": 0, "2010Q4": 2.640255053876, "2010Q1": 0, "2010Q3": 1.6911122910280003, "2015Q2": 3.7807461066000005, "2015Q4": 4.636350211640001, "2015Q1": 2.6900900208640004, "2015Q3": 3.7822088292200005, "2020Q2": 1.5982277200000001, "2020Q4": 1.3491913200000003, "2020Q1": 1.46638492, "2020Q3": 1.57771884, "2022Q2": 8.014577173508002, "2022Q4": 6.275717280000001, "2022Q1": 4.637936720000001, "2022Q3": 7.472556627016001, "2018Q2": 1.010845925708, "2018Q4": 0.8950661200000001, "2018Q3": 0.99175084, "2012Q2": 1.0566541206, "2012Q4": 0.916863836616, "2012Q1": 0.9724700024360001, "2012Q3": 0.9532471757040001, "2021Q2": 2.98990172, "2021Q4": 5.552047092984001, "2021Q1": 1.79599192, "2021Q3": 2.762839266492, "2011Q2": 2.016061138412, "2011Q4": 1.0493967604280001, "2011Q1": 2.489291971544, "2011Q3": 1.564660836104, "2019Q2": 1.08257588, "2019Q4": 1.60848216, "2019Q1": 1.0986900000000002, "2019Q3": 1.6670789600000002, "2013Q2": 0.797871754332, "2013Q4": 0.996609100688, "2013Q1": 0.828088073204, "2013Q3": 0.869475725504, "2014Q2": 1.103284282104, "2014Q4": 1.4810114137400001, "2014Q1": 1.103284282104, "2014Q3": 2.078971834828}