{"2017Q2": 2.4227942399999995, "2017Q1": 2.3671987199999998, "2017Q3": 2.47107456, "2023Q2": 3.03288192, "2023Q1": 2.5764134399999996, "2023Q3": 2.67297408, "2016Q2": 3.1352947199999996, "2016Q4": 2.5061875199999997, "2016Q1": 3.5961523199999994, "2016Q3": 2.93046912, "2009Q2": 0, "2009Q4": 0.88806528, "2009Q3": 0, "2010Q2": 0.68616576, "2010Q4": 0.9085478399999999, "2010Q1": 0.8441740799999998, "2010Q3": 0.6539788799999999, "2015Q2": 2.9728972799999998, "2015Q4": 4.1916096, "2015Q1": 1.27869696, "2015Q3": 2.44473984, "2020Q2": 3.0445862399999997, "2020Q4": 4.2720768, "2020Q1": 2.83244544, "2020Q3": 2.5734873599999997, "2022Q2": 2.5266700799999997, "2022Q4": 2.21943168, "2022Q1": 2.72271744, "2022Q3": 2.1228710399999997, "2018Q2": 1.6503091199999997, "2018Q1": 1.9253606399999998, "2012Q2": 0.43744896, "2012Q4": 0.33796223999999997, "2012Q1": 0.4242816, "2012Q3": 0.3511296, "2008Q4": 0, "2021Q2": 4.38912, "2021Q4": 3.6254131199999997, "2021Q1": 3.6897868799999998, "2021Q3": 3.73221504, "2011Q2": 0.7022592, "2011Q4": 0.44622719999999994, "2011Q1": 0.8339327999999999, "2011Q3": 0.512064, "2019Q2": 2.6188415999999997, "2019Q4": 2.49740928, "2019Q3": 2.3481792, "2013Q2": 0.48572927999999993, "2013Q4": 0.7461503999999999, "2013Q1": 0.39063168, "2013Q3": 0.54571392, "2014Q2": 0.8895283199999999, "2014Q4": 1.2187123199999998, "2014Q1": 0.7607807999999999, "2014Q3": 1.3796467199999998}