{"2017Q2": 1.679767576704, "2017Q1": 1.8286629131519998, "2017Q3": 1.6161622053119997, "2023Q2": 1.09289088, "2023Q1": 1.02266496, "2023Q3": 1.1192256, "2016Q2": 2.303343753984, "2016Q4": 1.999241819136, "2016Q1": 2.0709890081279996, "2016Q3": 2.314378879488, "2009Q2": 0, "2009Q4": 1.2432691537919998, "2009Q3": 0, "2010Q2": 0.9368794632959999, "2010Q4": 1.08068766336, "2010Q1": 1.1621552901119998, "2010Q3": 0.884102197248, "2015Q2": 4.163625595008, "2015Q4": 2.822895007488, "2015Q1": 2.4354084245759995, "2015Q3": 2.716098061824, "2020Q2": 1.404283143168, "2020Q4": 1.78436820672, "2020Q1": 1.633494693888, "2020Q3": 2.049847348608, "2022Q2": 1.0591345969919999, "2022Q4": 1.0080345599999998, "2022Q1": 1.296275824512, "2022Q3": 0.9451238399999999, "2018Q4": 0.7472821101007103, "2018Q3": 0.8559164390399999, "2012Q2": 0.6833482375679999, "2012Q4": 0.6525796285439999, "2012Q1": 0.677694612096, "2012Q3": 0.615371156352, "2008Q4": 0, "2021Q2": 1.7254581695999998, "2021Q4": 1.549420661376, "2021Q1": 1.466663511168, "2021Q3": 1.4126643141119999, "2011Q2": 0.837695885184, "2011Q4": 0.7438285555199999, "2011Q1": 1.012679858304, "2011Q3": 0.7573397299199999, "2019Q2": 0.8065923863039999, "2019Q4": 1.034353332864, "2019Q1": 0.9270010172159999, "2019Q3": 0.78193050624, "2013Q2": 0.7086589758719999, "2013Q4": 1.266952991616, "2013Q1": 0.736298727552, "2013Q3": 1.038167624448, "2014Q2": 1.795194556416, "2014Q4": 1.723098432384, "2014Q1": 1.802943840384, "2014Q3": 1.9956219655679999}