{"2017Q2": 2.5640838167039997, "2017Q4": 2.070508253184, "2017Q1": 3.078875947392, "2017Q3": 2.7648600145919997, "2023Q2": 3.616634733696, "2023Q1": 3.03288192, "2023Q3": 2.65395456, "2016Q2": 3.539320092288, "2016Q4": 2.9235451368959997, "2016Q1": 3.3548648371199996, "2016Q3": 3.3077109116159997, "2009Q2": 0, "2009Q4": 1.2124626520319999, "2009Q3": 0, "2010Q2": 0.8764197742079999, "2010Q4": 0.96492535488, "2010Q1": 1.321612458624, "2010Q3": 0.8863497192959999, "2015Q2": 3.164862319488, "2015Q4": 4.354806006143999, "2015Q1": 1.7377618970879998, "2015Q3": 3.164862319488, "2020Q2": 3.567540524544, "2020Q4": 2.772374334336, "2020Q1": 2.5658502912, "2020Q3": 3.123560553984, "2022Q2": 2.3400283115519995, "2022Q4": 2.02338432, "2022Q1": 2.902507060608, "2022Q3": 1.9429171199999997, "2018Q2": 1.9272009980159999, "2018Q1": 1.9743026929919998, "2012Q2": 0.662402771712, "2012Q4": 0.594716835456, "2012Q1": 0.563412753792, "2012Q3": 0.5999739770879999, "2008Q4": 0, "2021Q2": 2.29061150208, "2021Q4": 4.004209684224, "2021Q1": 2.28984998976, "2021Q3": 2.768791056768, "2011Q2": 0.704158079616, "2011Q4": 0.6104717279999999, "2011Q1": 0.7918001740799999, "2011Q3": 0.7037263365119999, "2019Q2": 1.738701022464, "2019Q4": 2.1100739754239997, "2019Q3": 1.6120967097599999, "2013Q2": 0.533856566016, "2013Q4": 0.7909488311039999, "2013Q1": 0.5710594786559999, "2013Q3": 0.672917054976, "2014Q2": 0.854318653056, "2014Q4": 1.0859276874239998, "2014Q1": 0.913050784512, "2014Q3": 1.288412423424}