{"2017Q2": 1.068954907348, "2017Q1": 1.251389891484, "2023Q2": 0.9463383200000001, "2023Q1": 0.950726341368, "2023Q3": 0.90532056, "2016Q2": 1.087170015612, "2016Q4": 1.4725928114840001, "2016Q1": 0.859236667164, "2016Q3": 1.1917143243960002, "2015Q2": 0.9175661192640001, "2015Q4": 1.3142058075760001, "2015Q1": 0.7135071580240001, "2015Q3": 0.703990891212, "2020Q2": 0.47813685021200003, "2020Q4": 0.963559626536, "2020Q1": 0.5334575031240001, "2020Q3": 0.6438909368000001, "2022Q2": 1.019471081684, "2022Q4": 0.826400485364, "2022Q1": 0.8233494964800001, "2022Q3": 0.8527283205880001, "2018Q2": 0.472286985176, "2018Q4": 0.441642470188, "2018Q3": 0.485806585364, "2021Q2": 0.87811772806, "2021Q4": 1.0278176098760001, "2021Q1": 0.7750370208480001, "2021Q3": 1.1857327630520003, "2019Q2": 0.525292332028, "2019Q4": 0.49172442268800004, "2019Q1": 0.578641642096, "2019Q3": 0.48537384799600003, "2013Q4": 0.46181251419200003, "2014Q2": 0.478800751956, "2014Q4": 0.5373654702080001, "2014Q1": 0.43409476287200005, "2014Q3": 0.627671489052}