{"2017Q2": 1.804202357124, "2017Q1": 1.7559007219000002, "2023Q2": 2.4024688, "2023Q1": 2.1984568626920002, "2023Q3": 1.9776420000000001, "2016Q2": 2.1735666999560004, "2016Q4": 1.9718369615160003, "2016Q1": 1.680607349708, "2016Q3": 2.0002493779000003, "2009Q4": 0, "2010Q2": 0, "2010Q4": 1.8406902915, "2010Q1": 0, "2010Q3": 1.207831374236, "2015Q2": 1.960471819172, "2015Q4": 2.00593180258, "2015Q1": 1.8280689802560002, "2015Q3": 1.2643623440520002, "2020Q2": 1.0992195685800001, "2020Q4": 1.3393611208320002, "2020Q1": 0.9566881262920001, "2020Q3": 1.5023144268720001, "2022Q2": 1.456477519548, "2022Q4": 1.9308816071080002, "2022Q1": 1.479770919484, "2022Q3": 1.2438638649840001, "2018Q2": 0.896363013676, "2018Q4": 0.8727265676078677, "2018Q3": 1.0244148937000002, "2012Q2": 0.694217091464, "2012Q4": 0.544814441916, "2012Q1": 0.7118969179600001, "2012Q3": 0.5942408427160001, "2021Q2": 1.2683749064240002, "2021Q4": 1.8536683107640002, "2021Q1": 1.2150021576360002, "2021Q3": 1.522912959976, "2011Q2": 0.9484536644800001, "2011Q4": 0.7642175612040001, "2011Q1": 1.2156235767, "2011Q3": 0.97405753624, "2019Q2": 1.0793038346880002, "2019Q4": 1.0393825673080002, "2019Q1": 1.166694662732, "2019Q3": 0.9709457531760001, "2013Q2": 0.53472583086, "2013Q4": 0.578481233356, "2013Q1": 0.567842691332, "2013Q3": 0.569957449844, "2014Q2": 0.8205569194840001, "2014Q4": 0.9325027365680001, "2014Q1": 0.616554211172, "2014Q3": 1.1615086994400001}