{"2017Q2": 1.157361657412, "2017Q1": 1.070245941344, "2023Q2": 1.8165008000000002, "2023Q1": 2.452741338592, "2023Q3": 1.55428012, "2016Q2": 0.9784304689320001, "2016Q4": 1.038005396016, "2016Q1": 0.8980922052440001, "2016Q3": 1.1396330490800002, "2015Q2": 1.1923902384840002, "2015Q4": 1.1122526688360002, "2015Q1": 0.9004743116560001, "2015Q3": 0.600340037136, "2020Q2": 1.314536586512, "2020Q4": 1.7560603981800003, "2020Q1": 0.9041818776840002, "2020Q3": 1.305935455224, "2022Q2": 4.0468784159840006, "2022Q4": 2.9797766324360007, "2022Q1": 4.572780447716001, "2022Q3": 3.07388997836, "2018Q2": 0.768054040192, "2018Q4": 0.637683191808, "2018Q3": 0.752466119456, "2021Q2": 3.5202922666120005, "2021Q4": 4.355371670516, "2021Q1": 1.5367319898120002, "2021Q3": 4.394246399048, "2019Q2": 0.805932183648, "2019Q4": 1.120615897116, "2019Q1": 0.8289881200520001, "2019Q3": 0.763214969956, "2013Q4": 0.5791814651160001, "2014Q2": 0.547427859196, "2014Q4": 0.5707813208520001, "2014Q1": 0.5366633340520001, "2014Q3": 0.723264257684}