{"2017Q2": 1.4854403063760002, "2017Q1": 1.7890857011520003, "2023Q2": 0.9126451600000002, "2023Q1": 0.9199697600000001, "2023Q3": 0.915575, "2016Q2": 1.6394013474880003, "2016Q4": 1.9843883960760003, "2016Q1": 1.6522314098320001, "2016Q3": 1.6080388752080002, "2015Q2": 2.566019353924, "2015Q4": 2.508996756956, "2015Q1": 1.731587737644, "2015Q3": 1.6336991463880002, "2020Q2": 0.718211748604, "2020Q4": 0.820396364252, "2020Q1": 0.775143081056, "2020Q3": 1.0320644129560002, "2022Q2": 0.9507330800000001, "2022Q4": 0.9111802400000001, "2022Q1": 1.2671558, "2022Q3": 0.7764076000000001, "2018Q2": 0.9579806252080001, "2018Q4": 0.855339833472, "2018Q3": 1.027833431012, "2021Q2": 0.84083331668, "2021Q4": 1.27155056, "2021Q1": 0.802878997384, "2021Q3": 0.7515039600000001, "2019Q2": 0.8787876359760001, "2019Q4": 0.7678442636480001, "2019Q1": 0.966534000104, "2019Q3": 0.7006943817360001, "2013Q4": 0.8573149851080001, "2014Q2": 1.283960043812, "2014Q4": 1.245944930336, "2014Q1": 0.9536847473080001, "2014Q3": 1.532008648256}