{"2017Q2": 1.0591586943240001, "2017Q1": 1.055806957364, "2023Q2": 0.8833467600000001, "2023Q1": 1.010838454616, "2023Q3": 0.9009258000000001, "2016Q2": 0.9870059641200001, "2016Q4": 1.055806957364, "2016Q1": 0.73013224212, "2016Q3": 1.055806957364, "2009Q4": 0, "2010Q2": 0.23321526400000003, "2010Q4": 0.41962340416000005, "2010Q1": 0, "2010Q3": 0.28954832312400003, "2015Q2": 0.9086973470920001, "2015Q4": 0.9312505229520001, "2015Q1": 0.65360115902, "2015Q3": 0.550254129352, "2020Q2": 1.5817163136960002, "2020Q4": 1.2566094014440001, "2020Q1": 1.1903553181120001, "2020Q3": 1.416335781708, "2022Q2": 1.069960135452, "2022Q4": 0.8608709319160001, "2022Q1": 1.168153723052, "2022Q3": 0.8666389079240001, "2018Q2": 0.790152358392, "2018Q1": 1.00955254784, "2012Q2": 0.363513159368, "2012Q4": 0.3312589902840001, "2012Q1": 0.21485351724400004, "2012Q3": 0.32254154434800003, "2021Q2": 1.1824692142760003, "2021Q4": 1.9011128212960002, "2021Q1": 1.0502370385400002, "2021Q3": 1.06078665992, "2011Q2": 0.33403281630400006, "2011Q4": 0.22296448630000001, "2011Q1": 0.375772342388, "2011Q3": 0.264511521896, "2019Q2": 0.707778881348, "2019Q4": 1.4365393723800002, "2019Q3": 1.040686639092, "2013Q2": 0.6933308148640001, "2013Q4": 0.4921366511760001, "2013Q1": 0.5899459902599999, "2013Q3": 0.6351424345600001, "2014Q2": 0.6473229513760002, "2014Q4": 0.511183541016, "2014Q1": 0.6440183848400001, "2014Q3": 0.6010619497120001}