{"2017Q2": 0.6653886900479999, "2017Q1": 0.685620923904, "2023Q2": 2.852928, "2023Q1": 2.989730579328, "2023Q3": 2.7329587199999996, "2016Q2": 0.8850874083839999, "2016Q4": 0.8257478227199999, "2016Q1": 0.7501924869119999, "2016Q3": 0.9651598801919999, "2009Q2": 0, "2009Q4": 0.320859595008, "2009Q3": 0, "2010Q2": 0.24950654899199998, "2010Q4": 0.4102094960639999, "2010Q1": 0.363700332288, "2010Q3": 0.300219172992, "2015Q2": 1.532043257472, "2015Q4": 0.874691046144, "2015Q1": 0.768807330048, "2015Q3": 0.638499477888, "2020Q2": 2.870347539456, "2020Q4": 3.9757801835519997, "2020Q1": 2.20812311232, "2020Q3": 3.5385458515199995, "2022Q2": 3.3849582531839997, "2022Q4": 3.25224355392, "2022Q1": 2.8602455408639997, "2022Q3": 2.9678547663359995, "2018Q2": 0.8290136206079999, "2018Q1": 0.7329335892479999, "2012Q2": 0.370509174144, "2012Q4": 0.325073296512, "2012Q1": 0.30795850828800003, "2012Q3": 0.304212979584, "2008Q4": 0, "2021Q2": 4.635720805248, "2021Q4": 3.9072092543999997, "2021Q1": 4.139924200704, "2021Q3": 3.6861837050879998, "2011Q2": 0.294955740288, "2011Q4": 0.303167930112, "2011Q1": 0.313291728, "2011Q3": 0.295126769664, "2019Q2": 1.565839188864, "2019Q4": 2.161727626752, "2019Q3": 1.8297119128319999, "2013Q2": 0.40535571456, "2013Q4": 0.566305769088, "2013Q1": 0.39113101555199997, "2013Q3": 0.600669798912, "2014Q2": 0.694692503424, "2014Q4": 0.530150832, "2014Q1": 0.6949956453119999, "2014Q3": 0.708522620544}