{"2017Q2": 3.6410377995550003, "2017Q1": 3.1041877231300004, "2023Q2": 9.419927903295, "2023Q1": 10.248270838780002, "2023Q3": 9.75441545, "2016Q2": 2.743564680675, "2016Q4": 2.8750855664699997, "2016Q1": 2.67877843233, "2016Q3": 2.67426813381, "2010Q2": 0, "2010Q4": 1.3025109533800001, "2010Q3": 0.87538638772, "2015Q2": 3.363363671265, "2015Q4": 3.30730725065, "2015Q1": 2.901716485005, "2015Q3": 2.502202680575, "2020Q2": 5.46813927933, "2020Q4": 13.489717960485, "2020Q1": 3.7098528606100003, "2020Q3": 8.35552870074, "2022Q2": 9.602469707285001, "2022Q4": 10.131647258915, "2022Q1": 8.273425687605, "2022Q3": 8.38375562297, "2018Q2": 4.707701980605, "2018Q1": 5.040998722825001, "2012Q2": 0.775601607755, "2012Q4": 0.81472181635, "2012Q1": 0.87339794815, "2012Q3": 0.644633653105, "2021Q2": 10.77867836513, "2021Q4": 9.957140781185, "2021Q1": 8.242270826985001, "2021Q3": 9.144313219795, "2011Q2": 1.290523834535, "2011Q4": 1.015187010305, "2011Q1": 1.224200264495, "2011Q3": 1.313936778895, "2019Q2": 3.2862109249450002, "2019Q4": 4.419513798375, "2019Q3": 3.509359646, "2013Q2": 1.20455690511, "2013Q4": 2.0135617743150003, "2013Q1": 0.886839206955, "2013Q3": 1.716811888285, "2014Q2": 2.167430086055, "2014Q4": 2.0277975874, "2014Q1": 2.445260601875, "2014Q3": 2.0903192973649998}