{"2017Q2": 0.9399841768480001, "2017Q1": 1.1169156034680001, "2017Q3": 1.006351893028, "2023Q2": 1.9630600800000002, "2023Q1": 2.1427169030360003, "2023Q3": 1.5977372400000003, "2016Q2": 1.2479203738920002, "2016Q4": 1.233064058448, "2016Q1": 1.2007343075520003, "2016Q3": 1.38297655994, "2015Q2": 1.589364744744, "2015Q4": 1.5933850565760002, "2015Q1": 1.085115644048, "2015Q3": 1.1524904188520002, "2020Q2": 0.7955773399720001, "2020Q4": 0.8149142153400001, "2020Q1": 0.7598261719560001, "2020Q3": 0.9889466805160001, "2022Q2": 1.4256094419360001, "2022Q4": 1.5303072999800003, "2022Q1": 1.5236726557440001, "2022Q3": 1.285056394232, "2018Q4": 0.7022539332600001, "2018Q3": 0.6397711100440001, "2021Q2": 1.1291126914120002, "2021Q4": 1.6314070948400003, "2021Q1": 0.9958527493520001, "2021Q3": 1.180881285296, "2019Q2": 0.8052504725680001, "2019Q4": 0.6951308714600001, "2019Q1": 0.9725607040560001, "2019Q3": 0.7020131723040001, "2013Q4": 0.9362084405880001, "2014Q2": 0.9306534793960001, "2014Q4": 0.9911962769440001, "2014Q1": 0.8336297484480001, "2014Q3": 1.250444182524}