{"2017Q2": 2.7815268, "2017Q1": 3.6236135, "2023Q2": 7.8487175, "2023Q1": 5.0495861, "2023Q3": 6.4110085, "2016Q2": 4.468634300000001, "2016Q4": 3.7908572, "2016Q1": 3.3536763, "2016Q3": 3.7013671500000003, "2015Q2": 5.571855899999999, "2015Q4": 5.35326545, "2015Q1": 3.6397510499999997, "2015Q3": 2.9487705, "2020Q2": 3.5165188499999998, "2020Q4": 2.52479305, "2020Q1": 2.75658695, "2020Q3": 3.09107435, "2022Q2": 3.16442685, "2022Q4": 3.3522092500000005, "2022Q1": 3.0499969499999997, "2022Q3": 2.4206325, "2018Q2": 1.9100991, "2018Q4": 1.4406431, "2018Q3": 1.6607006, "2021Q2": 2.9018249000000003, "2021Q4": 4.415820500000001, "2021Q1": 3.17909735, "2021Q3": 3.8231322999999997, "2019Q2": 2.141893, "2019Q4": 2.05827115, "2019Q1": 2.05827115, "2019Q3": 2.2577899500000003, "2013Q4": 2.07880985, "2014Q2": 1.7956692, "2014Q4": 2.1917727, "2014Q1": 1.62402435, "2014Q3": 2.49251795}