{"2017Q2": 2.6583595903150004, "2017Q1": 2.2132297733, "2023Q2": 0.8978346, "2023Q1": 0.9697200500000001, "2023Q3": 0.9711871000000001, "2016Q2": 1.217075389465, "2016Q4": 1.219887137495, "2016Q1": 1.0321007764599999, "2016Q3": 1.217075389465, "2015Q2": 1.049975166955, "2015Q4": 1.167819185715, "2015Q1": 0.78358749443, "2015Q3": 0.698609650115, "2020Q2": 0.77900355, "2020Q4": 1.11935915, "2020Q1": 1.01666565, "2020Q3": 1.1281614500000001, "2022Q2": 0.79073995, "2022Q4": 0.8772959000000001, "2022Q1": 0.8112786500000001, "2022Q3": 0.8949005, "2018Q2": 6.398134696135001, "2018Q1": 5.6781238673250005, "2021Q2": 1.0357372999999999, "2021Q4": 0.9799894, "2021Q1": 0.9125051, "2021Q3": 0.9477143, "2019Q2": 2.1565635, "2019Q4": 1.3144768000000002, "2019Q3": 1.643096, "2013Q4": 0.44181531095, "2014Q2": 0.523589704885, "2014Q4": 0.57271372743, "2014Q1": 0.48659143741, "2014Q3": 0.68014755939}