{"2017Q2": 0.94627395031, "2017Q1": 1.18865026878, "2023Q2": 0.6322985499999999, "2023Q1": 0.6029575500000001, "2023Q3": 0.63816675, "2016Q2": 1.10651835476, "2016Q4": 1.0262828962750001, "2016Q1": 0.909953753345, "2016Q3": 0.9135449450400001, "2015Q2": 1.3826786341550001, "2015Q4": 1.551697758065, "2015Q1": 1.07983535595, "2015Q3": 0.7476807121550001, "2020Q2": 0.45038435, "2020Q4": 0.5193357000000001, "2020Q1": 0.4870606, "2020Q3": 0.64990315, "2022Q2": 0.5398744, "2022Q4": 0.5105334, "2022Q1": 0.49732995, "2022Q3": 0.47385715, "2018Q2": 0.5721495, "2018Q4": 0.52960505, "2018Q3": 0.5193357000000001, "2021Q2": 0.5604131, "2021Q4": 0.5985564, "2021Q1": 0.56188015, "2021Q3": 0.50906635, "2019Q2": 0.5809518, "2019Q4": 0.5897541, "2019Q1": 0.72032155, "2019Q3": 0.5706824500000001, "2013Q4": 0.781514406075, "2014Q2": 0.826015607365, "2014Q4": 0.7800510237, "2014Q1": 0.624845789295, "2014Q3": 0.97093418058}