{"2017Q2": 0.8436733389440001, "2017Q1": 1.080541919464, "2023Q2": 0.38586308, "2023Q1": 0.4210749200000001, "2023Q3": 0.39026456000000004, "2016Q2": 1.0693762450000002, "2016Q4": 0.973803682008, "2016Q1": 0.9470315331920002, "2016Q3": 0.995736256848, "2015Q2": 0.88659671862, "2015Q4": 1.04465679974, "2015Q1": 0.7399597985440001, "2015Q3": 0.7052927150520001, "2020Q2": 0.56925808, "2020Q4": 0.7555874000000001, "2020Q1": 0.54431636, "2020Q3": 0.7482516, "2022Q2": 0.5795282, "2022Q4": 0.3961332000000001, "2022Q1": 0.5619222800000001, "2022Q3": 0.44454948, "2018Q2": 0.8773616800000001, "2018Q4": 0.41667344, "2018Q3": 0.5648566, "2021Q2": 0.55605364, "2021Q4": 0.58979832, "2021Q1": 0.6235430000000001, "2021Q3": 0.54138204, "2019Q2": 0.57072524, "2019Q4": 0.6338131200000001, "2019Q1": 0.67195928, "2019Q3": 0.5751267200000001, "2013Q4": 0.4842740107280001, "2014Q2": 0.5284186543880001, "2014Q4": 0.46413239810000007, "2014Q1": 0.44671808919600003, "2014Q3": 0.5768501928520001}