{"2017Q2": 1.067631755184, "2017Q1": 1.237694417184, "2023Q2": 5.917566720000001, "2023Q1": 5.656125717432, "2023Q3": 5.67349704, "2016Q2": 1.4331199618080002, "2016Q4": 1.341201972696, "2016Q1": 1.11540367836, "2016Q3": 1.306432824288, "2015Q2": 1.35237287724, "2015Q4": 1.3547899157520003, "2015Q1": 0.977157370848, "2015Q3": 0.7681137862320001, "2020Q2": 1.6814563691280002, "2020Q4": 1.3796987988240001, "2020Q1": 1.209373949088, "2020Q3": 1.661722811424, "2022Q4": 5.557563792264, "2022Q3": 8.156615396424, "2018Q2": 1.335574145136, "2018Q4": 1.3119519610311121, "2018Q3": 0.8951956278480001, "2021Q1": 1.096029936264, "2019Q2": 1.102688246976, "2019Q4": 0.9585405442320001, "2019Q1": 1.073272160568, "2019Q3": 0.9471391959840001, "2013Q4": 0.580218315312, "2014Q2": 0.6511514029680001, "2014Q4": 0.618706606488, "2014Q1": 0.544353099384, "2014Q3": 0.7863561231120001}