{"2017Q2": 1.5754211202, "2017Q1": 1.8158098401120002, "2023Q2": 0.7741351200000001, "2023Q1": 0.80707704, "2023Q3": 0.8534952000000001, "2016Q2": 1.44952234272, "2016Q4": 1.76306428596, "2016Q1": 1.4427321145920002, "2016Q3": 1.588223398464, "2015Q2": 2.29397348832, "2015Q4": 1.8435451399200002, "2015Q1": 1.378332907032, "2015Q3": 1.290968090208, "2020Q2": 1.139089817256, "2020Q4": 0.903875075088, "2020Q1": 0.9772168160400001, "2020Q3": 1.013346016536, "2022Q4": 0.7337064000000001, "2022Q3": 0.7022618400000001, "2018Q2": 0.9512103680880001, "2018Q4": 0.662607854064, "2018Q3": 0.737703303048, "2021Q2": 0.822229275048, "2021Q4": 0.9188745794160001, "2021Q1": 0.757420689264, "2021Q3": 0.8608873668479999, "2019Q2": 0.872409552048, "2019Q4": 0.8886473730960001, "2019Q1": 1.015998589776, "2019Q3": 0.801553877904, "2013Q4": 0.559517463048, "2014Q2": 0.6864941899920001, "2014Q4": 0.834675930312, "2014Q1": 0.578393931888, "2014Q3": 1.2388961983200002}