{"2017Q2": 0.5193489647, "2017Q1": 0.5592579174400001, "2017Q3": 0.5222025909000001, "2023Q2": 0.7937335600000001, "2023Q1": 0.9194569945720001, "2023Q3": 0.8245439200000001, "2016Q2": 0.63325633278, "2016Q4": 0.606218481288, "2016Q1": 0.7905087423200001, "2016Q3": 0.6417947638320001, "2015Q2": 0.7693072533080001, "2015Q4": 0.8384641873640001, "2015Q1": 0.6985999712800001, "2015Q3": 0.415951010416, "2020Q2": 0.32881887218800004, "2020Q4": 0.5330632428000001, "2020Q1": 0.351946448848, "2020Q3": 0.5562399693200001, "2022Q2": 0.894606825356, "2022Q4": 0.8288270001880002, "2022Q1": 0.684041049168, "2022Q3": 0.9165335315560001, "2018Q4": 0.33377024375600006, "2018Q3": 0.360987528916, "2021Q2": 0.47300710222400005, "2021Q4": 0.8223047404080001, "2021Q1": 0.42442268568800007, "2021Q3": 0.6709423914040001, "2019Q2": 0.41108502756000004, "2019Q4": 0.350504083852, "2019Q1": 0.44407191942, "2019Q3": 0.37358251065200004, "2013Q4": 0.470314570192, "2014Q2": 0.5134986642, "2014Q4": 0.520298363936, "2014Q1": 0.4623304321880001, "2014Q3": 0.5278535043560001}