{"2017Q2": 2.515478027008, "2017Q1": 1.8174750673920002, "2023Q2": 0.8872102399999999, "2023Q1": 0.8978995200000001, "2023Q3": 0.91164288, "2016Q2": 2.260135407744, "2016Q4": 1.8809280078080002, "2016Q1": 2.259536960768, "2016Q3": 2.041071288576, "2015Q2": 3.12905231936, "2015Q4": 2.993660524544, "2015Q1": 2.5335490183680003, "2015Q3": 2.339568210944, "2020Q2": 1.076042326656, "2020Q4": 0.896448221184, "2020Q1": 0.870460290944, "2020Q3": 1.188669161856, "2022Q2": 0.96050816, "2022Q4": 0.87957504, "2022Q1": 1.1627954542080001, "2022Q3": 0.87193984, "2018Q2": 0.979585165312, "2018Q4": 1.001105434624, "2018Q3": 0.969203736576, "2021Q2": 0.936019935744, "2021Q4": 1.228240723712, "2021Q1": 0.908624227328, "2021Q3": 0.9679816464640001, "2019Q2": 0.9509742384640001, "2019Q4": 0.88413249088, "2019Q1": 1.16517122304, "2019Q3": 0.824886545664, "2013Q4": 2.0880282266880004, "2014Q2": 1.5639560392960001, "2014Q4": 1.706843462656, "2014Q1": 1.3975931246080002, "2014Q3": 1.685230349312}