{"2017Q2": 0.87247648404, "2017Q1": 0.917301902208, "2023Q2": 1.3431319200000003, "2023Q1": 1.77941545716, "2023Q3": 1.21885104, "2016Q2": 1.1391390804, "2016Q4": 0.905133456432, "2016Q1": 1.1859269385840001, "2016Q3": 1.080169599672, "2015Q2": 1.306912428696, "2015Q4": 1.0853028492240002, "2015Q1": 1.020163945824, "2015Q3": 0.809305261416, "2020Q2": 0.90982139112, "2020Q4": 0.8536410428640001, "2020Q1": 0.5669900381280001, "2020Q3": 1.126393102872, "2022Q2": 2.191882435368, "2022Q4": 1.6424227394400002, "2022Q1": 3.57669965988, "2022Q3": 1.5396782385840002, "2018Q2": 0.680995734336, "2018Q4": 0.736708457064, "2018Q3": 0.6738871674720001, "2021Q2": 0.8040872612880001, "2021Q4": 2.8530210798, "2021Q1": 0.8536410428640001, "2021Q3": 0.7966420878960001, "2019Q2": 0.750273490512, "2019Q4": 0.628523897592, "2019Q1": 0.8327386459439999, "2019Q3": 0.6168031624560001, "2013Q4": 0.510666991464, "2014Q2": 0.6551105725440001, "2014Q4": 0.7108060756319999, "2014Q1": 0.4680410454, "2014Q3": 0.876789479784}