{"2017Q2": 2.255189023444, "2017Q1": 2.619940550376, "2017Q3": 2.264056198728, "2023Q2": 1.63444464, "2023Q1": 1.55303552, "2023Q3": 1.8238774, "2016Q2": 3.4294535832679998, "2016Q4": 2.5895414456320003, "2016Q1": 2.739598023292, "2016Q3": 2.784320123364, "2015Q2": 2.7299147215799997, "2015Q4": 3.4263597235959997, "2015Q1": 1.804643399508, "2015Q3": 1.8100117047479998, "2020Q2": 2.616226259276, "2020Q4": 1.8984058838, "2020Q1": 2.379877736532, "2020Q3": 2.135133741732, "2022Q2": 1.4403152, "2022Q4": 1.21017788, "2022Q1": 1.588974358804, "2022Q3": 1.2477513199999999, "2018Q4": 1.057794253956, "2018Q3": 1.837693467, "2021Q2": 1.9126543584720002, "2021Q4": 2.061330268768, "2021Q1": 1.68611438224, "2021Q3": 2.095401707604, "2019Q2": 1.4821073545319998, "2019Q4": 1.444005068364, "2019Q1": 1.382005291576, "2019Q3": 1.489509322212, "2013Q4": 1.368701632364, "2014Q2": 1.390462759808, "2014Q4": 1.195946000264, "2014Q1": 0.879232116372, "2014Q3": 1.315762534076}