{"2017Q2": 4.410165428736, "2017Q1": 3.676755450752, "2023Q2": 22.516204341888, "2023Q1": 8.978089207168, "2023Q3": 17.6831232, "2016Q2": 1.323846254848, "2016Q4": 2.5512182455040002, "2016Q1": 1.323846254848, "2016Q3": 1.456766688128, "2015Q2": 2.3302541831680004, "2015Q4": 2.427051874432, "2015Q1": 1.4214871776000002, "2015Q3": 1.1974597203200001, "2020Q2": 9.465717516032, "2020Q4": 7.6727766368, "2020Q1": 8.051057123456001, "2020Q3": 7.568682748416001, "2022Q2": 4.7329312924160005, "2022Q4": 4.120165567744, "2022Q1": 4.783249856384001, "2022Q3": 3.975357280768, "2018Q2": 6.437790977408, "2018Q1": 8.18663170496, "2012Q2": 0.6456992436479999, "2012Q4": 0.536222081152, "2012Q1": 0, "2012Q3": 0.5016059168, "2021Q2": 5.828876294912001, "2021Q4": 6.431132777600001, "2021Q1": 5.316332496, "2021Q3": 5.278069149312, "2011Q4": 0, "2019Q2": 5.120798078080001, "2019Q4": 7.856710589952001, "2019Q3": 6.1226600083200005, "2013Q2": 0.504601816576, "2013Q4": 0.7183156456959999, "2013Q1": 0.5016059168, "2013Q3": 0.579401580416, "2014Q2": 0.855722827904, "2014Q4": 0.990117007488, "2014Q1": 0.8993784582400001, "2014Q3": 1.021634349568}