{"2017Q2": 1.496078653184, "2017Q1": 1.5938599109120002, "2023Q2": 1.04296832, "2023Q1": 0.8948454400000001, "2023Q3": 1.08725248, "2016Q2": 1.9290241177600003, "2016Q4": 1.5338521254400002, "2016Q1": 2.07298886784, "2016Q3": 1.7826642054400001, "2015Q2": 2.366844199424, "2015Q4": 2.336294848, "2015Q1": 1.8067734183680002, "2015Q3": 1.658391094272, "2020Q2": 0.64441088, "2020Q4": 0.78489856, "2020Q1": 0.7085465599999999, "2020Q3": 1.1177932800000001, "2022Q2": 0.92996736, "2022Q4": 0.76962816, "2022Q1": 0.83529088, "2022Q3": 0.69785728, "2018Q2": 0.9332729434879999, "2018Q4": 0.727739773056, "2018Q3": 0.8327900465920001, "2021Q2": 1.24911872, "2021Q4": 1.20178048, "2021Q1": 1.1773478400000001, "2021Q3": 1.16971264, "2019Q2": 1.06281984, "2019Q4": 0.6657894400000001, "2019Q1": 1.01700864, "2019Q3": 0.8047500799999999, "2013Q4": 1.549051059968, "2014Q2": 1.5420129326079999, "2014Q4": 1.2554311979519999, "2014Q1": 1.65702393536, "2014Q3": 1.78349796928}