{"2017Q2": 1.5330500427990001, "2017Q1": 1.625642178831, "2017Q3": 1.753851144298, "2023Q2": 7.85283862, "2023Q1": 7.157208380806, "2023Q3": 7.404385560000001, "2016Q2": 1.847822355324, "2016Q4": 1.598732212858, "2016Q1": 1.448173754434, "2016Q3": 1.725002355351, "2015Q2": 1.528170742571, "2015Q4": 2.2353440653280003, "2015Q1": 1.470546488389, "2015Q3": 1.012533031092, "2020Q2": 3.532013518187, "2020Q4": 6.436806674793001, "2020Q1": 2.2159191737320003, "2020Q3": 4.704689628012001, "2022Q2": 7.336546068852, "2022Q4": 8.966889639708, "2022Q1": 6.071647060259, "2022Q3": 9.762497742228001, "2018Q4": 1.5160032617730002, "2018Q3": 1.571995408687, "2021Q4": 7.101051582878001, "2021Q1": 4.007538903808, "2021Q3": 5.374936114658, "2019Q2": 1.88913797567, "2019Q4": 2.3387293535650002, "2019Q1": 2.0294373338360003, "2019Q3": 2.3590195631640003, "2013Q4": 0, "2014Q2": 0, "2014Q4": 1.225303713106, "2014Q3": 1.225076049527}