{"2017Q2": 1.8501599842560001, "2017Q1": 2.032728305536, "2017Q3": 1.851207533696, "2023Q2": 0.65510016, "2023Q1": 0.74519552, "2023Q3": 0.67342464, "2016Q2": 3.110789379072, "2016Q4": 2.137781480448, "2016Q1": 2.88073729088, "2016Q3": 3.116918154112, "2015Q2": 2.580448539776, "2015Q4": 3.32964353024, "2015Q1": 2.312577931648, "2015Q3": 1.8220916147200001, "2020Q2": 0.9238592, "2020Q4": 0.7879526400000001, "2020Q1": 1.27660544, "2020Q3": 1.1910912, "2022Q2": 0.6367756800000001, "2022Q4": 0.59707264, "2022Q1": 0.88262912, "2022Q3": 0.5253017600000001, "2018Q2": 1.8501871655680002, "2018Q1": 2.031838346624, "2012Q2": 0.566831750656, "2012Q4": 0.621326005504, "2012Q1": 0.41647114624000003, "2012Q3": 0.60625549504, "2021Q2": 0.9559270400000001, "2021Q4": 0.725344, "2021Q1": 0.58638336, "2021Q3": 0.78031744, "2011Q4": 0, "2019Q2": 1.5817652960000002, "2019Q4": 1.62935168, "2019Q3": 1.488864, "2013Q2": 0.7159794272000001, "2013Q4": 0.993230794752, "2013Q1": 0.660460986624, "2013Q3": 1.086155912576, "2014Q2": 1.3502049504, "2014Q4": 1.133666555392, "2014Q1": 1.12170097536, "2014Q3": 1.27753540736}