{"2015Q4": 3.7343507000000002, "2020Q1": 3.7503665, "2020Q2": 4.818086500000001, "2020Q3": 5.9151688, "2020Q4": 5.8964837, "2016Q1": 3.3926803000000003, "2016Q2": 3.8544692, "2016Q3": 3.1871442, "2016Q4": 4.0519974, "2017Q1": 3.4006882000000003, "2017Q2": 3.1444354, "2017Q3": 2.776072, "2017Q4": 3.2084986, "2023Q1": 5.2772061, "2023Q2": 6.5344464, "2021Q1": 6.0913426, "2021Q2": 7.076314300000001, "2021Q3": 6.4009814, "2021Q4": 5.4240176, "2019Q1": 3.1631205, "2019Q2": 3.8811622, "2019Q3": 4.5084477000000005, "2019Q4": 5.3439385999999995, "2018Q1": 3.0670257, "2018Q2": 3.1497740000000003, "2018Q3": 2.7573869, "2018Q4": 2.5812131, "2022Q1": 6.8254001, "2022Q2": 5.1650955000000005, "2022Q3": 5.3519465, "2022Q4": 5.0022682}