{"2017Q2": 1.55353336562, "2017Q4": 1.28048827107, "2017Q1": 2.07592416635, "2017Q3": 1.5056723171700002, "2023Q2": 1.1091934, "2023Q1": 1.1878607590799999, "2023Q3": 1.1787201, "2016Q2": 2.19354685037, "2016Q4": 2.39140205267, "2016Q1": 1.90397299557, "2016Q3": 2.45216111242, "2015Q2": 2.36638844798, "2015Q4": 2.3826817875899997, "2015Q1": 2.0877493645, "2015Q3": 1.37560855779, "2020Q2": 1.32081084665, "2020Q4": 1.24646594634, "2020Q1": 1.20129186231, "2020Q3": 1.42837382563, "2022Q4": 1.04018071251, "2022Q3": 0.9839981265200001, "2018Q4": 0.88081888682, "2021Q1": 1.05823065228, "2019Q2": 1.54730005443, "2019Q4": 1.61954249967, "2019Q1": 1.17651125291, "2019Q3": 1.52834497404, "2013Q4": 0, "2014Q2": 0, "2014Q4": 1.70657553766, "2014Q1": 0, "2014Q3": 1.92521873819}