{"2017Q2": 0.898511987772, "2017Q1": 1.033406273388, "2017Q3": 0.805079366972, "2023Q2": 0.78904224, "2023Q1": 0.8720169200000001, "2023Q3": 0.74520656, "2016Q2": 1.1553111076840001, "2016Q4": 1.201102798348, "2016Q1": 1.246665917252, "2016Q3": 1.04206961276, "2015Q2": 1.41156525616, "2015Q4": 2.02953170994, "2015Q1": 1.126438267384, "2015Q3": 0.9529692095919999, "2020Q2": 1.101461010032, "2020Q4": 0.871468504332, "2020Q1": 1.13696368382, "2020Q3": 1.0779923262959998, "2022Q2": 0.72328872, "2022Q4": 0.6387484800000001, "2022Q1": 0.8140912, "2022Q3": 0.57769164, "2018Q2": 0.6308267464, "2018Q1": 0.7972932108680001, "2012Q2": 0, "2012Q4": 0.248202160284, "2012Q3": 0.22118137746400002, "2021Q2": 1.088944514388, "2021Q4": 0.9549915999999999, "2021Q1": 0.700929705192, "2021Q3": 0.96751608, "2011Q4": 0, "2019Q2": 0.9649333756680001, "2019Q4": 1.140091359588, "2019Q3": 0.977444704964, "2013Q2": 0.36066823334, "2013Q4": 0.43863734835199997, "2013Q1": 0.27991508298, "2013Q3": 0.45500919205199997, "2014Q2": 0.695492828424, "2014Q4": 0.7757669174240001, "2014Q1": 0.588902302048, "2014Q3": 0.8401161301040001}