{"2017Q2": 2.1375418, "2017Q1": 2.4237331, "2023Q2": 17.2733427, "2023Q1": 8.3092491, "2023Q3": 15.36055, "2016Q2": 3.3680027, "2016Q4": 2.6711188, "2016Q1": 2.8214905, "2016Q3": 3.3130281, "2015Q1": 2.0292095000000003, "2020Q2": 5.1724631, "2020Q4": 4.6308016, "2020Q1": 3.3583013, "2020Q3": 4.8781873000000004, "2022Q2": 4.3478441000000005, "2022Q4": 4.0729711, "2022Q1": 4.3915004, "2022Q3": 4.2637653, "2018Q2": 1.5021000999999998, "2018Q4": 2.0518461, "2018Q3": 1.7009788, "2021Q2": 4.0066782000000005, "2021Q4": 5.7917358, "2021Q1": 3.5862842, "2021Q3": 3.8821769, "2019Q2": 2.3784599, "2019Q4": 3.2952421999999997, "2019Q1": 2.7083075, "2019Q3": 2.9702453, "2014Q4": 0}