{"2017Q2": 2.408068871098, "2017Q1": 3.516924054732, "2017Q3": 2.334935178807, "2023Q2": 1.6988842200000003, "2023Q1": 1.7627151300000001, "2023Q3": 1.92638413, "2016Q2": 3.7175630994590003, "2016Q4": 4.848918024192, "2016Q1": 3.6291661272350004, "2016Q3": 3.795343027322, "2015Q2": 3.564815895498, "2015Q4": 4.508029049337, "2015Q1": 2.592276857577, "2015Q3": 2.348335578182, "2020Q2": 2.903566130113, "2020Q4": 2.151979423847, "2020Q1": 3.1968955122720004, "2020Q3": 2.677126631564, "2022Q4": 1.5875892999999999, "2018Q4": 1.361805786803, "2018Q3": 1.426739825863, "2019Q2": 1.934308819311, "2019Q4": 3.8866212286220003, "2019Q1": 1.6323630826470001, "2019Q3": 5.043847966861001, "2013Q4": 0, "2014Q2": 0, "2014Q4": 0, "2014Q3": 0}