{"2017Q2": 2.3224172226979998, "2017Q1": 3.0098170275, "2023Q2": 2.658902432048, "2023Q1": 2.462423737015, "2023Q3": 2.7248376999999997, "2016Q2": 3.237864337768, "2016Q4": 3.191988873511, "2016Q1": 3.0518108072819996, "2016Q3": 3.132151115153, "2015Q2": 3.4520252946779997, "2015Q4": 3.865670974673, "2015Q1": 2.4210192638479997, "2015Q3": 2.631614714196, "2020Q2": 1.1670358944349999, "2020Q4": 1.403011515012, "2020Q1": 1.1959309440639998, "2020Q3": 1.438327507633, "2022Q2": 1.6459198321229997, "2022Q4": 1.8617148854879997, "2022Q1": 2.145803884362, "2022Q3": 1.618532311044, "2018Q2": 1.590828773285, "2018Q4": 1.309905584366, "2018Q3": 1.37090615512, "2021Q2": 2.1944127316679998, "2021Q4": 2.3274336650269998, "2021Q1": 1.157404318714, "2021Q3": 1.637883173238, "2019Q2": 1.454380348812, "2019Q4": 1.272984194764, "2019Q1": 1.5137756838179999, "2019Q3": 1.308300187385, "2014Q4": 0}