{"2022Q1": 7.851787899796001, "2020Q3": 7.294158299292001, "2020Q4": 11.548334412524, "2020Q1": 4.5509791509360005, "2020Q2": 5.91807137584, "2010Q3": 11.897705574088, "2010Q4": 11.582533926272001, "2010Q1": 12.37046131106, "2010Q2": 12.843219348464, "2023Q3": 17.875488, "2023Q1": 10.106816, "2023Q2": 15.537344000000001, "2016Q3": 14.68046056262, "2016Q4": 16.101426576248002, "2016Q1": 9.64715956394, "2016Q2": 9.731047136108002, "2015Q3": 12.822100713316, "2015Q4": 8.640499599904, "2015Q1": 15.965583737932002, "2015Q2": 11.58125300048, "2019Q3": 6.583629825948001, "2019Q4": 5.018668723824, "2019Q1": 6.7095463378960005, "2019Q2": 6.781498712596, "2018Q3": 7.917812098944, "2018Q4": 7.276170061840001, "2018Q1": 12.123338836516, "2018Q2": 11.102243388268, "2013Q3": 21.348384788364, "2013Q4": 17.274265411084002, "2013Q1": 16.377958612572, "2013Q2": 21.348384788364, "2014Q3": 16.133510786204003, "2014Q4": 16.213753512428, "2014Q1": 19.718737961396002, "2014Q2": 17.844643298632, "2012Q3": 9.406888850684, "2012Q4": 18.98539331322, "2012Q1": 10.05009493642, "2012Q2": 8.36167962368, "2017Q3": 12.923512712476, "2017Q4": 12.547352548872002, "2017Q1": 14.152307274136001, "2017Q2": 14.287898073728, "2009Q4": 11.818910649256, "2021Q3": 8.994030036804, "2021Q1": 11.872119236012, "2021Q2": 9.650593788364, "2011Q3": 12.528046550432002, "2011Q4": 11.41690749856, "2011Q1": 10.794606550912, "2011Q2": 10.873399175312}