{"2022Q3": 2.21581698, "2022Q4": 2.1518598, "2022Q1": 1.76055528, "2022Q2": 1.83616968, "2020Q3": 1.50882234, "2020Q4": 1.7199125400000002, "2020Q1": 1.50882234, "2020Q2": 1.7681167199999999, "2023Q3": 2.94234534, "2023Q1": 2.64744918, "2023Q2": 2.8623201, "2016Q3": 1.5094524599999999, "2016Q4": 1.28292432, "2016Q1": 1.6005048, "2016Q2": 1.5475747199999998, "2015Q3": 1.09262808, "2015Q4": 1.3913049599999998, "2015Q1": 1.0964087999999999, "2015Q2": 1.13673648, "2019Q3": 2.73881658, "2019Q4": 2.5182745800000004, "2019Q1": 2.7284195999999996, "2019Q2": 2.47227582, "2018Q3": 1.56490302, "2018Q4": 1.66761258, "2018Q1": 1.4102085599999998, "2018Q2": 1.55513616, "2013Q3": 0.9284818199999999, "2013Q4": 0.8850035399999999, "2013Q1": 0.95967276, "2013Q2": 0.9048523199999999, "2014Q3": 1.4707000799999999, "2014Q4": 1.2136111200000002, "2014Q1": 1.36925076, "2014Q2": 1.8802780799999999, "2012Q3": 1.06584798, "2012Q4": 0.96534384, "2012Q1": 1.31758092, "2012Q2": 0.8966607600000001, "2017Q3": 1.24889784, "2017Q4": 1.35916884, "2017Q1": 1.3011978, "2017Q2": 1.3531827, "2021Q3": 1.76654142, "2021Q4": 1.75141854, "2021Q1": 1.93950936, "2021Q2": 1.8604292999999998, "2011Q4": 0.614367}