{"2017Q2": 5.415275933276, "2017Q1": 5.663013686, "2017Q3": 4.91709636363, "2023Q2": 4.97881362, "2023Q1": 3.485900476608, "2023Q3": 3.8794681200000003, "2016Q2": 9.282864932968002, "2016Q4": 6.670268723558, "2016Q1": 6.533905419140001, "2016Q3": 6.448225362458, "2015Q2": 0, "2015Q4": 1.346396609668, "2015Q3": 0, "2020Q2": 1.8797099585660002, "2020Q4": 2.5661846111220004, "2020Q1": 2.221328396804, "2020Q3": 2.456089638112, "2022Q2": 2.385175338722, "2022Q4": 2.246974905824, "2022Q1": 2.32140727368, "2022Q3": 1.8697692693900003, "2018Q4": 2.524089450432, "2018Q3": 2.5661846111220004, "2021Q2": 2.224073503234, "2021Q4": 3.19578759654, "2021Q1": 2.138756963464, "2021Q3": 3.2996102741580002, "2019Q2": 2.294185361842, "2019Q4": 2.10637610821, "2019Q1": 2.9628501287, "2019Q3": 2.1678998797720004, "2014Q4": 0}