{"2017Q2": 2.074160323278, "2017Q1": 1.6766867968819998, "2023Q2": 3.095673761233, "2023Q1": 3.2636061536159997, "2023Q3": 3.0231187499999996, "2016Q2": 1.35079556303, "2016Q4": 1.5845869601559999, "2016Q1": 1.310164202098, "2016Q3": 1.3586672805559998, "2015Q2": 1.7088252095389997, "2015Q4": 1.8089775059839999, "2015Q1": 1.3107436735, "2015Q3": 1.286782353671, "2020Q2": 1.166662478807, "2020Q4": 2.015691755556, "2020Q1": 1.055503127918, "2020Q3": 2.22192778805, "2022Q2": 2.885331607928, "2022Q4": 2.80302925568, "2022Q1": 2.085372304865, "2022Q3": 2.8869144322889997, "2018Q2": 1.338723887087, "2018Q4": 0.9044702718851011, "2018Q3": 1.054016559658, "2021Q2": 3.2750551477129997, "2021Q4": 3.2354498735929997, "2021Q1": 3.0122476149749997, "2021Q3": 2.6063346696599994, "2019Q2": 1.0346905273459999, "2019Q4": 1.4583784435129998, "2019Q1": 1.070141955687, "2019Q3": 1.021310768074, "2014Q4": 0}