{"2017Q2": 1.4579105453469998, "2017Q1": 1.798842883303, "2017Q3": 1.335954710312, "2023Q2": 1.72680543, "2023Q1": 1.984109274283, "2023Q3": 1.7251930999999998, "2016Q2": 2.4605645592919996, "2016Q4": 1.80697208993, "2016Q1": 2.035134036861, "2016Q3": 1.9529735696529997, "2015Q2": 2.794657393388, "2015Q4": 2.6966336950089995, "2015Q1": 0, "2015Q3": 1.666732432695, "2020Q2": 2.13980053484, "2020Q4": 1.8474335112799998, "2020Q1": 1.814747873821, "2020Q3": 1.9379497174799998, "2022Q2": 1.836544156926, "2022Q4": 1.603968617853, "2022Q1": 2.261657050347, "2022Q3": 1.451591662844, "2018Q4": 0.7227758843508362, "2018Q3": 0.814555887786, "2019Q2": 0.9664325367959998, "2019Q4": 2.065182063673, "2019Q1": 1.085679012499, "2019Q3": 1.233597068893, "2014Q4": 0}