{"2017Q2": 3.27698878608, "2017Q1": 3.06312675084, "2023Q2": 4.81137702192, "2023Q1": 4.93432533108, "2023Q3": 5.12244, "2016Q2": 2.77707069864, "2016Q4": 2.455449876, "2016Q1": 2.63626837272, "2016Q3": 2.86520740128, "2015Q2": 2.6816553392399998, "2015Q4": 2.8678170366, "2015Q1": 2.21798396772, "2015Q3": 2.14009297128, "2020Q2": 4.42933982856, "2020Q4": 5.99974179192, "2020Q1": 2.89739268324, "2020Q3": 4.64194802268, "2022Q2": 4.93432533108, "2022Q4": 5.03432279568, "2022Q1": 4.53845474064, "2022Q3": 4.26876504948, "2018Q2": 3.69914988672, "2018Q1": 3.7672099293600003, "2021Q2": 6.87821530068, "2021Q4": 7.23169257768, "2021Q1": 6.7454818092, "2021Q3": 6.01560037044, "2019Q2": 3.0616369469999998, "2019Q4": 3.55277434608, "2019Q3": 3.18920536656, "2014Q4": 1.83808745856, "2014Q3": 0}