{"2017Q2": 2.537157973476, "2017Q1": 3.736035289382, "2023Q2": 2.9747488499999997, "2023Q1": 3.02473108, "2023Q3": 3.1117969, "2016Q2": 4.888305626909999, "2016Q4": 4.0759673378059995, "2016Q1": 4.237781260305, "2016Q3": 4.030928995285, "2015Q2": 0, "2015Q4": 5.297895652023, "2015Q1": 0, "2015Q3": 3.7623356163419994, "2020Q2": 5.0627162, "2020Q4": 5.373896212466, "2020Q1": 3.6438658, "2020Q3": 6.3445182275339995, "2022Q2": 2.653895018767, "2022Q4": 2.9183173, "2022Q1": 2.9215421212329997, "2022Q3": 2.3701250999999997, "2018Q2": 1.5369155215119998, "2018Q4": 1.2553266015359998, "2018Q3": 1.5315417868549999, "2021Q2": 3.5954957387669997, "2021Q4": 3.945371348767, "2021Q1": 3.2375586399999996, "2021Q3": 3.877653488767, "2019Q2": 1.85397150943, "2019Q4": 2.156222599589, "2019Q1": 1.6508408245159998, "2019Q3": 1.9132981591779998, "2014Q4": 0}