{"2017Q2": 1.7061269752839998, "2017Q1": 2.3009529183399997, "2017Q3": 1.6978805522659999, "2023Q2": 1.6010436899999998, "2023Q1": 1.7380917399999998, "2023Q3": 1.64618893, "2016Q2": 3.754638836621, "2016Q4": 2.8973781315229994, "2016Q1": 3.4135530048489997, "2016Q3": 2.9496448719, "2015Q2": 4.559060746658, "2015Q4": 4.344839811071999, "2015Q1": 0, "2015Q3": 2.3359569251059997, "2020Q2": 2.2351392200699998, "2020Q4": 1.94608231, "2020Q1": 1.802583650136, "2020Q3": 2.75547197, "2022Q2": 1.37209283, "2022Q4": 1.2560050699999998, "2022Q1": 2.22824006, "2022Q3": 1.16410226, "2018Q4": 0.9619670182603626, "2018Q3": 1.148989729677, "2021Q2": 1.95736862, "2021Q4": 1.9622056099999998, "2021Q1": 1.67359854, "2021Q3": 1.5816957299999999, "2019Q2": 1.238604643407, "2019Q4": 1.6224859054369998, "2019Q1": 1.4962472382229997, "2019Q3": 1.257466969611, "2014Q4": 0}