{"2017Q2": 6.13156408, "2017Q1": 8.9180776, "2023Q2": 8.760699760000001, "2023Q1": 7.828776080000001, "2023Q3": 7.526363760000001, "2016Q4": 10.115383520000002, "2016Q3": 0, "2015Q4": 0, "2020Q2": 4.05170792, "2020Q4": 3.6196903200000006, "2020Q1": 4.082566320000001, "2020Q3": 4.25691628, "2022Q2": 3.7292376400000005, "2022Q4": 7.37824344, "2022Q1": 3.95141812, "2022Q3": 5.1379236, "2018Q2": 4.24457292, "2018Q4": 3.8110124, "2018Q3": 3.7739823200000004, "2021Q4": 4.59635868, "2021Q1": 3.1645289200000004, "2019Q2": 4.172055680000001, "2019Q4": 4.327890600000001, "2019Q1": 4.250744600000001, "2019Q3": 4.3741782}