{"2017Q2": 4.432473600994999, "2017Q1": 6.579560014730999, "2017Q3": 3.6602319487469996, "2023Q2": 1.62026524, "2023Q1": 1.7604730527999999, "2023Q3": 1.80101196, "2016Q4": 4.569166051472, "2016Q3": 0, "2020Q2": 3.481530248779, "2020Q4": 3.4783520113649997, "2020Q1": 2.552145945734, "2020Q3": 3.499009424889, "2022Q2": 1.558953854623, "2022Q4": 1.8314079099690002, "2022Q1": 1.87633331413, "2022Q3": 1.373555972822, "2018Q4": 1.561014689993, "2018Q3": 2.044374346619, "2021Q2": 2.391721128159, "2021Q4": 2.652635796481, "2021Q1": 2.685433902635, "2021Q3": 1.8312370074899997, "2019Q2": 1.944265355032, "2019Q4": 2.402953245759, "2019Q1": 2.1236140314289997, "2019Q3": 1.8966505365059998}