{"2017Q2": 3.0854583474329997, "2017Q1": 4.323361163417999, "2023Q2": 2.49010883, "2023Q1": 2.666889611925, "2023Q3": 2.29483782, "2016Q2": 5.773465792874999, "2016Q4": 5.606353992183999, "2016Q1": 4.8077738310689995, "2016Q3": 6.576145192771, "2015Q4": 0, "2020Q2": 2.144100703855, "2020Q4": 2.8370792710479997, "2020Q1": 1.865581627767, "2020Q3": 3.3456873078859997, "2022Q2": 2.406312875417, "2022Q4": 2.321062555262, "2022Q1": 3.151458657765, "2022Q3": 2.137693716774, "2018Q2": 2.1610787919599996, "2018Q1": 2.458521565489, "2021Q2": 2.81989413112, "2021Q4": 3.140300452663, "2021Q1": 2.6527087406930003, "2021Q3": 2.835834700776, "2019Q2": 2.039639428079, "2019Q4": 1.9114696695929998, "2019Q3": 1.841846678573}