{"2017Q2": 3.08792746014, "2017Q1": 3.655716908044, "2023Q2": 8.392165786507999, "2023Q1": 4.210655299168, "2023Q3": 6.78996828, "2016Q4": 4.28126089974, "2020Q2": 2.8976032395159996, "2020Q4": 2.5203167853, "2020Q1": 3.201699474616, "2020Q3": 2.9132852312799997, "2022Q2": 2.300904452104, "2022Q4": 2.218072106232, "2022Q1": 2.234229845032, "2022Q3": 2.443560709696, "2018Q2": 2.2832372118, "2018Q4": 2.6437072638256134, "2018Q3": 2.3936373246200002, "2021Q4": 2.7006348265680002, "2021Q3": 2.338042464784, "2019Q2": 3.204595784152, "2019Q4": 3.9431155220839997, "2019Q1": 3.459375904896, "2019Q3": 4.373194405696}