{"2017Q2": 4.7018024499680005, "2017Q1": 3.5429602912320006, "2023Q2": 2.4038693600000003, "2023Q1": 2.31181720988, "2023Q3": 2.5195883599999997, "2016Q4": 2.5234691123840003, "2016Q3": 0, "2015Q4": 0, "2020Q2": 4.092746197576, "2020Q4": 3.9576871582520003, "2020Q1": 4.053420406908001, "2020Q3": 4.859093269280001, "2022Q2": 2.4928355158280002, "2022Q4": 2.445279944172, "2022Q1": 2.30993561894, "2022Q3": 2.0525623680760003, "2018Q2": 6.191321988768001, "2018Q1": 5.6898612625760006, "2021Q2": 3.2674537187760007, "2021Q4": 3.4854871384000004, "2021Q1": 3.690604003244, "2021Q3": 3.1027851189000004, "2019Q2": 5.3244595421600005, "2019Q4": 5.319925671740001, "2019Q3": 4.83629585482}