{"2017Q2": 9.047398519844, "2017Q1": 10.030006504676, "2023Q2": 7.410644605708, "2023Q1": 9.053306669108, "2023Q3": 8.83784576, "2016Q4": 11.157891207948001, "2016Q3": 0, "2015Q4": 0, "2020Q2": 21.379803324967998, "2020Q4": 16.399124719556003, "2020Q1": 10.717877887924, "2020Q3": 17.38120826588, "2022Q2": 9.367615210892001, "2022Q4": 7.591157759648001, "2022Q1": 8.565454960192, "2022Q3": 6.9024533538920005, "2018Q2": 8.465123655644, "2018Q1": 10.103231327788, "2021Q2": 16.582451233824003, "2021Q4": 12.230016479632, "2021Q1": 16.214316230628, "2021Q3": 14.341124329940001, "2019Q2": 6.3270537412120005, "2019Q4": 10.016564585636, "2019Q3": 7.032940412672001}