{"2017Q2": 1.0768771567000002, "2017Q1": 1.5183773887280003, "2023Q2": 2.545818, "2023Q1": 1.9526569094480002, "2023Q3": 2.27889284, "2016Q4": 1.782174587012, "2016Q3": 0, "2015Q4": 0, "2020Q2": 3.163812387952, "2020Q1": 2.7867647073760002, "2022Q2": 1.512924709448, "2022Q4": 1.5267625417600001, "2022Q1": 2.04371788776, "2022Q3": 1.1608315997840002, "2018Q2": 1.5274758336760001, "2018Q4": 1.7829074381699686, "2018Q3": 1.9184645679120003, "2021Q1": 1.6928256327320004, "2019Q2": 2.3323048731, "2019Q4": 2.8821822746000003, "2019Q1": 2.4661570404, "2019Q3": 2.528057139296}