{"2017Q2": 0, "2017Q1": 0, "2023Q2": 12.86577302542, "2023Q1": 13.407571286508, "2023Q3": 11.215918400000001, "2016Q4": 0, "2020Q2": 7.858253989148, "2020Q4": 6.703314621155999, "2020Q1": 6.44948305108, "2020Q3": 7.880489237543999, "2022Q2": 12.620343634436, "2022Q4": 13.128183068996, "2022Q1": 13.376333249688, "2022Q3": 10.196916117932, "2018Q2": 5.17771254236, "2018Q4": 3.487826932853968, "2018Q3": 4.497366395999999, "2021Q2": 17.37902063516, "2021Q4": 28.471712807036, "2021Q1": 6.574728144516, "2021Q3": 18.633239625828, "2019Q2": 4.7840152166, "2019Q4": 6.212650258767999, "2019Q1": 4.614106601036, "2019Q3": 5.714537999847999}