{"2017Q2": 11.245124868396001, "2017Q1": 12.774780943996, "2023Q2": 3.141696634916, "2023Q1": 3.7673249009160004, "2023Q3": 3.01156704, "2016Q4": 0, "2020Q2": 9.173744581555999, "2020Q4": 12.155365119427998, "2020Q1": 10.111486140572001, "2020Q3": 9.263772155964, "2022Q2": 4.376496440236, "2022Q4": 3.021243713024, "2022Q1": 4.928110488916, "2022Q3": 2.802803322812, "2018Q2": 16.348713203076, "2018Q1": 17.34549681276, "2021Q2": 13.533572989688, "2021Q4": 6.558072040943999, "2021Q1": 11.200147176620002, "2021Q3": 6.767550540556, "2019Q2": 11.429456473392001, "2019Q4": 11.263197678787998, "2019Q3": 11.681867463748}