{"2017Q2": 2.010478779424, "2017Q1": 0, "2023Q2": 2.08516936, "2023Q1": 1.96898236, "2023Q3": 1.9829248000000002, "2016Q4": 0, "2020Q2": 1.52960108042, "2020Q4": 1.491988095284, "2020Q1": 1.2509860486639999, "2020Q3": 2.040960826164, "2022Q2": 2.0479895200000002, "2022Q4": 1.4314238400000001, "2022Q1": 2.409927826432, "2022Q3": 1.5708482400000001, "2018Q2": 1.5337288172399999, "2018Q4": 1.1952976908563433, "2018Q3": 1.242681776484, "2021Q2": 2.09827602818, "2021Q4": 2.796806059704, "2021Q1": 1.78393752174, "2021Q3": 1.8994638050000001, "2019Q2": 1.311445890564, "2019Q4": 1.504384163772, "2019Q1": 1.42171990176, "2019Q3": 1.5052733816119999}