{"2017Q2": 0, "2017Q4": 2.443479688628, "2017Q1": 0, "2017Q3": 2.325867616344, "2023Q2": 2.168824, "2023Q1": 2.70948084, "2023Q3": 1.99531808, "2016Q4": 0, "2020Q2": 3.9956016825479996, "2020Q4": 3.21559605948, "2020Q1": 2.6411255492440002, "2020Q3": 3.9216088436359997, "2022Q2": 2.6769486349159997, "2022Q4": 2.7342674, "2022Q1": 2.371870542208, "2022Q3": 3.4267420749159996, "2018Q4": 3.5655839944739838, "2021Q2": 3.4418409628560003, "2021Q4": 3.166617197256, "2021Q1": 3.083025762984, "2021Q3": 2.8341843471, "2019Q2": 2.735671403708, "2019Q4": 2.8661862747159996, "2019Q1": 4.590189274712, "2019Q3": 2.9545663174640002}