{"2017Q2": 2.35054064458, "2017Q1": 2.6868882556440004, "2023Q2": 1.740805198804, "2023Q1": 1.9342281186760002, "2023Q3": 1.7218987200000002, "2016Q4": 0, "2016Q3": 0, "2020Q2": 1.2639174794080001, "2020Q4": 1.6721966380400002, "2020Q1": 1.157535768372, "2020Q3": 1.857310470836, "2022Q2": 2.741710671916, "2022Q4": 1.880249679644, "2022Q1": 2.345833041368, "2022Q3": 2.1996222391600004, "2018Q2": 1.291140759888, "2018Q4": 1.3244302352477761, "2018Q3": 1.1157633694600002, "2021Q2": 1.927880237212, "2021Q4": 2.9624600936160004, "2021Q1": 1.715389757688, "2021Q3": 2.422359404696, "2019Q2": 1.2682125058120002, "2019Q4": 1.25704315364, "2019Q1": 1.4745814502360002, "2019Q3": 1.2215049229880002}