{"2017Q2": 2.9728950999330004, "2017Q1": 0, "2023Q2": 8.7952645, "2023Q1": 8.906316091673, "2023Q3": 7.87055137, "2016Q4": 0, "2020Q2": 6.369434367824001, "2020Q4": 4.146671238995999, "2020Q1": 4.166170582464, "2020Q3": 4.299004413231, "2022Q2": 4.815334208157, "2022Q4": 8.821050278942, "2022Q1": 4.425681397467, "2022Q3": 7.445525780682, "2018Q2": 5.445344814008, "2018Q1": 4.88244498115, "2021Q2": 5.063877731781, "2021Q4": 5.120000718008, "2021Q1": 3.824366269988, "2021Q3": 6.494206249355, "2019Q2": 4.576378329743, "2019Q4": 3.829671993125, "2019Q3": 4.108485266776}