{"2017Q2": 0.49559487392, "2017Q4": 0.510734194936, "2017Q1": 0, "2017Q3": 0.577886872784, "2023Q2": 1.80661335124, "2023Q1": 2.118755613548, "2023Q3": 1.66069952, "2016Q4": 0, "2020Q2": 1.19866332458, "2020Q4": 1.000239475812, "2020Q1": 0.9690141421039999, "2020Q3": 1.1840914608720001, "2022Q2": 1.7512624841039999, "2022Q4": 1.33204832432, "2022Q1": 1.6291270195360001, "2022Q3": 1.353825795936, "2018Q4": 0.6752055292748947, "2021Q2": 1.941438759948, "2021Q4": 2.222891388076, "2021Q1": 1.013123064952, "2021Q3": 2.1308474270119997, "2019Q2": 0.46017240102400003, "2019Q4": 0.9381224974600001, "2019Q1": 0.49545622409999995, "2019Q3": 0.606763060268}