{"2017Q2": 1.4362909, "2017Q1": 0, "2023Q2": 13.254221529999999, "2023Q1": 19.19949757, "2023Q3": 12.55060037, "2016Q4": 0, "2020Q2": 16.64322253, "2020Q4": 14.41777854, "2020Q1": 9.75064002, "2020Q3": 16.3640334, "2022Q2": 22.51749093, "2022Q4": 21.350706300000002, "2022Q1": 26.82636363, "2022Q3": 17.429147999999998, "2018Q2": 2.6256688699999997, "2018Q1": 2.52722646, "2021Q2": 20.76327946, "2021Q4": 25.38684511, "2021Q1": 12.640973729999999, "2021Q3": 27.336327589999996, "2019Q2": 2.83546417, "2019Q4": 9.18419271, "2019Q3": 6.238989459999999}