{"2017Q2": 0, "2017Q1": 0, "2023Q2": 2.47400852, "2023Q1": 2.6514050004239995, "2023Q3": 2.62427704, "2016Q4": 0, "2020Q2": 2.44368526216, "2020Q4": 5.730325334492, "2020Q1": 2.16007202058, "2020Q3": 3.843713515768, "2022Q4": 2.476485781756, "2018Q2": 2.402428342872, "2018Q4": 1.7120063494323836, "2018Q3": 1.620567445788, "2021Q1": 4.242182873992, "2019Q2": 2.128711909952, "2019Q4": 2.401452991736, "2019Q1": 2.469524941128, "2019Q3": 2.2997687629079997}