{"2017Q2": 6.296094058092, "2017Q1": 7.200114431724, "2023Q2": 5.020827559999999, "2023Q1": 6.5214096203839995, "2023Q3": 4.60720184, "2016Q4": 0, "2020Q2": 9.462713424172, "2020Q4": 14.494935830552, "2020Q1": 7.017481945416, "2020Q3": 9.354280279804, "2022Q2": 8.931663544996, "2022Q4": 6.175985979216, "2022Q1": 9.695497486824001, "2022Q3": 6.761972015396, "2018Q2": 13.787974340812, "2018Q1": 19.416407394288, "2021Q2": 12.040676776811999, "2021Q4": 12.273208016552001, "2021Q1": 10.090405481124, "2021Q3": 11.472647209108, "2019Q2": 6.445991554272, "2019Q4": 12.579859436156, "2019Q3": 9.573458225091999}