{"2017Q2": 0, "2023Q2": 1.42756208, "2023Q1": 1.5939321441960002, "2023Q3": 1.5565225200000001, "2016Q4": 0, "2020Q2": 1.882849565674, "2020Q4": 1.4973275786840001, "2020Q1": 1.44259421873, "2020Q3": 1.8135423264140003, "2022Q2": 1.354842337562, "2022Q4": 1.4596286932220002, "2022Q1": 1.44821749373, "2022Q3": 1.4670077796079999, "2018Q2": 2.01688579862, "2018Q4": 1.3662045259086952, "2018Q3": 1.3018081063820002, "2021Q2": 1.4907690405860001, "2021Q4": 1.6712461772860001, "2021Q1": 1.38614703451, "2021Q3": 1.435011944674, "2019Q2": 1.3612818121840002, "2019Q4": 1.685129668376, "2019Q1": 1.502579867488, "2019Q3": 1.543533804428}