{"2023Q2": 0.79692291, "2023Q1": 1.2541737600000002, "2023Q3": 0.7693427, "2020Q2": 1.787068561649, "2020Q4": 1.9386790082450003, "2020Q1": 1.659651184947, "2020Q3": 2.210448881543, "2022Q2": 2.3806076, "2022Q4": 1.4661059, "2022Q1": 2.7443116034040003, "2022Q3": 1.87545428, "2018Q2": 6.206353463086, "2021Q2": 2.048354761649, "2021Q4": 2.812858731543, "2021Q1": 1.787874919894, "2021Q3": 2.2862542500000003, "2019Q2": 2.334640389788, "2019Q4": 1.7830363349470002, "2019Q1": 3.467686948033, "2019Q3": 2.5185086500000002}