{"2023Q2": 2.641317645084, "2023Q3": 2.6645551999999997, "2016Q4": 0, "2020Q2": 2.26527779992, "2020Q4": 2.87550973926, "2020Q1": 2.109334087176, "2020Q3": 2.5499517513520003, "2018Q2": 3.2450328879679997, "2018Q4": 2.1601855484158765, "2021Q1": 2.088113693496, "2019Q2": 2.318326770212, "2019Q4": 2.4302875068159997, "2019Q1": 2.718570691216, "2019Q3": 2.410880869664}