{"2023Q2": 2.727537755159, "2023Q1": 2.535912633464, "2023Q3": 2.53592773, "2020Q2": 2.234542662681, "2020Q4": 1.814925009226, "2020Q1": 2.223960861899, "2020Q3": 2.027100000233, "2022Q2": 2.015390894657, "2022Q4": 2.231429292449, "2022Q1": 2.7061520603250004, "2022Q3": 1.873298523691, "2018Q2": 0, "2021Q2": 1.7147185580280002, "2021Q4": 3.411931666451, "2021Q1": 1.7313170542010001, "2021Q3": 2.4905192367790003, "2019Q2": 0, "2019Q4": 2.6145512152830004, "2019Q1": 0, "2019Q3": 2.585146356653}