{"2017Q2": 0, "2023Q2": 2.2118215, "2023Q1": 2.7141674000000005, "2023Q3": 1.8294388, "2016Q4": 0, "2020Q2": 1.271849996354, "2020Q4": 1.2731094600000001, "2020Q1": 1.339104065446, "2020Q3": 1.424563, "2022Q2": 1.36608094, "2022Q4": 2.0618675, "2022Q1": 1.5805151599999998, "2022Q3": 1.52503218, "2018Q2": 2.497496016274, "2018Q4": 1.672926855120024, "2018Q3": 1.862337657922, "2021Q2": 1.42606254, "2021Q4": 1.38257588, "2021Q1": 1.1096596, "2021Q3": 1.4575528800000002, "2019Q2": 1.9114247999140002, "2019Q4": 1.5513282633940002, "2019Q1": 1.801350466398, "2019Q3": 1.642494747096}