{"2023Q2": 2.70794045901, "2023Q1": 2.9671266000000003, "2023Q3": 2.5966333, "2020Q2": 2.7019065065400003, "2020Q4": 3.62136720262, "2020Q1": 2.31152741594, "2020Q3": 2.79702326735, "2022Q2": 3.8893844409900002, "2022Q4": 2.6729579409900004, "2022Q1": 3.1802, "2022Q3": 3.14521795901, "2021Q2": 2.75087284099, "2021Q4": 5.525597500000001, "2021Q1": 3.43806953819, "2021Q3": 3.22631305901, "2019Q4": 2.8116366043700003}