{"2023Q2": 2.1438919800000003, "2023Q1": 2.184778260576, "2023Q3": 2.06470188, "2016Q4": 0, "2020Q2": 2.8207235734740004, "2020Q4": 2.625307747506, "2020Q1": 2.2702243784759997, "2020Q3": 3.332847389994, "2022Q2": 2.246479442964, "2022Q4": 1.8061581540059999, "2022Q1": 1.949670628704, "2022Q3": 1.8159742708379998, "2018Q2": 2.577243100338, "2018Q4": 1.8977805602054458, "2021Q2": 2.298022695252, "2021Q4": 2.658766860594, "2021Q1": 1.9757194201980002, "2021Q3": 2.216786611032, "2019Q2": 2.5937813048039997, "2019Q4": 2.537857976094, "2019Q1": 2.093134581468, "2019Q3": 2.6017702900560002}