{"2017Q2": 0, "2023Q2": 2.26280586, "2023Q1": 2.163621485872, "2023Q3": 1.78295306, "2020Q2": 0.93326496095, "2020Q4": 1.8117073393160001, "2020Q1": 0.8920106661480001, "2020Q3": 2.184103402824, "2022Q2": 2.0612125009280002, "2022Q4": 1.925288047214, "2022Q1": 2.009077243978, "2022Q3": 2.18689614612, "2018Q2": 1.748493180938, "2018Q4": 2.338363939772539, "2018Q3": 1.55283215206, "2021Q2": 2.0407307339300003, "2021Q4": 2.446642566116, "2021Q1": 1.5882695812479999, "2021Q3": 1.780053549456, "2019Q2": 1.1872083111, "2019Q4": 1.06344527674, "2019Q1": 1.3460890727200001, "2019Q3": 1.13036899717}