{"2023Q2": 5.35539017481, "2023Q1": 5.43782970436, "2023Q3": 5.0962705, "2020Q2": 3.4135891536400003, "2020Q4": 6.221160031320001, "2020Q1": 4.47450101146, "2020Q3": 5.69878499061, "2022Q4": 6.02441807139, "2019Q4": 5.24277038825}