{"2023Q2": 2.2499645000000004, "2023Q1": 2.0480531212470003, "2023Q3": 2.8247941400000003, "2020Q2": 1.9845923644680001, "2020Q4": 2.610546568791, "2020Q1": 1.070179937253, "2020Q3": 2.5845853171180004, "2022Q2": 1.9817076196610002, "2022Q4": 2.1807438341010004, "2022Q1": 1.975938565524, "2022Q3": 1.8461323071590001, "2018Q2": 2.8759281396580003, "2021Q2": 3.011503307001, "2021Q4": 2.2918003399130003, "2021Q1": 3.3432303794540004, "2021Q3": 2.466317602504, "2019Q2": 1.169697899314, "2019Q4": 1.3687341137540001, "2019Q1": 1.729787513818, "2019Q3": 1.3586380149860002}