{"2023Q2": 1.74846426, "2023Q1": 1.8678903279799999, "2023Q3": 2.2237326, "2020Q4": 1.093375309392, "2020Q3": 1.21542901539, "2022Q2": 1.2148491008100002, "2022Q4": 1.61659764353, "2022Q1": 1.0781500081820001, "2022Q3": 1.324489437272, "2021Q2": 1.0394412186639999, "2021Q4": 0.9927630366019999, "2021Q1": 1.241542757872, "2021Q3": 0.926161663864, "2019Q3": 0}