{"2023Q2": 2.244927773018, "2023Q1": 1.9835906222090003, "2023Q3": 2.3370599000000003, "2020Q2": 1.6492231075460002, "2020Q4": 1.547784401597, "2020Q1": 1.6492231075460002, "2020Q3": 1.939428319003, "2022Q2": 1.6494219753760002, "2022Q4": 1.6522781238600002, "2022Q1": 1.8719971732560001, "2022Q3": 1.4851938730229999, "2018Q2": 4.562223404214, "2021Q2": 1.716937168184, "2021Q4": 1.5858408817860001, "2021Q1": 1.3658085792680001, "2021Q3": 1.5393229383280003, "2019Q2": 2.3350963342070004, "2019Q4": 1.979458380956, "2019Q1": 2.4733162985300003, "2019Q3": 2.132851815549}