{"2023Q2": 3.2253094395860002, "2023Q1": 3.3993575070760005, "2023Q3": 3.03434654, "2022Q2": 3.9468298676940003, "2022Q4": 4.54877050388, "2022Q1": 4.7204914901479995, "2022Q3": 2.9803735046100006, "2021Q2": 9.777865231994001, "2021Q4": 5.5985936074580005, "2021Q3": 4.851654454172}