{"2023Q2": 3.249847265342, "2023Q1": 3.265575740556, "2023Q3": 4.37334078, "2020Q2": 1.756840900828, "2020Q4": 1.564298214276, "2020Q3": 1.756840900828, "2022Q2": 3.4285994669079995, "2022Q4": 2.694316712682, "2022Q1": 3.4554904984059998, "2022Q3": 2.6827467627719996, "2021Q2": 1.8178300375779999, "2021Q4": 4.02288996947, "2021Q1": 1.381515824392, "2021Q3": 3.8032805329420003}