{"2023Q2": 1.963008, "2023Q1": 1.9751588741120003, "2023Q3": 2.03716608, "2020Q4": 2.3431775068160006, "2020Q3": 2.663867871232, "2022Q2": 1.885184038912, "2022Q4": 1.8394827407360002, "2022Q1": 1.9023221166080002, "2022Q3": 1.746651656192, "2021Q2": 2.0165757255680004, "2021Q4": 2.057992577024, "2021Q1": 1.902762702848, "2021Q3": 1.9908686090240002}