{"2023Q2": 1.4136, "2023Q1": 1.5162862848, "2023Q3": 1.260336, "2020Q4": 1.7802946848, "2022Q2": 1.1416569887999999, "2022Q4": 1.1490606816, "2022Q1": 1.3703112527999999, "2022Q3": 1.0024666415999999, "2021Q2": 1.5085187759999998, "2021Q4": 1.7364138623999998, "2021Q3": 2.3627577023999997}