{"2023Q2": 10.399631851199999, "2023Q1": 8.600749367999999, "2023Q3": 6.996576, "2020Q2": 0, "2020Q1": 0, "2022Q2": 6.8592017568, "2022Q4": 6.5917286976, "2022Q1": 7.409767559999999, "2022Q3": 6.2633309664, "2021Q2": 9.2614683888}