{"2023Q2": 3.18656055901, "2023Q1": 3.35681972146, "2023Q3": 3.7319647000000002, "2020Q4": 7.354050468810001, "2022Q2": 3.5442726352100005, "2022Q4": 3.8514432239, "2022Q1": 3.5907797210000005, "2022Q3": 2.60858465061, "2021Q2": 5.6535671578999995, "2021Q4": 5.16086878953, "2021Q1": 5.631270139660001, "2021Q3": 5.23882709926}