{"2023Q2": 3.114384, "2023Q1": 3.6472631375999995, "2023Q3": 3.0905759999999995, "2020Q4": 8.520440966399999, "2022Q2": 4.7988744, "2022Q4": 3.2283606336, "2022Q1": 4.487944747199999, "2022Q3": 3.5170037663999993, "2021Q2": 9.6697488048, "2021Q4": 6.7466805359999995, "2021Q1": 5.7223273488, "2021Q3": 6.810160550399999}