{"2023Q2": 3.339045060414, "2023Q1": 3.4048434820560005, "2023Q3": 3.4920961800000003, "2022Q4": 3.053149940396, "2022Q3": 3.097987219704, "2021Q2": 4.536380653348, "2021Q3": 3.4117274188200004}