{"2023Q2": 4.61065517, "2023Q1": 4.991909067926, "2023Q3": 4.03291119, "2020Q2": 4.83428566313, "2020Q4": 3.7260334376869997, "2020Q1": 3.783139556966, "2020Q3": 4.61278701301, "2022Q2": 4.996821021423, "2022Q4": 5.705389477359, "2022Q3": 4.305444806179, "2021Q1": 3.104775007609, "2019Q2": 0, "2019Q4": 0}