{"2023Q2": 0.8733750800000001, "2023Q1": 0.8705554264660001, "2023Q3": 0.92111584, "2022Q2": 0.967273572564, "2022Q4": 0.8327051477980001, "2022Q1": 1.009268030028, "2022Q3": 0.8214902816180001, "2021Q2": 1.7034494310940003, "2021Q4": 1.195443654698, "2021Q3": 1.147849908156}