{"2023Q2": 2.480496, "2023Q1": 2.740896, "2023Q3": 2.4819839999999997, "2020Q2": 0, "2022Q2": 3.4759681488, "2022Q4": 2.5206721487999997, "2022Q1": 2.455811568, "2022Q3": 2.5459681487999997, "2021Q2": 3.5793564719999997}