{"2023Q2": 1.99263882, "2023Q1": 2.021621613562, "2023Q3": 2.18013, "2020Q2": 2.214509487364, "2020Q4": 3.41484589879, "2020Q3": 2.376591833582, "2022Q2": 2.15334201598, "2022Q4": 2.078891448532, "2022Q1": 2.054001340348, "2022Q3": 2.157637308106, "2021Q2": 2.87429211252, "2021Q4": 2.361727125874, "2021Q1": 3.693627551726, "2021Q3": 2.155017663898}