{"2023Q2": 5.110734917134001, "2023Q1": 5.728846891922001, "2023Q3": 4.4218119, "2020Q4": 4.665466927836, "2022Q2": 6.1736331235919994, "2022Q4": 5.822656404994001, "2022Q1": 6.134823947318001, "2022Q3": 4.504471932444, "2021Q2": 4.131462049902, "2021Q4": 6.818046817318001, "2021Q1": 4.905324572016, "2021Q3": 4.106892410874, "2019Q4": 0, "2014Q4": 0}