{"2023Q2": 2.1769439999999998, "2023Q1": 2.3414092176, "2023Q3": 2.275152, "2020Q4": 4.639281489599999, "2022Q2": 2.1161596464, "2022Q4": 1.8968378208, "2022Q1": 2.3910305951999997, "2022Q3": 1.8019959744, "2021Q2": 3.5931997823999997, "2021Q4": 2.8597732128, "2021Q1": 4.051825934399999, "2021Q3": 2.8642089408}