{"2023Q2": 7.0628242000000006, "2023Q1": 7.874664248640001, "2023Q3": 6.27510166, "2022Q2": 4.482588611604, "2022Q4": 8.743245594680001, "2022Q1": 3.510456293398, "2022Q3": 7.854810972766, "2021Q4": 5.5539912407720005, "2021Q3": 5.167959876654}