{"2023Q2": 1.1008457600000001, "2023Q1": 1.1162913, "2023Q3": 1.1766693200000002, "2020Q4": 0, "2022Q2": 1.1443741, "2022Q4": 1.0446801600000002, "2022Q1": 1.2952391140200001, "2022Q3": 1.0601257, "2021Q4": 1.70926804684, "2021Q3": 1.7484328813760002}