{"2023Q2": 8.459943500000001, "2023Q1": 10.019436426288001, "2023Q3": 7.1119691000000005, "2020Q4": 11.40184567482, "2020Q3": 0, "2022Q4": 9.174810972373999, "2022Q3": 11.659742945308, "2021Q4": 21.150687894670003}