{"2023Q2": 2.2379519999999995, "2023Q1": 2.4105601487999997, "2023Q3": 2.554896, "2020Q4": 0, "2020Q3": 0, "2022Q4": 2.011776, "2022Q1": 2.5379140511999996, "2022Q3": 2.065344, "2021Q4": 3.1753503359999997}