{"2023Q2": 2.962608, "2023Q1": 3.0842436671999995, "2022Q2": 2.743020864, "2022Q4": 2.9003951664, "2022Q1": 3.2437904495999996, "2022Q3": 2.615062536, "2021Q4": 3.7805325839999995}