{"2021Q4": 0, "2021Q3": 0, "2023Q3": 20.833529239999997, "2022Q4": 8.291707839999999}