{"2023Q3": 2.66456232, "2022Q4": 2.467187947413}