{"2021Q4": 0, "2021Q3": 0, "2023Q2": 4.842801320861, "2023Q3": 5.0991682, "2022Q4": 4.974177163703999}