{"2022Q3": 1.688350427814, "2022Q4": 2.14220825196, "2022Q1": 1.3203667120259999, "2022Q2": 1.30478302527, "2020Q3": 1.16662905774, "2020Q4": 1.4786345195339998, "2020Q1": 0.7869018900299999, "2020Q2": 1.164402245166, "2023Q3": 2.4952752, "2023Q1": 2.58093733599, "2023Q2": 2.726171583888, "2016Q3": 1.84882642785, "2016Q4": 1.808370770478, "2016Q1": 1.430846943372, "2016Q2": 1.4770656152519999, "2015Q3": 1.525209650298, "2015Q4": 1.509803531358, "2015Q1": 1.9501661699819999, "2015Q2": 1.9501661699819999, "2019Q3": 1.40632134972, "2019Q4": 1.40632134972, "2019Q1": 1.3421508741000001, "2019Q2": 1.316416426734, "2018Q3": 1.512394238232, "2018Q4": 1.371844459944, "2018Q1": 1.644244485282, "2018Q2": 1.611706821312, "2013Q3": 1.0449601006140001, "2013Q4": 1.284633394476, "2013Q1": 1.09027017096, "2013Q2": 0.969915738672, "2014Q3": 1.8634920927779999, "2014Q4": 1.8129320831340001, "2014Q1": 1.8573008487179998, "2014Q2": 1.6870485683879999, "2012Q3": 1.1049896796419998, "2012Q4": 1.122836694426, "2012Q1": 0.865711912104, "2012Q2": 0.99818742723, "2017Q3": 1.729482109428, "2017Q4": 1.7049819726239999, "2017Q1": 1.937829208032, "2017Q2": 1.901419015578, "2021Q3": 1.259448695304, "2021Q4": 1.326033570222, "2021Q1": 1.565453398314, "2021Q2": 1.3538323222139999, "2011Q4": 0.79485321678}