{"2022Q3": 4.108314914148, "2022Q4": 4.368916761642, "2022Q1": 9.155361117203999, "2022Q2": 5.723974289184, "2020Q3": 1.303300793994, "2020Q4": 1.5128395440359999, "2020Q1": 1.0540468720979999, "2020Q2": 1.3473217333379999, "2023Q3": 9.640836, "2023Q1": 6.024506210958, "2023Q2": 6.647766, "2015Q1": 1.807291374918, "2015Q2": 1.507400285184, "2019Q3": 1.678344720828, "2019Q4": 1.634789125104, "2019Q1": 1.27461445497, "2019Q2": 1.381905113394, "2013Q3": 1.231794902418, "2013Q4": 1.566031974498, "2013Q1": 1.218096125124, "2013Q2": 1.089224896398, "2014Q3": 1.3683776972339998, "2014Q4": 1.4656933985279998, "2014Q1": 1.656163331106, "2014Q2": 1.55476564944, "2012Q3": 1.6241279042819998, "2012Q4": 1.3540284785699999, "2012Q1": 1.593345313548, "2012Q2": 1.399284106548, "2021Q3": 3.446371837764, "2021Q4": 7.16245951569, "2021Q1": 1.548505659288, "2021Q2": 2.261828751978, "2011Q4": 0.98222254938}