{"2022Q3": 0.6332706, "2022Q4": 0.645873, "2022Q1": 1.069628731506, "2022Q2": 0.723062731506, "2020Q3": 0.7293639, "2020Q4": 0.9861377684939999, "2020Q1": 0.3890991, "2020Q2": 0.693132, "2023Q3": 0.5529303, "2023Q1": 0.6805296000000001, "2023Q2": 0.6017646, "2016Q3": 0.819457858986, "2016Q4": 0.7847979823619999, "2016Q1": 1.18586189544, "2016Q2": 0.8268849258959999, "2015Q3": 0.772419432492, "2015Q4": 0.9308644927559999, "2015Q1": 1.10953199418, "2015Q2": 0.7529804825399999, "2019Q3": 0.66596421867, "2019Q4": 0.5639573999999999, "2019Q1": 0.670915575606, "2019Q2": 0.46394680148999995, "2018Q3": 0.62387724363, "2018Q4": 0.552081811914, "2018Q1": 0.7575652671659999, "2018Q2": 0.792225049272, "2013Q3": 1.477855596696, "2013Q4": 1.35579076668, "2013Q1": 1.3658966942519999, "2013Q2": 1.24172439639, "2014Q3": 1.264350461796, "2014Q4": 1.231510182696, "2014Q1": 1.4364407391540002, "2014Q2": 1.4211826669079999, "2012Q3": 1.494140544, "2012Q4": 1.355718523422, "2012Q1": 1.83677333496, "2012Q2": 1.306491721674, "2017Q3": 0.918486005898, "2017Q4": 0.83926344426, "2017Q1": 0.814506439038, "2017Q2": 0.787273692336, "2021Q3": 0.817580731506, "2021Q4": 1.321676731506, "2021Q1": 0.9530565, "2021Q2": 0.864839731506, "2011Q4": 1.1508653457}