{"2022Q3": 1.0239449999999999, "2022Q4": 0.856963231506, "2022Q1": 0.7419662684939999, "2022Q2": 0.7624451684939999, "2020Q3": 1.4461253369879998, "2020Q4": 0.803402936988, "2020Q1": 0.196912468494, "2020Q2": 0.277252768494, "2023Q3": 1.3988664, "2023Q1": 1.200378536988, "2023Q2": 1.244487, "2016Q3": 0.316635268494, "2016Q4": 0.330812968494, "2016Q1": 0.392249668494, "2016Q2": 0.378071968494, "2015Q3": 0.393824968494, "2015Q4": 0.488342968494, "2015Q1": 0.6868307684939999, "2015Q2": 0.538752536988, "2019Q3": 0.441083968494, "2019Q4": 0.28827986849399995, "2019Q1": 0.385948468494, "2019Q2": 0.37019546849400004, "2018Q3": 0.395400268494, "2018Q4": 0.389099068494, "2018Q1": 0.401701468494, "2018Q2": 0.362318968494, "2013Q3": 0.693131936988, "2013Q4": 0.8774420369879999, "2013Q1": 2.000630873976, "2013Q2": 0.819155936988, "2014Q3": 0.8553879, "2014Q4": 0.771896936988, "2014Q1": 0.748267436988, "2014Q2": 1.228734, "2012Q3": 1.7564593739760002, "2012Q4": 2.410209, "2012Q1": 3.182106, "2012Q2": 2.331444, "2017Q3": 0.428481568494, "2017Q4": 0.378071968494, "2017Q1": 0.367044868494, "2017Q2": 0.423755668494, "2021Q3": 0.6458729369880001, "2021Q4": 0.6269693999999999, "2021Q1": 0.661625936988, "2021Q2": 0.614366936988, "2011Q4": 2.2763085}