{"2022Q3": 0.7653221703900001, "2022Q4": 0.7591873535760001, "2022Q1": 0.876532553286, "2022Q2": 0.811096985742, "2020Q3": 1.034899226622, "2020Q4": 0.977488646856, "2020Q1": 0.7815913646939999, "2020Q2": 0.883019166096, "2010Q4": 0.6153530747879999, "2023Q3": 1.1263395, "2023Q1": 0.9110248179899999, "2023Q2": 1.20549737982, "2016Q3": 0.557411839464, "2016Q4": 0.458966711082, "2016Q1": 0.610816777896, "2016Q2": 0.56999095653, "2015Q3": 0.36586191271199997, "2015Q4": 0.563710046394, "2015Q1": 0.6003008627459999, "2015Q2": 0.517249502952, "2019Q3": 0.7666754791139999, "2019Q4": 0.915834145878, "2019Q1": 0.7646714139599999, "2019Q2": 0.7402823043, "2018Q3": 0.78475664649, "2018Q4": 0.760367505324, "2018Q1": 0.815464378968, "2018Q2": 0.7262512017180001, "2013Q3": 0.355968304074, "2013Q4": 0.325825789236, "2013Q1": 0.349942151454, "2013Q2": 0.335944476738, "2014Q3": 0.660039546876, "2014Q4": 0.5667889072319999, "2014Q1": 0.394722857988, "2014Q2": 0.536823078042, "2012Q4": 0.341543565528, "2017Q3": 0.578491873944, "2017Q4": 0.6983720464140001, "2017Q1": 0.449654293626, "2017Q2": 0.48823414677, "2021Q3": 0.85979322645, "2021Q4": 0.91001126997, "2021Q1": 1.06813673337, "2021Q2": 0.894394627938, "2011Q3": 0.456489268278, "2011Q4": 0.358670101104, "2011Q1": 0.556042053102, "2011Q2": 0.54492115974}