{"2022Q3": 0.738815731506, "2022Q4": 0.723062731506, "2022Q1": 0.8665719628919999, "2022Q2": 0.86499927789, "2020Q3": 0.44167517858399996, "2020Q4": 0.5649697192859999, "2020Q1": 0.366221270148, "2020Q2": 0.50374738611, "2023Q3": 0.6868308, "2023Q1": 0.730939231506, "2023Q2": 0.6978578999999999, "2016Q3": 0.5792707022639999, "2016Q4": 0.54669557766, "2019Q3": 0.565556896608, "2019Q4": 0.565556896608, "2019Q1": 0.494689316592, "2019Q2": 0.45108444548399995, "2018Q3": 0.46160974942199995, "2018Q4": 0.463113373272, "2018Q1": 0.54843344862, "2018Q2": 0.53221636524, "2013Q3": 0.881836903446, "2013Q4": 0.84846319626, "2013Q1": 0.636368868534, "2013Q2": 0.633813322356, "2014Q3": 0.689849137812, "2014Q1": 0.829209123516, "2014Q2": 0.8009697916199999, "2012Q3": 0.604422824232, "2012Q4": 0.637646751894, "2012Q1": 0.708345050172, "2012Q2": 0.552942839388, "2017Q3": 0.54401063634, "2017Q4": 0.535164885756, "2017Q1": 0.58351963293, "2017Q2": 0.569356551714, "2021Q3": 0.662117619624, "2021Q4": 0.976662811584, "2021Q1": 0.630518645418, "2021Q2": 0.5930621387039999, "2011Q4": 0.638474351502}