{"2022Q3": 0.8490867, "2022Q4": 0.86137404, "2022Q1": 1.04977992, "2022Q2": 0.90831798, "2020Q3": 1.06238232, "2020Q4": 1.14398286, "2020Q1": 0.4678641, "2020Q2": 0.6893512799999999, "2023Q3": 2.4354138, "2023Q1": 1.35570318, "2023Q2": 2.35003254, "2016Q3": 0.6726531, "2016Q4": 0.6017646, "2016Q1": 0.44675507999999997, "2016Q2": 0.6285447, "2015Q3": 0.3008823, "2015Q4": 0.43415267999999996, "2015Q1": 0.43698822, "2015Q2": 0.31253952, "2019Q3": 0.6427223999999999, "2019Q4": 0.67044768, "2019Q1": 0.65154408, "2019Q2": 0.582861, "2018Q3": 0.63264048, "2018Q4": 0.5497797, "2018Q1": 0.7006934399999999, "2018Q2": 0.74637714, "2013Q3": 0.18809082, "2013Q4": 0.2914305, "2013Q1": 0.16477638, "2013Q2": 0.18620046, "2014Q3": 0.29395098, "2014Q4": 0.32734734, "2014Q1": 0.27756786, "2014Q2": 0.28575942, "2012Q3": 0.16698179999999999, "2012Q4": 0.1449276, "2012Q1": 0.19313178, "2012Q2": 0.15626976, "2017Q3": 0.6940771800000001, "2017Q4": 0.78071868, "2017Q1": 0.6291748199999999, "2017Q2": 0.5844363, "2021Q3": 1.0775052, "2021Q4": 1.10271, "2021Q1": 1.46912478, "2021Q2": 1.4562073199999999, "2011Q4": 0.15847518}