{"2022Q3": 5.44908, "2022Q4": 10.395168, "2022Q1": 6.989493, "2022Q2": 7.398174, "2020Q3": 3.7619610000000003, "2020Q4": 3.3951960000000003, "2020Q1": 3.4266330000000003, "2020Q2": 3.814356, "2010Q4": 5.018745770745, "2023Q1": 6.737997, "2016Q3": 5.6681617075020005, "2016Q4": 5.721534, "2016Q1": 6.021123779181, "2016Q2": 6.135317623302001, "2015Q3": 7.009347068787, "2015Q4": 5.346342752268001, "2015Q1": 7.720440345660001, "2015Q2": 6.958554873753, "2019Q3": 5.187105, "2019Q4": 3.6466920000000003, "2019Q1": 4.904172, "2019Q2": 5.417643, "2018Q3": 7.062846, "2018Q4": 6.91614, "2018Q1": 8.121225, "2018Q2": 7.869729, "2013Q3": 8.898493182831, "2013Q4": 8.036702245278, "2013Q1": 12.425824741113, "2013Q2": 10.471763066373, "2014Q3": 7.836285617307, "2014Q4": 7.425844470156001, "2014Q1": 7.455494465328, "2014Q2": 7.665931511301, "2012Q3": 7.838009297538001, "2012Q4": 10.020825813243, "2012Q1": 9.051263757375, "2012Q2": 8.810539048122001, "2017Q3": 5.889198, "2017Q4": 9.158646000000001, "2017Q1": 5.65866, "2017Q2": 5.480517, "2021Q3": 9.556848, "2021Q4": 7.702065, "2021Q1": 3.856272, "2021Q2": 3.185616, "2011Q3": 6.050638176093, "2011Q4": 9.417165947952, "2011Q1": 4.971841630518001, "2011Q2": 6.378967168161}