{"2022Q3": 24.502301040000003, "2022Q4": 24.5011896, "2022Q1": 22.66751568, "2022Q2": 23.801386559999997, "2020Q3": 23.72500032, "2020Q4": 22.756026719999998, "2020Q1": 21.377841120000003, "2020Q2": 23.90272968, "2010Q3": 3.73817688, "2010Q4": 4.041195839999999, "2010Q1": 3.42515496, "2010Q2": 3.57691704, "2023Q1": 25.264647840000002, "2023Q2": 28.114683120000002, "2016Q3": 29.2975584, "2016Q4": 28.102457280000003, "2016Q1": 24.984666, "2016Q2": 31.253894879999997, "2015Q3": 23.77390368, "2015Q4": 22.454826479999998, "2015Q1": 18.95571024, "2015Q2": 25.66900992, "2019Q3": 22.685702879999997, "2019Q4": 27.31889208, "2019Q1": 25.64506344, "2019Q2": 21.31671192, "2018Q3": 35.76482568, "2018Q4": 26.50087224, "2018Q1": 35.81595192, "2018Q2": 44.572987680000004, "2013Q3": 8.91061656, "2013Q4": 8.883234719999999, "2013Q1": 8.8495884, "2013Q2": 7.7318839200000005, "2014Q3": 14.67727248, "2014Q4": 14.51773032, "2014Q1": 9.38328168, "2014Q2": 12.77509344, "2012Q3": 4.74594984, "2012Q4": 4.90872528, "2012Q1": 4.79374176, "2012Q2": 4.741302, "2017Q3": 25.91756832, "2017Q4": 32.38877616, "2017Q1": 27.652223040000003, "2017Q2": 25.31142936, "2009Q4": 0, "2021Q3": 26.2213956, "2021Q4": 23.65558584, "2021Q1": 23.469975360000003, "2021Q2": 23.607187680000003, "2011Q3": 4.75969128, "2011Q4": 4.84375656, "2011Q1": 4.48779264, "2011Q2": 4.7913168}