{"2022Q3": 1.06899858, "2022Q4": 0.98487756, "2022Q1": 2.01701412, "2022Q2": 1.26780144, "2020Q3": 1.0797106200000002, "2020Q4": 1.66572222, "2020Q1": 0.78197892, "2020Q2": 1.055451, "2023Q3": 1.1720232000000002, "2023Q1": 1.04883474, "2023Q2": 1.16666718, "2016Q3": 0.61468206, "2016Q4": 0.5608068, "2016Q1": 0.27000642, "2016Q2": 0.49810986, "2015Q3": 0.20447394, "2015Q4": 0.26339016, "2015Q1": 0.33301842, "2015Q2": 0.23787029999999998, "2019Q3": 1.10554554, "2019Q4": 1.0693136399999998, "2019Q1": 1.18431054, "2019Q2": 1.1625714, "2018Q3": 0.90453726, "2018Q4": 0.85003188, "2018Q1": 0.92029026, "2018Q2": 0.89540052, "2013Q3": 0.16414626, "2013Q4": 0.16099566, "2013Q1": 0.15626976, "2013Q2": 0.16729686, "2014Q3": 0.30623832, "2014Q4": 0.29647146, "2014Q1": 0.3528672, "2014Q2": 0.41713944, "2012Q3": 0.18084444, "2012Q4": 0.141777, "2012Q1": 0.18620046, "2012Q2": 0.14839326, "2017Q3": 0.8913047399999999, "2017Q4": 0.9057975, "2017Q1": 0.8109644399999999, "2017Q2": 0.8059234799999999, "2021Q3": 1.8399504, "2021Q4": 1.66005114, "2021Q1": 2.08128636, "2021Q2": 1.93415334, "2011Q4": 0.16068059999999998}