{"2022Q1": 21.57116972, "2020Q3": 41.216953280000006, "2020Q4": 36.66021232, "2020Q1": 48.40721748, "2020Q2": 40.5375716, "2008Q4": 6.5915862, "2010Q3": 7.95544068, "2010Q4": 7.771877520000001, "2010Q1": 7.64497664, "2010Q2": 7.373355960000001, "2023Q3": 43.32166, "2023Q1": 21.42927832, "2023Q2": 32.90372, "2016Q3": 19.66661944, "2016Q4": 24.01000476, "2016Q1": 14.670439400000001, "2016Q2": 14.201302120000001, "2015Q3": 13.718022840000001, "2015Q4": 15.480681720000002, "2015Q1": 22.653598400000003, "2015Q2": 14.97656656, "2019Q3": 41.70183532, "2019Q4": 43.04362828000001, "2019Q1": 20.306214960000002, "2019Q2": 29.819066960000004, "2018Q3": 15.84488536, "2018Q4": 17.64978168, "2018Q1": 23.20381648, "2018Q2": 23.453941320000002, "2013Q3": 22.785778960000002, "2013Q4": 20.0071588, "2013Q1": 12.68612824, "2013Q2": 16.99698696, "2014Q3": 18.05622276, "2014Q4": 19.59119544, "2014Q1": 17.10154348, "2014Q2": 17.51665832, "2012Q3": 13.727639400000001, "2012Q4": 14.73888668, "2012Q1": 10.042705600000001, "2012Q2": 10.65005736, "2017Q3": 28.199807960000005, "2017Q4": 19.768818960000004, "2017Q1": 23.403312960000004, "2017Q2": 29.935125640000003, "2009Q3": 6.058149960000001, "2009Q4": 7.72256908, "2009Q2": 6.74394268, "2021Q3": 26.983784520000004, "2021Q1": 31.24080936, "2021Q2": 34.35968604, "2011Q3": 10.681358320000001, "2011Q4": 13.120287640000003, "2011Q1": 7.971185440000001, "2011Q2": 9.525579800000001}