{"2022Q1": 20.175303279999998, "2020Q3": 14.888486719999998, "2020Q4": 16.4246496, "2020Q1": 11.27209648, "2020Q2": 14.0797268, "2023Q3": 60.62642399999999, "2023Q1": 47.92332544, "2023Q2": 57.30856, "2016Q3": 10.10424096, "2016Q4": 10.47760256, "2016Q1": 6.81564264, "2016Q2": 7.556903999999999, "2015Q4": 8.652043679999998, "2019Q3": 13.40172496, "2019Q4": 9.73332496, "2019Q1": 9.987178239999999, "2019Q2": 9.89970728, "2018Q3": 9.298415760000001, "2018Q4": 10.5829264, "2018Q1": 12.667066719999998, "2018Q2": 13.833862479999999, "2017Q3": 16.4421764, "2017Q4": 13.061868079999998, "2017Q1": 10.889033999999999, "2017Q2": 13.86581832, "2021Q3": 20.765997199999997, "2021Q1": 19.85982088, "2021Q2": 19.709579520000002}