{"2022Q3": 8.39916329, "2022Q4": 9.10538272, "2022Q1": 6.711939359999999, "2022Q2": 6.41307037, "2020Q3": 7.61643589, "2020Q4": 7.5214497399999996, "2020Q1": 9.5785487, "2020Q2": 10.21469638, "2023Q1": 9.05441201, "2016Q3": 8.64239012, "2016Q4": 9.09417124, "2016Q1": 8.369888869999999, "2016Q2": 9.32327991, "2015Q3": 8.47753984, "2015Q4": 7.678099029999999, "2015Q1": 7.55446132, "2015Q2": 6.93149751, "2019Q3": 9.62661273, "2019Q4": 10.18189242, "2019Q1": 9.2640044, "2019Q2": 9.60823836, "2018Q3": 10.23535457, "2018Q4": 9.91790359, "2018Q1": 10.38058476, "2018Q2": 11.61343232, "2013Q3": 6.0148552099999995, "2013Q4": 6.5020355400000005, "2013Q1": 6.122817609999999, "2013Q2": 6.1467977199999995, "2014Q3": 7.649862709999999, "2014Q4": 7.78419285, "2014Q1": 6.81076648, "2014Q2": 8.09583047, "2012Q3": 6.43227522, "2012Q4": 7.11887456, "2012Q1": 5.99014843, "2012Q2": 6.3998865, "2017Q3": 9.194244079999999, "2017Q4": 9.41805844, "2017Q1": 8.06313032, "2017Q2": 8.31217051, "2021Q3": 7.80723867, "2021Q4": 7.12894413, "2021Q1": 6.8255075, "2021Q2": 7.710591559999999, "2011Q4": 5.660863109999999}