{"2022Q3": 3.3802912800000007, "2022Q4": 3.6759442, "2022Q1": 4.02254236, "2022Q2": 3.88569364, "2020Q3": 3.82174564, "2020Q4": 3.8736501000000003, "2020Q1": 3.91553604, "2020Q2": 3.7801794400000004, "2023Q1": 3.7606753000000004, "2016Q3": 3.8180153400000005, "2016Q4": 3.6441833600000004, "2016Q1": 3.7160182800000006, "2016Q2": 3.7976585600000003, "2015Q3": 3.5616904400000005, "2015Q4": 3.4097073600000005, "2015Q1": 3.7748504400000003, "2015Q2": 4.038635940000001, "2019Q3": 3.90445172, "2019Q4": 3.7697346, "2019Q1": 3.8113008000000006, "2019Q2": 3.9252348200000005, "2018Q3": 3.60336322, "2018Q4": 3.29342858, "2018Q1": 3.67573104, "2018Q2": 3.8305917800000007, "2013Q3": 2.8920483000000003, "2013Q4": 3.01376266, "2013Q1": 2.7803524600000005, "2013Q2": 2.79058414, "2014Q3": 3.90679648, "2014Q4": 3.6226542, "2014Q1": 3.2065658800000003, "2014Q2": 3.4805830600000003, "2012Q4": 3.3993691, "2017Q3": 3.5826867, "2017Q4": 3.54144024, "2017Q1": 3.5929183800000004, "2017Q2": 3.61338174, "2021Q3": 3.91553604, "2021Q4": 3.7803926000000003, "2021Q1": 4.062083540000001, "2021Q2": 4.09352464}