{"2022Q3": 0.773942432532, "2022Q4": 0.726433085856, "2022Q1": 0.732830883252, "2022Q2": 0.772409886174, "2020Q3": 0.682789651404, "2020Q4": 0.634425357912, "2020Q1": 0.567987269448, "2020Q2": 0.674999383326, "2023Q3": 0.7262133, "2023Q1": 0.750954079632, "2023Q2": 0.7923758999999999, "2015Q3": 0.63674901993, "2015Q1": 0.784890578496, "2015Q2": 0.686129539452, "2019Q3": 0.6955786299360001, "2019Q4": 0.68323108197, "2019Q1": 0.6965253852359999, "2019Q2": 0.72641367816, "2013Q3": 1.207955414928, "2013Q4": 1.0892248018800001, "2013Q1": 1.1884712538659998, "2013Q2": 1.174429092678, "2014Q3": 1.0564836406559999, "2014Q4": 0.931732703598, "2014Q1": 1.227313898556, "2014Q2": 1.267320878982, "2012Q3": 1.114431114168, "2012Q4": 1.18336504494, "2012Q1": 1.050172075182, "2012Q2": 0.9756918911820001, "2021Q3": 0.709380337332, "2021Q4": 0.713777283186, "2021Q1": 0.6884796034980001, "2021Q2": 0.705549239238, "2011Q4": 0.88134994671}