{"2022Q2": 7.768672120000001, "2022Q3": 6.796119879999999, "2022Q4": 7.094586839999999, "2022Q1": 6.70598632, "2020Q2": 4.25828524, "2020Q3": 5.42754872, "2020Q4": 5.49740532, "2020Q1": 4.8609066, "2023Q2": 7.2026482, "2023Q1": 6.90628312, "2016Q2": 2.26149924, "2016Q3": 2.3114497999999997, "2016Q4": 2.23565848, "2016Q1": 2.97428384, "2015Q2": 2.80316608, "2015Q3": 3.12487736, "2015Q4": 3.07826508, "2015Q1": 2.5633044799999998, "2019Q2": 4.8040322, "2019Q3": 4.71859696, "2019Q4": 4.676435720000001, "2019Q1": 5.389591240000001, "2018Q2": 9.9975304, "2018Q3": 7.124755, "2018Q4": 5.92532336, "2018Q1": 5.45944784, "2013Q2": 2.9141947999999998, "2013Q3": 3.37858664, "2013Q4": 2.92730064, "2013Q1": 2.1557870400000003, "2014Q2": 2.7375132399999997, "2014Q3": 2.49765164, "2014Q4": 2.51533216, "2014Q1": 2.83951624, "2012Q2": 2.88724128, "2012Q3": 2.48973868, "2012Q4": 2.55477332, "2017Q2": 2.90343812, "2017Q3": 4.02102008, "2017Q4": 8.0786376, "2017Q1": 2.47329456, "2021Q2": 8.72688212, "2021Q3": 11.1572736, "2021Q4": 9.73961736, "2021Q1": 6.9528954, "2011Q4": 3.75160852}