{"2022Q3": 2.77497018759, "2022Q4": 2.9861093164079997, "2022Q1": 6.24656639058, "2022Q2": 3.660778611372, "2020Q3": 1.011887716812, "2020Q4": 1.71835362312, "2020Q1": 0.811418189412, "2020Q2": 1.122267254982, "2023Q3": 3.607437, "2023Q1": 3.755258615136, "2023Q2": 3.77034003324, "2015Q3": 0.6172718847059999, "2015Q4": 0.6987983540999999, "2015Q1": 0.8439558218759999, "2015Q2": 0.670846356924, "2019Q3": 1.193777116314, "2019Q4": 1.107673329216, "2019Q1": 1.20831417375, "2019Q2": 1.148524008816, "2021Q3": 3.907735777374, "2021Q4": 8.047901839751999, "2021Q1": 5.73736058997, "2021Q2": 5.4233755116780005}