{"2022Q3": 51.919480219196, "2022Q2": 31.689394094195997, "2022Q1": 20.009715086272, "2022Q4": 43.5296, "2019Q4": 15.124089969196, "2023Q3": 0, "2023Q2": 35.5016, "2023Q1": 47.276, "2021Q3": 21.948982320424, "2021Q2": 28.031230663728, "2021Q1": 31.645320234152, "2021Q4": 18.863784288728002, "2020Q3": 28.056281578348, "2020Q2": 24.330057851228002, "2020Q1": 16.877606913728002, "2020Q4": 35.127186484152}