{"2017Q2": 1.09403444, "2017Q1": 0.72219494, "2017Q3": 1.4642213199999998, "2016Q2": 0.60816416, "2016Q4": 0.56519604, "2016Q1": 0, "2016Q3": 0.53544888, "2015Q4": 0, "2022Q2": 1.3948112799999999, "2022Q4": 1.3138329, "2022Q1": 1.04776108, "2022Q3": 1.3468853, "2020Q2": 1.0560241799999999, "2020Q4": 1.66418834, "2020Q1": 0.7684683, "2020Q3": 1.6278306999999999, "2021Q4": 1.2262440399999999, "2019Q2": 0.93538292, "2019Q4": 0.79986808, "2019Q3": 0.6957530199999999}