{"2022Q3": 1.017127700214, "2022Q4": 1.024868377848, "2022Q1": 1.017946635672, "2022Q2": 0.998106708858, "2020Q3": 0.8271771440460001, "2020Q4": 1.017946635672, "2020Q1": 0.56925655167, "2020Q2": 0.886697208042, "2023Q3": 1.2397611, "2023Q1": 1.066668301722, "2023Q2": 1.075957121184, "2016Q3": 1.2629807069399999, "2016Q4": 1.166422567416, "2016Q1": 1.2670728007379999, "2016Q2": 1.121732188584, "2015Q3": 1.2670728007379999, "2015Q4": 1.274526364194, "2015Q1": 1.7627780282999999, "2015Q2": 1.67237928027, "2019Q3": 0.7081368900299999, "2019Q4": 0.8027586392880001, "2019Q1": 1.18573413861, "2019Q2": 1.10462540727, "2018Q1": 1.259118417906, "2018Q2": 1.270705316514, "2013Q3": 2.622771853452, "2013Q4": 2.3782477383000002, "2013Q1": 3.460870111314, "2013Q2": 3.090062134674, "2014Q3": 1.686286721802, "2014Q4": 1.616749230588, "2014Q1": 2.361499589784, "2014Q2": 2.271059033292, "2012Q3": 3.528851080104, "2012Q4": 3.090062134674, "2012Q1": 3.795415375086, "2012Q2": 3.655465912122, "2017Q3": 1.533343711848, "2017Q4": 1.444510150392, "2017Q1": 1.25139358779, "2017Q2": 1.347951884844, "2021Q3": 1.031682211974, "2021Q4": 1.101885298944, "2021Q1": 1.402538361288, "2021Q2": 1.022525245122, "2011Q4": 3.840199263726}