{"2022Q3": 1.107456011645, "2022Q4": 1.033185432855, "2022Q1": 1.7144151728249999, "2022Q2": 1.204832888655, "2020Q3": 1.873916508815, "2020Q4": 1.9107201891599999, "2020Q1": 2.5977572885750004, "2020Q2": 2.7146117379400003, "2023Q3": 2.1487439999999998, "2023Q1": 1.567933228245, "2023Q2": 1.602949215565, "2016Q3": 0.84817716262, "2016Q4": 0.893236703085, "2016Q1": 0.64891407648, "2016Q2": 0.5681105583599999, "2015Q3": 0.49227959198000004, "2015Q4": 0.583028248015, "2015Q1": 0.860669870705, "2015Q2": 0.5611568922, "2019Q3": 2.68764527622, "2019Q4": 2.8374584971349996, "2019Q1": 1.06111225229, "2019Q2": 1.8165302025299999, "2018Q3": 0.7157363992050001, "2018Q4": 0.922961959265, "2018Q1": 0.6496467499749999, "2018Q2": 0.59835881332, "2013Q4": 0.8074549170149999, "2013Q2": 0.501221500605, "2014Q3": 0.9949346560700001, "2014Q4": 0.88247366505, "2014Q2": 0.8162554010949999, "2017Q3": 0.75507187849, "2017Q4": 0.8320036629500001, "2017Q1": 0.899863030135, "2017Q2": 0.833599208675, "2021Q3": 1.299329346785, "2021Q4": 1.7462224724100002, "2021Q1": 2.024198011295, "2021Q2": 1.58868875232}