{"2009Q4": 0.136896133506, "2014Q2": 0.088780334448, "2014Q4": 0.098125683744, "2016Q2": 0.07931401915200001, "2016Q4": 0.14388833120400002, "2010Q2": 0.15183325711800003, "2010Q4": 0.26797416531, "2015Q2": 0.10717115832600001, "2015Q4": 0.069142714008, "2012Q2": 0.117201780012, "2012Q4": 0.128667179424, "2013Q2": 0.098092780992, "2013Q4": 0.09936667393800001, "2011Q2": 0.25548793382400004, "2011Q4": 0.19566649687800003}