{"2022Q1": 9.36054768, "2022Q2": 8.59264368, "2020Q3": 4.88386944, "2020Q4": 6.24922296, "2020Q1": 4.1687083199999995, "2020Q2": 5.5143590399999995, "2010Q3": 1.2145008, "2010Q4": 1.702524, "2010Q1": 1.11608784, "2010Q2": 1.24855128, "2023Q3": 8.80846512, "2023Q2": 9.19948992, "2016Q3": 5.11383648, "2016Q4": 7.200110400000001, "2016Q1": 4.8782112, "2016Q2": 4.6761312, "2015Q3": 6.068058239999999, "2015Q4": 7.4077475999999995, "2015Q1": 5.57649864, "2015Q2": 8.29043304, "2019Q3": 7.4890848000000005, "2019Q4": 7.358743199999999, "2019Q1": 8.55364224, "2019Q2": 7.709352, "2018Q3": 8.68095264, "2018Q4": 6.736437840000001, "2018Q1": 9.66821448, "2018Q2": 8.44613568, "2013Q3": 5.44585392, "2013Q4": 5.28964608, "2013Q1": 4.54093968, "2013Q2": 4.33896072, "2014Q3": 4.9317624, "2014Q4": 4.83708792, "2014Q1": 4.40120136, "2014Q2": 4.997539440000001, "2012Q3": 1.73596824, "2012Q4": 2.80375896, "2012Q1": 1.93279416, "2012Q2": 1.82255952, "2017Q3": 7.65923616, "2017Q4": 11.773281840000001, "2017Q1": 7.10998272, "2017Q2": 8.247086880000001, "2009Q4": 0.74153256, "2021Q3": 9.907477199999999, "2021Q4": 11.5281588, "2021Q1": 6.84111528, "2021Q2": 7.06431264, "2011Q3": 1.90015824, "2011Q4": 1.550964, "2011Q1": 1.8849012, "2011Q2": 2.3751472799999997}