{"2022Q3": 2.6509049786219996, "2022Q4": 2.400819613386, "2022Q1": 2.2872134512380002, "2022Q2": 2.24868041601, "2020Q3": 3.61135288074, "2020Q4": 3.430137867168, "2020Q1": 2.9031378243240002, "2020Q2": 3.71302605087, "2023Q3": 2.5267812, "2023Q1": 2.5596975975959997, "2023Q2": 2.659731668076, "2016Q3": 2.468894785116, "2016Q4": 1.9608719717939997, "2016Q1": 2.681239396506, "2016Q2": 2.459745537234, "2015Q3": 2.3105292459960003, "2015Q4": 2.949363679572, "2015Q1": 1.833449105394, "2015Q2": 2.08265592582, "2019Q3": 2.9150506209960003, "2019Q4": 3.255771029262, "2019Q1": 2.7190128535799998, "2019Q2": 2.892830919978, "2018Q3": 2.098233689448, "2018Q4": 2.090784095748, "2018Q1": 2.156942568462, "2018Q2": 2.173850294868, "2013Q3": 1.397023393518, "2013Q4": 1.594149598716, "2013Q1": 1.835330013594, "2013Q2": 1.427927628918, "2014Q3": 1.6776946260239998, "2014Q4": 1.6020429229200002, "2014Q1": 1.581293669934, "2014Q2": 1.896266524338, "2012Q3": 2.137857525408, "2012Q4": 1.805077794864, "2012Q1": 1.5588023241839999, "2012Q2": 1.620281714814, "2017Q3": 1.97337248139, "2017Q4": 1.811541628836, "2017Q1": 2.0368381992959996, "2017Q2": 2.2908493066499998, "2021Q3": 2.848695550842, "2021Q4": 2.65878267585, "2021Q1": 3.4042500800999997, "2021Q2": 3.0288764744820003, "2011Q4": 1.160177479602}