{"2022Q1": 5.17012664, "2020Q3": 0, "2020Q4": 9.39057084, "2020Q1": 0, "2020Q2": 0, "2023Q3": 4.47669724, "2023Q1": 5.933511800000001, "2023Q2": 5.46842856, "2016Q3": 0, "2016Q4": 0, "2016Q1": 0, "2016Q2": 0, "2015Q3": 0, "2015Q4": 0, "2015Q1": 0, "2015Q2": 0, "2019Q3": 0, "2019Q4": 0, "2019Q1": 0, "2019Q2": 0, "2018Q3": 0, "2018Q4": 0, "2018Q1": 0, "2018Q2": 0, "2014Q4": 0, "2017Q3": 0, "2017Q4": 0, "2017Q1": 0, "2017Q2": 0, "2021Q3": 7.37495872, "2021Q4": 5.794165960000001, "2021Q1": 8.99600904, "2021Q2": 7.869551600000001}