{"2022Q1": 8.5967155625, "2020Q3": 7.810145074328, "2020Q4": 8.361890226344, "2020Q1": 8.181645326368, "2020Q2": 8.000215025096, "2023Q3": 11.681292000000001, "2023Q1": 10.08796, "2023Q2": 11.766144, "2016Q3": 5.729225961996001, "2016Q4": 7.114957823728, "2016Q1": 5.262342011708, "2016Q2": 5.3177343872480005, "2015Q3": 8.591880148716001, "2015Q4": 6.204023926332001, "2015Q1": 10.302514900456, "2015Q2": 9.249816899916, "2019Q3": 10.018837062380001, "2019Q4": 7.861982386768, "2019Q1": 8.699242762068002, "2019Q2": 7.91757156238, "2018Q3": 7.679206700468001, "2018Q4": 9.24557131124, "2018Q1": 9.849774100384, "2018Q2": 9.742889675192, "2014Q4": 9.799387474304, "2017Q3": 10.61172843882, "2017Q4": 11.543474250240001, "2017Q1": 7.3335056990280005, "2017Q2": 9.794197011468, "2021Q3": 8.0600808735, "2021Q4": 8.880224799652, "2021Q1": 8.415150601104001, "2021Q2": 8.0600808735}