{"2022Q1": 11.103517599999998, "2020Q3": 12.96057469, "2020Q4": 14.50111509, "2020Q1": 14.71693608, "2020Q2": 14.68662356, "2010Q4": 4.46632144, "2023Q3": 21.872040329999997, "2023Q1": 19.39336896, "2023Q2": 20.96764761, "2016Q3": 22.8952955, "2016Q4": 20.718295989999998, "2016Q1": 9.71308646, "2016Q2": 12.92195737, "2015Q3": 10.880222289999999, "2015Q4": 10.39252291, "2015Q1": 12.19902453, "2015Q2": 12.084314479999998, "2019Q3": 20.054950090000002, "2019Q4": 16.382463719999997, "2019Q1": 24.024125439999995, "2019Q2": 20.77123909, "2018Q3": 67.036600059072, "2018Q4": 23.4870125, "2018Q1": 21.125335, "2018Q2": 20.30035693, "2013Q3": 7.752634609999999, "2013Q4": 8.50286948, "2013Q1": 7.02637985, "2013Q2": 8.12988015, "2014Q3": 11.47463835, "2014Q4": 10.96628078, "2014Q1": 16.18107232, "2014Q2": 14.304187520000001, "2012Q3": 3.55435059, "2012Q4": 6.29161267, "2012Q1": 3.13225913, "2012Q2": 3.20170802, "2017Q3": 18.56195467, "2017Q4": 16.91199853, "2017Q1": 21.82563726, "2017Q2": 18.88251995, "2021Q3": 13.177226159999998, "2021Q1": 10.806621, "2021Q2": 11.93036425, "2011Q3": 2.74702022, "2011Q4": 3.4238614199999997, "2011Q1": 3.36261352, "2011Q2": 3.38430981}