{"2021Q3": 52.083363687500004, "2021Q2": 47.327927078533996, "2021Q1": 37.070104828534, "2022Q4": 30.2251, "2020Q4": 27.338272554892004, "2023Q3": 0, "2023Q2": 35.2558, "2023Q1": 32.4337}