{"2022Q3": 1514.07801103, "2022Q4": 1455.6539919499999, "2022Q1": 1415.58780321, "2022Q2": 1440.7873236, "2020Q3": 1064.1109563, "2020Q4": 1110.9767518200001, "2020Q1": 1500.147088, "2020Q2": 1123.31959025, "2023Q3": 1526.99154914, "2023Q1": 1485.73322786, "2023Q2": 1406.8073670400001, "2016Q1": 1041.01530784, "2015Q4": 1275.68697738, "2019Q3": 1316.56178692, "2019Q4": 1577.74095987, "2019Q1": 1318.2438542500001, "2019Q2": 1296.69819191, "2018Q4": 1208.79858401, "2021Q3": 1528.83631253, "2021Q4": 1405.08904784, "2021Q1": 1242.27393009, "2021Q2": 1428.4018187600002}