{"2022Q3": 36.364337379999995, "2022Q4": 33.56315956, "2022Q1": 36.06953336, "2022Q2": 34.62133248, "2020Q3": 18.0340195, "2020Q4": 29.5028174, "2020Q1": 11.9743897, "2020Q2": 18.7479915, "2023Q1": 40.000530360000006, "2016Q4": 9.74206492, "2019Q3": 14.65195074, "2019Q4": 7.910394660000001, "2019Q1": 10.97665534, "2019Q2": 13.1013862, "2018Q3": 10.5721819, "2018Q4": 11.15058224, "2018Q1": 16.88228304, "2018Q2": 15.558114040000001, "2017Q3": 19.59529362, "2017Q4": 17.23528408, "2017Q1": 12.97901472, "2017Q2": 13.257712860000002, "2021Q3": 66.59623642, "2021Q4": 40.443940180000006, "2021Q1": 38.6059604, "2021Q2": 42.43368052}