{"2022Q3": 20.32075557, "2022Q4": 22.62322376, "2020Q3": 19.16465246, "2020Q4": 18.298281919999997, "2020Q1": 16.70805115, "2020Q2": 20.756244459999998, "2010Q3": 17.168356309999997, "2010Q4": 11.353810009999998, "2010Q1": 9.562745459999999, "2010Q2": 11.62281, "2023Q1": 23.097350640000002, "2023Q2": 23.528336999999997, "2016Q3": 25.188618759999997, "2016Q4": 21.60198713, "2016Q1": 14.84777329, "2016Q2": 21.40146748, "2015Q3": 23.64466981, "2015Q4": 22.31506223, "2015Q1": 29.351678939999996, "2015Q2": 30.412495949999997, "2019Q3": 18.31922392, "2019Q4": 18.27001022, "2019Q1": 25.883579029999996, "2019Q2": 26.79309009, "2018Q3": 24.64967639, "2018Q4": 25.74431473, "2018Q1": 25.99080207, "2018Q2": 25.0162661, "2013Q3": 24.969460729999998, "2013Q4": 25.63258916, "2013Q1": 18.83460654, "2013Q2": 24.222878429999998, "2014Q3": 25.554370789999997, "2014Q4": 27.90961282, "2014Q1": 28.961424769999997, "2014Q2": 25.04998272, "2012Q3": 18.56707249, "2012Q4": 19.65710359, "2012Q1": 12.18217082, "2012Q2": 12.622371659999999, "2017Q3": 26.013838269999997, "2017Q4": 24.91427856, "2017Q1": 29.27869607, "2017Q2": 27.47946414, "2009Q4": 14.045275849999998, "2021Q3": 19.15449559, "2021Q1": 17.57599234, "2021Q2": 15.09143346, "2011Q3": 12.984563549999999, "2011Q4": 11.060098459999999, "2011Q1": 10.96763953, "2011Q2": 10.93842544}