{"2022Q3": 23.24699746875, "2022Q4": 25.133532671856, "2022Q1": 20.336078828148, "2022Q2": 19.378745640696, "2020Q3": 13.04647423446, "2020Q4": 13.428528687378, "2020Q1": 7.60876342977, "2020Q2": 10.472426914104, "2023Q3": 25.929438, "2023Q1": 27.932909234394, "2023Q2": 26.168084796876002, "2016Q3": 2.1013001054159997, "2016Q4": 2.384312076192, "2016Q1": 2.5529378592720002, "2016Q2": 2.183119769646, "2015Q3": 2.5171491541739996, "2015Q4": 2.922756232452, "2015Q1": 3.1260929003699998, "2015Q2": 2.271477748032, "2019Q3": 7.498091957004, "2019Q4": 8.923004367204, "2019Q1": 6.622141414056, "2019Q2": 5.662796789045999, "2018Q3": 4.998327687605999, "2018Q4": 5.636148699185999, "2018Q1": 5.49462025002, "2018Q2": 5.033532523512, "2013Q3": 1.532169010638, "2013Q4": 1.427405542992, "2013Q1": 1.82854696083, "2013Q2": 1.5196706434499998, "2014Q3": 2.889949097664, "2014Q4": 3.294766761606, "2014Q1": 2.3244446270399997, "2014Q2": 2.979217630956, "2012Q3": 1.894440310554, "2012Q4": 1.847079388644, "2012Q1": 1.592297297964, "2012Q2": 1.4199454892999999, "2017Q3": 4.73895025779, "2017Q4": 5.1744210858179995, "2017Q1": 2.27411268933, "2017Q2": 3.3185018067059997, "2021Q3": 16.100603429568, "2021Q4": 22.076683406238, "2021Q1": 14.136038765538, "2021Q2": 16.527419937467997, "2011Q4": 1.437572056602}