{"2022Q3": 21.174966960000003, "2022Q4": 21.10078752, "2022Q1": 18.550650960000002, "2022Q2": 22.962259440000004, "2020Q3": 24.72565272, "2020Q4": 22.840557360000002, "2020Q1": 26.69430336, "2020Q2": 25.76205072, "2008Q4": 0.41474304, "2010Q3": 0.59122944, "2010Q4": 0.68903232, "2010Q1": 0.53947848, "2010Q2": 0.53028648, "2016Q3": 14.226734160000001, "2016Q4": 15.54247704, "2016Q1": 10.84076904, "2015Q3": 14.30743992, "2015Q4": 19.4475144, "2015Q1": 16.198877760000002, "2015Q2": 18.619590960000004, "2019Q3": 19.398429120000003, "2019Q4": 26.2518924, "2019Q1": 23.899016160000002, "2019Q2": 24.483167760000004, "2018Q3": 22.555697280000004, "2018Q4": 20.26734888, "2018Q1": 23.58731544, "2018Q2": 24.510743760000004, "2013Q3": 3.72662064, "2013Q4": 5.06929608, "2013Q1": 4.8933612, "2013Q2": 3.71255688, "2014Q3": 10.896656400000001, "2014Q4": 12.83956944, "2014Q1": 5.697661200000001, "2014Q2": 8.282635440000002, "2012Q3": 4.53358632, "2012Q4": 4.38522744, "2012Q1": 2.34285696, "2012Q2": 3.30342096, "2017Q3": 18.41231136, "2017Q4": 23.209248480000003, "2017Q1": 17.940210240000003, "2017Q2": 19.83302688, "2009Q3": 0.54526944, "2009Q4": 0.556116, "2009Q1": 0.6020760000000001, "2009Q2": 0.5297349600000001, "2021Q3": 20.151805440000004, "2021Q4": 16.5028572, "2021Q1": 22.989283920000002, "2021Q2": 21.49723848, "2011Q3": 1.2464352, "2011Q4": 1.4105124, "2011Q1": 0.7174356000000001, "2011Q2": 0.8133081600000001}