{"2022Q1": 4.94885148, "2020Q3": 5.14448248, "2020Q4": 6.319965520000001, "2020Q1": 5.47087984, "2020Q2": 5.35057856, "2023Q3": 6.654848080000001, "2023Q1": 5.15032784, "2023Q2": 6.330430600000001, "2019Q4": 5.802745440000001, "2021Q3": 5.5568632000000004, "2021Q1": 6.0682379200000005, "2021Q2": 5.89928816}