{"2022Q1": 10.29358468, "2010Q3": 2.4650448799999998, "2010Q4": 2.7916308000000005, "2010Q1": 2.4064970000000003, "2010Q2": 2.4650448799999998, "2016Q3": 6.419996600000001, "2016Q4": 6.044290800000001, "2016Q1": 5.0821634, "2016Q2": 5.45192956, "2015Q3": 5.827352520000001, "2015Q4": 5.46079188, "2015Q1": 4.59200168, "2015Q2": 5.27713444, "2019Q1": 6.9987815200000005, "2018Q3": 6.7212212000000005, "2018Q4": 7.03357084, "2018Q1": 8.40279928, "2018Q2": 9.27413504, "2013Q3": 4.475188760000001, "2013Q4": 4.2949254, "2013Q1": 3.7919416000000004, "2013Q2": 4.12361864, "2014Q3": 4.64168724, "2014Q4": 4.73247888, "2014Q1": 4.7559546, "2014Q2": 4.6662000400000005, "2012Q3": 3.09785224, "2012Q4": 3.36541888, "2012Q1": 2.8482930800000004, "2012Q2": 2.9877332, "2017Q3": 8.017382640000001, "2017Q4": 9.585919, "2017Q1": 6.172700160000001, "2017Q2": 7.482909320000001, "2009Q4": 2.6747236, "2011Q3": 2.80803552, "2011Q4": 3.26623632, "2011Q1": 2.63399464, "2011Q2": 2.88430804}