{"2022Q3": 2.79111654, "2022Q4": 2.76181596, "2022Q1": 2.00567196, "2022Q2": 1.9851930599999998, "2020Q3": 2.0403285600000003, "2020Q4": 2.40264756, "2020Q1": 1.85066244, "2020Q2": 2.05828698, "2023Q3": 9.152493, "2023Q1": 3.76087122, "2023Q2": 6.56648052, "2016Q3": 2.4023325, "2016Q4": 2.12476464, "2016Q1": 1.8783877199999999, "2016Q2": 2.4877137599999997, "2015Q3": 1.36357968, "2015Q4": 2.08128636, "2015Q1": 1.3011978, "2015Q2": 1.28008878, "2019Q3": 2.47605654, "2019Q4": 2.7599256, "2019Q1": 2.03182194, "2019Q2": 2.2325151599999997, "2018Q3": 2.06301288, "2018Q4": 1.84562148, "2018Q1": 2.0661634799999997, "2018Q2": 2.0368629, "2014Q3": 1.2114057, "2014Q4": 1.23062436, "2014Q1": 1.38689412, "2014Q2": 1.23440508, "2012Q3": 0.9448649399999999, "2012Q1": 0.8648397, "2012Q2": 0.79363614, "2017Q3": 2.1698182200000002, "2017Q4": 2.2416519, "2017Q1": 2.08632732, "2017Q2": 2.07120444, "2021Q3": 2.2195977, "2021Q4": 2.00567196, "2021Q1": 2.3566488, "2021Q2": 2.34593676, "2011Q4": 0.79836204}