{"2017Q4": 0.25500468000000004, "2016Q2": 0.316776, "2016Q4": 0.30727272, "2015Q2": 1.13089032, "2015Q4": 0.43239924, "2018Q4": 0.12512652000000002, "2013Q4": 0.44348639999999995, "2014Q2": 0.41497656, "2014Q4": 0.3801312}