{"2022Q1": 4.10682489, "2020Q3": 6.02835912, "2020Q1": 7.110944610000001, "2020Q2": 6.3859026, "2010Q4": 13.28412351, "2023Q3": 4.88415711, "2023Q1": 4.03389105, "2023Q2": 4.77014559, "2016Q3": 4.581733170000001, "2016Q1": 7.02009168, "2016Q2": 4.92586353, "2015Q3": 5.545591590000001, "2015Q4": 4.2179022900000005, "2015Q1": 6.72133539, "2015Q2": 5.55533706, "2019Q3": 8.1055065, "2019Q4": 5.29346685, "2019Q1": 7.808950800000001, "2019Q2": 7.20598914, "2014Q4": 6.6331022100000006, "2012Q3": 6.97566072, "2012Q4": 5.61978291, "2012Q1": 4.89840855, "2012Q2": 4.63266111, "2021Q3": 5.241281430000001, "2021Q1": 5.3807569200000005, "2021Q2": 5.0121057, "2011Q3": 6.704464199999999, "2011Q4": 7.362021449999999, "2011Q1": 9.365187090000001, "2011Q2": 7.42489545}