{"2022Q1": 22.79549585, "2020Q3": 24.575696049999998, "2020Q4": 26.36644399, "2020Q1": 22.35561204, "2020Q2": 24.76878427, "2010Q4": 7.0217811999999995, "2023Q3": 16.262893, "2023Q1": 17.09110585, "2023Q2": 16.887147, "2016Q3": 21.79518263, "2016Q4": 21.75503664, "2016Q1": 17.64034174, "2016Q2": 18.86172698, "2015Q3": 22.61650716, "2015Q4": 21.7993802, "2015Q1": 21.170067590000002, "2015Q2": 20.71608425, "2019Q3": 22.79904764, "2019Q4": 20.25639652, "2019Q1": 19.761190889999998, "2019Q2": 20.50706679, "2018Q3": 19.52537356, "2018Q4": 19.58252509, "2018Q1": 21.674744659999998, "2018Q2": 22.18265063, "2013Q3": 18.60115475, "2013Q1": 14.30381174, "2013Q2": 17.40011158, "2014Q3": 20.7198513, "2014Q4": 21.10441329, "2012Q3": 12.97081419, "2012Q4": 19.98893597, "2012Q1": 8.53645819, "2012Q2": 8.78928106, "2017Q3": 24.438360170000003, "2017Q4": 23.139911849999997, "2017Q1": 21.21591797, "2017Q2": 22.45032644, "2021Q3": 24.072525799999998, "2021Q4": 24.083181170000003, "2021Q1": 24.46343796, "2021Q2": 25.73099647, "2011Q3": 7.10799283, "2011Q4": 8.460686670000001, "2011Q1": 7.28030846, "2011Q2": 7.14092761}