{"2022Q3": 8.437178539073999, "2022Q4": 7.113700105452001, "2022Q1": 8.646201913968, "2022Q2": 8.996132156154, "2020Q3": 6.37805211321, "2020Q4": 6.887164687566, "2020Q1": 4.444783367172, "2020Q2": 5.691490910052, "2023Q3": 8.50662, "2023Q1": 8.392059804666, "2023Q2": 9.723615210965999, "2016Q3": 3.985860197382, "2016Q4": 4.0839743867400005, "2016Q1": 3.8931509883479998, "2016Q2": 4.4850917655, "2015Q3": 3.244292322258, "2015Q4": 3.323976509808, "2015Q1": 2.705051095704, "2015Q2": 3.480918072246, "2019Q3": 5.8134516757500005, "2019Q4": 6.111577484303999, "2019Q1": 5.557114953006001, "2019Q2": 5.649077343816, "2018Q3": 3.809842476582, "2018Q4": 5.885549722596, "2018Q1": 5.964883941498, "2018Q2": 5.444542660248, "2013Q3": 2.643655605552, "2013Q4": 2.451390209046, "2013Q1": 0.829440850146, "2013Q2": 1.057811208978, "2014Q3": 2.642142687432, "2014Q4": 2.2646939706299998, "2014Q1": 3.105093804804, "2014Q2": 2.759015517684, "2012Q3": 0.611118920436, "2012Q4": 0.612032342388, "2012Q1": 0.5229524985299999, "2012Q2": 0.503328135768, "2017Q3": 6.99203741802, "2017Q4": 7.0690222345019995, "2017Q1": 4.231144363277999, "2017Q2": 5.273600871108, "2021Q3": 6.517457625084, "2021Q4": 7.610990210838, "2021Q1": 7.523555988372, "2021Q2": 7.325568062568, "2011Q4": 0.395973614682}