{"2022Q1": 7.373784000000001, "2023Q3": 8.142708, "2023Q1": 10.015728000000001, "2023Q2": 8.497596}