{"2022Q3": 14.72050208, "2022Q4": 15.419494, "2022Q1": 14.280025920000002, "2022Q2": 14.801771440000001, "2020Q3": 16.09189896, "2020Q4": 16.242369840000002, "2020Q1": 16.59120584, "2020Q2": 16.399534600000003, "2008Q4": 2.9118378000000003, "2010Q3": 4.2978480800000005, "2010Q4": 4.15048844, "2010Q1": 4.1994197600000005, "2010Q2": 3.58150864, "2023Q1": 15.991867880000001, "2016Q3": 14.03857484, "2016Q4": 14.31255252, "2016Q1": 10.40634356, "2016Q2": 10.622999, "2015Q3": 9.851411480000001, "2015Q4": 9.44251912, "2015Q1": 13.66418896, "2015Q2": 13.251619680000001, "2019Q3": 21.29059244, "2019Q4": 16.72187792, "2019Q1": 16.0690832, "2019Q2": 17.48017196, "2018Q3": 16.060975120000002, "2018Q4": 14.483482160000001, "2018Q1": 21.62490932, "2018Q2": 22.92003368, "2013Q3": 7.963077360000001, "2013Q4": 6.36748264, "2013Q1": 6.1791112, "2013Q2": 6.80249056, "2014Q3": 8.28787196, "2014Q4": 11.19772988, "2014Q1": 6.586306520000001, "2014Q2": 7.3067, "2012Q3": 5.2919364, "2012Q4": 7.27379628, "2012Q1": 4.831472880000001, "2012Q2": 4.89633752, "2017Q3": 19.820107280000002, "2017Q4": 22.62588008, "2017Q1": 15.93445136, "2017Q2": 16.55717076, "2009Q3": 4.68326472, "2009Q4": 4.02207908, "2009Q2": 4.09184628, "2021Q3": 14.29539356, "2021Q4": 14.447655760000002, "2021Q1": 16.547365640000002, "2021Q2": 17.1528318, "2011Q3": 4.43530832, "2011Q4": 4.3470622400000005, "2011Q1": 4.5416561600000005, "2011Q2": 5.2363112}