{"2023Q2": 2.4284803, "2023Q1": 3.3075195999999996, "2023Q3": 2.8595623999999997, "2020Q2": 5.2680994000000005, "2020Q4": 8.6277784, "2020Q1": 3.3090536999999998, "2020Q3": 6.3481058, "2022Q2": 7.885273999999999, "2022Q4": 5.435316299999999, "2022Q1": 6.3051509999999995, "2022Q3": 3.8291136, "2021Q2": 13.6734333, "2021Q4": 7.946637999999999, "2021Q1": 9.6740346, "2021Q3": 12.305016099999998, "2019Q4": 2.8534260000000002, "2019Q3": 0}