{"2016Q2": 0.14212532, "2016Q4": 0.17848296, "2015Q4": 0.21153536}