{"2022Q3": 13.092598890000001, "2022Q4": 13.606058160000002, "2022Q1": 10.29726594, "2022Q2": 11.19000096, "2020Q4": 10.25985663, "2010Q3": 1.0659297600000002, "2010Q4": 1.0855296, "2010Q1": 0.9075291300000001, "2010Q2": 1.01080521, "2023Q1": 12.312468720000002, "2023Q2": 13.02088986, "2016Q3": 2.62392858, "2016Q4": 2.95910469, "2016Q1": 2.92433382, "2016Q2": 2.5659771300000003, "2015Q3": 3.4105606200000005, "2015Q4": 3.36231486, "2015Q1": 3.9701925900000004, "2015Q2": 3.78361719, "2018Q3": 12.25753263, "2018Q1": 11.810599740000002, "2018Q2": 10.430507160000001, "2013Q3": 3.5410691700000005, "2013Q4": 4.00986342, "2013Q1": 4.48280379, "2013Q2": 3.1800740400000005, "2014Q3": 4.368031650000001, "2014Q4": 3.8530647, "2014Q1": 3.3744705300000004, "2014Q2": 3.5146847700000006, "2012Q3": 1.52793945, "2012Q4": 2.044791, "2012Q1": 0.9543614400000001, "2012Q2": 2.08945602, "2017Q3": 5.082295050000001, "2017Q4": 5.3310622500000004, "2017Q1": 4.12435287, "2017Q2": 4.03653051, "2009Q4": 0.7475265900000001, "2021Q3": 8.63278722, "2021Q4": 7.88742792, "2021Q1": 9.59035248, "2021Q2": 8.702800110000002, "2011Q3": 0.9248674500000001, "2011Q4": 0.9599210100000001, "2011Q1": 1.0282377600000001, "2011Q2": 0.97283052}