{"2022Q1": 61.2246828, "2022Q2": 48.65439744, "2020Q3": 97.62878855999999, "2020Q4": 86.56117008000001, "2020Q1": 16.20014736, "2020Q2": 97.14258408, "2010Q3": 5.47980336, "2010Q4": 5.92791576, "2010Q1": 5.7501864000000005, "2010Q2": 5.12191968, "2023Q3": 27.371432879999997, "2023Q2": 31.226209920000002, "2016Q3": 9.40955208, "2016Q4": 11.72831904, "2016Q1": 9.16261032, "2016Q2": 9.500993280000001, "2015Q3": 6.5012167199999995, "2015Q4": 7.0411744800000005, "2015Q1": 8.17140792, "2015Q2": 8.593452000000001, "2019Q3": 25.487137920000002, "2019Q4": 24.75722496, "2019Q1": 40.58463576, "2019Q2": 28.88672976, "2018Q3": 40.27424088, "2018Q4": 28.88672976, "2018Q1": 21.708545040000004, "2018Q2": 30.0174684, "2013Q3": 10.579191119999999, "2013Q4": 10.263138, "2013Q1": 10.674572880000001, "2013Q2": 10.7006412, "2014Q3": 9.20514816, "2014Q4": 9.195145199999999, "2014Q1": 8.6848932, "2014Q2": 9.416725920000001, "2012Q3": 4.25267256, "2012Q4": 6.044010719999999, "2012Q1": 4.4725356, "2012Q2": 3.9610711199999997, "2017Q3": 28.2745284, "2017Q4": 22.19788176, "2017Q1": 21.38269104, "2017Q2": 34.73866344, "2009Q4": 5.17759272, "2021Q3": 43.42729512, "2021Q4": 41.26008816, "2021Q1": 66.41248056, "2021Q2": 46.01927424, "2011Q3": 5.6992622399999995, "2011Q4": 4.60782816, "2011Q1": 5.80545528, "2011Q2": 6.172836719999999}