{"2022Q1": 16.221306119999998, "2020Q3": 33.60847863, "2020Q4": 29.76241017, "2020Q1": 24.200579969999996, "2020Q2": 27.894530939999996, "2010Q3": 1.0591966199999998, "2010Q4": 1.19587071, "2010Q1": 1.01783037, "2010Q2": 0.8705665199999999, "2016Q3": 11.39789106, "2016Q4": 12.307286699999999, "2016Q1": 6.35628282, "2016Q2": 11.90531706, "2015Q3": 8.694303269999999, "2015Q4": 7.135622969999999, "2015Q1": 5.112868499999999, "2015Q2": 6.984608579999999, "2019Q3": 23.653111439999996, "2019Q4": 22.34141523, "2019Q1": 15.8780214, "2019Q2": 22.51603596, "2018Q3": 16.62625413, "2018Q4": 16.27502709, "2018Q1": 17.55263751, "2018Q2": 21.56372973, "2013Q3": 4.71641436, "2013Q4": 3.9192039899999997, "2013Q1": 1.8780277499999998, "2013Q2": 2.12964486, "2014Q3": 4.772341529999999, "2014Q4": 4.856728679999999, "2014Q1": 4.346214, "2014Q2": 4.92026724, "2012Q3": 1.4524517699999997, "2012Q4": 1.70726787, "2012Q1": 1.27363926, "2012Q2": 1.3162189199999998, "2017Q3": 11.98937328, "2017Q4": 13.034229599999998, "2017Q1": 11.765774909999998, "2017Q2": 11.443007849999999, "2009Q4": 1.0364727599999999, "2021Q3": 18.852309929999997, "2021Q1": 24.41193393, "2021Q2": 24.41325765, "2011Q3": 1.1957604, "2011Q4": 1.33728813, "2011Q1": 1.15020237, "2011Q2": 1.1600199599999999}