{"2021Q4": 8.546179672575, "2022Q3": 7.05059794944, "2022Q2": 7.828300341465001, "2022Q1": 8.22997107444}