{"2022Q3": 12.10093228, "2022Q4": 14.27154072, "2022Q1": 10.474036600000002, "2022Q2": 12.0734968, "2020Q3": 16.520495840000002, "2020Q4": 14.9249954, "2020Q1": 14.966195760000002, "2020Q2": 16.413959440000003, "2010Q3": 1.6006858400000001, "2010Q4": 1.50536876, "2010Q1": 1.78358904, "2010Q2": 1.69590864, "2023Q1": 13.43640848, "2023Q2": 13.4735548, "2016Q3": 7.3330984, "2016Q4": 7.214399880000001, "2016Q1": 11.037831, "2016Q2": 6.993973240000001, "2015Q3": 3.615638, "2015Q4": 4.13210384, "2015Q1": 4.445396280000001, "2015Q2": 4.69948088, "2019Q4": 20.579626960000002, "2013Q3": 3.1625283200000003, "2013Q4": 3.3670216400000004, "2013Q1": 3.2017488000000003, "2013Q2": 2.9641631999999998, "2014Q3": 8.04708084, "2014Q4": 4.55975792, "2014Q1": 3.4198184400000002, "2014Q2": 3.4113332400000003, "2012Q3": 1.7035453200000001, "2012Q4": 1.9267060800000002, "2012Q1": 1.8049906, "2012Q2": 1.71570744, "2017Q3": 8.761817520000001, "2017Q1": 8.804809200000001, "2017Q2": 9.44902444, "2009Q4": 1.6713958400000002, "2021Q3": 11.63830032, "2021Q4": 10.793928640000003, "2021Q1": 14.152747920000001, "2021Q2": 13.533045480000002, "2011Q3": 1.4405984000000003, "2011Q4": 1.53921528, "2011Q1": 1.4306990000000002, "2011Q2": 1.55505432}