{"2022Q1": 6.937970920000001, "2020Q3": 8.980170000000001, "2020Q4": 9.378031600000002, "2020Q1": 9.964641760000001, "2020Q2": 11.05253868, "2010Q3": 1.53893244, "2010Q4": 1.5763616, "2010Q1": 1.33802176, "2010Q2": 1.3578205600000002, "2023Q3": 6.64674, "2023Q1": 6.97125176, "2023Q2": 7.202992, "2016Q3": 8.31229048, "2016Q4": 10.00329656, "2016Q1": 7.25182904, "2016Q2": 8.247991520000001, "2015Q3": 11.5874834, "2015Q4": 9.11659316, "2015Q1": 13.382008920000002, "2015Q2": 11.193110160000002, "2019Q3": 9.51869736, "2019Q4": 6.42904748, "2019Q1": 14.5766308, "2019Q2": 11.11778044, "2018Q3": 11.15539816, "2018Q4": 12.689899440000001, "2018Q1": 14.165664280000001, "2018Q2": 18.09544324, "2013Q3": 5.14655664, "2013Q4": 3.9875726, "2013Q1": 4.13361232, "2013Q2": 4.653095120000001, "2014Q3": 6.47213344, "2014Q4": 7.464147600000001, "2014Q1": 4.535245120000001, "2014Q2": 8.053303320000001, "2012Q3": 2.57987792, "2012Q4": 5.451269600000001, "2012Q1": 2.83556528, "2012Q2": 2.52783536, "2017Q3": 13.27566108, "2017Q4": 11.82525756, "2017Q1": 11.982893720000002, "2017Q2": 11.346503720000001, "2009Q4": 1.3449042000000002, "2021Q3": 6.612610640000001, "2021Q1": 9.13328072, "2021Q2": 8.43372312, "2011Q3": 3.6995472, "2011Q4": 3.74640436, "2011Q1": 1.54770048, "2011Q2": 2.5170874400000005}