{"2022Q1": 11.693109999999999, "2020Q3": 13.69472779389, "2020Q4": 15.540544377929997, "2020Q1": 17.167303880155, "2020Q2": 14.94491821251, "2023Q3": 15.363919999999998, "2023Q1": 14.39152, "2023Q2": 16.38494, "2016Q3": 20.80504670101, "2016Q4": 21.336163218369997, "2016Q1": 18.479816861219998, "2016Q2": 19.344491095214998, "2015Q3": 20.020075840765, "2015Q4": 20.713532544705, "2015Q1": 21.540979125379998, "2015Q2": 18.582788636554998, "2019Q3": 20.64952738992, "2019Q4": 17.5202143259, "2019Q1": 21.204907912759996, "2019Q2": 19.655041548285, "2018Q3": 21.557328730795, "2018Q4": 25.405881867079994, "2018Q1": 19.396109782335, "2018Q2": 22.939630580295, "2013Q3": 18.776258203559998, "2013Q4": 18.97864369401, "2013Q1": 13.49926109961, "2013Q2": 14.894166043185, "2014Q3": 17.141553135849996, "2014Q4": 18.128149799044998, "2014Q1": 18.598093677735, "2014Q2": 16.203508222329997, "2012Q4": 0, "2017Q3": 23.150479475695, "2017Q4": 21.78771286263, "2017Q1": 24.522728824164997, "2017Q2": 22.610090905545, "2021Q3": 12.833313397189999, "2021Q1": 14.579514468805, "2021Q2": 14.06228745779, "2011Q4": 0}