{"2020Q4": 0.1135254078, "2022Q4": 0.1388124, "2018Q4": 0, "2021Q4": 0.1211369544, "2019Q4": 0.1260339474}