{"2022Q1": 13.07503324, "2020Q3": 18.219987120000003, "2020Q4": 17.34120324, "2020Q1": 13.030910200000001, "2020Q2": 13.655892320000001, "2008Q4": 7.05252112, "2010Q3": 4.81242832, "2010Q4": 5.29721608, "2010Q1": 5.590426880000001, "2010Q2": 4.820630680000001, "2023Q3": 10.587644000000001, "2023Q1": 10.59999468, "2023Q2": 11.539872, "2016Q3": 10.9454366, "2016Q4": 12.638516840000001, "2016Q1": 9.79116656, "2016Q2": 10.538429840000001, "2015Q3": 9.12290992, "2015Q4": 8.36348452, "2015Q1": 10.72698984, "2015Q2": 8.59758176, "2019Q3": 13.51956344, "2019Q4": 13.148571640000002, "2019Q1": 11.41693088, "2019Q2": 12.407248000000001, "2018Q3": 11.370168000000001, "2018Q4": 12.22792744, "2018Q1": 13.796935200000002, "2018Q2": 14.57389668, "2013Q3": 9.07124448, "2013Q4": 10.714544880000002, "2013Q1": 4.835149800000001, "2013Q2": 5.21189268, "2014Q3": 8.588908, "2014Q4": 8.98271556, "2014Q1": 7.9385645600000005, "2014Q2": 8.07659048, "2012Q3": 5.39432448, "2012Q4": 4.93782072, "2012Q1": 4.23911164, "2012Q2": 4.120036000000001, "2017Q3": 13.282354960000001, "2017Q4": 13.42113512, "2017Q1": 13.455641600000002, "2017Q2": 11.838268200000002, "2009Q3": 6.1344224800000005, "2009Q4": 6.27791664, "2009Q2": 6.858492880000001, "2021Q3": 17.521560880000003, "2021Q1": 16.793247880000003, "2021Q2": 19.23707976, "2011Q3": 4.485182440000001, "2011Q4": 4.16321624, "2011Q1": 5.33040264, "2011Q2": 6.04702492}