{"2022Q3": 21.801444, "2022Q4": 16.091542, "2022Q1": 18.898104, "2022Q2": 21.915818, "2020Q3": 31.2329, "2020Q4": 28.37355, "2020Q1": 10.623585, "2020Q2": 19.742712, "2023Q1": 12.079654, "2016Q3": 3.60718, "2016Q4": 5.7516925, "2015Q4": 0, "2019Q3": 10.632383, "2019Q4": 8.793601, "2019Q1": 12.378786, "2019Q2": 12.721908, "2018Q3": 10.254069, "2018Q4": 10.38164, "2018Q1": 12.444771000000001, "2018Q2": 13.6369, "2017Q3": 6.664485, "2017Q4": 8.05017, "2017Q1": 6.5875025, "2017Q2": 7.17037, "2021Q3": 28.021630000000002, "2021Q4": 25.892514000000002, "2021Q1": 28.593500000000002, "2021Q2": 28.50552}