{"2023Q3": 0.47368832, "2022Q4": 0.60691316}