{"2022Q3": 10.874512823724002, "2022Q4": 10.901275, "2022Q1": 17.323249429255, "2022Q2": 13.383336675027001, "2020Q3": 15.012846554255, "2020Q4": 15.862040579374, "2020Q1": 13.462511923432002, "2020Q2": 16.536904591636002, "2023Q1": 10.661002000000002, "2016Q3": 6.916968267220001, "2016Q4": 8.817706460332001, "2015Q4": 6.4596485326340005, "2019Q3": 19.574302105666, "2019Q4": 10.694681760532001, "2019Q1": 7.444852666801, "2019Q2": 14.985487993696001, "2018Q3": 5.842530798797001, "2018Q4": 7.9760068437500005, "2018Q1": 11.253560033364, "2018Q2": 8.612770917685001, "2017Q3": 9.70662118085, "2017Q4": 10.925620154482, "2017Q1": 7.957372391144001, "2017Q2": 8.874871020026001, "2021Q3": 22.00275142593, "2021Q4": 19.770236532288, "2021Q1": 18.518910250346, "2021Q2": 22.205097217193}