{"2009Q2": 1.2323187122350001, "2009Q4": 1.4136237666979998, "2009Q1": 0.718243986657, "2009Q3": 1.200364565168, "2020Q2": 3.709727550759, "2020Q4": 5.28846165737, "2020Q1": 3.642088492134, "2020Q3": 3.9487901697240004, "2014Q2": 1.270786867611, "2014Q4": 1.68549708272, "2014Q1": 1.1693235076389998, "2014Q3": 1.150226308814, "2002Q4": 0, "2016Q2": 1.556401105962, "2016Q4": 1.7107591460640001, "2016Q1": 1.463052983293, "2016Q3": 1.838736654584, "2010Q2": 1.4126833738740001, "2010Q4": 1.466499841934, "2010Q1": 1.55089792329, "2010Q3": 1.494902991278, "2022Q2": 5.8070196791579995, "2022Q4": 5.005786025782999, "2022Q1": 6.80803932891, "2022Q3": 4.1858229222670005, "2021Q2": 7.157519939978, "2021Q4": 6.697429368128, "2021Q1": 6.412057235021, "2021Q3": 6.863344067679, "2007Q2": 1.252996602184, "2007Q4": 1.6811699951330001, "2007Q1": 0.824150171154, "2007Q3": 1.794122964449, "2017Q2": 2.297930808814, "2017Q4": 3.034635078704, "2017Q1": 1.933778789095, "2017Q3": 2.678480384752, "2023Q2": 4.082610702259, "2023Q1": 4.598670956622, "2015Q2": 2.028527352876, "2015Q4": 1.642568706035, "2015Q1": 1.640458621109, "2015Q3": 1.678471560637, "2003Q2": 0, "2003Q4": 0, "2003Q1": 0, "2012Q2": 1.127869991642, "2012Q4": 1.333788112757, "2012Q1": 1.203901065571, "2012Q3": 1.018670861718, "2004Q2": 0, "2004Q4": 0, "2004Q1": 0, "2004Q3": 0, "2005Q2": 0, "2005Q4": 0, "2005Q1": 0, "2005Q3": 0, "2018Q2": 2.824845206661, "2018Q4": 2.9044695621630003, "2018Q1": 3.137090538608, "2018Q3": 3.218192291829, "2008Q2": 1.29962916494, "2008Q4": 0.761741745585, "2008Q1": 1.4184870135029999, "2008Q3": 0.9664995978559999, "2013Q2": 1.053299401892, "2013Q4": 1.373913674242, "2013Q1": 1.282308733492, "2013Q3": 1.172650038524, "2019Q2": 3.9417796282049995, "2019Q4": 4.167590126147, "2019Q1": 3.8608194654759997, "2019Q3": 3.881425714502, "2006Q2": 0, "2006Q4": 0.860709391919, "2006Q1": 0, "2006Q3": 0.573458043707, "2011Q2": 1.425273329806, "2011Q4": 1.190254738255, "2011Q1": 1.6107577200029999, "2011Q3": 0.908232573367}