{"2017Q4": 0.06822145, "2023Q2": 0.07938496, "2016Q2": 0.10295236999999999, "2016Q4": 0.0868273, "2009Q4": 0.17737577, "2010Q2": 0.1736546, "2010Q4": 0.16869304000000002, "2015Q2": 0.11287549, "2015Q4": 0.08806768999999999, "2018Q4": 0.04837521, "2012Q2": 0.16745265, "2012Q4": 0.14760641, "2011Q2": 0.19722201, "2011Q4": 0.15628914, "2013Q2": 0.12651978, "2013Q4": 0.11535627, "2014Q2": 0.11535627, "2014Q4": 0.11287549}