{"2015Q1": 0.34119114021900004, "2015Q2": 0.22537381134, "2015Q3": 0.28171758455400003, "2015Q4": 0.46952920079700006, "2012Q4": 2.0627989573590004, "2020Q1": 0.127510842, "2020Q2": 0.161791395, "2016Q1": 0.7042939613850001, "2016Q2": 1.101828874818, "2016Q3": 1.1550422248230001, "2016Q4": 0.9077567325360001, "2013Q1": 1.565097869955, "2013Q2": 1.1957348431290002, "2013Q3": 0.9234075670650002, "2013Q4": 0.49770108740400004, "2017Q1": 0.685512703647, "2017Q2": 0.394404490224, "2017Q3": 0.2563032, "2017Q4": 0.13776297, "2019Q1": 0.12174402000000001, "2019Q2": 0.11533644, "2019Q3": 0.127510842, "2019Q4": 0.127510842, "2018Q1": 0.14417055, "2018Q2": 0.20504256, "2018Q3": 0.16659708, "2018Q4": 0.13135539, "2014Q1": 0.46326899513700004, "2014Q2": 0.378753655695, "2014Q3": 0.356842295127, "2014Q4": 0.372493129656}