{"2022Q1": 26.07294544, "2020Q3": 17.844752720000002, "2020Q4": 19.383402320000002, "2020Q1": 10.958164400000001, "2020Q2": 11.16831452, "2008Q4": 3.8695340400000005, "2010Q3": 5.74900584, "2010Q4": 4.79055536, "2010Q1": 4.88530676, "2010Q2": 5.16117004, "2023Q3": 27.15264, "2023Q1": 24.621599120000003, "2023Q2": 26.14695524, "2016Q3": 8.211693720000001, "2016Q4": 9.45930096, "2016Q1": 6.39850076, "2016Q2": 6.88517412, "2015Q3": 7.985327440000001, "2015Q4": 6.39850076, "2015Q1": 7.91518312, "2015Q2": 7.3198992, "2019Q3": 14.466606040000002, "2019Q4": 10.248518840000001, "2019Q1": 15.52159924, "2019Q2": 14.136814600000001, "2018Q3": 12.800772720000001, "2018Q4": 13.114159440000002, "2018Q1": 16.236524480000003, "2018Q2": 17.887461560000002, "2013Q3": 8.21235368, "2013Q4": 7.728414440000001, "2013Q1": 4.6112348, "2013Q2": 5.4036582, "2014Q3": 8.27910392, "2014Q4": 8.47350928, "2014Q1": 8.75785776, "2014Q2": 8.817914120000001, "2012Q3": 4.38279436, "2012Q4": 4.8893608, "2012Q1": 4.684490360000001, "2012Q2": 4.3547932000000005, "2017Q3": 16.26066016, "2017Q4": 14.206958920000002, "2017Q1": 10.72510424, "2017Q2": 12.165702640000001, "2009Q3": 5.02917804, "2009Q4": 5.14665092, "2009Q2": 6.072386240000001, "2021Q3": 21.53628612, "2021Q1": 16.31355124, "2021Q2": 19.93805156, "2011Q3": 4.92179312, "2011Q4": 5.3117352, "2011Q1": 4.82723028, "2011Q2": 4.3178354400000005}