{"2022Q1": 9.076021525036001, "2020Q3": 5.404384636828, "2020Q4": 7.994673538964, "2020Q1": 6.10591437644, "2020Q2": 6.244488836336001, "2008Q4": 5.2407653360360005, "2010Q3": 7.100392299112001, "2010Q4": 8.452848213976, "2010Q1": 5.663407774076001, "2010Q2": 4.902651498740001, "2023Q3": 12.699516000000001, "2023Q1": 12.331824000000001, "2023Q2": 13.962868, "2016Q3": 7.759714711756001, "2016Q4": 9.408019588436, "2016Q1": 5.071708700228, "2016Q2": 5.36755881226, "2015Q3": 8.706433450528001, "2015Q4": 6.508692650156, "2015Q1": 10.481530662644001, "2015Q2": 8.706433450528001, "2019Q3": 8.934100888808, "2019Q4": 4.780801330332, "2019Q1": 10.753377463796001, "2019Q2": 8.3191345009, "2018Q3": 9.086811588196001, "2018Q4": 9.63447918678, "2018Q1": 8.824773150276, "2018Q2": 14.741766736012002, "2013Q3": 9.72077668774, "2013Q4": 8.030206351044, "2013Q1": 6.001522186480001, "2013Q2": 8.621905424892, "2014Q3": 8.875490661444001, "2014Q4": 9.805302988052, "2014Q1": 7.607563337896001, "2014Q2": 7.607563337896001, "2012Q3": 5.74793637482, "2012Q4": 6.7622778867080005, "2012Q1": 5.916993576308001, "2012Q2": 5.071708700228, "2017Q3": 18.013019176272003, "2017Q4": 11.0056086887, "2017Q1": 9.712321176511999, "2017Q2": 13.499198450888002, "2009Q3": 6.339636023776, "2009Q4": 6.508692650156, "2009Q2": 6.255107413604001, "2021Q3": 10.443097062380001, "2021Q1": 9.820021576248001, "2021Q2": 11.180256863892, "2011Q3": 7.523034737152, "2011Q4": 7.100392299112001, "2011Q1": 8.368319613232, "2011Q2": 8.030206351044}