{"2020Q3": 19.203905703125, "2020Q4": 17.729413715584997, "2019Q4": 0, "2021Q3": 11.580643000355, "2021Q4": 8.720648537315, "2021Q1": 12.242394344179997, "2021Q2": 9.90788339255}