{"2022Q1": 35.735136960000006, "2020Q3": 44.559650680000004, "2020Q4": 47.29188508, "2020Q1": 28.98223768, "2020Q2": 32.852903080000004, "2008Q4": 17.78045376, "2010Q3": 19.57290512, "2010Q4": 20.271425640000004, "2010Q1": 18.36253848, "2010Q2": 16.18853596, "2023Q3": 73.67982, "2023Q1": 76.16749208, "2023Q2": 75.084592, "2016Q3": 13.530688480000002, "2016Q4": 15.0876284, "2016Q1": 9.781550000000001, "2016Q2": 11.595308640000002, "2015Q3": 14.61123156, "2015Q4": 11.703824920000002, "2015Q1": 17.18686688, "2015Q2": 13.102280160000001, "2019Q3": 23.800231760000003, "2019Q4": 21.84957856, "2019Q1": 17.113799880000002, "2019Q2": 19.87158416, "2018Q3": 13.88348424, "2018Q4": 15.26270636, "2018Q1": 15.769744200000002, "2018Q2": 14.287096920000002, "2013Q3": 15.92926596, "2013Q4": 16.60572496, "2013Q1": 12.4176188, "2013Q2": 12.98810708, "2014Q3": 14.699854760000001, "2014Q4": 16.8299228, "2014Q1": 16.65465628, "2014Q2": 17.56096992, "2012Q3": 10.85360788, "2012Q4": 11.76746392, "2012Q1": 11.17661116, "2012Q2": 9.06587052, "2017Q3": 14.8024314, "2017Q4": 14.06393616, "2017Q1": 16.827848640000003, "2017Q2": 15.732503600000001, "2009Q3": 24.91735548, "2009Q4": 24.432850560000002, "2009Q2": 25.21933432, "2021Q3": 63.69839640000001, "2021Q1": 55.65386112, "2021Q2": 57.738297640000006, "2011Q3": 11.85316444, "2011Q4": 16.60421648, "2011Q1": 19.330039840000005, "2011Q2": 12.91230596}