{"2022Q1": 11.852693040000002, "2020Q3": 10.499492200000002, "2020Q4": 11.378936040000001, "2020Q1": 10.24418196, "2020Q2": 10.53239592, "2010Q3": 16.20286652, "2010Q4": 13.749889480000002, "2010Q1": 10.919321040000002, "2010Q2": 16.555096600000002, "2023Q3": 13.491468000000001, "2023Q1": 13.021293640000001, "2023Q2": 16.45186, "2016Q3": 11.3470694, "2016Q4": 11.64772832, "2016Q1": 10.445375480000001, "2016Q2": 10.67079896, "2015Q3": 12.43185508, "2015Q4": 9.61872844, "2015Q1": 16.3538088, "2015Q2": 12.727894280000001, "2019Q3": 11.86692932, "2019Q4": 8.243088960000001, "2019Q1": 10.44697824, "2019Q2": 9.62994776, "2018Q3": 13.481380040000001, "2018Q4": 11.906526920000001, "2018Q1": 15.072826440000002, "2018Q2": 14.07628684, "2013Q3": 22.98206992, "2013Q4": 16.87677996, "2013Q1": 53.091425, "2013Q2": 24.65478568, "2014Q3": 16.9501298, "2014Q4": 17.09381252, "2014Q1": 21.279373120000002, "2014Q2": 17.97740468, "2012Q3": 22.146466280000002, "2012Q4": 31.41843288, "2012Q1": 8.68488504, "2012Q2": 7.2374042, "2017Q3": 16.390483720000002, "2017Q4": 15.567325040000002, "2017Q1": 14.540615840000001, "2017Q2": 18.864673760000002, "2009Q4": 12.750898600000001, "2021Q3": 11.419193600000002, "2021Q1": 10.90404768, "2021Q2": 12.324753000000001, "2011Q3": 7.979199240000001, "2011Q4": 9.19145148, "2011Q1": 13.96362224, "2011Q2": 7.979199240000001}