{"2022Q1": 16.80578712, "2020Q3": 16.849627320000003, "2020Q4": 18.11901324, "2020Q1": 17.24126644, "2020Q2": 17.55135336, "2008Q4": 9.281866, "2010Q3": 13.79872652, "2010Q4": 14.188008640000001, "2010Q1": 11.479815640000002, "2010Q2": 12.23858108, "2023Q3": 17.686928, "2023Q1": 17.33328372, "2023Q2": 19.506532, "2016Q3": 15.74325152, "2016Q4": 15.85770744, "2016Q1": 10.977774640000002, "2016Q2": 13.166296280000001, "2015Q3": 16.0591838, "2015Q4": 12.2903408, "2015Q1": 17.04506976, "2015Q2": 13.153662760000001, "2019Q3": 21.05017844, "2019Q4": 15.26977736, "2019Q1": 21.22176804, "2019Q2": 21.218373960000005, "2018Q3": 18.66734572, "2018Q4": 20.287076120000002, "2018Q1": 24.610474080000003, "2018Q2": 23.20381648, "2013Q3": 12.195589400000001, "2013Q4": 12.163911320000002, "2013Q1": 9.92853252, "2013Q2": 13.246245720000001, "2014Q3": 14.68467568, "2014Q4": 15.181342720000002, "2014Q1": 12.12591648, "2014Q2": 13.608375200000001, "2012Q3": 9.249527960000002, "2012Q4": 10.74358312, "2012Q1": 9.62825072, "2012Q2": 8.18925508, "2017Q3": 24.73605504, "2017Q4": 23.051177159999998, "2017Q1": 17.5247664, "2017Q2": 23.58112504, "2009Q3": 14.36091816, "2009Q4": 15.42062536, "2009Q2": 13.512115320000001, "2021Q3": 20.039025440000003, "2021Q1": 15.939259640000001, "2021Q2": 20.686069080000003, "2011Q3": 10.04157424, "2011Q4": 11.388646880000001, "2011Q1": 12.71667496, "2011Q2": 12.312496600000001}