{"2022Q3": 0.756791511312, "2022Q4": 0.900796332078, "2022Q1": 0.811159966236, "2022Q2": 0.7361913447180001, "2020Q3": 0.890544468714, "2020Q4": 0.846385249536, "2020Q1": 0.7575822488999999, "2020Q2": 1.060905287214, "2023Q3": 0.8664149999999999, "2023Q1": 0.882412707102, "2023Q2": 1.175018254878, "2016Q3": 0.956205083616, "2016Q4": 0.90665383308, "2016Q1": 1.14849010836, "2016Q2": 1.014064529364, "2015Q3": 0.926622871482, "2015Q4": 0.965775755754, "2015Q1": 1.3297738995300001, "2015Q2": 1.003699212894, "2019Q3": 0.7024325712, "2019Q4": 0.705335187474, "2019Q1": 0.7452115440239999, "2019Q2": 0.735294337392, "2018Q3": 0.8061318921899999, "2018Q4": 0.694208497008, "2018Q1": 0.78938519295, "2018Q2": 0.767381434056, "2013Q3": 0.89799330627, "2013Q4": 0.817500863796, "2013Q1": 0.8945017798439999, "2013Q2": 0.8114939613419999, "2014Q3": 1.452051930648, "2014Q4": 1.604899603446, "2014Q1": 0.862777884348, "2014Q2": 1.295424420018, "2012Q3": 0.8622898564079999, "2012Q4": 0.817688576544, "2012Q1": 0.752690091738, "2012Q2": 0.797381037678, "2017Q3": 0.8512707274260001, "2017Q4": 0.823766083944, "2017Q1": 0.8329965542939999, "2017Q2": 0.8236219754999999, "2021Q3": 0.814158738822, "2021Q4": 0.881630413122, "2021Q1": 0.796338189078, "2021Q2": 1.151083965834, "2011Q4": 0.726816419358}