{"2022Q1": 30.098324320000003, "2020Q3": 45.50405344, "2020Q4": 43.49287248, "2020Q1": 38.850431, "2020Q2": 43.085582880000004, "2010Q3": 24.206672840000003, "2010Q4": 21.78848512, "2010Q1": 22.31362472, "2010Q2": 19.335885200000003, "2023Q3": 35.072160000000004, "2023Q1": 32.10639404, "2023Q2": 29.981040000000004, "2016Q3": 23.045048960000003, "2016Q4": 32.3748092, "2016Q1": 23.019499080000003, "2016Q2": 22.985275440000002, "2015Q3": 19.542924080000002, "2015Q4": 15.8258408, "2015Q1": 15.21368076, "2015Q2": 13.19561736, "2019Q3": 37.388053920000004, "2019Q4": 27.44481372, "2019Q1": 25.432878520000003, "2019Q2": 29.47739624, "2018Q3": 17.483943160000003, "2018Q4": 28.283057200000002, "2018Q1": 28.852319840000003, "2018Q2": 30.024691640000004, "2013Q3": 17.434163320000003, "2013Q4": 16.644474040000002, "2013Q1": 14.574933760000002, "2013Q2": 16.0808682, "2014Q3": 15.43429596, "2014Q4": 16.6116646, "2014Q1": 15.277602600000002, "2014Q2": 15.678009760000002, "2012Q3": 13.1101054, "2012Q4": 16.07181732, "2012Q1": 18.204902320000002, "2012Q2": 12.797944320000001, "2017Q3": 51.211764640000005, "2017Q4": 41.63725352, "2017Q1": 38.49857804, "2017Q2": 65.64725828, "2009Q4": 26.3837866, "2021Q3": 53.62043008, "2021Q1": 35.56873276, "2021Q2": 47.28019436, "2011Q3": 18.38705128, "2011Q4": 21.136256080000003, "2011Q1": 24.633666960000003, "2011Q2": 21.57814644}