{"2023Q1": 14.577975669999999, "2023Q2": 16.67350962, "2021Q4": 13.87056612, "2022Q1": 14.561958849999998, "2022Q2": 14.476535809999998, "2022Q3": 17.282148779999996, "2022Q4": 15.378816669999999}