{"2022Q3": 0.591750639512, "2022Q4": 0.824461577184, "2022Q1": 0.605048478068, "2022Q2": 0.585101753668, "2020Q3": 1.033952668724, "2020Q4": 1.087297685612, "2020Q1": 0.658968292284, "2020Q2": 1.306953816474, "2023Q3": 0.5850949999999999, "2023Q1": 0.6283195116539999, "2023Q2": 0.6150217734, "2016Q3": 0.8395024304619999, "2016Q4": 0.8598255213999999, "2016Q1": 0.705056927548, "2016Q2": 0.856698874022, "2015Q3": 1.1339371125920001, "2015Q4": 0.8852124256759999, "2015Q2": 0.870690702116, "2019Q3": 0.643278585368, "2019Q4": 0.688778815666, "2019Q1": 0.683170529638, "2019Q2": 0.597778388504, "2018Q3": 0.5893713757699999, "2018Q4": 0.5221486075959999, "2018Q1": 0.819179239222, "2018Q2": 0.7847862518, "2014Q2": 1.6691583807539998, "2017Q3": 0.8316858621679999, "2017Q4": 0.87545875829, "2017Q1": 0.8097993305219999, "2017Q2": 0.747266550132, "2021Q3": 0.6798484270959999, "2021Q4": 0.6349683974979999, "2021Q1": 0.935107388104, "2021Q2": 0.84724497588}