{"2023Q1": 2.2310164799999996, "2023Q2": 2.39914332, "2022Q4": 1.8307144800000001}