{"2015Q1": 4.41769123307, "2015Q2": 4.57517993307, "2015Q3": 3.4300505, "2015Q4": 15.420546100000001, "2012Q4": 6.10369905663, "2020Q1": 16.12257253386, "2020Q2": 16.78989753386, "2020Q3": 20.954005, "2020Q4": 20.954005, "2016Q1": 10.829350100000001, "2016Q2": 10.97082246614, "2016Q3": 5.632223000000001, "2016Q4": 9.04892753386, "2013Q1": 5.9124995, "2013Q2": 5.1784419999999995, "2013Q3": 5.365293, "2013Q4": 5.72564876693, "2017Q1": 7.580812, "2017Q2": 7.874435, "2017Q3": 19.085495, "2017Q4": 15.98910753386, "2023Q1": 52.63859519921, "2023Q2": 50.39638480079, "2021Q1": 20.79384753386, "2021Q2": 47.24661, "2021Q3": 43.24266, "2021Q4": 52.37166519921, "2019Q1": 21.32770753386, "2019Q2": 25.03803480079, "2019Q3": 21.30101480079, "2019Q4": 20.74046019921, "2018Q1": 20.92731253386, "2018Q2": 26.18583246614, "2018Q3": 26.61292019921, "2018Q4": 22.101804800790003, "2014Q1": 5.311907, "2014Q2": 5.55214373307, "2014Q3": 5.61887623307, "2014Q4": 4.45773126693, "2022Q1": 67.21297480079001, "2022Q2": 50.18284, "2022Q3": 50.77008519921, "2022Q4": 48.58126}