{"2022Q1": 15.378670760000002, "2020Q3": 19.51247164, "2020Q4": 18.82007932, "2020Q1": 19.1030136, "2020Q2": 19.66463956, "2008Q4": 5.64661776, "2010Q3": 6.55613692, "2010Q4": 6.84369092, "2010Q1": 6.256137960000001, "2010Q2": 6.68266068, "2023Q1": 21.231856, "2023Q2": 22.485780000000002, "2016Q3": 15.770027040000002, "2016Q4": 15.812358760000002, "2016Q1": 12.296186160000001, "2016Q2": 13.94184356, "2015Q3": 14.11154756, "2015Q4": 12.744110440000002, "2015Q1": 13.300079600000002, "2015Q2": 13.140934960000001, "2019Q3": 20.502223080000004, "2019Q4": 17.62394896, "2019Q1": 18.464738, "2019Q2": 18.80329748, "2018Q3": 16.8992186, "2018Q4": 17.05581768, "2018Q1": 20.093519280000002, "2018Q2": 18.820645000000003, "2013Q3": 12.32343308, "2013Q4": 11.558068040000002, "2013Q1": 10.04261132, "2013Q2": 11.721738120000001, "2014Q3": 13.467803720000001, "2014Q4": 13.375220760000001, "2014Q1": 11.954326880000002, "2014Q2": 12.326072920000001, "2012Q3": 7.432375240000001, "2012Q4": 9.943805880000001, "2012Q1": 6.70132812, "2012Q2": 6.6858662, "2017Q3": 19.8515968, "2017Q4": 19.981137520000004, "2017Q1": 17.625363160000003, "2017Q2": 18.011628320000003, "2009Q3": 5.57119376, "2009Q4": 6.32656512, "2009Q2": 6.139985, "2021Q3": 19.010713480000003, "2021Q1": 18.93670368, "2021Q2": 19.410743520000004, "2011Q3": 6.26603736, "2011Q4": 6.693314320000001, "2011Q1": 6.52540164, "2011Q2": 6.572541640000001}