{"2022Q1": 22.987632440000002, "2020Q3": 20.49609488, "2020Q1": 22.46607548, "2020Q2": 24.304818320000003, "2010Q3": 15.757016400000001, "2010Q4": 16.400571680000002, "2010Q1": 14.385996640000002, "2010Q2": 15.273265720000001, "2023Q3": 29.273940000000003, "2023Q1": 26.97369656, "2023Q2": 31.300960000000003, "2016Q3": 26.05418372, "2016Q4": 28.7916978, "2016Q1": 21.67893176, "2016Q2": 23.472231640000004, "2015Q3": 23.47251448, "2015Q4": 23.316481080000003, "2015Q1": 25.4400438, "2015Q2": 21.15614916, "2019Q3": 21.873997080000002, "2019Q4": 20.98314536, "2019Q1": 20.151972880000002, "2019Q2": 20.253701000000003, "2018Q3": 20.90593004, "2018Q4": 21.47264712, "2018Q1": 28.332082800000002, "2018Q2": 27.400125000000003, "2013Q3": 35.561096080000006, "2013Q4": 29.078591840000005, "2013Q1": 28.614922800000002, "2013Q2": 39.66142756000001, "2014Q3": 26.05116676, "2014Q4": 25.592777400000003, "2014Q1": 31.558155840000005, "2014Q2": 27.8686966, "2012Q3": 14.631313200000001, "2012Q4": 16.16072336, "2012Q1": 14.848628600000001, "2012Q2": 14.77763576, "2017Q3": 31.126353440000003, "2017Q4": 28.332082800000002, "2017Q1": 28.831295400000002, "2017Q2": 31.28615804, "2009Q4": 15.067829600000001, "2021Q3": 33.60997148, "2021Q1": 21.682891520000002, "2021Q2": 28.429002640000004, "2011Q3": 14.1438856, "2011Q4": 15.353215160000001, "2011Q1": 15.489355480000002, "2011Q2": 16.20503496}