{"2022Q3": 1.82940912, "2022Q4": 1.85656176, "2022Q1": 1.9712062400000003, "2022Q2": 1.8204525200000001, "2020Q3": 2.16551732, "2020Q4": 2.22510228, "2020Q1": 1.6802581600000002, "2020Q2": 1.9258575600000003, "2010Q3": 2.5022854800000003, "2010Q4": 2.41950764, "2010Q1": 2.52924956, "2010Q2": 2.6642585199999997, "2023Q1": 1.83827144, "2016Q3": 1.79263992, "2016Q4": 1.7532308800000003, "2016Q1": 1.4351301600000002, "2016Q2": 1.5276188400000001, "2015Q3": 1.7426715200000003, "2015Q4": 1.5585426800000002, "2015Q1": 1.6588566, "2015Q2": 1.78877444, "2019Q3": 1.85090496, "2019Q4": 1.3578205600000002, "2019Q1": 1.5848468, "2019Q2": 1.65074852, "2018Q3": 1.77020128, "2018Q4": 1.8077247200000002, "2018Q1": 2.68481156, "2018Q2": 2.20530348, "2013Q3": 2.83669664, "2013Q4": 2.37406468, "2013Q1": 1.53214428, "2013Q2": 1.5775872400000002, "2014Q3": 1.7729354000000002, "2014Q4": 1.6588566, "2014Q1": 2.16862856, "2014Q2": 2.0773655200000003, "2012Q3": 1.0845971200000002, "2012Q4": 1.39562684, "2012Q1": 1.0997762000000002, "2012Q2": 0.9936169200000001, "2017Q3": 2.7395882400000002, "2017Q4": 2.7806943200000003, "2017Q1": 1.9498046800000002, "2017Q2": 2.1773966000000002, "2009Q4": 2.6295634800000003, "2021Q3": 1.9447135600000003, "2021Q4": 1.94461928, "2021Q1": 2.00005592, "2021Q2": 2.20747192, "2011Q3": 1.23629364, "2011Q4": 1.41834832, "2011Q1": 1.58522392, "2011Q2": 1.50178612}