{"2020Q1": 2.4836122400000002, "2020Q2": 2.7607535199999997, "2020Q3": 3.53621614, "2020Q4": 3.8453352599999997, "2023Q1": 4.51953472, "2023Q2": 5.24170094, "2021Q1": 4.17577294, "2021Q2": 5.02585052, "2021Q3": 5.21771756, "2021Q4": 4.498216159999999, "2019Q1": 2.56888648, "2019Q2": 2.4436399399999997, "2019Q3": 2.52091972, "2019Q4": 2.6568255400000003, "2018Q1": 3.2537452200000003, "2018Q2": 2.96860948, "2018Q3": 2.398338, "2018Q4": 2.28641556, "2022Q1": 4.56217184, "2022Q2": 3.9572577, "2022Q3": 4.03986712, "2022Q4": 3.98923554}