{"2022Q2": 5.3665815, "2022Q3": 4.62993132, "2022Q1": 4.9771871999999995, "2020Q2": 4.37015127, "2020Q3": 5.864631149999999, "2020Q4": 6.974901299999999, "2020Q1": 5.05043304, "2010Q2": 1.35195936, "2010Q3": 1.3606738499999997, "2010Q4": 1.0825823399999999, "2010Q1": 0.5855254799999999, "2023Q3": 7.12006926, "2016Q2": 1.9382570099999998, "2016Q3": 2.25153741, "2016Q4": 2.41821582, "2016Q1": 2.7761717699999995, "2015Q2": 2.9131767899999996, "2015Q3": 2.8290102599999996, "2015Q4": 1.9870140299999999, "2015Q1": 3.07003761, "2019Q2": 3.9900230099999994, "2019Q3": 4.72093707, "2019Q4": 4.56595152, "2019Q1": 3.1339071, "2018Q2": 4.1749025699999995, "2018Q3": 3.9775579799999994, "2018Q4": 4.240316399999999, "2018Q1": 4.05157599, "2013Q2": 2.00598735, "2013Q3": 2.5932777899999997, "2013Q4": 3.35540958, "2013Q1": 1.35990168, "2014Q2": 2.68660005, "2014Q3": 3.71590266, "2014Q4": 3.78639075, "2014Q1": 3.1287225299999997, "2012Q2": 1.77036519, "2012Q3": 1.39674522, "2012Q4": 1.18594281, "2012Q1": 0.9807662099999999, "2017Q2": 2.4891451499999997, "2017Q3": 2.57198796, "2017Q4": 2.9806865099999995, "2017Q1": 2.59802112, "2009Q4": 0.6112277099999999, "2021Q2": 5.850621779999999, "2021Q3": 5.54870331, "2021Q4": 6.45037725, "2021Q1": 5.9026881, "2011Q2": 0.9887085299999999, "2011Q3": 1.0586450699999999, "2011Q4": 1.04088516, "2011Q1": 1.18737684}