{"2020Q1": 4.555056599496, "2020Q2": 5.580311917752, "2020Q3": 5.255142835331999, "2020Q4": 4.77236065566, "2017Q4": 0, "2023Q1": 5.7089299299239995, "2021Q1": 5.6069893712039995, "2021Q2": 5.459378417219999, "2021Q3": 4.974687788148, "2021Q4": 5.032911776724, "2019Q1": 5.130362541407999, "2019Q2": 6.046854927984, "2019Q3": 5.986470254387999, "2019Q4": 4.33325981322, "2018Q3": 0, "2018Q4": 0, "2022Q1": 4.413475811784, "2022Q2": 4.587001640207999, "2022Q3": 4.5160689801239995, "2022Q4": 5.001151441884}