{"2021Q3": 452.450073, "2021Q1": 451.99173, "2021Q2": 452.210907, "2021Q4": 697.979248, "2001Q3": 170.679092, "2001Q1": 183.040222, "2001Q2": 187.794586, "2001Q4": 121.234474, "2011Q3": 89.026634, "2011Q1": 88.883102, "2011Q2": 88.950058, "2011Q4": 89.103271, "2002Q3": 111.250443, "2002Q1": 84.150948, "2002Q2": 394.606354, "2002Q4": 109.348724, "2015Q3": 97.214447, "2015Q1": 126.155266, "2015Q2": 97.117226, "2015Q4": 97.311737, "2004Q3": 116.004715, "2004Q1": 154.039078, "2004Q2": 129.316788, "2004Q4": 115.529297, "2014Q3": 112.404106, "2014Q1": 112.210388, "2014Q2": 112.307205, "2014Q4": 160.023148, "2010Q3": 85.951141, "2010Q1": 0, "2010Q2": 0, "2010Q4": 0, "2009Q3": 0, "2009Q1": 63.985855, "2009Q2": 0, "2009Q4": 0, "1998Q3": 0, "1998Q1": 0, "1998Q2": 0, "1998Q4": 0, "1996Q3": 0, "1996Q1": 0, "1996Q2": 0, "1996Q4": 0, "2003Q3": 146.432175, "2003Q1": 96.987526, "2003Q2": 107.446999, "2003Q4": 170.203659, "1994Q4": 0, "2005Q3": 123.643867, "2005Q1": 111.250443, "2005Q2": 102.692696, "2005Q4": 115.110458, "1990Q3": 0, "1990Q1": 0, "1990Q2": 0, "1990Q4": 0, "2019Q3": 275.573059, "2019Q1": 277.149353, "2019Q2": 277.347443, "2019Q4": 275.781342, "2016Q3": 58.562561, "2016Q1": 97.409149, "2016Q2": 97.506638, "2016Q4": 58.660332, "1993Q3": 0, "1993Q1": 0, "1993Q2": 0, "1993Q4": 0, "2018Q3": 276.753448, "2018Q1": 34.472343, "2018Q2": 296.323883, "2018Q4": 276.951385, "2007Q3": 158.303207, "2007Q1": 124.829178, "2007Q2": 138.220825, "2007Q4": 136.419235, "1999Q3": 0, "1999Q1": 0, "1999Q2": 0, "1999Q4": 0, "2006Q3": 108.538895, "2006Q1": 137.973618, "2006Q2": 127.532852, "2006Q4": 120.970642, "1992Q3": 0, "1992Q1": 0, "1992Q2": 0, "1992Q4": 0, "1991Q3": 0, "1991Q1": 0, "1991Q2": 0, "1991Q4": 0, "2023Q3": 0, "2023Q1": 599.420105, "2023Q2": 599.679993, "2023Q4": 0, "2012Q3": 89.343231, "2012Q1": 89.18, "2012Q2": 89.256767, "2012Q4": 89.429779, "2020Q3": 276.417175, "2020Q1": 275.989868, "2020Q2": 276.198456, "2020Q4": 451.772705, "2000Q3": 280.503296, "2000Q1": 0, "2000Q2": 0, "2000Q4": 183.040222, "2022Q3": 598.900757, "2022Q1": 698.218567, "2022Q2": 698.457947, "2022Q4": 599.1604, "2013Q3": 98.486084, "2013Q1": 89.516418, "2013Q2": 89.603127, "2013Q4": 112.113663, "1997Q3": 0, "1997Q1": 0, "1997Q2": 0, "1997Q4": 0, "1995Q3": 0, "1995Q1": 0, "1995Q2": 0, "1995Q4": 0, "2008Q3": 0, "2008Q1": 127.888222, "2008Q2": 136.477692, "2008Q4": 104.98288, "2017Q3": 34.373856, "2017Q1": 34.275646, "2017Q2": 34.373856, "2017Q4": 34.373856}