{"2022Q1": 16.92580556, "2020Q3": 12.295997600000002, "2020Q4": 13.092663600000002, "2020Q1": 12.59844784, "2020Q2": 14.556737720000001, "2010Q3": 3.4339604400000003, "2010Q4": 3.44649968, "2010Q1": 3.6385480400000003, "2010Q2": 3.5765118000000005, "2023Q3": 28.658291600000002, "2023Q1": 26.56216436, "2023Q2": 24.108338800000002, "2016Q3": 7.08212504, "2016Q4": 7.53655464, "2016Q1": 5.585807160000001, "2016Q2": 6.2174831600000005, "2015Q3": 6.91044116, "2015Q4": 5.95774176, "2015Q1": 7.109371960000001, "2015Q2": 5.92540372, "2019Q3": 10.92554352, "2019Q4": 12.777956960000001, "2019Q1": 10.08946848, "2019Q2": 10.15669012, "2018Q3": 8.57834864, "2018Q4": 10.04770244, "2018Q1": 10.39182444, "2018Q2": 11.22016852, "2013Q3": 4.75048636, "2013Q4": 4.88304404, "2013Q1": 4.42182628, "2013Q2": 4.75048636, "2014Q3": 6.373139440000001, "2014Q4": 6.898656160000001, "2014Q1": 5.0666072, "2014Q2": 5.934360320000001, "2012Q3": 4.0379181200000005, "2012Q4": 4.464535120000001, "2012Q1": 3.7182146400000002, "2012Q2": 3.9538203600000004, "2017Q3": 9.173161160000001, "2017Q4": 10.032994760000001, "2017Q1": 7.90226676, "2017Q2": 7.6201810000000005, "2009Q4": 4.5847421200000005, "2021Q3": 21.08770188, "2021Q1": 13.092663600000002, "2021Q2": 19.365771960000004, "2011Q3": 3.4190642, "2011Q4": 3.9867240800000006, "2011Q1": 3.4068078000000006, "2011Q2": 3.53389724}