{"2022Q3": 9.981774, "2022Q1": 8.386890000000001, "2022Q2": 10.458406, "2020Q3": 25.11484, "2020Q4": 25.050678, "2020Q1": 28.27711, "2020Q2": 26.920542, "2019Q3": 47.113240000000005, "2019Q4": 31.76019, "2019Q1": 75.89448, "2019Q2": 55.68345, "2018Q3": 31.576870000000003, "2018Q4": 57.7458, "2017Q4": 60.953900000000004, "2021Q3": 8.744364000000001, "2021Q4": 8.570210000000001, "2021Q1": 17.030428, "2021Q2": 17.525392}