{"2022Q1": 6.199775999999999, "2020Q3": 12.263592, "2020Q4": 12.055119999999999, "2020Q1": 14.475207999999999, "2020Q2": 15.100623999999998, "2023Q3": 9.589711999999999, "2023Q1": 19.904543999999998, "2023Q2": 13.278759999999998, "2019Q3": 14.864959999999998, "2019Q4": 6.081943999999999, "2019Q2": 16.750272, "2018Q4": 0, "2021Q3": 6.643911999999999, "2021Q1": 13.260632, "2021Q2": 10.332959999999998}