{"2022Q3": 31.21968, "2022Q4": 30.15432, "2020Q4": 94.58543999999999, "2023Q1": 27.532608, "2023Q2": 28.30152, "2021Q3": 40.71528, "2021Q1": 75.5016, "2021Q2": 58.919039999999995}