{"2022Q1": 61.77400000000001, "2022Q2": 60.29880000000001, "2020Q3": 98.65400000000001, "2020Q4": 79.0154, "2020Q1": 52.369600000000005, "2020Q2": 50.894400000000005, "2023Q1": 63.34140000000001, "2019Q4": 30.610400000000002, "2021Q3": 88.97300000000001, "2021Q1": 51.90860000000001, "2021Q2": 80.67500000000001}