{"2022Q3": 6.735591200000001, "2022Q1": 7.53706824, "2022Q2": 7.239858079999999, "2020Q3": 27.329635839999998, "2020Q4": 22.62009048, "2023Q1": 5.988169200000001, "2019Q4": 0, "2021Q3": 12.99394304, "2021Q4": 12.084448479999999, "2021Q1": 22.503002079999998, "2021Q2": 16.40681536}