{"2022Q3": 18.31888684, "2022Q4": 17.46602996, "2022Q1": 19.0007198, "2022Q2": 17.50176208, "2020Q3": 13.78175612, "2020Q4": 14.89501436, "2020Q1": 15.359437640000001, "2020Q2": 13.54831884, "2023Q3": 15.895608000000001, "2023Q1": 19.933337560000002, "2023Q2": 19.553672000000002, "2016Q3": 12.782105280000001, "2016Q4": 11.673183920000001, "2016Q1": 12.463816000000001, "2016Q2": 12.388392000000001, "2015Q3": 13.35231072, "2015Q4": 11.65762772, "2015Q1": 13.327986480000002, "2015Q2": 11.914163600000002, "2019Q3": 15.77606096, "2019Q4": 14.262584120000001, "2019Q1": 12.784462280000001, "2019Q2": 12.979339040000001, "2018Q3": 11.541474760000002, "2018Q4": 13.81305708, "2018Q1": 13.774119440000002, "2018Q2": 16.32184788, "2013Q3": 9.2446254, "2013Q1": 7.894347240000001, "2013Q2": 7.4194588800000005, "2014Q4": 15.023140880000001, "2012Q3": 5.603531800000001, "2012Q4": 7.411067960000001, "2012Q1": 4.92980692, "2012Q2": 5.733638200000001, "2017Q3": 11.586540600000001, "2017Q4": 13.16252508, "2017Q1": 10.94468236, "2017Q2": 11.54213472, "2021Q3": 16.590923, "2021Q4": 17.16810516, "2021Q1": 16.92976532, "2021Q2": 16.34258948}