{"2022Q3": 69.20142572, "2022Q4": 54.458956400000005, "2022Q1": 75.71570232, "2022Q2": 68.46123344, "2020Q3": 61.00953080000001, "2020Q4": 74.61234348, "2020Q1": 78.59435356000002, "2020Q2": 77.86142084000001, "2010Q3": 9.346824920000001, "2010Q4": 8.666406160000001, "2010Q1": 8.058017320000001, "2010Q2": 9.33079732, "2023Q3": 47.102288, "2023Q1": 54.8700172, "2023Q2": 59.66981200000001, "2016Q3": 50.02506228000001, "2016Q4": 49.495114400000006, "2016Q1": 46.39952488, "2016Q2": 47.4195402, "2015Q3": 38.65489428000001, "2015Q4": 38.08921428000001, "2015Q1": 32.2546022, "2015Q2": 37.144905800000004, "2019Q3": 84.43264256, "2019Q4": 75.99552536, "2019Q1": 67.43452424, "2019Q2": 81.04469076000001, "2018Q3": 61.694380720000005, "2018Q4": 71.51609400000001, "2018Q1": 60.47854584, "2018Q2": 65.75436036, "2013Q3": 17.389191760000003, "2013Q4": 16.717635320000003, "2013Q1": 13.93260412, "2013Q2": 14.35940968, "2014Q3": 33.35371844, "2014Q4": 37.6304478, "2014Q1": 25.25157808, "2014Q2": 28.466431800000002, "2012Q3": 8.13994664, "2012Q4": 11.267591359999999, "2012Q1": 8.28117808, "2012Q2": 8.315684560000001, "2017Q3": 73.6614354, "2017Q4": 62.5882494, "2017Q1": 62.7636102, "2017Q2": 68.40617392, "2021Q3": 73.01401464, "2021Q4": 76.44995496, "2021Q1": 79.87052763999999, "2021Q2": 84.7728048, "2011Q3": 7.798841600000001, "2011Q4": 8.4550304, "2011Q1": 8.31719304, "2011Q2": 8.1924606}