{"2022Q3": 9.75977132, "2022Q4": 10.41501732, "2022Q1": 9.509457920000001, "2022Q2": 8.86015156, "2020Q3": 14.50469516, "2020Q4": 13.30828196, "2020Q1": 17.061285920000003, "2020Q2": 18.60936352, "2008Q4": 3.73056532, "2010Q3": 4.04583764, "2010Q4": 4.8008318800000005, "2010Q1": 4.4787714, "2010Q2": 4.138892, "2023Q3": 13.096906200000001, "2023Q1": 11.2952154, "2023Q2": 12.803318280000001, "2016Q3": 11.68166912, "2016Q4": 13.269721440000001, "2016Q1": 12.95888028, "2016Q2": 12.114602880000001, "2015Q4": 13.712083200000002, "2019Q3": 17.816563000000002, "2019Q4": 15.98583396, "2019Q1": 15.143253600000001, "2019Q2": 16.04004496, "2018Q3": 13.502310200000002, "2018Q4": 13.98945496, "2018Q1": 16.135550600000002, "2018Q2": 15.159658320000002, "2013Q3": 7.6232922400000005, "2013Q4": 7.2003521600000004, "2013Q1": 6.637029160000001, "2013Q2": 7.405694, "2014Q3": 10.25558984, "2014Q4": 13.9656964, "2014Q1": 8.96112544, "2014Q2": 9.73243012, "2012Q3": 5.0100392000000005, "2012Q4": 6.7754322, "2012Q1": 4.88624956, "2012Q2": 5.374997080000001, "2017Q3": 14.68684412, "2017Q4": 14.330654280000001, "2017Q1": 12.545368200000002, "2017Q2": 14.7034374, "2009Q3": 4.10381984, "2009Q4": 3.9673024000000003, "2009Q2": 4.58455356, "2021Q3": 12.420447200000002, "2021Q4": 10.96627248, "2021Q1": 13.36946968, "2021Q2": 13.912333920000002, "2011Q3": 4.671291160000001, "2011Q4": 5.290899320000001, "2011Q1": 4.75718024, "2011Q2": 4.73785284}