{"2022Q1": 17.178921998680003, "2020Q3": 19.319058426152, "2020Q4": 23.550041461396003, "2020Q1": 23.23555918894, "2020Q2": 23.174088449808, "2010Q3": 20.378032750000003, "2010Q4": 19.50718800024, "2010Q1": 21.76082756346, "2010Q2": 20.232471887548, "2023Q3": 14.717108000000001, "2023Q1": 18.101760000000002, "2023Q2": 17.649216000000003, "2016Q3": 43.5701761875, "2016Q4": 43.092018225384, "2016Q1": 36.694883148896004, "2016Q2": 33.936769624280004, "2015Q3": 48.355240661444, "2015Q4": 38.293792301152, "2015Q1": 48.82548517519201, "2015Q2": 43.73132225048, "2019Q3": 25.061203001440003, "2019Q4": 21.733940736492002, "2019Q1": 24.673791849184003, "2019Q2": 24.854583412884, "2018Q3": 24.30833025, "2018Q4": 25.190338524856, "2018Q1": 38.89166928884401, "2018Q2": 38.766886399616006, "2013Q3": 35.459334075768, "2013Q4": 40.325084363652, "2013Q1": 40.52494599952001, "2013Q2": 36.139791236012, "2014Q3": 42.175568750000004, "2014Q4": 46.004096326247996, "2014Q1": 36.778328774136, "2014Q2": 44.951286113652, "2012Q3": 38.092020213076005, "2012Q4": 46.422242862212, "2012Q1": 31.76815468774, "2012Q2": 35.339276688700004, "2017Q3": 38.652479825768005, "2017Q4": 39.307619949328, "2017Q1": 42.033043910964004, "2017Q2": 41.46282483807601, "2009Q4": 18.922456350384, "2021Q3": 18.007275138988, "2021Q4": 19.10398793666, "2021Q1": 20.908498161204, "2021Q2": 20.621956926392002, "2011Q3": 21.053041638748002, "2011Q4": 33.92570737476, "2011Q1": 24.071134111252, "2011Q2": 23.408621461396002}