{"2022Q3": 17.281524, "2022Q4": 20.157064000000002, "2022Q1": 13.340620000000001, "2022Q2": 10.653640000000001, "2020Q4": 16.9704, "2008Q4": 0.72237755546, "2010Q3": 1.7736425, "2010Q4": 3.1714137008880003, "2010Q1": 2.464305932216, "2010Q2": 1.9662764707920002, "2023Q3": 14.066576000000001, "2023Q1": 21.373276, "2023Q2": 14.142000000000001, "2016Q3": 41.742470000000004, "2016Q4": 31.70165, "2016Q1": 38.254110000000004, "2016Q2": 44.5473, "2015Q3": 8.756255000000001, "2015Q4": 23.452150000000003, "2015Q1": 7.129925, "2015Q2": 16.7347, "2018Q3": 12.925788, "2018Q1": 20.78874, "2018Q2": 16.819552, "2013Q3": 11.980895700528002, "2013Q4": 10.136777986012001, "2013Q1": 7.7053604250120005, "2013Q2": 7.869804336396, "2014Q1": 6.208923224244001, "2012Q3": 5.755528724364, "2012Q4": 4.9027706120920005, "2012Q1": 2.767352200948, "2012Q2": 3.3945872452560004, "2017Q3": 22.3915, "2017Q4": 25.785580000000003, "2017Q1": 25.644160000000003, "2017Q2": 29.108950000000004, "2009Q3": 4.39064618696, "2009Q4": 2.4572582382320003, "2021Q3": 17.960340000000002, "2021Q4": 17.950912000000002, "2021Q1": 18.592016, "2021Q2": 17.243812000000002, "2011Q3": 3.742268051272, "2011Q4": 2.98582728266, "2011Q1": 2.34919531304, "2011Q2": 3.5942687686120003}