{"2022Q1": 10.588992, "2022Q2": 9.0936, "2020Q3": 15.156, "2020Q4": 12.246048, "2020Q1": 13.226136, "2020Q2": 15.56016, "2010Q3": 4.304304, "2010Q4": 4.082016, "2010Q1": 5.70876, "2010Q2": 3.950664, "2023Q3": 7.345608, "2023Q2": 7.234464, "2016Q3": 23.79492, "2016Q4": 21.471, "2016Q1": 35.21244, "2016Q2": 22.9866, "2015Q3": 22.38036, "2015Q4": 27.503088, "2015Q1": 8.062992, "2015Q2": 33.54528, "2019Q3": 19.04604, "2019Q4": 21.450792, "2019Q1": 10.6092, "2019Q2": 24.876048, "2018Q3": 15.499536, "2018Q4": 9.0936, "2018Q1": 18.520632, "2018Q2": 13.327176, "2013Q3": 10.55868, "2013Q4": 7.497168, "2013Q1": 21.52152, "2013Q2": 9.325992, "2014Q3": 8.911728, "2014Q4": 7.618416, "2014Q1": 5.577408, "2014Q2": 10.679928, "2012Q3": 2.101632, "2012Q4": 2.303712, "2012Q1": 2.67756, "2012Q2": 2.470428, "2017Q3": 12.609792, "2017Q4": 11.397312, "2017Q1": 19.278432, "2017Q2": 17.58096, "2009Q4": 5.587512, "2021Q3": 11.104296, "2021Q4": 11.134608, "2021Q1": 13.680816, "2021Q2": 13.812168, "2011Q3": 3.1221360000000002, "2011Q4": 3.026148, "2011Q1": 3.147396, "2011Q2": 3.980976}