{"2022Q3": 6.188390999999999, "2022Q4": 4.346214, "2022Q1": 6.574476, "2022Q2": 6.276638999999999, "2020Q3": 24.108158931669, "2020Q1": 16.605799699692, "2020Q2": 27.747478664579997, "2010Q3": 3.9495733368209995, "2010Q4": 3.926163767799, "2010Q1": 5.033112902876999, "2010Q2": 4.815737428844999, "2023Q1": 4.213842, "2023Q2": 3.7726019999999996, "2016Q3": 5.653254190365, "2016Q4": 6.438526867319999, "2016Q1": 5.013919073187, "2016Q2": 5.493420835764, "2015Q3": 5.851775832188999, "2015Q4": 6.288424741019999, "2015Q1": 6.639118167426, "2015Q2": 6.140583495386999, "2019Q3": 8.753808135261, "2019Q4": 11.625596756664, "2019Q1": 6.643730802137999, "2019Q2": 7.085704010645999, "2018Q3": 7.473863379165, "2018Q4": 6.851335656168, "2018Q1": 7.106329233927, "2018Q2": 7.501902074244, "2013Q3": 5.621368720842, "2013Q4": 8.142818385993, "2013Q1": 2.984226181404, "2013Q2": 4.3147065738779995, "2014Q3": 6.443804031534, "2014Q4": 6.8816022271619985, "2014Q1": 5.776850676872999, "2014Q2": 5.294591837186999, "2012Q3": 2.3956993648619997, "2012Q4": 2.87280829395, "2012Q1": 2.7983667266429997, "2012Q2": 2.3720130832049997, "2017Q3": 8.165854621851, "2017Q4": 8.305203817599, "2017Q1": 6.594694565466, "2017Q2": 7.712968919375999, "2009Q4": 6.40659796875, "2021Q4": 9.089544, "2011Q3": 2.821868525856, "2011Q4": 2.6234300357099998, "2011Q1": 3.0102181075259993, "2011Q2": 2.73778543434}