{"2017Q2": 1.578801646112, "2017Q4": 1.4882824201120002, "2017Q1": 1.586735482802, "2017Q3": 1.588455348096, "2023Q2": 1.1827425, "2023Q1": 1.179410635528, "2016Q2": 1.5153322141840002, "2016Q4": 1.208563188066, "2016Q1": 1.816811700444, "2016Q3": 1.541777705688, "2015Q2": 2.603595035498, "2015Q4": 2.048950936404, "2015Q1": 2.74006585771, "2015Q3": 1.9578286694280003, "2020Q2": 0.7516508364360001, "2020Q4": 1.0022011152480002, "2020Q1": 0.6307972615920001, "2020Q3": 0.739859997604, "2022Q2": 0.941176333218, "2022Q4": 1.0630013339020001, "2022Q1": 0.9815674626900001, "2022Q3": 0.907779469794, "2018Q2": 1.721908126846, "2018Q4": 1.577694599132, "2018Q1": 1.7544562542520001, "2018Q3": 1.447902644968, "2021Q2": 0.942782024436, "2021Q4": 0.886095857294, "2021Q1": 0.960933810132, "2021Q3": 0.933831659992, "2019Q2": 1.5645147475080001, "2019Q4": 1.3126908915720001, "2019Q1": 1.652685835398, "2019Q3": 1.413857638654, "2013Q4": 2.921012528892, "2014Q2": 2.6965374643319997, "2014Q4": 2.730243417796, "2014Q1": 2.6873013493, "2014Q3": 3.0540861992460004}