{"2022Q3": 36.01222588, "2022Q4": 42.595798280000004, "2022Q1": 35.528380920000004, "2022Q2": 37.036578080000005, "2020Q3": 31.930373280000005, "2020Q4": 31.176039000000003, "2020Q1": 26.66059268, "2020Q2": 27.62045736, "2008Q4": 2.69659656, "2010Q3": 3.30111992, "2010Q4": 2.9254141200000006, "2010Q1": 3.2319184000000005, "2010Q2": 3.415293, "2023Q1": 52.68969792000001, "2016Q3": 12.199454880000001, "2016Q4": 11.82478616, "2016Q1": 12.19860636, "2016Q2": 11.327836280000001, "2015Q3": 13.4825114, "2015Q4": 14.677321840000001, "2015Q1": 14.32198052, "2015Q2": 12.2549858, "2019Q3": 27.815051280000002, "2019Q4": 25.874203200000004, "2019Q1": 24.90293064, "2019Q2": 30.73113168, "2018Q3": 20.64694288, "2018Q4": 23.46544348, "2018Q1": 21.6273606, "2018Q2": 22.138735320000002, "2013Q3": 6.88592836, "2013Q4": 7.154343520000001, "2013Q1": 6.937688080000001, "2013Q2": 7.36251376, "2014Q3": 12.689145200000002, "2014Q4": 16.667666920000002, "2014Q1": 7.908489240000001, "2014Q2": 9.48136248, "2012Q3": 4.716922680000001, "2012Q4": 6.9286372, "2012Q1": 4.084775280000001, "2012Q2": 4.631316440000001, "2017Q3": 19.07067556, "2017Q4": 20.213443440000002, "2017Q1": 14.094200040000002, "2017Q2": 15.92134644, "2009Q3": 2.64464828, "2009Q4": 2.8436733600000004, "2009Q2": 2.7311030400000003, "2021Q3": 36.39735968, "2021Q4": 44.14755280000001, "2021Q1": 29.685189360000003, "2021Q2": 34.02348356, "2011Q3": 3.6207291200000005, "2011Q4": 3.97286492, "2011Q1": 3.0183742, "2011Q2": 3.6830482}