{"2022Q1": 10.38475344, "2020Q3": 9.511249240000001, "2020Q4": 11.8684378, "2020Q1": 8.823099520000001, "2020Q2": 8.74173588, "2008Q4": 7.31763648, "2010Q3": 8.687902000000001, "2010Q4": 7.946861200000001, "2010Q1": 8.60333284, "2010Q2": 7.192526920000001, "2023Q3": 14.787818000000001, "2023Q1": 14.002371320000002, "2023Q2": 15.103656, "2016Q3": 12.927579320000001, "2016Q4": 12.29514908, "2016Q1": 8.949529, "2016Q2": 10.801942440000001, "2015Q3": 10.98390284, "2015Q4": 9.62711936, "2015Q1": 12.2945834, "2015Q2": 10.69238908, "2019Q3": 12.97500216, "2019Q4": 9.154588, "2019Q1": 12.335595200000002, "2019Q2": 11.59917412, "2018Q3": 12.40988784, "2018Q4": 12.5491394, "2018Q1": 15.503497480000002, "2018Q2": 16.576592440000002, "2013Q3": 15.730240880000002, "2013Q4": 14.00303128, "2013Q1": 14.46340052, "2013Q2": 15.788788760000001, "2014Q3": 11.163789079999999, "2014Q4": 12.892318600000001, "2014Q1": 13.005454600000002, "2014Q2": 12.19568368, "2012Q3": 9.28592004, "2012Q4": 11.8066844, "2012Q1": 9.58761604, "2012Q2": 9.12168428, "2017Q3": 14.36148384, "2017Q4": 14.872481440000001, "2017Q1": 12.215105359999999, "2017Q2": 12.97556784, "2009Q3": 8.60616124, "2009Q4": 9.30175908, "2009Q2": 9.814642280000001, "2021Q3": 9.849243040000001, "2021Q1": 10.808636320000002, "2021Q2": 10.533715840000001, "2011Q3": 8.02454792, "2011Q4": 9.98764608, "2011Q1": 8.11071984, "2011Q2": 7.6875912}