{"2022Q3": 4.42352332, "2022Q4": 4.7465266, "2022Q1": 4.66224028, "2022Q2": 5.787472080000001, "2020Q3": 2.7685322, "2020Q4": 3.7486670800000006, "2020Q1": 2.29892352, "2020Q2": 2.52660972, "2008Q4": 1.39308128, "2010Q3": 1.12975724, "2010Q4": 0.900374, "2010Q1": 1.06838096, "2010Q2": 0.68503848, "2023Q1": 5.30824684, "2016Q3": 2.24895512, "2016Q4": 2.4847494, "2016Q1": 2.24970936, "2016Q2": 1.90191044, "2015Q3": 1.4750106, "2015Q4": 1.7379575200000001, "2015Q1": 1.57937856, "2015Q2": 1.29700996, "2019Q3": 3.07079388, "2019Q4": 1.65847948, "2019Q1": 3.9430724400000003, "2019Q2": 4.68750732, "2018Q3": 3.23031564, "2018Q4": 4.04112364, "2018Q1": 4.95827948, "2018Q2": 4.3100102, "2013Q3": 2.1450585600000003, "2013Q4": 2.2699795600000003, "2013Q1": 1.5020689600000001, "2013Q2": 1.43937276, "2014Q3": 1.8348773600000001, "2014Q4": 1.8015965200000001, "2014Q1": 1.65631104, "2014Q2": 1.7202328800000002, "2012Q3": 1.21451496, "2012Q4": 1.69666288, "2012Q1": 1.0163384, "2012Q2": 0.9244154, "2017Q3": 5.361797880000001, "2017Q4": 4.79046108, "2017Q1": 2.9873560800000005, "2017Q2": 4.27870924, "2009Q3": 1.1772743600000002, "2009Q4": 1.34094444, "2009Q2": 1.63189252, "2021Q3": 4.13427228, "2021Q4": 4.12182732, "2021Q1": 4.140117640000001, "2021Q2": 4.75868872, "2011Q3": 1.17633156, "2011Q4": 1.30879496, "2011Q1": 1.58380972, "2011Q2": 1.32915944}