{"2022Q1": 6.929279048812, "2010Q3": 1.883878428344, "2010Q4": 1.844270070996, "2010Q1": 1.9855267874640001, "2010Q2": 1.8228896108600003, "2015Q1": 3.7703379885320003, "2015Q2": 3.817863537164, "2014Q3": 3.5797271251200002, "2014Q4": 3.6911296176160007, "2009Q4": 2.27014143876, "2011Q3": 1.8583483377160002, "2011Q4": 2.188736617256, "2011Q1": 1.9780147173400002, "2011Q2": 1.893544372208}