{"2022Q1": 35.54808544, "2022Q2": 36.80332936, "2020Q3": 29.441287000000003, "2020Q4": 28.01332212, "2020Q1": 17.30679104, "2020Q2": 22.28109812, "2008Q4": 1.9102070800000002, "2010Q3": 2.06595764, "2010Q4": 2.0800996400000002, "2010Q1": 1.7487997200000003, "2010Q2": 1.9965675600000001, "2023Q3": 53.4963576, "2023Q2": 47.1367002, "2015Q3": 6.612610640000001, "2015Q1": 4.5831393600000006, "2015Q2": 5.4663544, "2019Q3": 14.738132440000001, "2019Q4": 19.09254852, "2019Q1": 16.493908880000003, "2019Q2": 15.000136560000001, "2018Q3": 18.02473324, "2018Q4": 11.88512536, "2018Q1": 12.11347152, "2018Q2": 14.22788908, "2013Q3": 4.088546480000001, "2013Q4": 4.40834424, "2013Q1": 3.6950217600000004, "2013Q2": 4.30190212, "2014Q3": 4.66808564, "2014Q4": 4.7270106400000005, "2014Q1": 4.8940748, "2014Q2": 4.921227440000001, "2012Q3": 3.01535724, "2012Q4": 3.16648808, "2012Q1": 2.48371232, "2012Q2": 2.4539198399999997, "2017Q4": 10.80231956, "2009Q3": 2.19266996, "2009Q4": 1.8575045600000002, "2021Q3": 38.02812084000001, "2021Q4": 35.229890440000005, "2021Q1": 35.09507004, "2021Q2": 41.32122696, "2011Q3": 2.3438008, "2011Q4": 2.8030386800000002, "2011Q1": 2.10300968, "2011Q2": 1.7886801600000002}