{"2022Q3": 123.72241946307601, "2022Q4": 124.07248000000001, "2022Q1": 100.617632338076, "2022Q2": 115.15129023865201, "2020Q3": 74.43549168894, "2020Q4": 109.43455247346401, "2020Q1": 46.280657136828005, "2020Q2": 63.026345725384004, "2023Q1": 125.01528, "2019Q3": 50.77689243606, "2019Q4": 46.464673463076004, "2019Q1": 45.336512911444004, "2019Q2": 44.475116875000005, "2021Q3": 105.740553425192, "2021Q4": 94.74826961173201, "2021Q1": 121.624717087116, "2021Q2": 190.61003757576802}