{"2022Q4": 3.89687524, "2020Q4": 2.0523813200000003, "2010Q3": 0.5064721600000001, "2010Q4": 0.50996052, "2010Q1": 0.51024336, "2010Q2": 0.51580588, "2023Q1": 3.5763232400000002, "2023Q2": 4.06657924, "2016Q4": 1.28588492, "2015Q4": 1.00049936, "2019Q4": 1.9827084000000001, "2018Q4": 2.3673708, "2013Q3": 0.8674702800000001, "2013Q4": 0.9538307600000001, "2013Q1": 0.81420208, "2013Q2": 0.8489914000000001, "2014Q3": 1.0168098, "2014Q4": 1.13720536, "2014Q1": 1.0399084, "2014Q2": 1.02727488, "2012Q3": 0.77271888, "2012Q4": 0.8019456800000001, "2012Q1": 0.62771624, "2012Q2": 0.64760932, "2017Q4": 1.58305548, "2009Q4": 0.532682, "2021Q4": 2.25300916, "2011Q3": 0.71473668, "2011Q4": 0.6396898, "2011Q1": 0.5022295600000001, "2011Q2": 0.56794272}