{"2022Q3": 0.7595504748240001, "2022Q4": 0.9176469592380001, "2022Q1": 0.9861391008960001, "2022Q2": 0.726540029322, "2020Q3": 0.669897311076, "2020Q4": 0.8447967465420001, "2020Q1": 0.7359262464480001, "2020Q2": 0.8616470622780001, "2023Q3": 1.2829380000000001, "2023Q1": 1.1393257469100002, "2023Q2": 1.468443830652, "2016Q3": 1.0100471012880001, "2016Q4": 0.819191557872, "2016Q1": 0.9666708288120001, "2016Q2": 1.20709920057, "2015Q3": 0.508121915262, "2015Q4": 0.5180364948, "2015Q1": 0.8766443301060001, "2015Q2": 0.525495426984, "2019Q3": 1.0072991174400001, "2019Q4": 1.0440954089580001, "2019Q1": 1.0626616022580002, "2019Q2": 1.0198123399080001, "2018Q3": 0.9441118897380001, "2018Q4": 0.8341321683840001, "2018Q1": 0.9343559437500001, "2018Q2": 1.012102992096, "2013Q4": 1.10467099098, "2013Q2": 0.9585618284760001, "2014Q3": 0.8962889888280001, "2014Q4": 0.773509603092, "2014Q1": 1.3643160402780001, "2014Q2": 1.222881903846, "2017Q3": 0.9204724048020001, "2017Q4": 0.984336226266, "2017Q1": 0.9294911468760001, "2017Q2": 0.8229095815440001, "2021Q3": 0.8226253934400001, "2021Q4": 1.0923386627700002, "2021Q1": 0.785396890512, "2021Q2": 0.7936469100060002}