{"2022Q3": 4.7191314, "2022Q4": 5.84811684, "2022Q1": 9.523907580000001, "2022Q2": 6.256576560000001, "2020Q3": 1.5863355000000001, "2020Q4": 5.614760820000001, "2020Q1": 1.0644918, "2020Q2": 1.3911208800000001, "2023Q3": 9.604698, "2023Q1": 8.531537700000001, "2023Q2": 7.517323200000001, "2019Q3": 1.6796085600000001, "2019Q4": 1.6816890000000002, "2019Q1": 1.9927147800000002, "2019Q2": 1.664352, "2018Q2": 1.6192758000000003, "2021Q3": 9.06066294, "2021Q4": 13.069324080000001, "2021Q1": 13.101570900000002, "2021Q2": 14.1088506}