{"2022Q3": 3.04212, "2022Q4": 2.4196400000000002, "2022Q1": 2.06824, "2022Q2": 2.008, "2020Q3": 4.1264400000000006, "2020Q4": 4.14652, "2020Q1": 4.55816, "2020Q2": 4.08628, "2016Q3": 4.3172, "2016Q4": 4.0662, "2016Q1": 4.37744, "2016Q2": 4.93968, "2015Q3": 3.67464, "2015Q4": 5.040080000000001, "2015Q1": 6.526, "2015Q2": 4.60836, "2019Q3": 2.11844, "2019Q4": 3.68468, "2019Q1": 2.2489600000000003, "2019Q2": 2.3393200000000003, "2018Q3": 1.91764, "2018Q4": 2.4296800000000003, "2018Q1": 2.46984, "2018Q2": 2.4598, "2014Q4": 6.98784, "2017Q3": 3.19272, "2017Q4": 3.5140000000000002, "2017Q1": 4.15656, "2017Q2": 3.5340800000000003, "2021Q3": 2.36944, "2021Q4": 2.27908, "2021Q1": 3.44372, "2021Q2": 2.87144}