{"2014Q2": 0.12830879846, "2014Q1": 0.11081375782, "2014Q4": 0.14313414134, "2014Q3": 0.1326328568, "2016Q2": 0.1436027585, "2016Q1": 0.14098986282, "2016Q4": 0.15309580612, "2016Q3": 0.13978281862, "2019Q2": 0.17709468492000002, "2019Q1": 0.18702084840000002, "2019Q4": 0.17255051852000003, "2019Q3": 0.17850763666000002, "2013Q2": 0.08841953778, "2013Q1": 0.08487650804, "2013Q4": 0.10355019184, "2013Q3": 0.11263142438, "2011Q2": 0.06641796211800001, "2011Q1": 0.06103119366328, "2011Q4": 0.05641020245008001, "2011Q3": 0.06250860866382, "2020Q2": 0.18662323384, "2020Q1": 0.18051701024000003, "2018Q2": 0.20454429008000002, "2018Q1": 0.20913105804000004, "2018Q4": 0.18807168688, "2018Q3": 0.19823925920000002, "2017Q2": 0.1747018973, "2017Q1": 0.17186889356, "2017Q4": 0.20913105804000004, "2017Q3": 0.21633782194000004, "2015Q2": 0.15100832968000003, "2015Q1": 0.15213727102, "2015Q4": 0.14720969058, "2015Q3": 0.14513641466000002, "2010Q4": 0.059311311884000004, "2022Q4": 0.2763421192, "2012Q2": 0.055940818462000004, "2012Q1": 0.054697562936, "2012Q4": 0.06784795448200001, "2012Q3": 0.066151702368}