{"2017Q2": 0.10132097056, "2017Q4": 0.09182129568000001, "2017Q1": 0.08232162080000001, "2017Q3": 0.09182129568000001, "2016Q2": 0.08074056536, "2016Q4": 0.10765186344000001, "2016Q1": 0.106070808, "2016Q3": 0.106070808, "2015Q2": 0.21847250888000003, "2015Q4": 0.11715153832, "2015Q1": 0.1266512132, "2015Q3": 0.15356251128, "2020Q2": 0.060160160160000004, "2020Q4": 0.11715153832, "2020Q1": 0.06649105304, "2020Q3": 0.07599072792, "2022Q2": 0.0649099976, "2022Q4": 0.0649099976, "2022Q1": 0.06004008, "2022Q3": 0.0713976618, "2018Q2": 0.07124089048, "2018Q4": 0.07440633692, "2018Q1": 0.08232162080000001, "2018Q3": 0.07599072792, "2021Q2": 0.08865584924000001, "2021Q4": 0.0713976618, "2021Q1": 0.09498674212000001, "2021Q3": 0.07788866156, "2019Q2": 0.07440633692, "2019Q4": 0.07599072792, "2019Q1": 0.07915617436, "2019Q3": 0.08232162080000001, "2013Q4": 0.42695168000000006, "2014Q2": 0.28812900836, "2014Q4": 0.19947315912000002, "2014Q1": 0.36691160000000006, "2014Q3": 0.23905291408}