{"2022Q1": 6.3027824699999995, "2020Q3": 6.315909359999999, "2020Q4": 7.478135519999999, "2020Q1": 6.48214653, "2020Q2": 5.81730816, "2008Q4": 6.671548799999999, "2010Q3": 9.93507015, "2010Q4": 9.082925399999999, "2010Q1": 9.317113529999999, "2010Q2": 7.999350269999999, "2023Q3": 11.648736, "2023Q1": 9.35263335, "2023Q2": 12.332657999999999, "2016Q3": 11.24014776, "2016Q4": 11.118475829999998, "2016Q1": 7.907903279999999, "2016Q2": 9.25258218, "2015Q3": 9.73971114, "2015Q4": 9.51853959, "2015Q1": 9.312149579999998, "2015Q2": 9.99927057, "2019Q3": 10.169589209999998, "2019Q4": 6.076977899999999, "2019Q1": 8.571307619999999, "2019Q2": 8.864952839999999, "2018Q3": 9.24563265, "2018Q4": 9.45808971, "2018Q1": 11.41620252, "2018Q2": 11.6509422, "2013Q3": 9.542145929999998, "2013Q4": 9.898778159999999, "2013Q1": 8.210262989999999, "2013Q2": 8.86462191, "2014Q3": 8.590611869999998, "2014Q4": 10.036555349999999, "2014Q1": 10.75092291, "2014Q2": 9.14811861, "2012Q3": 7.902829019999999, "2012Q4": 9.765854609999998, "2012Q1": 7.859918429999999, "2012Q2": 6.8156136599999995, "2017Q3": 12.016178609999999, "2017Q4": 10.83288324, "2017Q1": 11.414658179999998, "2017Q2": 11.27886657, "2009Q3": 8.35024638, "2009Q4": 11.212129019999999, "2021Q3": 6.285463799999999, "2021Q1": 7.572560879999999, "2021Q2": 8.116168559999998, "2011Q3": 7.657278959999999, "2011Q4": 9.460847459999998, "2011Q1": 9.546448019999998, "2011Q2": 9.70408101}