{"2022Q1": 7.022858161864001, "2020Q3": 11.316505973584002, "2020Q4": 10.332059112932, "2020Q1": 14.6604318137, "2020Q2": 13.576162326128001, "2010Q3": 1.633362448908, "2010Q4": 1.7043784346480002, "2010Q1": 1.692222423992, "2010Q2": 1.5230000628, "2023Q3": 8.475772000000001, "2023Q1": 6.986148, "2023Q2": 8.9566, "2016Q3": 8.029832314, "2016Q4": 10.992882274616, "2016Q1": 5.486166088076001, "2016Q2": 6.921963486492, "2015Q3": 6.5594032506, "2015Q4": 7.001730324988, "2015Q1": 5.649832000900001, "2015Q2": 9.008245113232, "2019Q3": 17.405410361852002, "2019Q4": 12.75612543606, "2019Q1": 15.814885350864, "2019Q2": 13.799616975744001, "2018Q3": 17.722548850744, "2018Q4": 18.010895811540003, "2018Q1": 21.389284725144, "2018Q2": 23.186702086156004, "2013Q3": 2.625105299352, "2013Q4": 2.735593417268, "2013Q1": 2.1584195821920003, "2013Q2": 2.566769549352, "2014Q3": 3.88832753236, "2014Q4": 5.369964724724, "2014Q1": 2.79581084522, "2014Q2": 2.804413386108, "2012Q3": 1.75452237458, "2012Q4": 2.10008398304, "2012Q1": 1.6016052397040001, "2012Q2": 1.5774605182520003, "2017Q3": 15.640282062380003, "2017Q4": 16.671059849784, "2017Q1": 13.102087687380001, "2017Q2": 15.282789150216, "2009Q4": 1.758439680296, "2021Q3": 8.898071475684, "2021Q4": 6.994915974004, "2021Q1": 9.523143161684, "2021Q2": 9.973561487092002, "2011Q3": 1.497089316672, "2011Q4": 1.6257501025760002, "2011Q1": 1.5661854976280003, "2011Q2": 1.5508307645600001}