{"2022Q3": 0.6178326599999999, "2022Q4": 0.63232542, "2022Q1": 0.61499712, "2022Q2": 0.5686833, "2020Q3": 0.33963467999999997, "2020Q4": 0.37933224, "2020Q1": 0.31127928, "2020Q2": 0.33742926, "2010Q4": 0.31852566, "2023Q1": 0.7678012200000001, "2023Q2": 0.7451169, "2016Q3": 0.26685582, "2016Q4": 0.25960944, "2016Q1": 0.27819798, "2016Q2": 0.25551366, "2015Q3": 0.3056082, "2015Q4": 0.27378714, "2015Q1": 0.299307, "2015Q2": 0.29426604, "2019Q3": 0.38972922, "2019Q4": 0.42816654, "2019Q1": 0.39949608, "2019Q2": 0.38626356, "2018Q3": 0.36956538, "2018Q4": 0.30970398, "2018Q1": 0.36294911999999996, "2018Q2": 0.48991830000000003, "2013Q3": 0.34940154, "2013Q4": 0.36735996, "2013Q1": 0.34120997999999997, "2013Q2": 0.3434154, "2014Q3": 0.29426604, "2014Q4": 0.31789554, "2014Q1": 0.35633286000000003, "2014Q2": 0.3103341, "2012Q3": 0.3497166, "2012Q4": 0.30529313999999996, "2012Q1": 0.29048532, "2012Q2": 0.26906124, "2017Q3": 0.31695036, "2017Q4": 0.36483948, "2017Q1": 0.28166364, "2017Q2": 0.27788292, "2021Q3": 0.5261502, "2021Q4": 0.5762447399999999, "2021Q1": 0.5497797, "2021Q2": 0.5100821400000001, "2011Q3": 0.28764978, "2011Q4": 0.26118473999999997, "2011Q1": 0.28323894, "2011Q2": 0.3323883}