{"2022Q3": 1.179521441905, "2022Q4": 1.467812226085, "2022Q1": 1.8774487478100002, "2022Q2": 1.4569476392349998, "2020Q3": 3.76172161731, "2020Q4": 3.597573450245, "2020Q1": 1.5022816610849998, "2020Q2": 3.37578515651, "2023Q3": 1.8698204999999999, "2023Q1": 1.59630770268, "2023Q2": 1.53700223054, "2016Q3": 0.66593026947, "2016Q4": 0.62825713981, "2016Q1": 0.78574664536, "2016Q2": 0.6382929106449999, "2015Q3": 0.71100988554, "2015Q4": 0.82311516301, "2015Q1": 0.941207275145, "2015Q2": 0.81558801636, "2019Q3": 1.606370608295, "2019Q4": 1.678777978105, "2019Q1": 0.7974491735, "2019Q2": 0.9607365, "2018Q3": 0.67593315488, "2018Q4": 0.72909645607, "2018Q1": 0.599399129105, "2018Q2": 0.605478284005, "2013Q3": 0.50888552638, "2013Q4": 0.44448112605, "2014Q3": 0.784651922275, "2014Q4": 0.83714956048, "2014Q1": 0.580546655305, "2014Q2": 0.5478909806250001, "2012Q3": 0.8171146232150001, "2017Q3": 0.68815399864, "2017Q4": 0.64195283462, "2017Q1": 0.737952759285, "2017Q2": 0.7279804521550001, "2021Q3": 2.15876988799, "2021Q4": 2.3216399655949997, "2021Q1": 3.8568865620949997, "2021Q2": 3.257403032805}