{"2017Q4": 0.11398701763999998, "2023Q1": 0.13523444531999998, "2016Q2": 0.19078156266, "2016Q1": 0.15407858934, "2016Q3": 0.15015312075999998, "2015Q4": 0.15779246789999998, "2020Q2": 0.15079104888, "2020Q4": 0.15787457746, "2020Q1": 0.1989419897, "2020Q3": 0.1500394306, "2022Q2": 0.13534813548, "2022Q4": 0.12551077857999998, "2022Q1": 0.13534813548, "2022Q3": 0.1359386927, "2018Q2": 0.09425545876, "2018Q4": 0.06977101958, "2018Q1": 0.11389227584, "2018Q3": 0.05486813444, "2021Q2": 0.14253588004, "2021Q4": 0.1375650936, "2021Q1": 0.13360488635999998, "2021Q3": 0.11806091503999999, "2019Q2": 0.12605396489999998, "2019Q4": 0.11005207487999999, "2019Q1": 0.07735036358, "2019Q3": 0.20672029148, "2013Q4": 0.2617873837, "2014Q2": 0.18022732614, "2014Q1": 0.23323536323999997}