{"2017Q2": 0.44456088, "2017Q4": 0.45109853999999994, "2017Q1": 0.53935695, "2017Q3": 0.43802322, "2023Q2": 0.46417385999999994, "2023Q1": 0.47398034999999994, "2016Q2": 0.38899076999999993, "2016Q4": 0.39879726, "2016Q1": 0.38572193999999993, "2016Q3": 0.60473355, "2015Q2": 0.40860375, "2015Q4": 0.43475439, "2015Q1": 0.53281929, "2015Q3": 0.37591544999999993, "2020Q2": 0.27079314603, "2020Q4": 0.34976481, "2020Q1": 0.22812837686999998, "2020Q3": 0.31297739717999995, "2022Q2": 0.42167907, "2022Q4": 0.3922596, "2022Q1": 0.57204525, "2022Q3": 0.41841024, "2018Q2": 0.40206609, "2018Q4": 0.19077545646, "2018Q1": 0.45436736999999994, "2018Q3": 0.41514141, "2021Q2": 0.36284013, "2021Q4": 0.41187258, "2021Q1": 0.37591544999999993, "2021Q3": 0.37591544999999993, "2019Q2": 0.2988364386, "2019Q4": 0.40533492, "2019Q1": 0.31484716794, "2019Q3": 0.23746742417999997, "2013Q4": 1.0591009200000001, "2014Q2": 1.0067996399999999, "2014Q4": 0.53608812, "2014Q1": 1.09832688, "2014Q3": 0.8662399499999999}