{"2022Q1": 18.265052960000002, "2020Q3": 22.297974240000002, "2020Q4": 25.431275760000002, "2020Q1": 21.32019636, "2020Q2": 23.1193416, "2008Q4": 10.35034124, "2010Q3": 7.47527264, "2010Q4": 10.22994568, "2010Q1": 8.12212772, "2010Q2": 7.043941640000001, "2023Q3": 27.397768000000003, "2023Q1": 26.426778280000004, "2023Q2": 24.9842, "2016Q3": 29.95247316, "2016Q4": 30.350900440000004, "2016Q1": 19.30986392, "2016Q2": 23.39529916, "2015Q3": 28.041511840000005, "2015Q4": 20.75206508, "2015Q1": 28.12900368, "2015Q2": 28.35838692, "2019Q3": 27.09626056, "2019Q4": 15.82763212, "2019Q1": 27.200817080000004, "2019Q2": 24.36562892, "2018Q3": 28.098174120000003, "2018Q4": 30.78864248, "2018Q1": 29.999141760000004, "2018Q2": 29.505114560000003, "2013Q3": 31.082984640000003, "2013Q4": 28.858165200000002, "2013Q1": 24.27153748, "2013Q2": 32.929458440000005, "2014Q3": 29.54018672, "2014Q4": 28.836197960000003, "2014Q1": 31.65083308, "2014Q2": 32.268178520000006, "2012Q3": 17.90537476, "2012Q4": 16.92118584, "2012Q1": 13.645992920000001, "2012Q2": 12.746184600000001, "2017Q3": 39.720164000000004, "2017Q4": 31.80978916, "2017Q1": 33.36965176, "2017Q2": 35.47464132, "2009Q3": 7.61895536, "2009Q4": 9.631550520000001, "2009Q2": 8.62530008, "2021Q3": 20.14980444, "2021Q1": 21.2903096, "2021Q2": 20.61969596, "2011Q3": 10.900653600000002, "2011Q4": 13.79589812, "2011Q1": 12.42214424, "2011Q2": 10.60395444}