{"2022Q3": 1.8689286, "2022Q4": 2.06691714, "2022Q1": 1.21289652, "2022Q2": 1.74895656, "2020Q3": 0.6397353, "2020Q4": 0.69313326, "2020Q1": 0.64909728, "2020Q2": 0.7354355400000001, "2023Q3": 4.03570686, "2023Q1": 2.8345995000000004, "2023Q2": 3.4778022, "2019Q3": 0.8623423800000001, "2019Q4": 0.92510232, "2019Q1": 0.45145548, "2019Q2": 0.6317602800000001, "2018Q4": 0.42024888, "2018Q2": 0.5946591, "2021Q3": 0.8685837000000001, "2021Q4": 1.22884656, "2021Q1": 0.6882789000000001, "2021Q2": 0.66019296}