{"2023Q1": 0.8956035, "2023Q2": 0.9803227499999999, "2023Q3": 0.774576, "2020Q4": 0.543228787035, "2020Q2": 0.30802854258, "2020Q3": 0.28176267042, "2022Q1": 1.4756691851550001, "2022Q4": 0.95654133036, "2022Q2": 1.1223739370249999, "2022Q3": 0.77388517503, "2021Q1": 0.76923723492, "2021Q4": 1.37552062329, "2021Q2": 1.5312851942849999, "2021Q3": 1.43303385951, "2019Q4": 0.108819456075}