{"2022Q1": 10.9658712, "2022Q2": 9.98942064, "2020Q3": 10.217265840000001, "2020Q4": 12.025477680000002, "2020Q1": 8.00630856, "2020Q2": 9.20646168, "2010Q3": 3.91338024, "2010Q4": 3.8158766400000004, "2010Q1": 4.0426104, "2010Q2": 3.14870952, "2023Q3": 11.62738008, "2023Q2": 13.08700392, "2016Q3": 2.29118304, "2016Q4": 3.1974108, "2016Q1": 2.21449368, "2016Q2": 2.14012824, "2015Q3": 2.351706, "2015Q4": 2.83659696, "2015Q1": 2.7586951199999996, "2015Q2": 3.1575, "2019Q3": 9.5497956, "2019Q4": 9.82846392, "2019Q1": 11.884223760000001, "2019Q2": 9.87484128, "2018Q3": 19.15384968, "2018Q4": 10.7319636, "2018Q1": 14.16004872, "2018Q2": 17.09334096, "2013Q3": 2.70241584, "2013Q4": 2.9416785599999997, "2013Q1": 2.53772064, "2013Q2": 2.09041656, "2014Q3": 2.4611323200000004, "2014Q4": 2.89742304, "2014Q1": 2.80547664, "2014Q2": 2.33968224, "2012Q3": 1.854084, "2012Q4": 2.8206326400000004, "2012Q1": 3.39504504, "2012Q2": 2.71100424, "2017Q3": 9.035198880000001, "2017Q4": 11.96444952, "2017Q1": 4.1025271199999995, "2017Q2": 5.30328648, "2009Q4": 3.41838528, "2021Q3": 13.561083600000002, "2021Q4": 11.5089612, "2021Q1": 16.65856584, "2021Q2": 14.417498640000002, "2011Q3": 2.96613024, "2011Q4": 3.2180229600000003, "2011Q1": 3.12829944, "2011Q2": 3.4160613599999996}