{"2022Q1": 40.797030160000006, "2020Q3": 55.165585, "2020Q4": 60.855948680000004, "2020Q1": 36.394248440000005, "2020Q2": 42.93124652, "2008Q4": 7.168485520000001, "2010Q3": 8.79670112, "2010Q4": 10.066369880000002, "2010Q1": 8.81084312, "2010Q2": 8.54280508, "2023Q3": 35.006164000000005, "2023Q1": 40.25265744, "2023Q2": 36.420364, "2016Q3": 38.37422272, "2016Q4": 35.16719424, "2016Q1": 33.38813064, "2016Q2": 31.487634400000005, "2015Q3": 34.902833120000004, "2015Q4": 28.865047640000004, "2015Q1": 35.62822344, "2015Q2": 30.260014520000002, "2019Q3": 40.56340432, "2019Q4": 31.795175760000003, "2019Q1": 36.80050096, "2019Q2": 35.36178816, "2018Q3": 32.63294784000001, "2018Q4": 40.60601888, "2018Q1": 43.606951280000004, "2018Q2": 40.3843666, "2013Q3": 26.18447868, "2013Q4": 22.70017272, "2013Q1": 15.730995120000001, "2013Q2": 21.58220048, "2014Q3": 22.56761504, "2014Q4": 28.828749840000004, "2014Q1": 21.6532876, "2014Q2": 19.329945560000002, "2012Q3": 9.976521040000002, "2012Q4": 13.0181824, "2012Q1": 9.04786304, "2012Q2": 8.864582720000001, "2017Q3": 56.05096848, "2017Q4": 47.5944296, "2017Q1": 35.87806544, "2017Q2": 39.95218708, "2009Q3": 8.62275452, "2009Q4": 9.43280828, "2009Q2": 8.25543964, "2021Q3": 47.6910666, "2021Q1": 51.45906108, "2021Q2": 48.0516876, "2011Q3": 9.006379840000001, "2011Q4": 9.52162004, "2011Q1": 9.37416612, "2011Q2": 10.492326920000002}