{"2022Q3": 0.627808940382, "2022Q4": 0.646571046936, "2022Q1": 0.6605319541499999, "2022Q2": 0.57237328272, "2020Q3": 0.347424002898, "2020Q4": 0.377687437764, "2020Q1": 0.27762699676200003, "2020Q2": 0.346755067506, "2010Q4": 0.22375107513599998, "2023Q1": 0.692754684144, "2023Q2": 0.7201762778099999, "2016Q3": 0.212216350464, "2016Q4": 0.20252608155000001, "2016Q1": 0.244253352588, "2016Q2": 0.194668138584, "2015Q3": 0.244253352588, "2015Q4": 0.25251759693000003, "2015Q1": 0.37277864543399997, "2015Q2": 0.273979830696, "2019Q3": 0.33449038032, "2019Q4": 0.370169318514, "2019Q1": 0.329160951384, "2019Q2": 0.35229684688199997, "2018Q3": 0.237668913648, "2018Q4": 0.260804840652, "2018Q1": 0.21918235857, "2018Q2": 0.24455067471, "2013Q3": 0.405729132522, "2013Q4": 0.41755995058199996, "2013Q1": 0.37787303960999996, "2013Q2": 0.398386155126, "2014Q3": 0.380250860442, "2014Q4": 0.366966985662, "2014Q1": 0.43704619104000003, "2014Q2": 0.39529018653, "2012Q3": 0.316333661556, "2012Q4": 0.309855870426, "2012Q1": 0.28389710034, "2012Q2": 0.294340142112, "2017Q3": 0.211064459598, "2017Q4": 0.211064459598, "2017Q1": 0.246132212898, "2017Q2": 0.217061469168, "2021Q3": 0.57237328272, "2021Q4": 0.56842589598, "2021Q1": 0.45153012936, "2021Q2": 0.530215041108, "2011Q3": 0.23284200541199998, "2011Q4": 0.197258183832, "2011Q1": 0.211221012912, "2011Q2": 0.241352784204}