{"2022Q1": 17.53862556, "2020Q3": 18.96998452, "2020Q4": 23.02704148, "2020Q1": 19.8878946, "2020Q2": 18.09582036, "2008Q4": 19.039846, "2010Q3": 18.60879784, "2010Q4": 20.40709456, "2010Q1": 17.17178208, "2010Q2": 17.24362344, "2023Q3": 23.07503, "2023Q1": 23.9103508, "2023Q2": 22.806332, "2016Q3": 28.62849912, "2016Q4": 27.19402892, "2016Q1": 19.23868252, "2016Q2": 21.850144240000002, "2015Q3": 29.95077612, "2015Q4": 25.176531200000003, "2015Q1": 36.181175640000006, "2015Q2": 28.234785840000004, "2019Q3": 25.571752960000005, "2019Q4": 19.36332068, "2019Q1": 25.975365640000003, "2019Q2": 25.039165240000003, "2018Q3": 24.20384444, "2018Q4": 24.76349052, "2018Q1": 25.154375400000003, "2018Q2": 28.384031080000003, "2013Q3": 28.840346280000006, "2013Q4": 22.093386640000002, "2013Q1": 25.815466760000003, "2013Q2": 30.10398112, "2014Q3": 30.567178760000004, "2014Q4": 31.100426440000003, "2014Q1": 26.768449, "2014Q2": 26.99340108, "2012Q3": 21.282767200000002, "2012Q4": 19.823972760000004, "2012Q1": 16.69095408, "2012Q2": 17.92998184, "2017Q3": 32.60928356, "2017Q4": 26.434792080000005, "2017Q1": 27.436139960000002, "2017Q2": 31.63348556, "2009Q3": 16.30959148, "2009Q4": 19.32730572, "2009Q2": 17.8184486, "2021Q3": 17.717757560000003, "2021Q1": 19.738743640000003, "2021Q2": 19.664451, "2011Q3": 15.124397600000002, "2011Q4": 19.096131160000002, "2011Q1": 18.236109000000003, "2011Q2": 13.82182512}