{"2022Q1": 4.186763669368, "2020Q3": 6.5225992989920005, "2020Q4": 5.540066350624, "2020Q1": 4.898192413004001, "2020Q2": 5.315353788964001, "2008Q4": 1.4209418496640003, "2010Q3": 1.6852470899079999, "2010Q4": 2.462223994116, "2010Q1": 1.305702038604, "2010Q2": 1.359070458244, "2023Q3": 6.609028, "2023Q1": 6.722164, "2023Q2": 6.599600000000001, "2016Q3": 3.526206650696, "2016Q4": 3.9679513763800003, "2016Q1": 2.186630505764, "2016Q2": 2.751216301512, "2015Q3": 3.275330879924, "2015Q4": 2.712335880044, "2015Q1": 3.7539770993040005, "2015Q2": 3.252845580752, "2019Q3": 5.095182600624001, "2019Q4": 3.93910575042, "2019Q1": 3.9344139062200005, "2019Q2": 3.8844453365160003, "2018Q3": 3.8997324613960003, "2018Q4": 3.7612005877760004, "2018Q1": 4.516119894032, "2018Q2": 5.140188299412, "2013Q3": 4.546541938160001, "2013Q4": 3.8588575559560003, "2013Q1": 6.649463551212, "2013Q2": 5.369931349604, "2014Q3": 3.7106355745080006, "2014Q4": 3.761366888268, "2014Q1": 4.2129481763320005, "2014Q2": 4.257390231568, "2012Q3": 5.266400586576, "2012Q4": 3.7976618692960002, "2012Q1": 3.544540150936, "2012Q2": 4.908285049292001, "2017Q3": 7.095491275876, "2017Q4": 5.220763051512001, "2017Q1": 5.34810781118, "2017Q2": 6.786991861372, "2009Q3": 1.4998836533080002, "2009Q4": 1.560146693924, "2009Q2": 1.532775776868, "2021Q3": 4.2794957426160005, "2021Q1": 4.853063000000001, "2021Q2": 4.807717798932, "2011Q3": 2.267151603116, "2011Q4": 3.4746285799720003, "2011Q1": 2.854253923572, "2011Q2": 2.752474788664}