{"2022Q3": 0.33876498, "2022Q4": 0.34569978000000007, "2022Q1": 0.51629586, "2022Q2": 0.3710118, "2020Q3": 0.25589412, "2020Q4": 0.3935499, "2020Q1": 0.19764180000000003, "2020Q2": 0.22919514000000005, "2023Q1": 0.4753805400000001, "2023Q2": 0.9084588, "2016Q4": 0.14563080000000003, "2019Q3": 0.24167778, "2019Q4": 0.24237126000000003, "2019Q1": 0.26040174, "2019Q2": 0.25277346, "2018Q3": 0.24757236000000002, "2018Q4": 0.23612994, "2018Q1": 0.22087338000000004, "2018Q2": 0.29022138000000003, "2017Q3": 0.18793308, "2017Q4": 0.20873748, "2017Q2": 0.16435476000000002, "2021Q3": 0.46775226000000003, "2021Q4": 0.57073404, "2021Q1": 0.42024888, "2021Q2": 0.6466701}