{"2022Q1": 21.933676320000004, "2020Q3": 21.826857080000003, "2020Q4": 24.727287, "2020Q1": 20.15225572, "2020Q2": 21.800930080000004, "2010Q3": 11.61077056, "2010Q4": 14.7557628, "2010Q1": 11.46378804, "2010Q2": 10.79119452, "2023Q3": 31.39524, "2023Q1": 26.88545048, "2023Q2": 31.1124, "2016Q3": 17.66514932, "2016Q4": 20.725101000000002, "2016Q1": 13.61195784, "2016Q2": 15.59146072, "2015Q3": 16.19004444, "2015Q4": 15.284956440000002, "2015Q1": 18.351319160000003, "2015Q2": 15.88891412, "2019Q3": 23.09492308, "2019Q4": 19.0818006, "2019Q1": 20.527772960000004, "2019Q2": 20.86529536, "2018Q3": 21.019726000000002, "2018Q4": 20.69973968, "2018Q1": 24.606514320000002, "2018Q2": 23.20523068, "2013Q3": 16.20192372, "2013Q4": 15.189827920000003, "2013Q1": 14.90632796, "2013Q2": 16.71047004, "2014Q3": 19.619479440000003, "2014Q4": 18.7989606, "2014Q1": 14.749540320000001, "2014Q2": 17.17630752, "2012Q3": 15.1182694, "2012Q4": 14.61830256, "2012Q1": 12.89354424, "2012Q2": 11.14351888, "2017Q3": 25.62417264, "2017Q4": 27.34054004, "2017Q1": 21.1908442, "2017Q2": 24.56625676, "2009Q4": 12.20558308, "2021Q3": 25.40544304, "2021Q4": 25.97197156, "2021Q1": 24.49884656, "2021Q2": 25.95754672, "2011Q3": 12.766737640000002, "2011Q4": 15.76653868, "2011Q1": 13.37672924, "2011Q2": 12.27836724}