{"2022Q1": 11.57503844, "2020Q3": 10.30555824, "2020Q4": 12.56281, "2020Q1": 8.12778452, "2020Q2": 9.525391240000001, "2008Q4": 1.79113144, "2010Q3": 1.7240040800000003, "2010Q4": 1.9067187200000002, "2010Q1": 1.7823634000000002, "2010Q2": 1.6568767200000003, "2023Q3": 20.161778, "2023Q1": 17.33884624, "2023Q2": 18.742864, "2016Q3": 8.58721096, "2016Q4": 8.12561608, "2016Q1": 7.022445800000001, "2016Q2": 7.478195320000001, "2015Q3": 7.308585600000001, "2015Q4": 6.3681426000000005, "2015Q1": 7.72558604, "2015Q2": 6.2168232, "2019Q3": 10.17592324, "2019Q4": 7.130773520000001, "2019Q1": 9.458641, "2019Q2": 10.001976640000002, "2018Q3": 10.07824916, "2018Q4": 10.757442280000001, "2018Q1": 9.36502096, "2018Q2": 10.91743544, "2013Q3": 5.18653136, "2013Q4": 4.91792764, "2013Q1": 3.85388356, "2013Q2": 4.34998492, "2014Q3": 6.260380560000001, "2014Q4": 6.684074880000001, "2014Q1": 5.23404848, "2014Q2": 5.78558648, "2012Q3": 2.70178196, "2012Q4": 3.4793091200000004, "2012Q1": 2.413568, "2012Q2": 2.1885216400000003, "2017Q3": 12.244426440000002, "2017Q4": 10.952413320000002, "2017Q1": 9.23293468, "2017Q2": 10.18535124, "2009Q3": 1.53808392, "2009Q4": 2.0595466, "2009Q2": 2.0053356, "2021Q3": 10.759422160000002, "2021Q1": 11.82582324, "2021Q2": 12.767491880000001, "2011Q3": 1.5943690800000003, "2011Q4": 2.2662083600000003, "2011Q1": 1.9067187200000002, "2011Q2": 1.77453816}