{"2023Q1": 7.2034004, "2023Q2": 10.7210796, "2023Q3": 7.2034004, "2021Q2": 69.3901432, "2021Q3": 52.8884188, "2021Q4": 33.653211199999994, "2022Q1": 19.32483, "2022Q2": 14.6420596, "2022Q3": 9.074268, "2022Q4": 6.3071763999999995}