{"2017Q2": 0.06252358239, "2017Q4": 0.07112080749, "2017Q1": 0.05731510359, "2017Q3": 0.06252358239, "2016Q2": 0.06815909175, "2016Q4": 0.06196229601, "2016Q1": 0.06730422186, "2016Q3": 0.0565411107, "2015Q2": 0.09347844537, "2015Q4": 0.08749597368, "2015Q1": 0.08872045146, "2015Q3": 0.08226080546999999, "2018Q2": 0.07087898526, "2018Q4": 0.06457785819, "2018Q1": 0.07112080749, "2018Q3": 0.06457785819, "2019Q2": 0.04331448612, "2019Q4": 0.04173981093, "2019Q1": 0.040952068949999997, "2019Q3": 0.03622642584, "2013Q4": 0, "2014Q2": 0.17672028885, "2014Q4": 0.11973678096000001, "2014Q1": 0.18032659428, "2014Q3": 0.16590056379}