{"2017Q2": 0.1937232585, "2017Q4": 0.24283267962000002, "2017Q1": 0.18914882634, "2017Q3": 0.23737753781999998, "2016Q2": 0.15499832418, "2016Q4": 0.16287870372000002, "2016Q1": 0.16439036952, "2016Q3": 0.17075908326, "2009Q4": 0.13954647072, "2010Q2": 0.13800194261999998, "2010Q1": 0.16914883056, "2010Q3": 0.14231347638, "2015Q2": 0.15932957532, "2015Q4": 0.16691419416, "2015Q1": 0.15695691726, "2015Q3": 0.15174495648, "2018Q2": 0.23712778434, "2018Q4": 0.21481428264000002, "2018Q1": 0.23464996692, "2018Q3": 0.22318102422, "2012Q2": 0.14083467288, "2012Q4": 0.19080508626, "2012Q1": 0.15219188375999998, "2012Q3": 0.1862635164, "2011Q2": 0.1499835372, "2011Q4": 0.12130789422, "2011Q1": 0.13800194261999998, "2011Q3": 0.12130789422, "2019Q2": 0.22712450022, "2019Q4": 0.22712450022, "2019Q1": 0.21760100568, "2019Q3": 0.22137359772, "2013Q2": 0.2170554915, "2013Q4": 0.1816627944, "2013Q1": 0.19534665612, "2013Q3": 0.21233646522000002, "2014Q2": 0.18638182068, "2014Q4": 0.15449881722, "2014Q1": 0.16750571556, "2014Q3": 0.17166608273999998}