{"2023Q2": 0.0216879064, "2023Q1": 0.0364856, "2020Q2": 0, "2020Q4": 0, "2020Q1": 0, "2022Q2": 0.043597199999999996, "2022Q4": 0.0457616, "2022Q1": 0.0476168, "2022Q3": 0.0414328, "2018Q4": 0, "2021Q2": 0.0460708, "2021Q4": 0.0531824, "2021Q1": 0.036794799999999996, "2021Q3": 0.0451432, "2019Q4": 0, "2019Q3": 0}