{"2006Q3": 0.24283011, "2006Q4": 0.45304125, "2006Q1": 0.25732742999999997, "2006Q2": 0.23437333999999999, "2010Q3": 0.51344675, "2010Q4": 0.54123328, "2010Q1": 0.6282172, "2010Q2": 0.53881706, "2013Q3": 0.34068702, "2013Q4": 0.33343836, "2013Q1": 0.36122489, "2013Q2": 0.32014915, "2007Q3": 0.91695549, "2007Q4": 1.18515591, "2007Q1": 0.5484819400000001, "2007Q2": 0.5762684699999999, "2014Q3": 0.37813842999999997, "2014Q4": 0.52311163, "2014Q1": 0.31773292999999997, "2014Q2": 0.34068702, "2009Q3": 0.6354658599999999, "2009Q4": 0.7296984400000001, "2009Q1": 0.5714360300000001, "2009Q2": 0.68016593, "2022Q3": 0.3865952, "2022Q4": 0.52673596, "2022Q1": 0.40713307000000004, "2022Q2": 0.3986763, "2016Q3": 0.44941692000000005, "2016Q4": 0.79131205, "2016Q1": 0.46753857000000004, "2016Q2": 0.41196551000000003, "2004Q3": 0.30927616, "2004Q4": 0.28873829, "2004Q1": 0.43129527, "2004Q2": 0.32498159, "2019Q3": 0.65841995, "2019Q4": 0.64513074, "2019Q2": 0.67533349, "2017Q1": 0.80822559, "2017Q2": 0.80822559, "2021Q3": 0.46270613, "2021Q4": 0.44820881, "2021Q1": 0.47357912, "2021Q2": 0.48686833, "2008Q3": 0.54244139, "2008Q4": 0.49894942999999997, "2008Q1": 0.8698392, "2008Q2": 0.66083617, "2020Q3": 0.53760895, "2020Q4": 0.49532509999999996, "2020Q1": 0.5726441400000001, "2020Q2": 0.5364008400000001, "2005Q3": 0.24283011, "2005Q4": 0.26699231, "2005Q1": 0.25128688, "2005Q2": 0.25007877, "2023Q3": 0.5823090200000001, "2023Q1": 0.6366739699999999, "2023Q2": 0.56418737, "2015Q3": 0.6402983, "2015Q4": 0.65841995, "2015Q1": 0.57747658, "2015Q2": 0.77439851, "2018Q1": 0.62459287, "2018Q2": 0.53398462, "2012Q3": 0.37813842999999997, "2012Q4": 0.35880867000000005, "2012Q1": 0.43008716, "2012Q2": 0.37813842999999997, "2003Q4": 0.36605732999999996, "2011Q3": 0.52069541, "2011Q4": 0.53277651, "2011Q1": 0.5750603599999999, "2011Q2": 0.53036029}