{"2006Q3": 0.5750603599999999, "2006Q4": 0.6366739699999999, "2006Q1": 0.223237706886, "2006Q2": 0.54244139, "2010Q3": 1.12716663, "2010Q4": 1.17428292, "2010Q1": 1.13199907, "2010Q2": 0.77681473, "2013Q3": 0.50861431, "2013Q4": 0.47599534, "2013Q1": 0.6161361, "2013Q2": 0.47720345000000003, "2007Q3": 1.4376509, "2007Q4": 1.5185942700000001, "2007Q1": 0.95561501, "2007Q2": 1.08971522, "2014Q3": 0.64513074, "2014Q4": 0.71640923, "2014Q1": 0.48686833, "2014Q2": 0.46874667999999997, "2009Q3": 0.86138243, "2009Q4": 1.26972361, "2009Q1": 0.68137404, "2009Q2": 0.86017432, "2022Q3": 0.8154742500000001, "2022Q1": 0.5750603599999999, "2022Q2": 0.73453088, "2002Q4": 0.37452714758800004, "2016Q3": 1.0293097199999999, "2016Q4": 1.43885901, "2016Q1": 0.73573899, "2016Q2": 0.77681473, "2004Q3": 0.34054687924, "2004Q4": 0.267009706784, "2004Q1": 0.42380547124400003, "2004Q2": 0.366810103341, "2019Q3": 0.30806805, "2019Q4": 0.3141086, "2019Q1": 0.39505197000000003, "2019Q2": 0.28753017999999997, "2017Q1": 1.1839478, "2017Q2": 0.89762573, "2021Q3": 0.43129527, "2021Q4": 0.483244, "2021Q1": 0.3141086, "2021Q2": 0.5678117, "2008Q3": 0.36847355, "2008Q4": 0.4228385, "2008Q1": 1.6792729, "2008Q2": 0.59801445, "2020Q1": 0.28269774, "2020Q2": 0.28511396, "2005Q3": 0.228490327544, "2005Q4": 0.17246205169599998, "2005Q1": 0.32303810344300005, "2005Q2": 0.288895827544, "2023Q1": 0.89279329, "2023Q2": 0.92662037, "2015Q3": 0.6572118400000001, "2015Q4": 0.89641762, "2015Q1": 0.8734635300000001, "2015Q2": 1.66477558, "2018Q3": 0.48203589, "2018Q4": 0.35518434, "2018Q1": 0.90849872, "2018Q2": 0.483244, "2012Q3": 0.64513074, "2012Q4": 0.65841995, "2012Q1": 0.82755535, "2012Q2": 0.8094337, "2003Q4": 0.372026359888, "2003Q1": 0.427969463981, "2003Q2": 0.42989724510800004, "2011Q3": 0.86017432, "2011Q4": 0.64392263, "2011Q1": 1.0317259399999998, "2011Q2": 0.9785691}