{"2006Q3": 0.643283781432, "2006Q4": 0.8961608966250001, "2006Q1": 0.452460873956, "2006Q2": 0.576737095869, "2010Q3": 1.0775958229129998, "2010Q4": 0.937201480624, "2010Q1": 1.079943059832, "2010Q2": 0.927903866064, "2013Q3": 1.086417562944, "2013Q4": 1.0227942619589998, "2013Q1": 1.080660677172, "2013Q2": 0.8897632293090001, "2007Q3": 1.871652094778, "2007Q4": 1.8734355067600001, "2007Q1": 1.267046921484, "2007Q2": 1.663888948071, "2014Q3": 1.12170476469, "2014Q4": 1.5005134541179999, "2014Q1": 0.91964715908, "2014Q2": 0.948002588079, "2009Q3": 0.858086947542, "2009Q4": 1.125780807019, "2009Q1": 0.815651600548, "2009Q2": 1.063441726964, "2022Q3": 1.593320101885, "2022Q4": 1.842385509217, "2022Q1": 1.805781588382, "2022Q2": 1.716688912377, "2002Q4": 0.5259508093109999, "2016Q3": 2.2191377538030004, "2016Q4": 1.731789804133, "2016Q1": 1.5054828937920002, "2016Q2": 2.025602518566, "2004Q3": 0.48619517110800003, "2004Q4": 0.44431011821899996, "2004Q1": 0.577844328684, "2004Q2": 0.473054679449, "2019Q3": 1.72073161087, "2019Q4": 1.862263509535, "2019Q1": 1.522159160988, "2019Q2": 1.5525956802729999, "2017Q3": 1.9179712738, "2017Q4": 1.743979996466, "2017Q1": 2.006550261433, "2017Q2": 2.1173994279949997, "2021Q3": 1.635235357524, "2021Q4": 1.605139042015, "2021Q1": 1.3146992498910002, "2021Q2": 2.0019650007389997, "2008Q3": 0.771440331854, "2008Q4": 0.642415754397, "2008Q1": 1.3410981447449999, "2008Q2": 1.0177598259670002, "2020Q3": 1.4304451279050001, "2020Q4": 1.359468907027, "2020Q1": 1.404678799447, "2020Q2": 1.418512625435, "2005Q3": 0.41226113451699997, "2005Q4": 0.41482703934599996, "2005Q1": 0.39092712002700003, "2005Q2": 0.384891040034, "2023Q1": 1.9832122340750002, "2023Q2": 2.23741972, "2015Q3": 1.3587029652870002, "2015Q4": 1.86251419236, "2015Q1": 1.671271708281, "2015Q2": 1.510441339665, "2018Q3": 1.580423648446, "2018Q4": 1.331759212823, "2018Q1": 1.4529775875150002, "2018Q2": 1.505512250865, "2012Q3": 0.997021168085, "2012Q4": 1.0920660812490002, "2012Q1": 0.9587709557530001, "2012Q2": 0.9884671452299999, "2003Q4": 0.487406059761, "2003Q1": 0.563800412367, "2003Q2": 0.5234212685930001, "2011Q3": 0.851719120543, "2011Q4": 0.8564143192470001, "2011Q1": 0.965094445115, "2011Q2": 0.8526581844460001}