{"2009Q2": 0.287307042083, "2009Q4": 0.37913052993199997, "2009Q1": 0.229558659217, "2009Q3": 0.293045927016, "2020Q2": 1.076185958543, "2020Q4": 1.180868569232, "2020Q1": 1.052371573412, "2020Q3": 1.1693927323420001, "2014Q2": 0.801259023685, "2014Q4": 1.0338115002930002, "2014Q1": 0.88825442073, "2014Q3": 1.021687874821, "2002Q4": 0.258165133474, "2016Q2": 1.26756834176, "2016Q4": 1.26756834176, "2016Q1": 1.2609260321690001, "2016Q3": 1.3218134472479999, "2010Q2": 0.301654435632, "2010Q4": 0.41786845627100005, "2010Q1": 0.420379271284, "2010Q3": 0.429705155618, "2022Q2": 0.941481451921, "2022Q4": 0.939118872005, "2022Q1": 0.8640786898980001, "2022Q3": 0.8682419577689999, "2021Q2": 0.939875028054, "2021Q4": 0.943373352181, "2021Q1": 0.9743026595350001, "2021Q3": 0.9130547444320001, "2007Q2": 0.284796106259, "2007Q4": 0.462345509165, "2007Q1": 0.35998959752500004, "2007Q3": 0.49462717485300006, "2017Q2": 1.057229383722, "2017Q1": 1.148007131555, "2023Q2": 0.8819203, "2023Q1": 1.052521862296, "2023Q3": 0.8734635300000001, "2015Q2": 1.4261748214880001, "2015Q4": 1.566470702812, "2015Q1": 1.350127075641, "2015Q3": 1.500048090146, "2003Q2": 0.227518765482, "2003Q4": 0.23119637313299998, "2003Q1": 0.27189482037999996, "2012Q2": 0.38552819724799997, "2012Q4": 0.34811399703600004, "2012Q1": 0.300936939103, "2012Q3": 0.345945077153, "2004Q2": 0.24835830054900002, "2004Q4": 0.27581755355, "2004Q1": 0.28464364277700005, "2004Q3": 0.268462338248, "2005Q2": 0.195401402754, "2005Q4": 0.184885892503, "2005Q1": 0.190988297735, "2005Q3": 0.181426590329, "2018Q2": 0.745004952078, "2018Q1": 0.808751359472, "2008Q2": 0.28945916923700005, "2008Q4": 0.15566944350700002, "2008Q1": 0.37159796408199997, "2008Q3": 0.226689156345, "2013Q2": 0.681505482368, "2013Q4": 0.960452161629, "2013Q1": 0.459814156282, "2013Q3": 1.174858463604, "2019Q2": 1.043299392178, "2019Q4": 0.903814756719, "2019Q3": 0.963917987597, "2006Q2": 0.23021079699500002, "2006Q4": 0.222384902037, "2006Q1": 0.207059301821, "2006Q3": 0.23575408891900002, "2011Q2": 0.391325796327, "2011Q4": 0.303447874927, "2011Q1": 0.42540090131, "2011Q3": 0.327838407717}