{"2006Q3": 0.684492896776, "2006Q4": 0.807081389019, "2006Q1": 0.326239474132, "2006Q2": 0.548309542703, "2010Q3": 1.4717883434590002, "2010Q4": 1.286256716161, "2010Q1": 1.528988002763, "2010Q2": 1.3507892407320001, "2013Q3": 0.804424392696, "2013Q4": 0.762086298557, "2013Q1": 1.002009091842, "2013Q2": 0.758357104609, "2007Q3": 2.013555487268, "2007Q4": 2.2826552243519997, "2007Q1": 1.119038224298, "2007Q2": 1.3721903053270001, "2014Q3": 1.083017578971, "2014Q4": 1.154573209405, "2014Q1": 0.8920716858969999, "2014Q2": 0.950342576338, "2009Q3": 1.050125092867, "2009Q4": 1.363255969444, "2009Q1": 1.167521007519, "2009Q2": 1.1522165492279999, "2022Q3": 1.2008613399999999, "2022Q4": 1.53913214, "2022Q1": 1.349173514418, "2022Q2": 1.48355908, "2002Q4": 0.33110586202299996, "2016Q3": 1.9576657816370002, "2016Q4": 1.812026188161, "2016Q1": 1.8020484076710002, "2016Q2": 1.816542224152, "2004Q3": 0.251097448352, "2004Q4": 0.27283762942399997, "2004Q1": 0.293128320118, "2004Q2": 0.251822193541, "2019Q3": 1.0662575897520001, "2019Q4": 1.0839892618440001, "2019Q1": 1.384928617167, "2019Q2": 1.09817440622, "2017Q3": 1.929555961401, "2017Q4": 1.6292759925159999, "2017Q1": 1.953149624835, "2017Q2": 1.9523910525660002, "2021Q3": 1.094183294024, "2021Q4": 1.1696029434820001, "2021Q1": 1.28572502695, "2021Q2": 1.177982877686, "2008Q3": 1.047999423322, "2008Q4": 0.9751204291939999, "2008Q1": 1.811550796876, "2008Q2": 1.107419467995, "2020Q3": 1.082211769601, "2020Q4": 1.075028951596, "2020Q1": 0.991785098534, "2020Q2": 0.96105029689, "2005Q3": 0.302083677115, "2005Q4": 0.337687886925, "2005Q1": 0.34168105290800005, "2005Q2": 0.289236876997, "2023Q1": 1.72397297, "2023Q2": 1.5463808, "2015Q3": 1.438949014195, "2015Q4": 1.763945101515, "2015Q1": 1.447502191373, "2015Q2": 1.660842940328, "2018Q3": 1.221721412937, "2018Q4": 1.093487543475, "2018Q1": 1.4945496191029999, "2018Q2": 1.3301375667700002, "2012Q3": 0.968682531815, "2012Q4": 0.931653597882, "2012Q1": 1.161590999584, "2012Q2": 1.0948581442699998, "2003Q4": 0.227908139335, "2003Q1": 0.34845637541, "2003Q2": 0.30182695373999996, "2011Q3": 1.1696576708650002, "2011Q4": 1.0889915621100001, "2011Q1": 1.394789090176, "2011Q2": 1.218790417266}