{"2006Q3": 0.437785351998, "2006Q4": 0.5210450227919999, "2006Q1": 0.207538985676, "2006Q2": 0.449423749938, "2010Q3": 1.4739800832719998, "2010Q4": 1.806144769036, "2010Q1": 1.455016973264, "2010Q2": 1.076568844788, "2013Q3": 1.4816909296679999, "2013Q4": 1.4508469399939998, "2013Q1": 1.573036224294, "2013Q2": 1.1910470410560001, "2007Q3": 4.296383647038, "2007Q4": 3.8227879606579998, "2007Q1": 1.197866613066, "2007Q2": 1.2766500977779998, "2014Q3": 1.675058084762, "2014Q4": 1.314422274844, "2014Q1": 0.8054989219919999, "2014Q2": 1.028523634, "2009Q3": 1.427156946554, "2009Q4": 1.5934190666199999, "2009Q1": 1.4833769448579999, "2009Q2": 1.490066999972, "2022Q3": 1.352863300358, "2022Q4": 1.4348548654239999, "2022Q1": 1.549608889186, "2022Q2": 1.4571845690019998, "2002Q3": 0.5635495201, "2002Q4": 0.459348102912, "2002Q2": 0.6255430481700001, "2016Q3": 1.750097298836, "2016Q4": 2.060196147534, "2016Q1": 1.897626467184, "2016Q2": 1.652671717542, "2004Q3": 0.331655437894, "2004Q4": 0.282822735382, "2004Q1": 0.465267218368, "2004Q2": 0.35471536546399995, "2019Q3": 1.7979374814779998, "2019Q4": 1.5920849942639999, "2019Q2": 1.53972935969, "2017Q1": 2.458215704648, "2017Q2": 1.998413930146, "2021Q3": 1.567613791636, "2021Q4": 1.7584640661539999, "2021Q1": 1.3673206238739999, "2021Q2": 1.373291328616, "2008Q3": 0.884286393698, "2008Q4": 0.903120107628, "2008Q1": 1.8630498053999998, "2008Q2": 1.0975967344159998, "2001Q4": 0.519604268142, "2020Q3": 1.581076541376, "2020Q4": 1.630037310968, "2020Q1": 1.341016249732, "2020Q2": 1.306509058298, "2005Q3": 0.221781857242, "2005Q4": 0.196687233734, "2005Q1": 0.222460008676, "2005Q2": 0.21025195386599999, "2023Q3": 2.3716573399999996, "2023Q1": 1.748352686916, "2023Q2": 3.40344306, "2015Q3": 3.08557150609, "2015Q4": 2.322485984634, "2015Q1": 1.660822703912, "2015Q2": 3.411804148872, "2018Q1": 1.58851325173, "2018Q2": 1.088315737292, "2012Q3": 1.7450500060679999, "2012Q4": 1.648959463674, "2012Q1": 1.793688433236, "2012Q2": 2.106872127928, "2003Q4": 0.36488896597199993, "2003Q1": 0.5296377197700001, "2003Q2": 0.43838448846, "2011Q3": 2.447340634832, "2011Q4": 1.83283624405, "2011Q1": 2.529788891938, "2011Q2": 3.084384710876}