{"2006Q3": 0.11083805195, "2006Q4": 0.134600005107, "2006Q1": 0.064081416297, "2006Q2": 0.103326144781, "2010Q3": 0.27854643241800003, "2010Q4": 0.35367903494, "2010Q1": 0.420888972893, "2010Q2": 0.25414647637000004, "2007Q3": 0.474855367404, "2007Q4": 0.5062650192939999, "2007Q1": 0.236699797427, "2007Q2": 0.434471753623, "2009Q3": 0.31462494621400006, "2009Q4": 0.407746306636, "2009Q1": 0.24595174542900003, "2009Q2": 0.31157966333700005, "2022Q3": 0.782394748468, "2022Q4": 0.748426923653, "2022Q1": 0.760664594709, "2022Q2": 0.8179189813959999, "2002Q4": 0.08266867189100001, "2004Q3": 0.059505941294, "2004Q4": 0.051367387468, "2004Q1": 0.07979928983, "2004Q2": 0.063839311053, "2019Q3": 0.614415388927, "2019Q4": 0.662671409901, "2019Q2": 0.711524599648, "2021Q3": 0.666232314126, "2021Q4": 0.6944877116170001, "2021Q1": 0.711773228686, "2021Q2": 0.690769873903, "2008Q3": 0.197043465866, "2008Q4": 0.14625415903300001, "2008Q1": 0.37907978931200004, "2008Q2": 0.215384025398, "2020Q3": 0.773973859335, "2020Q4": 0.725909686229, "2020Q1": 0.560042465401, "2020Q2": 0.6606324826540001, "2005Q3": 0.050865296952000004, "2005Q4": 0.045867587504, "2005Q1": 0.047456735398, "2005Q2": 0.045756562195, "2023Q3": 0.76956607, "2023Q1": 0.7506914050369999, "2023Q2": 0.748426923653, "2012Q3": 0.251887552292, "2012Q1": 0.23728536834400002, "2012Q2": 0.279874990985, "2003Q4": 0.06468498805299999, "2003Q1": 0.085761071058, "2003Q2": 0.08369943134300001, "2011Q3": 0.25675490667100004, "2011Q4": 0.21976282009300002, "2011Q1": 0.383152328122, "2011Q2": 0.337066797574}