{"2006Q3": 0.491119370736, "2006Q4": 0.460101282324, "2006Q1": 0.492153451998, "2006Q2": 0.53454474284, "2010Q3": 1.4237292190759998, "2010Q4": 1.39438349342, "2010Q1": 1.7628602707199998, "2010Q2": 1.31516615127, "2013Q3": 1.1734492952659998, "2013Q4": 1.359915084564, "2013Q1": 1.355767523442, "2013Q2": 1.1359419512559998, "2007Q3": 0.962594097126, "2007Q4": 1.7328760219339998, "2007Q1": 0.83231822245, "2007Q2": 0.6710241385439999, "2014Q3": 1.4101319989019998, "2014Q4": 1.5552926511779999, "2014Q1": 1.2806134114499998, "2014Q2": 1.1123657683719999, "2009Q3": 1.7597583893879998, "2009Q4": 1.9531039180599998, "2009Q1": 1.6129395100619999, "2009Q2": 1.544699933028, "2022Q3": 1.055890239998, "2022Q1": 1.5050620844059999, "2022Q2": 1.1714901105779998, "2002Q3": 1.3647950444019998, "2002Q4": 1.09080229255, "2002Q2": 1.411321814566, "2016Q3": 1.9793637103599997, "2016Q4": 2.385330796332, "2016Q1": 1.792838357788, "2016Q2": 1.679825925496, "2004Q3": 0.6317346082159999, "2004Q4": 0.589343317374, "2004Q1": 0.935711608854, "2004Q2": 0.684465261862, "2019Q3": 1.1664748345799998, "2019Q4": 1.1189097545239999, "2019Q1": 1.471202114998, "2019Q2": 1.16987223674, "2017Q3": 1.93108664983, "2017Q4": 1.853184653246, "2017Q1": 2.040807395712, "2017Q2": 2.00679422908, "2021Q3": 1.332789027204, "2021Q4": 1.340937113942, "2021Q1": 1.0737367500500001, "2021Q2": 1.0767073022159999, "2008Q3": 0.86953983189, "2008Q4": 1.1487025067799999, "2008Q1": 1.1817883952619999, "2008Q2": 1.349286121014, "2001Q4": 1.394779051552, "2020Q3": 1.071452202488, "2020Q4": 1.1674033209099999, "2020Q1": 1.1302347505719998, "2020Q2": 1.04974894024, "2005Q3": 0.46630492416999997, "2005Q4": 0.44459235893599997, "2005Q1": 0.5169677777459999, "2005Q2": 0.419777791552, "2023Q1": 1.2942402320339998, "2023Q2": 1.1513955399999998, "2015Q3": 3.335513381136, "2015Q4": 2.154916855444, "2015Q1": 1.861985519638, "2015Q2": 3.317958042464, "2018Q3": 1.1584884023259998, "2018Q4": 1.145133905514, "2018Q1": 1.5020782422599999, "2018Q2": 1.201889973284, "2012Q3": 1.118061370528, "2012Q4": 1.2937115324659998, "2012Q1": 1.0513293604979999, "2012Q2": 1.135895073872, "2003Q4": 0.69583858511, "2003Q1": 1.076326967152, "2003Q2": 0.918134885396, "2011Q3": 1.180788022222, "2011Q4": 1.0555055554859998, "2011Q1": 1.402707974438, "2011Q2": 1.433925775004}