{"2006Q3": 0.330685318932, "2006Q4": 0.58593335, "2006Q1": 0.2098728692, "2006Q2": 0.327587604081, "2010Q3": 0.856609429012, "2010Q4": 0.755501495002, "2010Q1": 0.921206225035, "2010Q2": 0.654393440181, "2013Q3": 0.808854652877, "2013Q4": 0.6973273741720001, "2013Q1": 0.922329646524, "2013Q2": 0.6590250922990001, "2007Q3": 1.556622069281, "2007Q4": 1.338230454038, "2007Q1": 0.836394124382, "2007Q2": 1.439681974532, "2014Q3": 1.147344604031, "2014Q4": 0.959884712362, "2014Q1": 0.7221112675779999, "2014Q2": 0.9361535660100001, "2009Q3": 0.675925705522, "2009Q4": 0.90341861745, "2009Q1": 0.6443331457779999, "2009Q2": 0.794821247117, "2022Q3": 1.661212017933, "2022Q4": 1.76384422433, "2022Q1": 2.1182837645149997, "2022Q2": 1.9464342245889998, "2002Q4": 0.585475838743, "2016Q3": 5.045633601157, "2016Q4": 5.2651085286370005, "2016Q1": 4.688611000981, "2016Q2": 3.9585474701390004, "2004Q3": 0, "2004Q4": 0.31519650305499997, "2004Q1": 0.264083664364, "2004Q2": 0.216068419713, "2019Q3": 2.510912386666, "2019Q4": 3.0348146038499997, "2019Q1": 3.115912370308, "2019Q2": 2.780620407135, "2017Q3": 3.714324892553, "2017Q4": 2.765198520552, "2017Q1": 4.446650246937, "2017Q2": 3.9962699800230004, "2021Q3": 1.728042126102, "2021Q4": 1.862896438364, "2021Q1": 1.8867644635790002, "2021Q2": 2.089642375879, "2008Q3": 0.405031441844, "2008Q4": 0.312098788204, "2008Q1": 0.985860768716, "2008Q2": 0.544430543115, "2020Q3": 2.879672500358, "2020Q4": 2.333095629017, "2020Q1": 2.775846802092, "2020Q2": 3.5611038047720003, "2005Q3": 0.226910602908, "2005Q4": 0.203677318687, "2005Q1": 0.25324148116899997, "2005Q2": 0.179669756767, "2023Q1": 1.879603995609, "2023Q2": 1.49443207, "2015Q3": 0, "2015Q4": 6.660253890452, "2015Q1": 1.490644524339, "2015Q2": 0, "2018Q3": 1.5162872631439999, "2018Q4": 2.724687088733, "2018Q1": 3.020999745189, "2018Q2": 1.987377918166, "2012Q3": 0.617882181383, "2012Q4": 0.857171200162, "2012Q1": 0.70213903468, "2012Q2": 0.805493811668, "2003Q4": 0.22613608358700002, "2003Q1": 0.83407068723, "2003Q2": 0.703964972134, "2011Q3": 0.8504306712280001, "2011Q4": 0.6628190409429999, "2011Q1": 0.9886116351859999, "2011Q2": 0.914465816912}