{"2006Q3": 0.5315684, "2006Q4": 0.40954929, "2006Q1": 0.37813842999999997, "2006Q2": 0.46270613, "2010Q3": 0.64996318, "2010Q4": 0.62942531, "2010Q1": 0.7296984400000001, "2010Q2": 0.56539548, "2013Q3": 0.96527989, "2013Q4": 0.6777497100000001, "2013Q1": 0.8746716400000001, "2013Q2": 0.75144442, "2007Q3": 1.09213144, "2007Q4": 1.06072058, "2007Q1": 0.74661198, "2007Q2": 0.86138243, "2014Q3": 1.4485238900000001, "2014Q4": 1.79041902, "2014Q1": 1.17428292, "2014Q2": 1.53309159, "2009Q3": 0.5484819400000001, "2009Q4": 0.73090655, "2009Q2": 0.70432813, "2022Q1": 0.74298765, "2022Q2": 0.724866, "2002Q4": 0.8734635300000001, "2016Q3": 2.982823710811, "2016Q4": 2.8293936200000003, "2016Q1": 1.5355078100000001, "2016Q2": 2.010294919189, "2004Q3": 0.60526311, "2004Q4": 0.53277651, "2004Q1": 0.8178904699999999, "2004Q2": 0.70916057, "2019Q3": 0.65962806, "2019Q4": 0.64633885, "2019Q1": 0.84809322, "2019Q2": 0.74057143, "2017Q3": 1.47510231, "2017Q4": 1.26730739, "2017Q1": 2.00183827, "2017Q2": 1.4980564, "2021Q3": 0.6004306699999999, "2021Q4": 0.61976043, "2021Q1": 0.59801445, "2021Q2": 0.61251177, "2008Q3": 0.34189513, "2008Q4": 0.38901142000000005, "2008Q1": 1.16220182, "2008Q2": 0.49653321000000006, "2020Q3": 0.58472524, "2020Q4": 0.5738522500000001, "2020Q1": 0.58110091, "2020Q2": 0.58593335, "2005Q3": 0.31652482000000004, "2005Q4": 0.36001678, "2005Q1": 0.4107574, "2005Q2": 0.32739781, "2023Q1": 0.6970794699999999, "2023Q2": 0.6777497100000001, "2015Q3": 1.936600450811, "2015Q4": 1.84357586, "2015Q1": 2.63609602, "2015Q2": 2.56481753, "2018Q3": 0.64875507, "2018Q4": 0.5762684699999999, "2018Q1": 1.00635563, "2018Q2": 0.68983081, "2012Q3": 0.78768772, "2012Q4": 1.09817199, "2012Q1": 0.7007038, "2012Q2": 0.79131205, "2003Q4": 0.58834957, "2003Q1": 0.92057982, "2003Q2": 0.84084456, "2011Q4": 0.5484819400000001, "2011Q1": 0.72003356, "2011Q2": 0.77923095}