{"2006Q3": 0.145874570871, "2006Q4": 0.207071986976, "2006Q1": 0.09966436337100001, "2006Q2": 0.147872905622, "2010Q3": 0.558294934286, "2010Q4": 0.853863032549, "2010Q1": 0.590735345628, "2010Q2": 0.440949035388, "2013Q3": 0.358993994074, "2013Q4": 0.36501738891200003, "2013Q1": 0.373450117523, "2013Q2": 0.28068986118, "2007Q3": 0.955678556586, "2007Q4": 0.9007258610710001, "2007Q1": 0.30423846211100003, "2007Q2": 0.571009204737, "2014Q3": 0.51827919, "2014Q4": 1.05347192, "2014Q1": 0.36501738891200003, "2014Q2": 0.342128536852, "2009Q3": 0.5763173984550001, "2009Q4": 0.696867688317, "2009Q1": 0.643446876282, "2009Q2": 0.5498845557100001, "2022Q3": 0.28269774, "2022Q4": 0.28753017999999997, "2022Q1": 0.30565182999999996, "2022Q2": 0.29719506, "2002Q4": 0.12863931117799998, "2016Q3": 0.48566022, "2016Q4": 0.48686833, "2016Q1": 0.53760895, "2016Q2": 0.4711629, "2004Q3": 0.112403400077, "2004Q4": 0.169853983828, "2004Q1": 0.119647106826, "2004Q2": 0.12039649745900001, "2019Q3": 0.28753017999999997, "2019Q4": 0.28148963, "2019Q2": 0.32256537, "2017Q1": 0.53398462, "2017Q2": 0.46633046, "2021Q3": 0.3745141, "2021Q4": 0.34672757000000004, "2021Q1": 0.29236262, "2021Q2": 0.29719506, "2008Q3": 0.474591999424, "2008Q4": 0.35469505545, "2008Q1": 0.7068923434750001, "2008Q2": 0.559518991338, "2020Q3": 0.24524632999999998, "2020Q4": 0.26095176000000003, "2020Q1": 0.24766254999999998, "2020Q2": 0.23074901, "2005Q3": 0.11789860922300001, "2005Q4": 0.103660912062, "2005Q1": 0.190586117916, "2005Q2": 0.108656567723, "2023Q3": 0.29115451000000003, "2023Q1": 0.29719506, "2023Q2": 0.29961128, "2015Q3": 0.61855232, "2015Q4": 0.6934551400000001, "2015Q1": 1.00635563, "2015Q2": 1.0752179, "2018Q1": 0.362433, "2018Q2": 0.28269774, "2012Q3": 0.396338969583, "2012Q4": 0.437298126968, "2012Q1": 0.420030973171, "2012Q2": 0.422841882708, "2003Q4": 0.09616724735400001, "2003Q1": 0.152369007798, "2003Q2": 0.13013809244400001, "2011Q3": 0.5485299019669999, "2011Q4": 0.45697449372700005, "2011Q1": 0.9780175977850001, "2011Q2": 0.815165215462}