{"2006Q3": 0.367059698867, "2006Q4": 0.49764406714500004, "2006Q1": 0.14675999469, "2006Q2": 0.258657800732, "2010Q3": 1.160341813844, "2010Q4": 1.031847475866, "2010Q1": 0.988393933764, "2010Q2": 1.024492502186, "2013Q3": 0.641025340598, "2013Q4": 0.717164177939, "2013Q1": 0.570950611402, "2013Q2": 0.499637811078, "2007Q3": 1.247276322145, "2007Q4": 1.387410075107, "2007Q1": 0.6382737492620001, "2007Q2": 0.891454220876, "2014Q3": 0.7126083951290001, "2014Q4": 0.732005326045, "2014Q1": 0.589506214514, "2014Q2": 0.600844689297, "2009Q3": 0.817135280439, "2009Q4": 0.872213377772, "2009Q1": 0.683372978806, "2009Q2": 0.88426161718, "2022Q3": 1.565434023621, "2022Q4": 1.382244921613, "2022Q1": 1.521807963411, "2022Q2": 1.44072312373, "2002Q4": 0.307120408516, "2016Q3": 1.060457816075, "2016Q4": 0.99755334054, "2016Q1": 0.88233468173, "2016Q2": 0.859069382594, "2004Q3": 0.24435281184399998, "2004Q4": 0.22747297811300002, "2004Q1": 0.268790823357, "2004Q2": 0.246362140396, "2019Q3": 1.3718412823480002, "2019Q4": 1.112694197066, "2019Q2": 0.937935890693, "2017Q1": 0.945915336432, "2017Q2": 0.910238156778, "2021Q3": 1.318508541532, "2021Q4": 1.535909627386, "2021Q1": 1.407059863446, "2021Q2": 1.3907797355190001, "2008Q3": 0.639726018293, "2008Q4": 0.50322251507, "2008Q1": 0.719241523084, "2008Q2": 0.620469953003, "2020Q3": 1.681494493479, "2020Q4": 1.489622825712, "2020Q1": 1.259126793946, "2020Q2": 1.563552150674, "2005Q3": 0.178414168044, "2005Q4": 0.180469646398, "2005Q1": 0.18246073248900002, "2005Q2": 0.16279258087800003, "2023Q3": 1.36395619, "2023Q1": 1.7747930836380001, "2023Q2": 1.41107248, "2015Q3": 0.7978162726179999, "2015Q4": 0.9928587458909999, "2015Q1": 0.9800095295530001, "2015Q2": 1.3049264856679998, "2018Q1": 1.018495202524, "2018Q2": 0.924392494349, "2012Q3": 0.56691407427, "2012Q4": 0.566016931784, "2012Q1": 0.7368973258679999, "2012Q2": 0.7474118696309999, "2003Q4": 0.178795689182, "2003Q1": 0.300452366182, "2003Q2": 0.299452896779, "2011Q3": 0.811375495203, "2011Q4": 0.7596788977600001, "2011Q1": 1.024925247188, "2011Q2": 0.9966952200070001}