{"2006Q3": 0.166933136281, "2006Q4": 0.177373260468, "2006Q1": 0.116363826279, "2006Q2": 0.16584571647000002, "2010Q3": 0.35809612672200003, "2010Q4": 0.328863730674, "2010Q1": 0.420214847513, "2010Q2": 0.327036826732, "2013Q3": 0.217415462363, "2013Q4": 0.211020936133, "2013Q1": 0.261264056435, "2013Q2": 0.199145335644, "2007Q3": 0.6531602014929999, "2007Q4": 0.588300883167, "2007Q1": 0.44031211979600005, "2007Q2": 0.457668794544, "2014Q3": 0.30145848019, "2014Q4": 0.334344804933, "2014Q1": 0.212847960886, "2014Q2": 0.249388455946, "2009Q3": 0.323382656415, "2009Q4": 0.412906869312, "2009Q1": 0.305112529696, "2009Q2": 0.357182674751, "2022Q3": 0.266014344955, "2022Q4": 0.267201917085, "2022Q1": 0.31589201198199995, "2022Q2": 0.298078550843, "2002Q4": 0.20518745618700002, "2016Q3": 0.647679127234, "2016Q4": 0.516133465829, "2016Q1": 0.487814642563, "2016Q2": 0.478679518798, "2004Q3": 0.188404392067, "2004Q4": 0.155920851198, "2004Q1": 0.232257093713, "2004Q2": 0.173786865122, "2019Q3": 0.245825739556, "2019Q4": 0.245825739556, "2019Q1": 0.297804430684, "2019Q2": 0.277889945444, "2017Q1": 0.473198444539, "2017Q2": 0.363577200981, "2021Q3": 0.33489304525100005, "2021Q4": 0.33489304525100005, "2021Q1": 0.260076484305, "2021Q2": 0.294515834453, "2008Q3": 0.235685709893, "2008Q4": 0.20005878761499998, "2008Q1": 0.490555240098, "2008Q2": 0.318815154938, "2020Q3": 0.236325162516, "2020Q4": 0.224449562027, "2020Q1": 0.239887878906, "2020Q2": 0.22682470628700002, "2005Q3": 0.111470014291, "2005Q4": 0.10494489137, "2005Q1": 0.131016871658, "2005Q2": 0.11418874503500001, "2023Q3": 0.30685994, "2023Q1": 0.304016411493, "2023Q2": 0.375270256049, "2015Q3": 0.476852494045, "2015Q4": 0.706143677708, "2015Q1": 0.433917593566, "2015Q2": 0.769175971281, "2018Q3": 0.264918105941, "2018Q4": 0.23385868514, "2018Q2": 0.273139656924, "2012Q3": 0.268572155447, "2012Q4": 0.26400453315899997, "2012Q1": 0.305112529696, "2012Q2": 0.29689097871299996, "2003Q4": 0.179742122556, "2003Q1": 0.215474029593, "2003Q2": 0.20464622290700002, "2011Q3": 0.33069087623800003, "2011Q4": 0.286842282166, "2011Q1": 0.35626922278, "2011Q2": 0.380933875729}