{"2006Q3": 0, "2006Q4": 0, "2006Q1": 0.055859019637, "2006Q2": 0.046391424, "2010Q3": 0.499674296, "2010Q4": 0.601155536, "2010Q1": 0.402542252, "2010Q2": 0.40592496, "2013Q3": 0.5736106280000001, "2013Q4": 0.5968063400000001, "2013Q1": 0.485176976, "2007Q3": 0, "2007Q4": 0, "2007Q1": 0, "2007Q2": 0, "2014Q3": 0.79493638, "2014Q4": 0.92662037, "2014Q1": 0.61251177, "2014Q2": 0.55331438, "2009Q3": 0.30830967200000003, "2009Q4": 0.367748684, "2009Q1": 0, "2009Q2": 0.353251364, "2022Q3": 0.29840317000000005, "2022Q4": 0.42767094, "2022Q1": 0.28753017999999997, "2022Q2": 0.33947891, "2002Q4": 0.529240976085, "2016Q3": 0.73936332, "2016Q4": 0.65117129, "2016Q1": 0.60163878, "2016Q2": 0.53881706, "2004Q3": 0.167103842224, "2004Q4": 0.132546942973, "2004Q1": 0.31527237236300004, "2004Q2": 0.173731171251, "2019Q3": 0.32014915, "2019Q4": 0.30927616, "2019Q1": 0.41196551000000003, "2019Q2": 0.35639245, "2017Q3": 0.5436495, "2017Q4": 0.56539548, "2017Q1": 0.69828758, "2017Q2": 0.61009555, "2021Q3": 0.31652482000000004, "2021Q4": 0.31169238, "2021Q1": 0.31773292999999997, "2021Q2": 0.27907341, "2008Q3": 0, "2008Q4": 0, "2008Q1": 0, "2008Q2": 0, "2020Q3": 0.3020275, "2020Q4": 0.3020275, "2020Q1": 0.27665719, "2020Q2": 0.2657842, "2005Q3": 0.07526766922, "2005Q4": 0.06153967366799999, "2005Q1": 0.10840443516600001, "2005Q2": 0.058699407057999996, "2023Q3": 0.34068702, "2023Q1": 0.3141086, "2023Q2": 0.35156001000000003, "2015Q3": 0.6004306699999999, "2015Q4": 0.75023631, "2015Q1": 1.00393941, "2015Q2": 0.9423258, "2018Q4": 0.29840317000000005, "2012Q3": 0.387078444, "2012Q4": 0.390944396, "2012Q1": 0.37209788, "2012Q2": 0.421872012, "2003Q4": 0.233377253305, "2003Q1": 0.55953735461, "2003Q2": 0.496577547637, "2011Q3": 0.620485296, "2011Q4": 0.481794268, "2011Q1": 0.76835796, "2011Q2": 0.6354658599999999}