{"2006Q3": 0.341336137503, "2006Q4": 0.372787106755, "2006Q1": 0.328385681547, "2006Q2": 0.409788254158, "2010Q3": 1.039487805128, "2010Q4": 1.1696596038409999, "2010Q1": 1.153623876567, "2010Q2": 0.783860548331, "2013Q3": 0.5298405610779999, "2013Q4": 0.489981025415, "2013Q1": 0.6786434697779999, "2013Q2": 0.5298405610779999, "2007Q3": 1.7535851958320001, "2007Q4": 1.491480174026, "2007Q1": 0.605894709908, "2007Q2": 0.7909787324509999, "2014Q3": 0.517202159935, "2014Q4": 0.5541451972470001, "2014Q1": 0.425816853583, "2014Q2": 0.39665138682900003, "2009Q3": 0.900826496634, "2009Q4": 1.201730816767, "2009Q1": 0.575511589085, "2009Q2": 0.794236521877, "2022Q3": 0.62459287, "2022Q4": 0.6088874400000001, "2022Q1": 0.5194873, "2022Q2": 0.71036868, "2002Q4": 0.481841021857, "2016Q3": 0.575729532129, "2016Q4": 0.540055976805, "2016Q1": 0.49150058617299996, "2016Q2": 0.475645712966, "2004Q3": 0.35387233254, "2004Q4": 0.341467217438, "2004Q1": 0.470088769399, "2004Q2": 0.346037618379, "2019Q1": 0.359707141407, "2017Q3": 0.666894962461, "2017Q4": 0.595548093435, "2017Q1": 0.49249147799500004, "2017Q2": 0.49843707054900005, "2021Q3": 0.70674435, "2021Q4": 0.57747658, "2021Q1": 0.65117129, "2021Q2": 0.63425775, "2008Q3": 0.460782335636, "2008Q4": 0.373103148331, "2008Q1": 1.537185270735, "2008Q2": 0.691173745076, "2020Q3": 0.241622, "2020Q4": 1.12595852, "2020Q1": 0.24403822, "2020Q2": 0.22108413000000002, "2005Q3": 0.274733999691, "2005Q4": 0.264558572405, "2005Q1": 0.268342372925, "2005Q2": 0.25203711631, "2023Q3": 0.52673596, "2023Q1": 0.58110091, "2023Q2": 0.5678117, "2015Q3": 0.49447338245, "2015Q4": 0.7233778501020001, "2015Q1": 0.643586171365, "2015Q2": 0.8827436269650001, "2018Q1": 0.552938174546, "2018Q2": 0.376552785625, "2012Q3": 0.699612755859, "2012Q4": 0.731066745386, "2012Q1": 0.849889800381, "2012Q2": 0.747270279139, "2003Q4": 0.426997418675, "2003Q1": 0.533420311819, "2003Q2": 0.433526286737, "2011Q3": 0.983834405813, "2011Q4": 0.983834405813, "2011Q1": 1.124382419694, "2011Q2": 0.9932673286929999}