{"2006Q3": 0.21866791000000002, "2006Q4": 0.35156001000000003, "2006Q1": 0.20658681, "2006Q2": 0.23074901, "2010Q3": 0.79976882, "2010Q4": 1.2443533, "2010Q1": 1.04743137, "2010Q2": 0.6765416, "2013Q3": 0.77198229, "2013Q4": 0.62217665, "2013Q1": 0.97494477, "2013Q2": 0.69103892, "2007Q3": 1.0993801, "2007Q4": 0.845677, "2007Q1": 0.38780331, "2007Q2": 0.53881706, "2014Q3": 0.53881706, "2014Q4": 0.62700909, "2014Q1": 0.483244, "2014Q2": 0.43854392999999997, "2009Q3": 0.8988338400000001, "2009Q4": 1.14045584, "2009Q1": 0.5726441400000001, "2009Q2": 0.92057982, "2022Q3": 1.20931811, "2022Q4": 1.03414216, "2022Q2": 1.27576416, "2002Q4": 0.08566466388, "2016Q3": 0.46874667999999997, "2016Q4": 0.49894942999999997, "2016Q1": 0.45787369, "2016Q2": 0.44579259, "2004Q3": 0.14376508999999998, "2004Q4": 0.14255698, "2004Q1": 0.16430296000000003, "2004Q2": 0.14255698, "2019Q3": 0.44458448, "2019Q4": 0.43854392999999997, "2019Q1": 0.52069541, "2019Q2": 0.47357912, "2017Q3": 0.59559823, "2017Q4": 0.56901981, "2017Q1": 0.483244, "2017Q2": 0.47357912, "2021Q1": 0.39384386, "2021Q2": 0.56660359, "2008Q3": 0.46149802, "2008Q4": 0.30444372000000003, "2008Q1": 0.65479562, "2008Q2": 0.64633885, "2020Q3": 0.362433, "2020Q4": 0.41317362, "2020Q1": 0.35639245, "2020Q2": 0.33947891, "2005Q3": 0.14376508999999998, "2005Q4": 0.14980564, "2005Q1": 0.14618131, "2005Q2": 0.11995203379000001, "2023Q3": 1.08246656, "2023Q1": 0.9954826400000001, "2023Q2": 0.92299604, "2015Q3": 0.43008716, "2015Q4": 0.48928455, "2015Q1": 0.6318415300000001, "2015Q2": 0.7176173400000001, "2018Q3": 0.46633046, "2018Q4": 0.4228385, "2018Q1": 0.47961967000000005, "2018Q2": 0.43250338, "2012Q3": 1.07763412, "2012Q4": 1.10904498, "2012Q1": 1.19482079, "2012Q2": 0.98702587, "2003Q4": 0.12564344, "2003Q1": 0.09495986222000001, "2003Q2": 0.11141432042, "2011Q3": 1.1646180400000001, "2011Q4": 1.04622326, "2011Q1": 1.02568539, "2011Q2": 1.1235423}