{"2006Q3": 0.381601356504, "2006Q4": 0.5373571798760001, "2006Q1": 0.193055253134, "2006Q2": 0.37362130671, "2010Q3": 0.970488777076, "2010Q4": 0.911200899637, "2010Q1": 0.972478292624, "2010Q2": 0.929504491003, "2013Q3": 0.779101803041, "2013Q4": 0.856005374012, "2013Q1": 0.628112940107, "2013Q2": 0.568120130483, "2007Q3": 1.269130548801, "2007Q4": 1.244092227429, "2007Q1": 0.652875812399, "2007Q2": 0.83747997365, "2014Q3": 0.965119815425, "2014Q4": 1.039204865766, "2014Q1": 0.744474954221, "2014Q2": 0.740045781339, "2009Q3": 1.032959541121, "2009Q4": 1.0584255334330002, "2009Q1": 0.703892847967, "2009Q2": 0.8992638063489999, "2022Q3": 2.4343650873339997, "2022Q4": 2.861192766554, "2022Q1": 2.467820311076, "2022Q2": 2.427823413306, "2002Q4": 0.191454265762, "2016Q3": 1.633496524801, "2016Q4": 1.5863880875160001, "2016Q1": 1.165632731589, "2016Q2": 1.1189268365560001, "2004Q3": 0.188712218495, "2004Q4": 0.188958672935, "2004Q1": 0.21586618209900002, "2004Q2": 0.196569041069, "2019Q3": 2.3552218012340003, "2019Q4": 2.3178898733130002, "2019Q2": 2.094728881412, "2017Q1": 1.597259265351, "2017Q2": 2.04411607945, "2021Q3": 3.200766754811, "2021Q4": 2.895789412624, "2021Q1": 3.2562824295860002, "2021Q2": 3.424750590433, "2008Q3": 0.411151485482, "2008Q4": 0.577757103142, "2008Q1": 0.625958396733, "2008Q2": 0.49401321335099996, "2020Q3": 3.963173564951, "2020Q4": 4.157593136708, "2020Q1": 3.0180686287069998, "2020Q2": 3.760556725222, "2005Q3": 0.15494554399500002, "2005Q4": 0.143161759866, "2005Q1": 0.169249808017, "2005Q2": 0.12210114066900002, "2023Q3": 3.09638593, "2023Q1": 2.992617133715, "2023Q2": 3.27355163717, "2015Q3": 0.9973306858670001, "2015Q4": 1.406409296211, "2015Q1": 1.541695266176, "2015Q2": 1.516329305372, "2018Q1": 1.5226846888380001, "2018Q2": 1.335215857155, "2012Q3": 0.550806826884, "2012Q4": 0.5008798689689999, "2012Q1": 0.5581907952040001, "2012Q2": 0.570586003804, "2003Q4": 0.16729641495800002, "2003Q1": 0.207035260432, "2003Q2": 0.207035260432, "2011Q3": 0.6565539032940001, "2011Q4": 0.642958920653, "2011Q1": 0.814908129654, "2011Q2": 0.6777460856699999}