{"2006Q3": 0.059760207339999996, "2006Q4": 0.06866328576, "2006Q1": 0.053030644739999994, "2006Q2": 0.05639421786, "2010Q3": 0.19210062, "2010Q4": 0.20539059999999998, "2010Q1": 0.19814152, "2010Q2": 0.14014887999999998, "2013Q3": 0.23801145999999998, "2013Q4": 0.22109694, "2013Q1": 0.25250962, "2013Q2": 0.19572516, "2007Q3": 0.23801145999999998, "2007Q4": 0.21022332, "2007Q1": 0.11736139702, "2007Q2": 0.15827158, "2014Q3": 0.23801145999999998, "2014Q4": 0.40111576, "2014Q1": 0.21868057999999999, "2014Q2": 0.20418241999999998, "2009Q3": 0.19572516, "2009Q4": 0.21626422, "2009Q1": 0.17639428, "2009Q2": 0.23438691999999997, "2022Q3": 0.30083682, "2022Q4": 0.30929407999999997, "2022Q1": 0.36849489999999996, "2022Q2": 0.34191494, "2002Q3": 0.08568050106, "2002Q4": 0.07187583638, "2002Q2": 0.09137223703999998, "2016Q3": 0.32862496, "2016Q4": 0.36849489999999996, "2016Q1": 0.3382904, "2016Q2": 0.29842046, "2004Q3": 0.053312150679999996, "2004Q4": 0.04832236727999999, "2004Q1": 0.06798308042, "2004Q2": 0.05712033404, "2019Q3": 0.34795583999999996, "2019Q4": 0.36366217999999995, "2019Q2": 0.37332761999999997, "2017Q1": 0.37936852, "2017Q2": 0.36366217999999995, "2021Q3": 0.46273294, "2021Q4": 0.40594847999999994, "2021Q1": 0.32500041999999996, "2021Q2": 0.31171044, "2008Q3": 0.13410798000000002, "2008Q4": 0.12565072, "2008Q1": 0.1933088, "2008Q2": 0.12444254, "2001Q4": 0.07988606978, "2020Q3": 0.33104132000000003, "2020Q4": 0.32258405999999995, "2020Q1": 0.32983313999999997, "2020Q2": 0.31533498, "2005Q3": 0.04864857588, "2005Q4": 0.04863286954, "2005Q1": 0.0419480096, "2005Q2": 0.04185497974, "2023Q3": 0.3322495, "2023Q1": 0.32379224, "2023Q2": 0.31895952, "2015Q3": 0.50260288, "2015Q4": 0.44581842, "2015Q1": 0.5291828399999999, "2015Q2": 0.58959184, "2018Q1": 0.3564131, "2018Q2": 0.302045, "2012Q3": 0.24405236, "2012Q4": 0.2235133, "2012Q1": 0.16793702, "2012Q2": 0.20659877999999998, "2003Q4": 0.06499525128, "2003Q1": 0.07338968591999999, "2003Q2": 0.06902573976000001, "2011Q3": 0.14618978, "2011Q4": 0.1268589, "2011Q1": 0.24284417999999997, "2011Q2": 0.22230512}