{"2006Q3": 0.424746951367, "2006Q4": 0.513273023782, "2006Q1": 0.26240064632300003, "2006Q2": 0.446697947634, "2010Q3": 1.7358310528940002, "2010Q4": 1.489498390382, "2010Q1": 1.1834761538560001, "2010Q2": 1.361060108708, "2013Q3": 1.0892339089760001, "2013Q4": 1.101347748757, "2013Q1": 1.193511561193, "2013Q2": 0.970222026388, "2007Q3": 1.06732290115, "2007Q4": 1.380332000239, "2007Q1": 0.758284859631, "2007Q2": 0.706421059764, "2014Q3": 1.0914234875400002, "2014Q4": 1.269192887277, "2014Q1": 0.992323553161, "2014Q2": 0.912574037463, "2009Q3": 0.76087371855, "2009Q4": 1.2441183226049999, "2009Q1": 0.709695641919, "2009Q2": 0.77603429094, "2022Q3": 2.718994595224, "2022Q4": 2.918815868413, "2022Q1": 3.188195766206, "2022Q2": 3.528113824191, "2002Q4": 0.281436714782, "2016Q3": 1.530432781512, "2016Q4": 1.5716491455160002, "2016Q1": 1.3337571851410002, "2016Q2": 1.631304650828, "2004Q3": 0.263319776411, "2004Q4": 0.23902335539000003, "2004Q1": 0.395449679812, "2004Q2": 0.25346981395900003, "2019Q3": 1.858161130408, "2019Q4": 1.8129227265919998, "2019Q2": 2.144024722663, "2017Q1": 2.056485313685, "2017Q2": 2.14592109293, "2021Q1": 2.294631943648, "2008Q3": 0.582599691266, "2008Q4": 0.474058014804, "2008Q1": 0.916278223534, "2008Q2": 0.6851614648500001, "2020Q3": 2.125942940293, "2020Q4": 3.2651712197219998, "2020Q1": 1.4985169315320002, "2020Q2": 2.235900521675, "2005Q3": 0.22540433136000002, "2005Q4": 0.21718290118800002, "2005Q1": 0.24690325286500003, "2005Q2": 0.216040512372, "2023Q3": 2.78590166, "2023Q1": 3.232820329331, "2023Q2": 3.2316308242250003, "2015Q3": 1.06616311555, "2015Q4": 1.543408245345, "2015Q1": 1.432492995166, "2015Q2": 1.6071625054540002, "2018Q1": 2.060215715743, "2018Q2": 2.4777530290630003, "2012Q3": 1.140159007373, "2012Q4": 1.496829322673, "2012Q1": 1.196347961851, "2012Q2": 1.350997639707, "2003Q4": 0.257537037085, "2003Q1": 0.297477153685, "2003Q2": 0.298935463266, "2011Q3": 1.0883847284569999, "2011Q4": 0.887048364517, "2011Q1": 1.3572261716229999, "2011Q2": 1.207701417198}