{"2006Q3": 0.39739232069200003, "2006Q4": 0.364390863066, "2006Q1": 0.28577117184, "2006Q2": 0.406330160094, "2010Q3": 0.831621123394, "2010Q4": 0.9924665933850001, "2010Q1": 0.934274713338, "2010Q2": 0.59843003984, "2013Q3": 0.7829027587230001, "2013Q4": 0.7589240706320001, "2013Q1": 0.697325562007, "2013Q2": 0.690585033073, "2007Q3": 0.746587092934, "2007Q4": 0.790178480387, "2007Q1": 0.6180894930590001, "2007Q2": 0.619964842212, "2014Q3": 0.9965369575970001, "2014Q4": 0.9965369575970001, "2014Q1": 0.78769859299, "2014Q2": 0.9592270172780001, "2009Q3": 0.740012679125, "2009Q4": 0.90911848043, "2009Q1": 0.568810565348, "2009Q2": 0.719747841985, "2022Q3": 0.89641762, "2022Q4": 1.17911536, "2022Q1": 1.0293097199999999, "2022Q2": 0.95682312, "2002Q4": 0.5955962970240001, "2016Q3": 2.0232291864709997, "2016Q4": 1.862961313871, "2016Q1": 1.7499574831240001, "2016Q2": 2.685113512707, "2004Q3": 0.35174485083, "2004Q4": 0.32313149034599997, "2004Q1": 0.474514076329, "2004Q2": 0.381375923178, "2019Q3": 0.6282172, "2019Q4": 0.61371988, "2019Q1": 0.845677, "2019Q2": 0.73090655, "2017Q1": 1.891881775917, "2017Q2": 1.499045117224, "2021Q3": 0.92541226, "2021Q4": 1.1344152900000002, "2021Q1": 0.3986763, "2021Q2": 0.80218504, "2008Q3": 0.419270588737, "2008Q4": 0.40669247228300004, "2008Q1": 0.754198306745, "2008Q2": 0.543853066535, "2020Q3": 0.44458448, "2020Q4": 0.38901142000000005, "2020Q1": 0.45304125, "2020Q2": 0.39021953, "2005Q3": 0.264824598227, "2005Q4": 0.252356419783, "2005Q1": 0.271825112433, "2005Q2": 0.23729201294900001, "2023Q3": 0.93266092, "2023Q1": 1.01964484, "2023Q2": 0.9821934300000001, "2015Q3": 1.086802950034, "2015Q4": 1.78004618754, "2015Q1": 1.429814011241, "2015Q2": 1.751161123117, "2018Q3": 0.79131205, "2018Q4": 0.6934551400000001, "2018Q2": 0.876049731077, "2012Q3": 0.679414848013, "2012Q4": 0.660310038095, "2012Q1": 0.759978025796, "2012Q2": 0.665086180169, "2003Q4": 0.376964267891, "2003Q1": 0.646522603531, "2003Q2": 0.543214701211, "2011Q3": 0.729073243075, "2011Q4": 0.612477580487, "2011Q1": 1.030395206835, "2011Q2": 0.91379990668}