{"2006Q3": 1.051585214613, "2006Q4": 0.869881363039, "2006Q1": 0.5511020889680001, "2006Q2": 1.079780569037, "2010Q3": 1.809844703934, "2010Q4": 1.8403172248970001, "2010Q1": 1.46724838689, "2010Q2": 1.033865865243, "2013Q3": 1.571072877046, "2013Q4": 1.605960677626, "2013Q1": 1.699391435019, "2013Q2": 1.547439345982, "2007Q3": 1.528078054311, "2007Q4": 1.3307364268970001, "2007Q1": 1.307432951485, "2007Q2": 0.9638659180560001, "2014Q3": 2.2729373083230002, "2014Q4": 2.371561247362, "2014Q1": 1.484416475667, "2014Q2": 1.482799299621, "2009Q3": 1.1966534928700001, "2009Q4": 1.378846991427, "2009Q1": 0.9069083639959999, "2009Q2": 1.054348887049, "2022Q3": 1.830011804975, "2022Q4": 1.9101496072270001, "2022Q1": 2.354852723629, "2022Q2": 2.320466530321, "2002Q4": 0.867371876947, "2016Q3": 2.850946544022, "2016Q4": 3.476679869862, "2016Q1": 3.7878177273720004, "2016Q2": 3.089485930546, "2004Q3": 0.533935691545, "2004Q4": 0.46314866069300004, "2004Q1": 0.819119963547, "2004Q2": 0.596632613782, "2019Q3": 2.2556577109930003, "2019Q4": 2.120154885283, "2019Q1": 2.556066464404, "2019Q2": 2.417274921652, "2017Q1": 4.243001077213, "2017Q2": 3.124056602251, "2021Q3": 1.618516564856, "2021Q4": 2.841000295203, "2021Q1": 1.79622761288, "2021Q2": 1.690498054065, "2008Q3": 0.559331613477, "2008Q4": 0.653444711398, "2008Q1": 1.054247284998, "2008Q2": 0.638472120924, "2020Q3": 2.062900861029, "2020Q4": 1.8796364937680001, "2020Q1": 1.7930785533540001, "2020Q2": 2.001005519777, "2005Q3": 0.347028510201, "2005Q4": 0.342884934523, "2005Q1": 0.398429241505, "2005Q2": 0.339777192359, "2023Q3": 2.1685574499999998, "2023Q1": 2.0847782833969997, "2023Q2": 2.563212797487, "2015Q3": 4.229172566909, "2015Q4": 4.874496000454, "2015Q1": 3.149084654688, "2015Q2": 4.428531254779, "2018Q3": 2.19752309536, "2018Q4": 2.0066855697530004, "2018Q2": 2.185957012653, "2012Q3": 1.5114301777, "2012Q4": 1.535754868495, "2012Q1": 1.424160902118, "2012Q2": 1.342264937383, "2003Q4": 0.778063794929, "2003Q1": 1.0973491462790002, "2003Q2": 1.049434658002, "2011Q3": 2.209527480375, "2011Q4": 1.497447150127, "2011Q1": 2.170072661562, "2011Q2": 2.241248341401}