{"2006Q3": 0.22833278999999998, "2006Q4": 0.31773292999999997, "2006Q1": 0.18846516000000002, "2006Q2": 0.23920578, "2010Q3": 0.45304125, "2010Q4": 0.43975204, "2010Q1": 0.62700909, "2010Q2": 0.44941692000000005, "2013Q3": 0.26215987, "2013Q4": 0.25491121, "2013Q1": 0.27907341, "2013Q2": 0.24283011, "2007Q3": 0.6934551400000001, "2007Q4": 0.6970794699999999, "2007Q1": 0.43733582000000004, "2007Q2": 0.51827919, "2014Q3": 0.30565182999999996, "2014Q4": 0.45424936, "2014Q1": 0.24645444, "2014Q2": 0.23920578, "2009Q3": 0.5219035200000001, "2009Q4": 0.67412538, "2009Q1": 0.37813842999999997, "2009Q2": 0.42404661, "2022Q3": 0.38055465, "2022Q4": 0.3986763, "2022Q1": 0.4107574, "2022Q2": 0.39384386, "2002Q4": 0.0937855793, "2016Q3": 0.44579259, "2016Q4": 0.47357912, "2016Q1": 0.4349196, "2016Q2": 0.40954929, "2004Q3": 0.13047588000000002, "2004Q4": 0.13772453999999998, "2004Q1": 0.14014076, "2004Q2": 0.13168399, "2019Q3": 0.42404661, "2019Q4": 0.42646282999999996, "2019Q2": 0.45787369, "2017Q1": 0.5122386400000001, "2017Q2": 0.50498998, "2021Q3": 0.40592496, "2021Q4": 0.39021953, "2021Q1": 0.38538709, "2021Q2": 0.38176276000000003, "2008Q3": 0.37813842999999997, "2008Q4": 0.29598695, "2008Q1": 0.54969005, "2008Q2": 0.37209788, "2020Q3": 0.36484922000000003, "2020Q4": 0.36726544, "2020Q1": 0.35880867000000005, "2020Q2": 0.36001678, "2005Q3": 0.19450571000000003, "2005Q4": 0.18484083, "2005Q1": 0.17034351, "2005Q2": 0.19813003999999998, "2023Q3": 0.5074062, "2023Q1": 0.3986763, "2023Q2": 0.43129527, "2015Q3": 0.4349196, "2015Q4": 0.51707108, "2015Q1": 0.49290888, "2015Q2": 0.61855232, "2018Q1": 0.46633046, "2018Q2": 0.39626007999999996, "2012Q3": 0.26095176000000003, "2012Q4": 0.28269774, "2012Q1": 0.30444372000000003, "2012Q2": 0.30927616, "2003Q4": 0.10065006032, "2003Q1": 0.10939919294, "2003Q2": 0.10988485316, "2011Q3": 0.31531671, "2011Q4": 0.30565182999999996, "2011Q1": 0.44096015, "2011Q2": 0.37209788}