{"2009Q2": 0.6570323148539999, "2009Q4": 0.585141917139, "2009Q1": 0.46021742340000005, "2009Q3": 0.625801342433, "2020Q2": 0.349770678279, "2020Q4": 0.36489802764400003, "2020Q1": 0.354465635361, "2020Q3": 0.396679414981, "2014Q2": 0.31882965225800003, "2014Q4": 0.815622968341, "2014Q1": 0.323197090719, "2014Q3": 0.466866135974, "2002Q4": 0.140051480671, "2016Q2": 0.474054269663, "2016Q4": 0.47166861484600003, "2016Q1": 0.451640446455, "2016Q3": 0.500014016532, "2010Q2": 0.424479959057, "2010Q4": 0.533937141277, "2010Q1": 0.5733565624670001, "2010Q3": 0.436048578795, "2022Q2": 0.33120722245199996, "2022Q4": 0.304806636244, "2022Q1": 0.366007918301, "2022Q3": 0.29400637446600003, "2021Q2": 0.357835416584, "2021Q4": 0.35760768784900004, "2021Q1": 0.36018966054100005, "2021Q3": 0.364807902638, "2007Q2": 0.449569745915, "2007Q4": 0.5875310754749999, "2007Q1": 0.363883336055, "2007Q3": 0.6552242574280001, "2017Q2": 0.510218438458, "2017Q4": 0.591853209811, "2017Q1": 0.554437318245, "2017Q3": 0.486408160901, "2023Q2": 0.297606421455, "2023Q1": 0.324007007663, "2015Q2": 0.86517710351, "2015Q4": 0.53457176146, "2015Q1": 0.961588268273, "2015Q3": 0.565951331411, "2003Q2": 0.123747069733, "2003Q4": 0.10430700929, "2003Q1": 0.154683867369, "2012Q2": 0.44280892073300004, "2012Q4": 0.46210811555000003, "2012Q1": 0.40206625665999995, "2012Q3": 0.37097312959, "2004Q2": 0.085285196529, "2004Q4": 0.074833474486, "2004Q1": 0.120611541039, "2004Q3": 0.09322827815700001, "2005Q2": 0.051003867169, "2005Q4": 0.056229667785, "2005Q1": 0.077341873279, "2005Q3": 0.063336737293, "2018Q2": 0.433118670423, "2018Q4": 0.333774818635, "2018Q1": 0.527225606983, "2018Q3": 0.357944629728, "2008Q2": 0.314668438174, "2008Q4": 0.238063753617, "2008Q1": 0.5326971371729999, "2008Q3": 0.255741785625, "2013Q2": 0.331302542331, "2013Q4": 0.34940232554, "2013Q1": 0.34738514427300005, "2013Q3": 0.373423659914, "2019Q2": 0.361397528919, "2019Q4": 0.443668853431, "2019Q1": 0.453473390947, "2019Q3": 0.339207206061, "2006Q2": 0.10735893677200001, "2006Q4": 0.24983533583500003, "2006Q1": 0.075251601357, "2006Q3": 0.210370006465, "2011Q2": 0.554404578464, "2011Q4": 0.366684459901, "2011Q1": 0.505460538845, "2011Q3": 0.404210531099}