{"2009Q2": 0.61244653206, "2009Q4": 0.696838814488, "2009Q1": 0.425578010236, "2009Q3": 0.696838814488, "2020Q2": 0.58110091, "2020Q4": 0.692016401801, "2020Q3": 0.61365222584, "2014Q2": 0.7438573683890001, "2014Q4": 1.053697474137, "2014Q1": 0.583512055938, "2014Q3": 0.987389269488, "2002Q4": 0.7967483033780001, "2016Q2": 0.913847385403, "2016Q4": 1.017529318579, "2016Q1": 1.017529318579, "2016Q3": 1.0356133963579999, "2010Q2": 0.570250511657, "2010Q4": 0.673932444833, "2010Q1": 0.781231096916, "2010Q3": 0.711306052549, "2022Q2": 0.588334468625, "2022Q4": 0.59439012, "2022Q1": 0.6293250368700001, "2022Q3": 0.52915218, "2021Q2": 0.61244653206, "2021Q4": 0.912641933245, "2021Q1": 0.665493071617, "2021Q3": 0.637764289275, "2007Q2": 0.6775491637400001, "2007Q4": 0.835483209442, "2007Q1": 0.554577579816, "2007Q3": 0.9825668568010001, "2017Q2": 0.769175125604, "2017Q4": 0.783642242854, "2017Q1": 1.099510334258, "2017Q3": 0.8632121125950001, "2023Q3": 0.56418737, "2015Q2": 1.851806955052, "2015Q4": 1.256238806991, "2015Q1": 1.288790122831, "2015Q3": 0.747474208107, "2003Q2": 0.797836810488, "2003Q4": 0.800557957452, "2003Q1": 0.791850263005, "2012Q2": 0.359269805587, "2012Q4": 0.85477286019, "2012Q1": 0.40387721355, "2012Q3": 0.48465265626, "2004Q2": 0.822955350364, "2004Q4": 0.284801905187, "2004Q1": 0.811442545308, "2004Q3": 0.386142521183, "2005Q2": 0.15637896651000002, "2005Q4": 0.148516345008, "2005Q1": 0.22714256002799998, "2005Q3": 0.175598667689, "2018Q2": 0.7390349557020001, "2018Q4": 0.49309178785400004, "2018Q1": 0.7390349557020001, "2018Q3": 0.59677372103, "2008Q2": 0.3544473929, "2008Q4": 0.247148740817, "2008Q1": 0.572661657595, "2008Q3": 0.243531901099, "2013Q2": 0.5316710893500001, "2013Q4": 0.583512055938, "2013Q1": 0.689605135052, "2013Q3": 0.5714559638150001, "2019Q2": 0.871651365, "2019Q1": 0.74265179542, "2006Q2": 0.22714256002799998, "2006Q4": 0.241120755161, "2006Q1": 0.157252550851, "2006Q3": 0.229064663038, "2011Q2": 0.8234272381300001, "2011Q4": 0.364092218274, "2011Q1": 0.931931583993, "2011Q3": 0.5630168322210001}