{"2006Q3": 0.250883733693, "2006Q4": 0.329184967123, "2006Q1": 0.172906998609, "2006Q2": 0.22851183190200003, "2010Q3": 1.019712614971, "2010Q4": 1.060597231969, "2010Q1": 1.0076876920859998, "2010Q2": 0.735924676507, "2013Q3": 0.82745266065, "2013Q4": 0.900923749489, "2013Q1": 0.841743997895, "2013Q2": 0.720292337162, "2007Q3": 0.719980161538, "2007Q4": 0.683181251749, "2007Q1": 0.6128274491429999, "2007Q2": 0.555300029596, "2014Q3": 0.9695770164590001, "2014Q4": 0.8563593502419999, "2014Q1": 0.816612772864, "2014Q2": 0.833474968189, "2009Q3": 0.555551074854, "2009Q4": 0.8970585223549999, "2009Q1": 0.543526151969, "2009Q2": 0.561563475891, "2022Q3": 0.55814682, "2022Q4": 0.72365789, "2022Q1": 0.8142661400000001, "2022Q2": 0.6717091599999999, "2002Q4": 0.293655056078, "2016Q3": 1.418834345128, "2016Q4": 1.282732296858, "2016Q1": 1.385109954478, "2016Q2": 1.3405456760419998, "2004Q3": 0.22543368843300002, "2004Q4": 0.198183438462, "2004Q1": 0.247523013295, "2004Q2": 0.208505530302, "2019Q4": 0.5219035200000001, "2017Q3": 0.8940014000000001, "2017Q4": 0.8940014000000001, "2017Q1": 1.1165191941369998, "2017Q2": 0.8792437322950001, "2021Q3": 0.86742298, "2021Q4": 0.88796085, "2021Q1": 0.56901981, "2021Q2": 0.8746716400000001, "2008Q3": 0.5062488306199999, "2008Q4": 0.38239230612100006, "2008Q1": 0.670381567921, "2008Q2": 0.48941405939199994, "2020Q3": 0.49411699, "2020Q4": 0.6946632500000001, "2020Q1": 0.48807644, "2020Q2": 0.43854392999999997, "2005Q3": 0.172906998609, "2005Q4": 0.160422631491, "2005Q1": 0.179190861963, "2005Q2": 0.17299772767, "2023Q3": 0.93145281, "2023Q1": 0.65841995, "2023Q2": 0.74661198, "2015Q3": 1.037025797759, "2015Q4": 1.805460835177, "2015Q1": 1.288754483586, "2015Q2": 2.035509382999, "2018Q3": 0.53398462, "2018Q4": 0.50498998, "2018Q1": 0.8940014000000001, "2018Q2": 0.55452249, "2012Q3": 0.732317260047, "2012Q4": 0.80206181278, "2012Q1": 0.751557136663, "2012Q2": 0.893450985084, "2003Q4": 0.20458328037600002, "2003Q1": 0.327467276325, "2003Q2": 0.260115868691, "2011Q3": 0.924715905396, "2011Q4": 0.749152152086, "2011Q1": 1.059394920897, "2011Q2": 0.9932579054349999}