{"2006Q3": 0.130586542876, "2006Q4": 0.197224923988, "2006Q1": 0.067217428235, "2006Q2": 0.110334149269, "2010Q3": 0.678043522352, "2010Q4": 0.8277163910630001, "2010Q1": 0.5449085922420001, "2010Q2": 0.542963051898, "2013Q3": 0.924644385284, "2013Q4": 0.9655756353280001, "2013Q1": 0.774765654629, "2013Q2": 0.670157342705, "2007Q3": 0.333947578365, "2007Q4": 0.455593744808, "2007Q1": 0.213853954083, "2007Q2": 0.36134388883499996, "2014Q3": 1.0394103652770001, "2014Q4": 1.050906498415, "2014Q1": 0.8511711218470001, "2014Q2": 0.9297775238629999, "2009Q3": 0.483254631368, "2009Q4": 0.60666814193, "2009Q1": 0.38299805247499996, "2009Q2": 0.403405325784, "2022Q3": 4.225554398270001, "2022Q4": 4.638478905988, "2022Q1": 4.415391729608, "2022Q2": 4.447769681663, "2002Q4": 0.036409052691999996, "2016Q3": 1.9340684938729997, "2016Q4": 1.9977322665430002, "2016Q1": 1.724334798945, "2016Q2": 1.761077894052, "2004Q3": 0.043736119031, "2004Q4": 0.04590818, "2004Q1": 0.042870145783, "2004Q2": 0.040864562372, "2019Q3": 6.686708479177, "2019Q4": 7.25360358612, "2019Q2": 5.4700390198269995, "2017Q1": 2.3854240679900003, "2017Q2": 2.671582439085, "2021Q1": 9.180858943648, "2008Q3": 0.337368825074, "2008Q4": 0.369933671746, "2008Q1": 0.340257536895, "2008Q2": 0.33525535744, "2020Q3": 8.954551308441, "2020Q4": 11.111939056625, "2020Q1": 7.627388954168, "2020Q2": 9.201793919405, "2005Q3": 0.059193161614999996, "2005Q4": 0.055050431614, "2005Q1": 0.051724988028, "2005Q2": 0.048481695922, "2023Q3": 5.42924634, "2023Q1": 5.154935541242, "2023Q2": 5.786847141622, "2015Q3": 1.686365109755, "2015Q4": 1.7933372097050002, "2015Q1": 1.292603884479, "2015Q2": 1.626124637581, "2018Q1": 4.594868067964, "2018Q2": 5.216970660821, "2012Q3": 0.6986953171250001, "2012Q4": 0.693854420355, "2012Q1": 0.547907362884, "2012Q2": 0.661812564502, "2003Q4": 0.030689376707999996, "2003Q1": 0.036155228781, "2003Q2": 0.036989187114000004, "2011Q3": 0.607022238971, "2011Q4": 0.6149597632930001, "2011Q1": 0.6373248996680001, "2011Q2": 0.626030762522}