{"2006Q3": 0.221610986771, "2006Q4": 0.22690685776699998, "2006Q1": 0.17997444210900002, "2006Q2": 0.218713214125, "2010Q3": 0.549418346061, "2010Q4": 0.5344228014969999, "2010Q1": 0.5728730768450001, "2010Q2": 0.369488604022, "2013Q3": 0.653541722631, "2013Q4": 0.618197860526, "2013Q1": 0.476174744335, "2013Q2": 0.5595053396949999, "2007Q3": 1.245340084248, "2007Q4": 0.679309984065, "2007Q1": 0.461961330185, "2007Q2": 0.825338347339, "2014Q3": 0.8032128999879999, "2014Q4": 0.81491006263, "2014Q1": 0.5918505519689999, "2014Q2": 0.880385758678, "2009Q3": 0.36037558866999997, "2009Q4": 0.502040621057, "2009Q1": 0.306526380829, "2009Q2": 0.320610164776, "2022Q3": 1.342713871059, "2022Q4": 1.517243482209, "2022Q1": 1.479172553401, "2022Q2": 1.457903293607, "2002Q4": 0.34967306299100004, "2016Q3": 1.197621068169, "2016Q4": 1.263990403184, "2016Q1": 1.002575574621, "2016Q2": 1.055394143821, "2004Q3": 0.208081121259, "2004Q4": 0.20347749729300002, "2004Q1": 0.295084008586, "2004Q2": 0.232003390613, "2019Q3": 0.8537559940030001, "2019Q4": 1.028246220767, "2019Q1": 0.899518234315, "2019Q2": 0.875567332754, "2017Q1": 1.165922073934, "2017Q2": 1.127739032518, "2021Q3": 1.207487944161, "2021Q4": 1.766510160667, "2021Q1": 0.9470223276249999, "2021Q2": 1.173946582176, "2008Q3": 0.24894918715, "2008Q4": 0.24977770898800003, "2008Q1": 0.442474999129, "2008Q2": 0.23108848891, "2020Q3": 1.099490762876, "2020Q4": 0.909442133099, "2020Q1": 0.86206501215, "2020Q2": 1.003929503498, "2005Q3": 0.162032800499, "2005Q4": 0.164516070604, "2005Q1": 0.16695596956, "2005Q2": 0.162659205534, "2023Q3": 2.16372501, "2023Q1": 1.804635454425, "2023Q2": 1.9402245391890003, "2015Q3": 1.125819224917, "2015Q4": 1.296012446033, "2015Q1": 0.964050396453, "2015Q2": 1.228521984938, "2018Q3": 0.84546558075, "2018Q4": 0.766936256152, "2018Q2": 0.908696970851, "2012Q3": 0.456617618033, "2012Q4": 0.45831827448, "2012Q1": 0.366351142352, "2012Q2": 0.480851458956, "2003Q4": 0.263846874804, "2003Q1": 0.363926948826, "2003Q2": 0.34269779828400004, "2011Q3": 0.46044817241, "2011Q4": 0.38558872355900004, "2011Q1": 0.489852844944, "2011Q2": 0.539421356622}