{"2006Q3": 0.40250238437, "2006Q4": 0.38808443719700003, "2006Q1": 0.31251196182400004, "2006Q2": 0.478196878853, "2010Q3": 0.9335653111459999, "2010Q4": 1.0152673742259999, "2010Q1": 0.861475333659, "2010Q2": 0.750937376233, "2013Q3": 0.668181116367, "2013Q4": 0.627173634582, "2013Q1": 0.734116377459, "2013Q2": 0.600749852662, "2007Q3": 0.8999233135979999, "2007Q4": 0.797795855559, "2007Q1": 0.6452054011980001, "2007Q2": 0.656018831375, "2014Q3": 0.87587975, "2014Q4": 0.76956607, "2014Q1": 0.679036105528, "2014Q2": 0.73936332, "2009Q3": 0.610361938255, "2009Q4": 0.84585580028, "2009Q1": 0.538271839957, "2009Q2": 0.600749852662, "2022Q3": 0.6934551400000001, "2022Q4": 0.76835796, "2022Q1": 0.87104731, "2022Q2": 0.9930664200000001, "2002Q4": 0.535675490756, "2016Q3": 1.04139082, "2016Q4": 0.97736099, "2016Q1": 0.89762573, "2016Q2": 0.9193717100000001, "2004Q3": 0.419669385848, "2004Q4": 0.449645736034, "2004Q1": 0.700994350455, "2004Q2": 0.507835199861, "2019Q3": 0.4590818, "2019Q4": 0.42525472000000003, "2019Q1": 0.54123328, "2019Q2": 0.50015754, "2017Q1": 0.87104731, "2017Q2": 0.72365789, "2021Q3": 0.6717091599999999, "2021Q4": 1.1416639499999999, "2021Q1": 0.65600373, "2021Q2": 0.74177954, "2008Q3": 0.355643905044, "2008Q4": 0.354442439649, "2008Q1": 0.689660828923, "2008Q2": 0.438547433519, "2020Q3": 0.54485761, "2020Q4": 0.54606572, "2020Q1": 0.5122386400000001, "2020Q2": 0.43733582000000004, "2005Q3": 0.260787215418, "2005Q4": 0.277612080144, "2005Q1": 0.32621349976700004, "2005Q2": 0.286625426421, "2023Q3": 0.93145281, "2023Q1": 0.83238779, "2023Q2": 0.9942745300000001, "2015Q3": 0.6765416, "2015Q4": 0.6765416, "2015Q1": 1.01843673, "2015Q2": 1.42315358, "2018Q3": 0.44337637, "2018Q4": 0.39746819, "2018Q2": 0.45666557999999996, "2012Q3": 0.6367949018110001, "2012Q4": 0.790586821567, "2012Q1": 0.5995483872670001, "2012Q2": 0.6079588866540001, "2003Q4": 0.569885662437, "2003Q1": 0.5823694255, "2003Q2": 0.583870622986, "2011Q3": 0.747332859237, "2011Q4": 0.621175368432, "2011Q1": 0.967207308694, "2011Q2": 0.961199740097}