{"2006Q3": 0.17149378110199998, "2006Q4": 0.16635925773799998, "2006Q1": 0.117604362018, "2006Q2": 0.190074018868, "2010Q3": 0.835903859054, "2010Q4": 0.905220166104, "2010Q1": 0.7285918616379999, "2010Q2": 0.588418818038, "2013Q3": 0.5014693655239999, "2013Q4": 0.452493493682, "2013Q1": 0.6414761635559999, "2013Q2": 0.479110786444, "2007Q3": 0.6736521716799999, "2007Q4": 0.6798136480439999, "2007Q1": 0.30037082497400003, "2007Q2": 0.29831703979199997, "2014Q3": 0.6705399, "2014Q4": 0.6524172, "2014Q1": 0.379029867146, "2014Q2": 0.40957302, "2009Q3": 0.44773229793799996, "2009Q4": 0.7542645992759999, "2009Q1": 0.346068300386, "2009Q2": 0.544775127808, "2022Q3": 0.43615297999999997, "2022Q4": 0.36607853999999995, "2022Q2": 0.40232394, "2002Q4": 0.242929598326, "2016Q3": 0.62100452, "2016Q4": 0.62342088, "2016Q1": 0.6004654599999999, "2016Q2": 0.53401556, "2004Q3": 0.188233115002, "2004Q4": 0.16219405718799998, "2004Q1": 0.28868301247199996, "2004Q2": 0.19419379185, "2019Q3": 0.27908958, "2019Q4": 0.34070675999999994, "2019Q1": 0.34916402, "2019Q2": 0.3262086, "2017Q3": 0.54005646, "2017Q4": 0.46877383999999994, "2017Q1": 0.63187814, "2017Q2": 0.52193376, "2021Q3": 0.41198938, "2021Q4": 0.34795583999999996, "2021Q1": 0.30929407999999997, "2021Q2": 0.32862496, "2008Q3": 0.202301042104, "2008Q4": 0.21873156519599998, "2008Q1": 0.44875913011999996, "2008Q2": 0.30293808665599997, "2001Q4": 0, "2020Q3": 0.33104132000000003, "2020Q4": 0.41561391999999997, "2020Q1": 0.26217505999999996, "2020Q2": 0.26459141999999997, "2005Q3": 0.13286113823999998, "2005Q4": 0.12141846545999999, "2005Q1": 0.131763144256, "2005Q2": 0.12486129518799999, "2023Q3": 0.36970308, "2023Q1": 0.35520492, "2023Q2": 0.35037219999999997, "2015Q3": 0.58959184, "2015Q4": 0.70557712, "2015Q1": 0.92184134, "2015Q2": 1.16831006, "2018Q4": 0.26338324, "2012Q3": 0.7486165994119999, "2012Q4": 0.681934366398, "2012Q1": 0.737320478866, "2012Q2": 0.6890558625900001, "2003Q4": 0.255243610522, "2003Q2": 0.23959767952199998, "2011Q3": 0.68648848009, "2011Q4": 0.658248601588, "2011Q1": 0.8194732151440001, "2011Q2": 0.8497669996459999}