{"2006Q3": 0.120504502493, "2006Q4": 0.139463131101, "2006Q1": 0.102461258832, "2006Q2": 0.12922343236300002, "2010Q3": 0.973256436275, "2010Q4": 1.047308505213, "2010Q1": 1.101712718788, "2010Q2": 0.825152177588, "2013Q3": 0.7094746786, "2013Q4": 0.669761203436, "2013Q1": 0.584493524502, "2013Q2": 0.659027870952, "2007Q3": 0.296410030122, "2007Q4": 0.44736192489, "2007Q1": 0.198936211803, "2007Q2": 0.200234809242, "2014Q3": 1.01854787612, "2014Q4": 0.942939761502, "2014Q1": 0.7931947686240001, "2014Q2": 0.987468279882, "2009Q3": 0.656384526272, "2009Q4": 0.880631367441, "2009Q1": 0.49026674343000004, "2009Q2": 0.5914847362610001, "2022Q3": 0.683704000946, "2022Q4": 0.705294618, "2022Q1": 0.9878231017889999, "2022Q2": 0.802452515554, "2002Q4": 0.22625544485500002, "2016Q3": 1.117671368644, "2016Q4": 1.0900881635570001, "2016Q1": 1.229051137118, "2016Q2": 1.106638062447, "2004Q3": 0.15982232163200003, "2004Q4": 0.180149497248, "2004Q1": 0.195631426898, "2004Q2": 0.169477657563, "2019Q3": 0.67014586566, "2019Q4": 0.681841216137, "2019Q1": 0.916671221717, "2019Q2": 0.7192664101499999, "2017Q1": 0.9576888516259999, "2017Q2": 0.865026210571, "2021Q3": 0.862272444637, "2021Q4": 1.075471723911, "2021Q1": 0.575128134971, "2021Q2": 0.670393044966, "2008Q3": 0.257429273673, "2008Q4": 0.325972481822, "2008Q1": 0.39085306288399996, "2008Q2": 0.323879552058, "2020Q3": 0.651420643904, "2020Q4": 0.584517928324, "2020Q1": 0.5800912924730001, "2020Q2": 0.595295356823, "2005Q3": 0.10220634762200001, "2005Q4": 0.109597806224, "2005Q1": 0.133396969169, "2005Q2": 0.114340242029, "2023Q3": 1.02326917, "2023Q1": 0.846833402892, "2023Q2": 0.8577581, "2015Q3": 1.210478862088, "2015Q4": 1.706469026643, "2015Q1": 1.336101280974, "2015Q2": 1.479231267547, "2018Q3": 0.805593601554, "2018Q4": 0.631684113267, "2018Q2": 0.8145696172319999, "2012Q3": 0.701605291682, "2012Q4": 0.568523880845, "2012Q1": 0.6898941149640001, "2012Q2": 0.6930881161820001, "2003Q4": 0.159818576491, "2003Q1": 0.21976245766, "2003Q2": 0.235125871719, "2011Q3": 0.6611484664349999, "2011Q4": 0.650501876249, "2011Q1": 0.925651586591, "2011Q2": 0.821978351807}