{"2006Q3": 0.470521514401, "2006Q4": 0.460154118436, "2006Q1": 0.369502497287, "2006Q2": 0.45855905080299997, "2010Q3": 1.1279980513019998, "2010Q4": 1.6813004710130002, "2010Q1": 0.761398642345, "2010Q2": 0.7837641411530001, "2013Q3": 0.561081681623, "2013Q4": 0.845025949521, "2013Q1": 0.5134335816009999, "2013Q2": 0.45897850659500006, "2007Q3": 0.851571006257, "2007Q4": 0.896517289075, "2007Q1": 0.7360871673020001, "2007Q2": 0.619616181666, "2014Q3": 1.115356629884, "2014Q4": 0.902398368555, "2014Q1": 0.9422672066650001, "2014Q2": 1.172728928107, "2009Q3": 0.515378276268, "2009Q4": 0.585391995909, "2009Q1": 0.48819604289, "2009Q2": 0.49981975244399995, "2022Q3": 1.27173148882, "2022Q4": 1.266923331831, "2022Q1": 1.38068972161, "2022Q2": 1.4315993561990001, "2002Q4": 0.616403575554, "2016Q3": 1.354569900166, "2016Q4": 1.016170678073, "2016Q1": 1.1902323882199999, "2016Q2": 1.354569900166, "2004Q3": 0.47088769254199997, "2004Q4": 0.301154761336, "2004Q1": 0.644402370481, "2004Q2": 0.5523597314780001, "2019Q3": 0.7895563037369999, "2019Q4": 0.950304400062, "2019Q2": 0.929028858096, "2017Q1": 0.9928326507149999, "2017Q2": 0.853777739983, "2021Q3": 1.250503425577, "2021Q4": 1.9384597321009998, "2021Q1": 0.997707857809, "2021Q2": 1.171675214565, "2008Q3": 0.363241104779, "2008Q4": 0.27315729533, "2008Q1": 0.648510306914, "2008Q2": 0.408767280397, "2020Q3": 1.175870014107, "2020Q4": 1.20200058773, "2020Q1": 0.910117345778, "2020Q2": 1.184184468749, "2005Q3": 0.28423264375499996, "2005Q4": 0.252651198623, "2005Q1": 0.338495991704, "2005Q2": 0.274758282702, "2023Q3": 1.1428720600000002, "2023Q1": 1.3979428613309999, "2023Q2": 1.44006712, "2015Q3": 0.8761432387910001, "2015Q4": 1.428473250763, "2015Q1": 1.525714628718, "2015Q2": 1.65407293351, "2018Q1": 0.858639778678, "2018Q2": 0.8044664349239999, "2012Q3": 0.5523300119719999, "2012Q4": 0.5134335816009999, "2012Q1": 0.731253881625, "2012Q2": 0.683605660792, "2003Q4": 0.5945007828760001, "2003Q1": 0.535072523055, "2003Q2": 0.6967831206170001, "2011Q3": 0.916012197712, "2011Q4": 0.72541931438, "2011Q1": 1.710472944805, "2011Q2": 1.2184322126509999}