{"2006Q3": 0.68117470185, "2006Q4": 0.612584135789, "2006Q1": 0.466411040937, "2006Q2": 0.557002256586, "2010Q3": 0.82634724, "2010Q4": 0.80218504, "2010Q1": 0.91574738, "2010Q2": 0.63788208, "2013Q3": 0.52794407, "2013Q4": 0.45062503, "2013Q1": 0.5315684, "2013Q2": 0.42767094, "2007Q3": 1.122282724514, "2007Q4": 1.04220508614, "2007Q1": 0.914145909384, "2007Q2": 0.806752662288, "2014Q3": 0.7973526, "2014Q4": 0.67412538, "2014Q1": 0.48807644, "2014Q2": 0.49653321000000006, "2009Q3": 0.6427145200000001, "2009Q4": 0.845677, "2009Q1": 0.575410470278, "2009Q2": 0.6970794699999999, "2022Q3": 0.6366739699999999, "2022Q4": 0.66566861, "2022Q1": 0.8988338400000001, "2022Q2": 0.69103892, "2002Q4": 0.7756116940619999, "2016Q3": 1.17669914, "2016Q4": 0, "2016Q1": 0.92178793, "2016Q2": 1.04984759, "2004Q3": 0.47462884677899997, "2004Q4": 0.399642546378, "2004Q1": 0.669280375656, "2004Q2": 0.498488173602, "2019Q3": 0.58110091, "2019Q4": 0.55935493, "2019Q1": 0.71640923, "2019Q2": 0.59801445, "2017Q1": 1.2552262900000002, "2017Q2": 1.28663715, "2021Q3": 0.6765416, "2021Q4": 0.67050105, "2021Q1": 0.59439012, "2021Q2": 0.70191191, "2008Q3": 0.423733226266, "2008Q4": 0.388823438084, "2008Q1": 0.969298426293, "2008Q2": 0.548927128535, "2020Q3": 0.57022792, "2020Q4": 0.62700909, "2020Q1": 0.6366739699999999, "2020Q2": 0.50257376, "2005Q3": 0.45509866133000004, "2005Q4": 0.440305837624, "2005Q1": 0.35959309582300003, "2005Q2": 0.415070956755, "2023Q3": 0.61855232, "2023Q1": 0.71640923, "2023Q2": 0.60647122, "2015Q3": 0, "2015Q4": 1.2238154300000001, "2015Q1": 0.95682312, "2015Q2": 1.27213983, "2018Q3": 0.5557306, "2018Q4": 0.5557306, "2018Q2": 0.89762573, "2012Q3": 0.58593335, "2012Q4": 0.52673596, "2012Q1": 0.62338476, "2012Q2": 0.72244978, "2003Q4": 0.5787009994850001, "2003Q1": 0.846951314428, "2003Q2": 0.712892663412, "2011Q3": 0.80339315, "2011Q4": 0.62338476, "2011Q1": 0.96044745, "2011Q2": 1.087299}