{"2006Q3": 0.53516131914, "2006Q4": 0.5027636748919999, "2006Q1": 0.298778408966, "2006Q2": 0.499163869525, "2010Q3": 0.69103892, "2010Q4": 0.65962806, "2010Q1": 0.87225542, "2010Q2": 0.5557306, "2013Q3": 0.5714360300000001, "2013Q4": 0.49894942999999997, "2013Q1": 0.49653321000000006, "2013Q2": 0.44337637, "2007Q3": 1.2035130206390001, "2007Q4": 1.144717327214, "2007Q1": 1.055923779245, "2007Q2": 0.871137072573, "2014Q3": 0.92903659, "2014Q4": 0.87587975, "2014Q1": 0.6076793300000001, "2014Q2": 0.72124167, "2009Q3": 0.5798928, "2009Q4": 0.77439851, "2009Q1": 0.56177115, "2009Q2": 0.6088874400000001, "2022Q3": 0.6777497100000001, "2022Q4": 0.83117968, "2022Q1": 0.8529256599999999, "2022Q2": 0.8746716400000001, "2002Q4": 0.861271042258, "2016Q3": 1.23106409, "2016Q4": 1.2177748800000001, "2016Q1": 1.6394052700000001, "2016Q2": 1.6309485000000001, "2004Q3": 0.481165325934, "2004Q4": 0.38757207774600005, "2004Q1": 0.6159554875550001, "2004Q2": 0.43463521090600005, "2019Q3": 0.45787369, "2019Q4": 0.5074062, "2019Q1": 0.65479562, "2019Q2": 0.52915218, "2017Q3": 0.845677, "2017Q4": 0.7901039400000001, "2017Q1": 1.27213983, "2017Q2": 0.845677, "2021Q3": 0.51707108, "2021Q4": 0.53398462, "2008Q3": 0.464366435573, "2008Q4": 0.36847355, "2008Q1": 1.058323568949, "2008Q2": 0.647953247393, "2020Q3": 0.35639245, "2020Q1": 0.38901142000000005, "2020Q2": 0.37934654, "2005Q3": 0.275980044345, "2005Q4": 0.239982715541, "2005Q1": 0.353974417835, "2005Q2": 0.25798137994299997, "2023Q3": 0.59318201, "2023Q1": 0.77439851, "2023Q2": 0.62217665, "2015Q3": 1.19119646, "2015Q4": 2.053787, "2015Q1": 1.62128362, "2015Q2": 2.058619560811, "2018Q3": 0.5158629699999999, "2018Q4": 0.42525472000000003, "2018Q1": 0.84205267, "2018Q2": 0.6692929400000001, "2012Q3": 0.47961967000000005, "2012Q4": 0.44941692000000005, "2012Q1": 0.49894942999999997, "2012Q2": 0.49170077000000006, "2003Q4": 0.723281080491, "2003Q1": 0.898601641258, "2003Q2": 0.847272188444, "2011Q3": 0.59559823, "2011Q4": 0.46391424, "2011Q1": 0.7176173400000001, "2011Q2": 0.64633885}