{"2006Q3": 0.46302906491799994, "2006Q4": 0.466493158614, "2006Q1": 0.421852478248, "2006Q2": 0.5115257725719999, "2010Q3": 0.89888592, "2010Q4": 0.8940532, "2010Q1": 1.11394196, "2010Q2": 0.64275176, "2013Q3": 0.9000941, "2013Q4": 0.6995362199999999, "2013Q1": 0.88076322, "2013Q2": 0.7913579, "2007Q3": 1.48941832813, "2007Q4": 1.5140464733399999, "2007Q1": 0.82444572157, "2007Q2": 1.15814987029, "2014Q3": 1.1803918599999998, "2014Q4": 0.966544, "2014Q1": 0.73940616, "2014Q2": 0.75148796, "2009Q3": 0.9484212999999999, "2009Q4": 1.1115255999999998, "2009Q1": 0.73457344, "2009Q2": 0.9182167999999999, "2022Q3": 1.3531616, "2022Q4": 1.5404295, "2002Q3": 0.607836082908, "2002Q4": 0.47618493693799996, "2002Q2": 0.685566397114, "2016Q3": 1.62741846, "2016Q4": 1.6189612, "2016Q1": 1.6733292999999998, "2016Q2": 1.49693502, "2004Q3": 0.56045839157, "2004Q4": 0.599609706106, "2004Q1": 0.5611719426780001, "2004Q2": 0.47605662822199996, "2019Q3": 0.7671942999999999, "2019Q4": 0.8312278399999999, "2019Q1": 0.83726874, "2019Q2": 0.80223152, "2017Q3": 1.10427652, "2017Q4": 0.9085513599999999, "2017Q1": 1.44015056, "2017Q2": 1.08011292, "2021Q3": 1.4860614, "2021Q1": 0.77444338, "2021Q2": 0.8481423599999999, "2008Q3": 0.5291828399999999, "2008Q4": 0.52676648, "2008Q1": 1.1457965922439999, "2008Q2": 0.7804842799999999, "2001Q4": 0.7031839570559999, "2020Q3": 0.76961066, "2020Q4": 0.80827242, "2020Q1": 0.72007528, "2020Q2": 0.8336442000000001, "2005Q3": 0.526311116958, "2005Q4": 0.394853883878, "2005Q1": 0.5168787348799999, "2005Q2": 0.400313407662, "2023Q3": 1.7844818599999999, "2023Q1": 2.020076839182, "2023Q2": 2.168683220818, "2015Q3": 1.13206466, "2015Q4": 1.74823646, "2015Q1": 1.19489002, "2015Q2": 1.58634034, "2018Q3": 0.62462906, "2018Q4": 0.73457344, "2018Q1": 0.7913579, "2018Q2": 0.62100452, "2012Q3": 0.54609736, "2012Q4": 0.63308632, "2012Q1": 0.54005646, "2012Q2": 0.483272, "2003Q4": 0.46449325826, "2003Q1": 0.52940574921, "2003Q2": 0.5348582655499999, "2011Q3": 0.7478634200000001, "2011Q4": 0.46635748, "2011Q1": 0.9991648599999999, "2011Q2": 0.8638487}