{"2006Q3": 0.196103677097, "2006Q4": 0.246219100172, "2006Q1": 0.22457448060100002, "2006Q2": 0.219527238643, "2010Q3": 0.528623390253, "2010Q4": 0.541223373498, "2010Q1": 0.7494251849460001, "2010Q2": 0.45383739449000005, "2013Q3": 0.33464647000000003, "2013Q4": 0.31652482000000004, "2013Q1": 0.387218705571, "2013Q2": 0.334633422412, "2007Q3": 1.5148960036680001, "2007Q4": 1.565835478574, "2007Q1": 0.413451968544, "2007Q2": 0.4905693749850001, "2014Q3": 0.35156001000000003, "2014Q4": 0.5074062, "2014Q1": 0.25853554, "2014Q2": 0.27061664, "2009Q3": 0.642606635777, "2009Q4": 0.8573740418310001, "2009Q1": 0.468532119664, "2009Q2": 0.768075987126, "2022Q3": 0.19450571000000003, "2022Q4": 0.19933815, "2022Q1": 0.25974365, "2022Q2": 0.23437333999999999, "2002Q4": 0.197989415996, "2016Q3": 0.31048427, "2016Q4": 0.32981403, "2016Q1": 0.33706269, "2016Q2": 0.29598695, "2004Q3": 0.277959170147, "2004Q4": 0.270366923663, "2004Q1": 0.35117860967299996, "2004Q2": 0.244563506228, "2019Q3": 0.22470846000000003, "2019Q4": 0.24887066000000002, "2019Q2": 0.24524632999999998, "2017Q1": 0.3865952, "2017Q2": 0.34431135, "2021Q3": 0.33223025, "2021Q4": 0.2657842, "2021Q1": 0.21021114, "2021Q2": 0.28028152, "2008Q3": 0.35662694415100005, "2008Q4": 0.26280741696, "2008Q1": 0.852129032266, "2008Q2": 0.538613976709, "2020Q3": 0.18967327, "2020Q4": 0.19933815, "2020Q1": 0.20779492, "2020Q2": 0.18604894, "2005Q3": 0.204681016475, "2005Q4": 0.187882246925, "2005Q1": 0.237467430521, "2005Q2": 0.209101853398, "2023Q3": 0.18967327, "2023Q1": 0.19692193, "2023Q2": 0.18725705, "2015Q3": 0.47961967000000005, "2015Q4": 0.46270613, "2015Q1": 0.5557306, "2015Q2": 0.8166823599999999, "2018Q1": 0.2899464, "2018Q2": 0.2537031, "2012Q3": 0.369291923714, "2012Q4": 0.391999196841, "2012Q1": 0.43879400877, "2012Q2": 0.400688286394, "2003Q4": 0.334494610573, "2003Q1": 0.21620457371, "2003Q2": 0.258806035829, "2011Q3": 0.5496472829060001, "2011Q4": 0.434175162618, "2011Q1": 0.690131387768, "2011Q2": 0.632787238508}