{"2006Q3": 0.19172793999999999, "2006Q4": 0.19596168000000003, "2006Q1": 0.17055924, "2006Q2": 0.19898578, "2010Q3": 0.34474740000000004, "2010Q4": 0.38224624, "2010Q1": 0.43909932, "2010Q2": 0.26733044, "2013Q3": 0.33990884, "2013Q4": 0.32236906, "2013Q1": 0.29273288, "2013Q2": 0.24737138, "2007Q3": 0.46934032, "2007Q4": 0.43365594, "2007Q1": 0.362892, "2007Q2": 0.3266028, "2014Q3": 0.58002238, "2014Q4": 0.40643904, "2014Q1": 0.37982696000000005, "2014Q2": 0.49595239999999996, "2009Q3": 0.38224624, "2009Q4": 0.43184148, "2009Q1": 0.24797619999999998, "2009Q2": 0.31813532, "2022Q3": 0.37135947999999996, "2022Q4": 0.39192336000000005, "2022Q1": 0.45603428, "2022Q2": 0.3749884, "2002Q4": 0.533586356788, "2016Q3": 1.0705314, "2016Q4": 1.18060864, "2016Q1": 0.95803488, "2016Q2": 0.91085892, "2004Q3": 0.32418352, "2004Q4": 0.27337864, "2004Q1": 0.5316367799999999, "2004Q2": 0.36712574000000003, "2019Q3": 0.41369688, "2019Q4": 0.41248724000000003, "2019Q1": 0.54917656, "2019Q2": 0.47538852000000004, "2017Q1": 1.12012664, "2017Q2": 1.0572253600000001, "2021Q3": 0.35442452, "2021Q4": 0.39797156, "2021Q1": 0.272169, "2021Q2": 0.35442452, "2008Q3": 0.18326046, "2008Q4": 0.1753978, "2008Q1": 0.4657114, "2008Q2": 0.23829908, "2020Q3": 0.36531128, "2020Q4": 0.31208712, "2020Q1": 0.3749884, "2020Q2": 0.34958596000000003, "2005Q3": 0.17902672, "2005Q4": 0.16693032, "2005Q1": 0.23527498000000002, "2005Q2": 0.19898578, "2023Q3": 0.83223232, "2023Q1": 0.45119572, "2023Q2": 0.41853544, "2015Q3": 0.59393324, "2015Q4": 0.97738912, "2015Q1": 0.9253746, "2015Q2": 1.25258222, "2018Q3": 0.44635716, "2018Q4": 0.41974508000000005, "2018Q2": 0.48869456, "2012Q3": 0.2570485, "2012Q4": 0.26370152, "2012Q1": 0.31934496, "2012Q2": 0.26612080000000005, "2003Q4": 0.39131854, "2003Q2": 0.60361036, "2011Q3": 0.31390158, "2011Q4": 0.24797619999999998, "2011Q1": 0.4082535, "2011Q2": 0.39071372}