{"2006Q3": 0.498427405669, "2006Q4": 0.46214073452000004, "2006Q1": 0.414071849785, "2006Q2": 0.508012429598, "2010Q3": 0.963166180744, "2010Q4": 0.920498755819, "2010Q1": 0.937286048324, "2010Q2": 0.7309431557330001, "2013Q3": 0.731628395725, "2013Q4": 0.7524659978160001, "2013Q1": 0.9989826554810001, "2013Q2": 0.6772193497100001, "2007Q3": 0.886753827299, "2007Q4": 1.202612374634, "2007Q1": 0.864032056852, "2007Q2": 0.628952455746, "2014Q3": 0.7867755969500001, "2014Q4": 0.780886543944, "2014Q1": 0.683007525531, "2014Q2": 0.6713504721410001, "2009Q3": 0.6372144784139999, "2009Q4": 0.902312471934, "2009Q1": 0.6545252449819999, "2009Q2": 0.6456080642609999, "2022Q3": 0.78285528, "2022Q4": 0.74298765, "2022Q1": 0.9942745300000001, "2022Q2": 0.8940014000000001, "2016Q3": 0.8884482015740001, "2016Q4": 1.014688810347, "2016Q1": 1.01644818094, "2016Q2": 0.894402975764, "2004Q3": 0.414680616414, "2004Q4": 0.370689586173, "2004Q1": 0.553286231037, "2004Q2": 0.405623778177, "2019Q3": 0.55331438, "2019Q4": 0.51707108, "2019Q1": 0.56056304, "2019Q2": 0.51344675, "2017Q1": 0.895593930602, "2017Q2": 0.757443773449, "2021Q3": 0.98823398, "2021Q4": 0.85654999, "2021Q1": 0.61009555, "2021Q2": 0.5726441400000001, "2008Q3": 0.528043739075, "2008Q4": 0.437502055936, "2008Q1": 1.204685853827, "2008Q2": 0.854960721295, "2020Q3": 0.41196551000000003, "2020Q4": 0.50378187, "2020Q1": 0.40471685, "2020Q2": 0.32498159, "2005Q3": 0.406057489667, "2005Q4": 0.37266460440099997, "2005Q1": 0.423090753368, "2005Q2": 0.406725332875, "2023Q3": 0.62942531, "2023Q1": 0.74661198, "2023Q2": 0.64875507, "2015Q3": 0.719640561817, "2015Q4": 1.339167464154, "2015Q1": 0.988180943971, "2015Q2": 1.084761002512, "2018Q3": 0.50619809, "2018Q4": 0.45304125, "2018Q2": 0.44700070000000003, "2012Q3": 1.205629387737, "2012Q4": 1.048075655063, "2012Q1": 1.0544988135, "2012Q2": 1.08460974714, "2003Q4": 0, "2011Q3": 1.24910600474, "2011Q4": 0.914200757578, "2011Q1": 1.112152601353, "2011Q2": 1.131436573984}