{"2006Q3": 0.48602186042, "2006Q4": 0.561213445712, "2006Q1": 0.33009236947200005, "2006Q2": 0.499093109296, "2010Q3": 1.022870858216, "2010Q4": 1.3884308402, "2010Q1": 1.150084100384, "2010Q2": 0.787494268456, "2013Q3": 0.658440075172, "2013Q4": 0.726124634624, "2013Q1": 0.66045497252, "2013Q2": 0.5438512408639999, "2007Q3": 1.0998956529280002, "2007Q4": 1.02527937242, "2007Q1": 0.8260192460679999, "2007Q2": 0.9175008113120001, "2014Q3": 0.894791029952, "2014Q4": 0.8756256147560001, "2014Q1": 0.70237565154, "2014Q2": 0.695349820492, "2009Q3": 1.068636377976, "2009Q4": 1.079611925552, "2009Q1": 0.5786812521320001, "2009Q2": 1.01376057552, "2022Q3": 0.953174183588, "2022Q4": 1.029287635524, "2022Q1": 0.8472027036759999, "2022Q2": 0.94497742102, "2002Q4": 0, "2016Q3": 1.2033193890720002, "2016Q4": 1.211212169108, "2016Q1": 0.9099184249, "2016Q2": 0.893079147424, "2004Q3": 0.27603573522400005, "2004Q4": 0.242613382024, "2004Q1": 0.36760681382800003, "2004Q2": 0.31653436146, "2019Q3": 0.64164023196, "2019Q4": 0.6290467908840001, "2019Q1": 0.64203396978, "2019Q2": 0.671666278932, "2017Q1": 1.1195363356799999, "2017Q2": 1.209997690548, "2021Q3": 1.081002890588, "2021Q4": 1.021474328836, "2021Q1": 0.922044703008, "2021Q2": 0.879986366956, "2008Q3": 0.371197267276, "2008Q4": 0.453622378804, "2008Q1": 0.80640590118, "2008Q2": 0.49136048559600004, "2020Q3": 0.8592808381120001, "2020Q4": 0.737635689828, "2020Q1": 0.75057436216, "2020Q2": 0.734832470092, "2005Q3": 0.2733060616, "2005Q4": 0.282572629784, "2005Q1": 0.205732184208, "2005Q2": 0.2260544991, "2023Q3": 1.25318704, "2023Q1": 1.351306020888, "2023Q2": 1.43705232, "2015Q3": 0.8443656140200001, "2015Q4": 1.24429679082, "2015Q1": 0.927133053668, "2015Q2": 1.223849278188, "2018Q3": 0.609932180568, "2018Q4": 0.506219098536, "2018Q2": 0.6525424753519999, "2012Q3": 0.6451503653120001, "2012Q4": 0.5921724880160001, "2012Q1": 0.695957664592, "2012Q2": 0.735800786912, "2003Q4": 0.310368705416, "2003Q2": 0, "2011Q3": 0.92619050218, "2011Q4": 0.759067002672, "2011Q1": 1.440737004404, "2011Q2": 1.109675108472}