{"2006Q3": 0.25451108396800004, "2006Q4": 0.284884902344, "2006Q1": 0.095606080259, "2006Q2": 0.148028389379, "2010Q3": 0.773381643813, "2010Q4": 0.816912504955, "2010Q1": 0.513522015253, "2010Q2": 0.439832500126, "2013Q3": 0.344971823737, "2013Q4": 0.32189668111499997, "2013Q1": 0.40553739831200003, "2013Q2": 0.302859766979, "2007Q3": 0.791633165638, "2007Q4": 0.940521004471, "2007Q1": 0.346679728844, "2007Q2": 0.44390213947199997, "2014Q3": 0.362280174085, "2014Q4": 0.370434433341, "2014Q1": 0.31785857344, "2014Q2": 0.317431989799, "2009Q3": 0.422504095152, "2009Q4": 0.554536504076, "2009Q1": 0.38261339025100005, "2009Q2": 0.3921645871, "2022Q3": 0.290798479983, "2022Q4": 0.33285617179099997, "2022Q1": 0.377744223707, "2022Q2": 0.337100745465, "2016Q3": 0.459333207691, "2016Q4": 0.527122796822, "2016Q1": 0.441587279901, "2016Q2": 0.45465806361300004, "2004Q3": 0.10385155182000001, "2004Q4": 0.098155675603, "2004Q1": 0, "2004Q2": 0.10570600067000001, "2019Q4": 0.293547534288, "2017Q3": 0.416104736482, "2017Q4": 0.364531245448, "2017Q1": 0.475696332775, "2017Q2": 0.398556213866, "2021Q3": 0.306020545172, "2021Q4": 0.340686899189, "2021Q1": 0.304502192524, "2021Q2": 0.317586265446, "2008Q3": 0.387669813845, "2008Q4": 0.29665177293300005, "2008Q1": 0.7034242220979999, "2008Q2": 0.469698549869, "2020Q3": 0.314017870939, "2020Q4": 0.33542811717000004, "2020Q1": 0.316037105993, "2020Q2": 0.2970984112, "2005Q3": 0.108228292728, "2005Q4": 0.09198066296, "2005Q1": 0.093784250379, "2005Q2": 0.106751136631, "2023Q3": 0.29477884, "2023Q1": 0.301613359892, "2023Q2": 0.290798479983, "2015Q3": 0.34358636318900004, "2015Q4": 0.61950551879, "2015Q1": 0.453723952961, "2015Q2": 0.546332591499, "2018Q3": 0.28856311405, "2018Q4": 0.282674061044, "2012Q3": 0.482890869447, "2012Q4": 0.416344183884, "2012Q1": 0.5268943432209999, "2012Q2": 0.40383106374800004, "2003Q4": 0, "2011Q3": 0.625828524908, "2011Q4": 0.522371662625, "2011Q1": 0.6817968785, "2011Q2": 0.672751396497}