{"2009Q2": 0.18862158448000002, "2009Q4": 0.214171963452, "2009Q1": 0.11910962188, "2009Q3": 0.179603839244, "2020Q2": 0.377266877904, "2020Q4": 0.553324657488, "2020Q1": 0.42277837326400003, "2020Q3": 0.43834813356, "2014Q2": 0.731284354044, "2014Q4": 1.292288532036, "2014Q1": 0.731284716936, "2014Q3": 2.040833965024, "2002Q4": 0, "2016Q2": 0.956940276764, "2016Q4": 0.9341845290840001, "2016Q1": 1.037184407372, "2016Q3": 0.940172851904, "2010Q2": 0.19914242838000001, "2010Q4": 0.29589548378, "2010Q1": 0.210414579684, "2010Q3": 0.27560546627599997, "2022Q2": 0.4657114, "2022Q4": 0.362892, "2022Q1": 0.5261933999999999, "2022Q3": 0.37982696000000005, "2021Q2": 0.46110388124, "2021Q4": 0.58909468, "2021Q1": 0.447929450072, "2021Q3": 0.60361036, "2007Q2": 0.155932152156, "2007Q4": 0.21642636952, "2007Q1": 0.112596799156, "2007Q3": 0.230704476224, "2017Q2": 0.947358839288, "2017Q4": 1.015626203292, "2017Q1": 0.947358839288, "2017Q3": 1.323428173592, "2023Q2": 0.44514752, "2023Q1": 0.41006796, "2015Q2": 1.492299844828, "2015Q4": 0.791661478256, "2015Q1": 1.8252527709720001, "2015Q3": 0.791661478256, "2003Q2": 0.119937378532, "2003Q4": 0.077702314076, "2012Q2": 0.450700614348, "2012Q4": 0.694650043752, "2012Q1": 0.469299676096, "2012Q3": 0.454176031032, "2004Q2": 0.081814485256, "2004Q4": 0.076597912756, "2004Q1": 0.103488814776, "2004Q3": 0.080945116988, "2005Q2": 0.046072889284, "2005Q4": 0.044283589796, "2005Q1": 0.06599070056, "2005Q3": 0.047772675412, "2018Q2": 1.0383820719360002, "2018Q4": 0.5449410055399999, "2018Q1": 1.0803005736040001, "2018Q3": 0.794056807384, "2008Q2": 0.091116979748, "2008Q4": 0.08435364058, "2008Q1": 0.16682871023999998, "2008Q3": 0.07909327911200001, "2013Q2": 0.639697913012, "2013Q4": 0.828507475548, "2013Q1": 1.020604839604, "2013Q3": 0.891209164948, "2019Q2": 0.591650165464, "2019Q4": 0.55691765118, "2019Q1": 0.7006383665720001, "2019Q3": 0.549731663796, "2006Q2": 0.06149616217599999, "2006Q4": 0.064502117576, "2006Q1": 0.044909820424, "2006Q3": 0.07001287452400001, "2011Q2": 0.454270141024, "2011Q4": 0.48564433177599997, "2011Q1": 0.30979787630000005, "2011Q3": 0.461596930504}