{"2009Q2": 0.460085256166, "2009Q4": 0.5350175540500001, "2009Q1": 0.309720623669, "2009Q3": 0.428613386611, "2020Q2": 1.686663996169, "2020Q4": 1.704847501401, "2020Q1": 1.480888552845, "2020Q3": 1.794822339328, "2014Q2": 0.925665479856, "2014Q4": 1.034067619613, "2014Q1": 0.840741991461, "2014Q3": 1.031070419514, "2002Q4": 0.490999582956, "2016Q2": 2.692073071984, "2016Q4": 2.847932309572, "2016Q1": 1.6804846343300002, "2016Q3": 3.506338487118, "2010Q2": 0.43810502363700005, "2010Q4": 0.591466735422, "2010Q1": 0.561493767944, "2010Q3": 0.5964621494610001, "2022Q2": 1.594706770543, "2022Q4": 1.874471340274, "2022Q1": 1.605353964784, "2022Q3": 1.717866940438, "2021Q2": 1.545020226518, "2021Q4": 1.5651313920660002, "2021Q1": 1.644085246518, "2021Q3": 1.528458004906, "2007Q2": 0.359675609736, "2007Q4": 0.42711484696700003, "2007Q1": 0.229792670124, "2007Q3": 0.42311841908700004, "2017Q2": 2.5042421697340003, "2017Q1": 2.790983695526, "2023Q2": 1.9595542991890003, "2023Q1": 2.003580243809, "2023Q3": 1.6067863, "2015Q2": 1.773400978485, "2015Q4": 1.758914169042, "2015Q1": 1.2388829779200001, "2015Q3": 1.385250940915, "2003Q2": 0.41251290464100004, "2003Q4": 0.27647923539700003, "2003Q1": 0.49539335821499997, "2012Q2": 0.49005810283300005, "2012Q4": 0.550503591274, "2012Q1": 0.440103116766, "2012Q3": 0.433109488787, "2004Q2": 0.276787545069, "2004Q4": 0.214621224744, "2004Q1": 0.382732630708, "2004Q3": 0.235713375612, "2005Q2": 0.148754705111, "2005Q4": 0.163186183116, "2005Q1": 0.15948586299700002, "2005Q3": 0.17243704381900002, "2018Q2": 1.912262712428, "2018Q4": 1.382697479619, "2018Q3": 1.545486073734, "2008Q2": 0.241781953764, "2008Q4": 0.187830660628, "2008Q1": 0.364171711912, "2008Q3": 0.178838697898, "2013Q2": 0.681885191341, "2013Q4": 0.84873472641, "2013Q1": 0.560994214459, "2013Q3": 0.900188372932, "2019Q2": 1.582723285831, "2019Q4": 1.4037005927800001, "2019Q1": 1.619846331533, "2019Q3": 1.38335722849, "2006Q2": 0.189329200272, "2006Q4": 0.19332562815200002, "2006Q1": 0.148754705111, "2006Q3": 0.196322949062, "2011Q2": 0.5769798051680001, "2011Q4": 0.380656735295, "2011Q1": 0.640922168004, "2011Q3": 0.532020353951}