{"2006Q3": 1.03655838, "2006Q4": 0.96407178, "2006Q1": 0.743041048462, "2006Q2": 1.0423957258980001, "2010Q3": 1.69256211, "2010Q4": 1.64907015, "2010Q1": 2.5551526499999997, "2010Q2": 1.44248334, "2013Q3": 1.6792729, "2013Q4": 1.71914053, "2013Q1": 1.52463482, "2013Q2": 1.4654374300000002, "2007Q3": 1.70222699, "2007Q4": 1.7638406, "2007Q1": 1.5222186, "2007Q2": 1.57658355, "2014Q3": 2.773820439189, "2014Q4": 2.3074901000000003, "2014Q1": 1.67081613, "2014Q2": 2.5708582008109997, "2009Q3": 1.41952925, "2009Q4": 1.8919002600000001, "2009Q1": 1.36274808, "2009Q2": 1.50288884, "2022Q3": 2.271246679189, "2022Q1": 2.584147169189, "2022Q2": 2.3159468700000003, "2016Q3": 6.752126669189001, "2016Q4": 7.107311371622, "2016Q1": 5.200913429189, "2016Q2": 5.936652419189, "2004Q4": 1.25622056453, "2019Q3": 3.0106101200000004, "2019Q4": 4.24771476, "2019Q1": 3.40445398, "2019Q2": 3.386332450811, "2017Q3": 4.56303147, "2017Q1": 5.463073540811, "2017Q2": 5.036610469189, "2021Q3": 2.278495580811, "2021Q4": 2.75086647, "2021Q1": 2.257957710811, "2021Q2": 2.1625169, "2008Q3": 0.6886227, "2008Q4": 0.7780228400000001, "2008Q1": 1.40019949, "2008Q2": 1.61645118, "2020Q3": 2.833018070811, "2020Q4": 2.4645444, "2020Q1": 2.8293936200000003, "2020Q2": 2.755698789189, "2005Q3": 0.7633544516240001, "2005Q4": 0.706690830727, "2005Q1": 0.8232253629490001, "2005Q2": 0.754801395257, "2023Q3": 2.7991908700000003, "2023Q1": 2.976782919189, "2023Q2": 2.72912049, "2015Q3": 5.360383949189, "2015Q4": 5.560930209188999, "2015Q1": 3.85628712, "2015Q2": 5.946317540811, "2018Q3": 2.72791238, "2018Q4": 2.6566338899999997, "2012Q3": 1.1597856, "2012Q4": 1.3953670500000002, "2012Q1": 1.84599208, "2012Q2": 1.84599208, "2011Q3": 1.84599208, "2011Q4": 1.84599208, "2011Q1": 1.7976676800000002, "2011Q2": 1.84599208}