{"2006Q3": 0.119594566556, "2006Q4": 0.15736122085200002, "2006Q1": 0.094087371732, "2006Q2": 0.125518778456, "2010Q3": 0.434865821928, "2010Q4": 0.503080082736, "2010Q1": 0.450092286392, "2010Q2": 0.359342795276, "2013Q3": 0.428958424024, "2013Q4": 0.44129566334799997, "2013Q1": 0.412601671944, "2013Q2": 0.34556572146000003, "2007Q3": 0.6467307599719999, "2007Q4": 0.7274320135360001, "2007Q1": 0.256961647848, "2007Q2": 0.335507806788, "2014Q3": 0.615519144836, "2014Q4": 0.59619345234, "2014Q1": 0.45648003234, "2014Q2": 0.42226342951600004, "2009Q3": 0.359342795276, "2009Q4": 0.525006017376, "2009Q1": 0.35292384061599996, "2009Q2": 0.34472562648, "2022Q3": 0.7211596672439999, "2022Q4": 0.777628928472, "2022Q1": 0.911478134716, "2022Q2": 0.963506928468, "2002Q4": 0, "2016Q3": 0.87008377006, "2016Q4": 0.928419021952, "2016Q1": 0.6923026163680001, "2016Q2": 0.666405070716, "2004Q3": 0.09890500496, "2004Q4": 0.090065318732, "2004Q1": 0.118613911408, "2004Q2": 0.098571507212, "2019Q3": 0.552824713276, "2019Q4": 0.67710324784, "2019Q2": 0.6063930158559999, "2017Q1": 0.944238814836, "2017Q2": 1.00932180154, "2021Q3": 1.2629188357280001, "2021Q4": 0.9863009007719999, "2021Q1": 1.198399057408, "2021Q2": 1.146149746284, "2008Q3": 0.291677590064, "2008Q4": 0.199505078452, "2008Q1": 0.695674608832, "2008Q2": 0.539694433968, "2020Q3": 0.7314330188000001, "2020Q4": 1.134218946, "2020Q1": 0.537825661132, "2020Q2": 0.499256410696, "2005Q3": 0.087510680016, "2005Q4": 0.0888450339, "2005Q1": 0.087396731928, "2005Q2": 0.089398202272, "2023Q3": 0.71610688, "2023Q1": 0.775276057708, "2023Q2": 0.6592538, "2015Q3": 0.644456515808, "2015Q4": 0.756748122792, "2015Q1": 0.9595139068280001, "2015Q2": 1.091894005292, "2018Q1": 0.862985239648, "2018Q2": 0.886872605548, "2012Q3": 0.36444904860800004, "2012Q4": 0.35878406256, "2012Q1": 0.426357939952, "2012Q2": 0.40232904617200005, "2003Q4": 0.100403506992, "2003Q2": 0.126488667808, "2011Q3": 0.483041186496, "2011Q4": 0.427590079256, "2011Q1": 0.6188006562280001, "2011Q2": 0.7147039395279999}