{"2006Q3": 0.30524771124, "2006Q4": 0.326718401814, "2006Q1": 0.20879786319, "2006Q2": 0.251699931363, "2010Q3": 1.184554249137, "2010Q4": 1.221800571282, "2010Q1": 1.247461299213, "2010Q2": 0.931148860437, "2013Q3": 0.932002254402, "2013Q4": 0.888932289585, "2013Q1": 0.952979657862, "2013Q2": 0.7237137664050001, "2007Q3": 1.106776612656, "2007Q4": 1.368446556405, "2007Q1": 0.53056186245, "2007Q2": 0.719905609239, "2014Q3": 1.221117251295, "2014Q4": 1.007565058353, "2014Q1": 0.789377442288, "2014Q2": 0.814089699336, "2009Q3": 1.122109398684, "2009Q4": 1.252587106338, "2009Q1": 0.8161171601789999, "2009Q2": 0.806166743799, "2022Q3": 1.077609893133, "2022Q4": 1.1256861536309999, "2022Q1": 1.3833923817959999, "2022Q2": 1.130376493956, "2016Q3": 1.153957746954, "2016Q4": 1.1488581888, "2016Q1": 1.037569688577, "2016Q2": 1.21952356377, "2004Q4": 0.150633288492, "2019Q3": 0.842230894545, "2019Q4": 0.827140518369, "2019Q1": 0.919910671959, "2019Q2": 0.8790135655110001, "2017Q1": 1.196939529744, "2017Q2": 1.068843946449, "2021Q3": 0.937386680421, "2021Q4": 1.388926076157, "2021Q1": 0.87980381679, "2021Q2": 0.9849752181029999, "2008Q3": 0.6410439023519999, "2008Q4": 0.7408127331959999, "2008Q1": 0.9956607266340001, "2008Q2": 0.693030775677, "2020Q3": 0.892727382747, "2020Q4": 0.858927054546, "2020Q1": 0.8167658847479999, "2020Q2": 0.919568830521, "2005Q3": 0.132330739851, "2005Q4": 0.15965507192099998, "2005Q1": 0.13428719541300002, "2005Q2": 0.113926340364, "2023Q3": 1.37172042, "2023Q1": 1.366066972269, "2023Q2": 1.36446264, "2015Q3": 1.0216848274169998, "2015Q4": 1.514115523377, "2015Q1": 1.495581935406, "2015Q2": 1.5300001426110001, "2018Q3": 0.775185216387, "2018Q4": 0.7019180482499999, "2018Q2": 0.9488557872660001, "2012Q3": 0.83005899267, "2012Q4": 0.8286778371360001, "2012Q1": 0.671882088609, "2012Q2": 0.821772180429, "2011Q3": 0.815081112084, "2011Q4": 0.715995601227, "2011Q1": 1.002315264153, "2011Q2": 0.827975888847}