{"2006Q3": 0.09001023555, "2006Q4": 0.11533705359, "2006Q1": 0.05650813714, "2006Q2": 0.08098927818, "2010Q3": 0.67895782, "2010Q4": 0.73090655, "2010Q1": 0.86621487, "2010Q2": 0.6076793300000001, "2013Q3": 0.43612771, "2013Q4": 0.5400251699999999, "2013Q1": 0.37209788, "2013Q2": 0.33706269, "2007Q3": 0.46753857000000004, "2007Q4": 0.51827919, "2007Q1": 0.19933815, "2007Q2": 0.25974365, "2014Q3": 0.54606572, "2014Q4": 0.5074062, "2014Q1": 0.52794407, "2014Q2": 0.49170077000000006, "2009Q3": 0.5158629699999999, "2009Q4": 0.7611093, "2009Q1": 0.29357073, "2009Q2": 0.39505197000000003, "2022Q3": 1.80129201, "2022Q4": 1.49926451, "2022Q1": 1.35066698, "2022Q2": 1.95230576, "2002Q4": 0, "2016Q3": 0.62942531, "2016Q4": 0.7852715, "2016Q1": 0.64513074, "2016Q2": 0.59801445, "2004Q3": 0.1131515826, "2004Q4": 0.09646999972, "2004Q1": 0.14376508999999998, "2004Q2": 0.12322722, "2019Q3": 0.36364111, "2019Q4": 0.36847355, "2019Q2": 0.4107574, "2017Q1": 0.87225542, "2017Q2": 0.55452249, "2021Q3": 1.3144236800000002, "2021Q4": 1.16582615, "2021Q1": 0.55935493, "2021Q2": 0.79493638, "2008Q3": 0.18967327, "2008Q4": 0.13651643, "2008Q1": 0.36968166, "2008Q2": 0.24283011, "2020Q3": 0.49653321000000006, "2020Q4": 0.44941692000000005, "2020Q1": 0.32860592000000005, "2020Q2": 0.33706269, "2005Q3": 0.06824492579000001, "2005Q4": 0.06656927722, "2005Q1": 0.07978841684, "2005Q2": 0.06740770556, "2023Q3": 1.2769722700000001, "2023Q1": 1.81699744, "2023Q2": 1.65752692, "2015Q3": 0.84205267, "2015Q4": 0.9302447, "2015Q1": 0.5484819400000001, "2015Q2": 1.2226073199999998, "2018Q1": 0.42042228, "2018Q2": 0.32981403, "2012Q3": 0.27424097000000003, "2012Q4": 0.31773292999999997, "2012Q1": 0.33706269, "2012Q2": 0.32860592000000005, "2003Q4": 0.13651643, "2003Q1": 0, "2003Q2": 0.13410021000000003, "2011Q3": 0.44579259, "2011Q4": 0.33223025, "2011Q1": 0.65479562, "2011Q2": 0.65117129}