{"2006Q3": 0.350741515475, "2006Q4": 0.362433, "2006Q1": 0.224474569904, "2006Q2": 0.28838745485600004, "2010Q3": 0.88071219, "2010Q4": 0.82513913, "2010Q1": 0.96890422, "2010Q2": 0.6680848300000001, "2013Q3": 0.83117968, "2013Q4": 0.77439851, "2013Q1": 0.76835796, "2013Q2": 0.72124167, "2007Q3": 1.18757213, "2007Q4": 1.16340993, "2007Q1": 0.71157679, "2007Q2": 0.67895782, "2014Q3": 1.0752179, "2014Q4": 1.43644279, "2014Q1": 0.77923095, "2014Q2": 0.72365789, "2009Q3": 0.58472524, "2009Q4": 0.87950408, "2009Q1": 0.5122386400000001, "2009Q2": 0.78164717, "2022Q3": 0.68258215, "2022Q4": 0.7635255200000001, "2022Q1": 0.78647961, "2022Q2": 0.8130580300000001, "2002Q4": 0.6317477806640001, "2016Q3": 1.8786110500000002, "2016Q4": 1.73242974, "2016Q1": 1.40382382, "2016Q2": 1.64544582, "2004Q3": 0.370707828634, "2004Q4": 0.29502154929900004, "2004Q1": 0.597766304206, "2004Q2": 0.42708609394900005, "2019Q3": 1.0945476600000001, "2019Q4": 0.80339315, "2019Q1": 1.31563179, "2019Q2": 1.13199907, "2017Q3": 1.76988115, "2017Q4": 1.76988115, "2017Q1": 1.86532184, "2017Q2": 1.76988115, "2021Q3": 0.94111769, "2021Q4": 0.966488, "2021Q1": 0.56901981, "2021Q2": 0.86138243, "2008Q3": 0.3261897, "2008Q4": 0.28390585, "2008Q1": 0.73453088, "2008Q2": 0.42525472000000003, "2020Q3": 0.65117129, "2020Q4": 0.59559823, "2020Q1": 0.79976882, "2020Q2": 0.63063342, "2005Q3": 0.240063054856, "2005Q4": 0.20343001857, "2005Q1": 0.25640612531400003, "2005Q2": 0.213156995424, "2023Q3": 0.86863109, "2023Q1": 0.78285528, "2023Q2": 0.8940014000000001, "2015Q3": 1.3132155699999999, "2015Q4": 2.0139193700000004, "2015Q1": 1.60799441, "2015Q2": 2.007878940811, "2018Q4": 0.9954826400000001, "2012Q3": 0.5750603599999999, "2012Q4": 0.58351713, "2012Q1": 0.51827919, "2012Q2": 0.5750603599999999, "2003Q4": 0.5058616313650001, "2003Q1": 0.709750973357, "2003Q2": 0.695077027675, "2011Q3": 1.0860908900000001, "2011Q4": 0.52915218, "2011Q1": 0.97615288, "2011Q2": 1.09575577}