{"2006Q3": 0.09986201625199999, "2006Q4": 0.11702962868399999, "2006Q1": 0.08049468870099999, "2006Q2": 0.092124533121, "2010Q3": 0.585024426812, "2010Q4": 0.7535699410279999, "2010Q1": 0.6127129044209999, "2010Q2": 0.422829658201, "2013Q3": 0.48095072994, "2013Q4": 0.489011277729, "2013Q1": 0.397657557068, "2013Q2": 0.37795375417199994, "2007Q3": 0.30563088571700003, "2007Q4": 0.329810596012, "2007Q1": 0.176269707477, "2007Q2": 0.26597632997699994, "2014Q3": 0.727834832675, "2014Q4": 0.694874626088, "2014Q1": 0.520358094098, "2014Q2": 0.591027219457, "2009Q3": 0.5176867094109999, "2009Q4": 0.5989303426949999, "2009Q1": 0.334888292888, "2009Q2": 0.450950781487, "2022Q3": 2.6971980847689996, "2022Q4": 1.9385735229119998, "2022Q1": 2.031386954567, "2022Q2": 2.760296575274, "2002Q4": 0.186650424934, "2016Q3": 1.244269273881, "2016Q4": 1.197637536391, "2016Q1": 0.8422687081139999, "2016Q2": 1.1146105233699999, "2004Q3": 0.107202615538, "2004Q4": 0.109057398122, "2004Q1": 0.137249078536, "2004Q2": 0.108315581742, "2019Q3": 1.014110955809, "2019Q4": 0.9742037717219999, "2019Q2": 1.064412872125, "2017Q1": 1.340944620941, "2017Q2": 1.370516152312, "2021Q3": 1.087389486734, "2021Q4": 2.026606950779, "2021Q1": 1.354530492591, "2021Q2": 1.194933531114, "2008Q3": 0.174818936941, "2008Q4": 0.22462900724999998, "2008Q1": 0.25316114997, "2008Q2": 0.22559626815199998, "2020Q3": 1.239779834978, "2020Q4": 1.282367827478, "2020Q1": 1.127963580661, "2020Q2": 1.343931700449, "2005Q3": 0.083647770767, "2005Q4": 0.07919651003599999, "2005Q1": 0.086429823826, "2005Q2": 0.07363228310099999, "2023Q3": 1.7941324499999998, "2023Q1": 2.051407177186, "2023Q2": 1.909765071713, "2015Q3": 0.7367019547559999, "2015Q4": 1.0375445003119999, "2015Q1": 0.821297534888, "2015Q2": 1.029842416562, "2018Q1": 1.4089480400119998, "2018Q2": 1.010817121938, "2012Q3": 0.371236570606, "2012Q4": 0.353324121369, "2012Q1": 0.432810108937, "2012Q2": 0.3819840884749999, "2003Q4": 0.10608977015099999, "2011Q3": 0.438965010185, "2011Q4": 0.393419055074, "2011Q1": 0.639984925831, "2011Q2": 0.579887408789}