{"2006Q3": 0.451116247526, "2006Q4": 0.48302194938200005, "2006Q1": 0.161936514132, "2006Q2": 0.309024752309, "2010Q3": 2.342623871776, "2010Q4": 2.545883426025, "2010Q1": 2.558659068464, "2010Q2": 2.234834122978, "2013Q3": 1.977346860025, "2013Q4": 1.991063620154, "2013Q1": 1.872304474178, "2013Q2": 1.513081784881, "2007Q3": 1.318513373972, "2007Q4": 1.655885823376, "2007Q1": 0.735769071939, "2007Q2": 1.07868396759, "2014Q3": 2.8786961058559997, "2014Q4": 3.310233360289, "2014Q1": 2.151446142393, "2014Q2": 2.424727389809, "2009Q3": 1.8331606228789998, "2009Q4": 2.6158820442910002, "2009Q1": 1.3650292333020002, "2009Q2": 1.813746657612, "2022Q3": 2.947924795619, "2022Q4": 3.301770428928, "2022Q1": 3.384226111026, "2022Q2": 3.169226143797, "2002Q4": 0.22244579078100002, "2016Q3": 3.331555172868, "2016Q4": 3.232746876243, "2016Q1": 2.9331003194310004, "2016Q2": 2.943840175709, "2004Q3": 0.147691689122, "2004Q4": 0.130474913512, "2004Q1": 0.189197395471, "2004Q2": 0.152877622108, "2019Q3": 3.0441538982050003, "2019Q4": 3.048622576284, "2019Q2": 2.566026244055, "2017Q1": 3.6022038277829997, "2017Q2": 3.914553540434, "2021Q3": 3.3830721243540003, "2021Q4": 3.638071888817, "2021Q1": 3.842358215755, "2021Q2": 3.814609982842, "2008Q3": 1.280537040177, "2008Q4": 1.4454738954939998, "2008Q1": 1.618492523467, "2008Q2": 1.371100469296, "2020Q3": 4.946824338044, "2020Q4": 5.597243942002, "2020Q1": 3.159217556502, "2020Q2": 4.616505680497, "2005Q3": 0.138501233919, "2005Q4": 0.132378411628, "2005Q1": 0.11056127394899999, "2005Q2": 0.119710653412, "2023Q3": 4.00488465, "2023Q1": 4.40827741144, "2023Q2": 4.693507108378, "2015Q3": 3.138556338471, "2015Q4": 4.057758067394, "2015Q1": 3.7909065022090003, "2015Q2": 5.392153617859001, "2018Q1": 3.3053348366720003, "2018Q2": 2.957706258234, "2012Q3": 1.473698365369, "2012Q4": 1.51636893138, "2012Q1": 1.165829895141, "2012Q2": 1.457046381184, "2003Q4": 0.167902402934, "2003Q1": 0.24337001435900002, "2003Q2": 0.223392224155, "2011Q3": 1.652888019222, "2011Q4": 1.24251576469, "2011Q1": 2.190692078987, "2011Q2": 1.573093441021}