{"2009Q2": 0.31761755549500004, "2009Q4": 1.358124280597, "2009Q1": 0.25883756750000003, "2009Q3": 0.722373548259, "2020Q2": 0.37934654, "2020Q4": 0.6113036599999999, "2020Q1": 0.362433, "2020Q3": 0.52552785, "2014Q2": 0.534603534753, "2014Q4": 0.781236170978, "2014Q1": 0.569236424123, "2014Q3": 0.862514308259, "2002Q4": 0, "2016Q2": 0.895109357681, "2016Q4": 0.862602137856, "2016Q1": 0.81832901393, "2016Q3": 0.891626497362, "2010Q2": 0.927587462055, "2010Q4": 2.07173226594, "2010Q1": 1.451965916201, "2010Q3": 1.804644756872, "2022Q2": 0.59559823, "2022Q4": 0.67412538, "2022Q1": 0.50257376, "2022Q3": 0.7574849699999999, "2021Q2": 0.53760895, "2021Q4": 0.5714360300000001, "2021Q1": 0.4590818, "2021Q3": 0.604055, "2007Q2": 0.343307168968, "2007Q4": 0.454166725276, "2007Q1": 0.324421268582, "2007Q3": 0.490949688013, "2017Q2": 0.57816399459, "2017Q1": 0.821968203683, "2023Q2": 0.92299604, "2023Q1": 0.845677, "2023Q3": 0.68258215, "2015Q2": 1.024341730058, "2015Q4": 0.857242478652, "2015Q1": 1.043927488567, "2015Q3": 0.575691476664, "2003Q2": 0.263672182098, "2003Q4": 0.17056688953899998, "2003Q1": 0.323243240521, "2012Q2": 0.73217023306, "2012Q4": 0.41094344893999996, "2012Q1": 0.790950100244, "2012Q3": 0.47333254474900005, "2004Q2": 0.171867419954, "2004Q4": 0.15959108937799998, "2004Q1": 0.237178813042, "2004Q3": 0.16609023793400002, "2005Q2": 0.126079446899, "2005Q4": 0.13122019657099998, "2005Q1": 0.13792714004700002, "2005Q3": 0.12232705723899999, "2018Q2": 0.391864734198, "2018Q4": 0.340177076769, "2018Q3": 0.373834175692, "2008Q2": 0.264509402328, "2008Q4": 0.18716740823800002, "2008Q1": 0.47715609208800003, "2008Q3": 0.207791899725, "2013Q2": 0.48880082275599995, "2013Q4": 0.5609867241769999, "2013Q1": 0.490347807611, "2013Q3": 0.7012335562349999, "2019Q2": 0.4711629, "2019Q4": 0.37572221, "2019Q1": 0.472401333561, "2019Q3": 0.38417898, "2006Q2": 0.188569903137, "2006Q4": 0.16525217202700002, "2006Q1": 0.139025070415, "2006Q3": 0.181473102564, "2011Q2": 1.888174207138, "2011Q4": 1.046178318308, "2011Q1": 2.781731022658, "2011Q3": 1.402466991659}