{"2006Q3": 0.376364486464, "2006Q4": 0.31801326732400004, "2006Q1": 0.27489843169600003, "2006Q2": 0.340186694308, "2010Q3": 0.9654740450360001, "2010Q4": 0.916113112304, "2010Q1": 1.0118076117400001, "2010Q2": 0.843173029944, "2013Q3": 1.154441949448, "2013Q4": 1.2070779824800002, "2013Q1": 0.912587374596, "2013Q2": 0.873519994408, "2007Q3": 1.13726240024, "2007Q4": 1.1238416863679999, "2007Q1": 0.548500129312, "2007Q2": 0.9015241281199999, "2014Q3": 1.522364116424, "2014Q4": 1.7804523020040002, "2014Q1": 1.126054117928, "2014Q2": 1.041868012488, "2009Q3": 0.6546990215440001, "2009Q4": 1.0386491604480002, "2009Q1": 0.699629405848, "2009Q2": 0.7072149373240001, "2022Q3": 0.61933568, "2022Q4": 0.6519959599999999, "2022Q1": 0.76449248, "2022Q2": 0.6882851600000001, "2002Q4": 0.424880122764, "2016Q3": 1.5505545346960001, "2016Q4": 1.479527497996, "2016Q1": 1.698206701052, "2016Q2": 1.539261335656, "2004Q3": 0.29119845166, "2004Q4": 0.359482508696, "2004Q1": 0.46445748717600005, "2004Q2": 0.449353075388, "2019Q3": 0.57699828, "2019Q4": 0.61328748, "2019Q1": 0.60965856, "2019Q2": 0.6169163999999999, "2017Q1": 1.40850058226, "2017Q2": 1.2411660005720002, "2021Q3": 0.80199132, "2021Q4": 0.7487671600000001, "2021Q1": 0.8951336000000001, "2021Q2": 0.75723464, "2008Q3": 0.52224211094, "2008Q4": 0.5094048064400001, "2008Q1": 0.9913848967280001, "2008Q2": 0.626690533128, "2020Q3": 0.60602964, "2020Q4": 0.54796692, "2020Q1": 0.7342514800000001, "2020Q2": 0.5963525199999999, "2005Q3": 0.256395536328, "2005Q4": 0.280184800424, "2005Q1": 0.348028306572, "2005Q2": 0.283709207528, "2023Q3": 0.59151396, "2023Q1": 0.6326417200000001, "2023Q2": 0.58304648, "2015Q3": 1.603795629656, "2015Q4": 2.1308251328240004, "2015Q1": 2.519036833448, "2015Q2": 2.4797881282240004, "2018Q3": 0.64231884, "2018Q4": 0.53466088, "2018Q2": 0.71126832, "2012Q3": 0.624649265628, "2012Q4": 0.707504888032, "2012Q1": 0.678711222292, "2012Q2": 0.7274842699840001, "2003Q4": 0.489316556888, "2003Q2": 0.39869081194399997, "2011Q3": 0.6651956726439999, "2011Q4": 0.725721461612, "2011Q1": 0.9355048511440001, "2011Q2": 0.7674430338880001}