{"2006Q3": 0.190334347792, "2006Q4": 0.18579656582100001, "2006Q1": 0.162012987495, "2006Q2": 0.20057561707299998, "2010Q3": 0.991846108089, "2010Q4": 0.8809780950110001, "2010Q1": 0.5474944308859999, "2010Q2": 0.433031686503, "2013Q3": 0.723840918665, "2013Q4": 0.702223964813, "2013Q1": 0.714974236942, "2013Q2": 0.584313153679, "2007Q3": 0.41175022479800005, "2007Q4": 0.39299975354300004, "2007Q1": 0.29117383976, "2007Q2": 0.277812626404, "2014Q3": 1.107840252708, "2014Q4": 1.000353135465, "2014Q1": 0.729081216601, "2014Q2": 0.7768068772850001, "2009Q3": 0.392867344687, "2009Q4": 0.533749884227, "2009Q1": 0.333707647719, "2009Q2": 0.413143900494, "2022Q3": 1.042710559364, "2022Q4": 1.1177000008509999, "2022Q1": 1.1269758694310001, "2022Q2": 1.249192142983, "2002Q4": 0, "2016Q3": 1.3682742167620001, "2016Q4": 1.508211531038, "2016Q1": 1.327003850241, "2016Q2": 1.2740560132710002, "2004Q3": 0.18604386593799999, "2004Q4": 0.180333613212, "2004Q1": 0.276278447515, "2004Q2": 0.219224969521, "2019Q3": 0.787267418531, "2019Q4": 0.897922804249, "2019Q1": 0.87008323822, "2019Q2": 0.837984601197, "2017Q1": 1.343223935101, "2017Q2": 1.153945837882, "2021Q3": 0.980081170476, "2021Q4": 1.135201890421, "2021Q1": 0.984561567222, "2021Q2": 1.0670427404410001, "2008Q3": 0.213603392069, "2008Q4": 0.231846940368, "2008Q1": 0.328893329369, "2008Q2": 0.29151911759800003, "2020Q3": 1.19122666275, "2020Q4": 1.197031752111, "2020Q1": 1.2702324659320001, "2020Q2": 1.318940924101, "2005Q3": 0.165453805586, "2005Q4": 0.148389010214, "2005Q1": 0.150861286518, "2005Q2": 0.155098007477, "2023Q3": 1.17790725, "2023Q1": 1.290294823836, "2023Q2": 1.16703426, "2015Q3": 1.066235843772, "2015Q4": 1.724774067741, "2015Q1": 1.4388732656980001, "2015Q2": 1.870380679814, "2018Q3": 0.765171449064, "2018Q4": 0.678505261994, "2018Q2": 0.799381862367, "2012Q3": 0.6784759049210001, "2012Q4": 0.561160208773, "2012Q1": 0.5446713194380001, "2012Q2": 0.6700030670580001, "2003Q4": 0.226012735556, "2003Q1": 0.334983049446, "2003Q2": 0.297008527816, "2011Q3": 0.670863483, "2011Q4": 0.5706079914059999, "2011Q1": 0.889926928214, "2011Q2": 0.7776031425859999}