{"2011Q4": 0.982520102944, "2011Q1": 1.167338824531, "2011Q3": 1.4547022853509999, "2011Q2": 1.706294213126, "2004Q4": 0.462276163651, "2004Q1": 0.6907330265480001, "2004Q3": 0.5090539412289999, "2004Q2": 0.531984352273, "2003Q4": 0.550328656946, "2003Q1": 0.8541444013680001, "2003Q2": 0.7161328144319999, "2017Q4": 1.20931811, "2017Q1": 1.79525146, "2017Q3": 1.4014076, "2017Q2": 1.3941589399999998, "2013Q4": 0.900245999779, "2013Q1": 1.278230154132, "2013Q3": 1.0099450456210002, "2013Q2": 0.871629014965, "2006Q4": 0.36229962465599996, "2006Q1": 0.361382548355, "2006Q3": 0.35954803332, "2006Q2": 0.360465230432, "2019Q4": 0.45545747000000003, "2019Q1": 0.62459287, "2019Q3": 0.46270613, "2019Q2": 0.64754696, "2018Q4": 0.47599534, "2018Q1": 1.01843673, "2018Q3": 0.52552785, "2018Q2": 0.58110091, "2022Q4": 1.38570217, "2009Q4": 1.055255331982, "2009Q1": 0.7857776980900001, "2009Q3": 0.8012785950669999, "2009Q2": 1.0099450456210002, "2023Q1": 0.96890422, "2002Q4": 0.815795124016, "2008Q4": 0.49602954894100004, "2008Q1": 0.732854264942, "2008Q3": 0.385138340151, "2008Q2": 0.52189506323, "2007Q4": 0.9483998146470001, "2007Q1": 0.610864753637, "2007Q3": 0.840168380833, "2007Q2": 0.548494262722, "2005Q4": 0.348541426354, "2005Q1": 0.414580947339, "2005Q3": 0.364134139691, "2005Q2": 0.360465230432, "2021Q1": 1.8109568900000002, "2021Q3": 2.2555413700000004, "2021Q2": 1.9957977199999999, "2010Q4": 1.0898343396460002, "2010Q1": 1.180455033179, "2010Q3": 1.277037749562, "2010Q2": 0.7893547909890001, "2020Q4": 1.62974039, "2020Q1": 0.40350874, "2020Q3": 1.2069018900000001, "2020Q2": 1.43281846, "2016Q4": 2.0779493208110003, "2016Q1": 2.046538460811, "2016Q3": 2.1298978091890004, "2016Q2": 2.02116803, "2015Q4": 2.35339828, "2015Q1": 1.531289693935, "2015Q3": 1.7602162700000001, "2015Q2": 2.1431871399999998, "2014Q4": 1.1135558211179999, "2014Q1": 0.8978613114499999, "2014Q3": 1.138836489356, "2014Q2": 0.877602273238, "2012Q4": 1.321155752164, "2012Q1": 0.912169803857, "2012Q3": 0.983712507514, "2012Q2": 1.0481010253729999}