{"2006Q3": 0.28116815192899997, "2006Q4": 0.318485703341, "2006Q1": 0.189697915444, "2006Q2": 0.254145147449, "2010Q3": 0.350421849569, "2010Q4": 0.34553552786299996, "2010Q1": 0.438568213011, "2010Q2": 0.307840683698, "2013Q3": 0.2437845169, "2013Q4": 0.263318568301, "2013Q1": 0.24639995423900002, "2013Q2": 0.22425058631, "2007Q3": 0.968156279099, "2007Q4": 0.817655371794, "2007Q1": 0.5108639316310001, "2007Q2": 0.574639092043, "2014Q3": 0.441145232452, "2014Q4": 0.675987681565, "2014Q1": 0.281289808606, "2014Q2": 0.298445695472, "2009Q3": 0.368997507307, "2009Q4": 0.405147057971, "2009Q1": 0.358732438259, "2009Q2": 0.40105458534599997, "2022Q3": 0.9156632955439999, "2022Q4": 1.032996992531, "2022Q1": 1.033397360185, "2022Q2": 1.025870110019, "2002Q4": 0.360448437703, "2016Q3": 0.760740343206, "2016Q4": 0.752769837481, "2016Q1": 0.754779890899, "2016Q2": 0.689891457122, "2004Q3": 0.23141359131099998, "2004Q4": 0.211049205907, "2004Q1": 0.35909185098400004, "2004Q2": 0.274919323765, "2019Q1": 0.992782997394, "2019Q2": 0.913855600551, "2017Q3": 0.875468146923, "2017Q4": 0.815529219005, "2017Q1": 0.7651685496, "2017Q2": 0.820978278349, "2021Q3": 1.221581151366, "2021Q4": 1.0731847716810001, "2021Q1": 1.085326518803, "2021Q2": 0.937692577339, "2008Q3": 0.415620888427, "2008Q4": 0.295151058691, "2008Q1": 0.516653919617, "2008Q2": 0.34668540696100003, "2020Q3": 0.888367620637, "2020Q4": 0.910935840303, "2020Q2": 0.889524990017, "2005Q3": 0.19665650823300002, "2005Q4": 0.182474625754, "2005Q1": 0.236967514603, "2005Q2": 0.20232930954900002, "2023Q3": 1.2069018900000001, "2023Q1": 1.000787813443, "2023Q2": 1.08488278, "2015Q3": 0.49128699232500006, "2015Q4": 0.8329779517350001, "2015Q1": 0.755899446436, "2015Q2": 0.726730717785, "2018Q3": 0.791403262305, "2018Q4": 0.845041775762, "2018Q1": 0.761947849151, "2018Q2": 0.738705866538, "2012Q3": 0.245648751441, "2012Q4": 0.255414508626, "2012Q1": 0.281314816483, "2012Q2": 0.278702278608, "2003Q4": 0.346942130336, "2003Q1": 0.405726346716, "2003Q2": 0.36719174529, "2011Q3": 0.272658949955, "2011Q4": 0.27915072904, "2011Q1": 0.37555174567899996, "2011Q2": 0.32603663246299996}