{"2006Q3": 0.24645444, "2006Q4": 0.29357073, "2006Q1": 0.18846516000000002, "2006Q2": 0.22591657, "2010Q3": 1.38570217, "2010Q4": 1.4859753, "2010Q1": 1.36395619, "2010Q2": 1.0836746700000002, "2013Q3": 2.34252529, "2013Q4": 2.4440065300000002, "2013Q1": 2.3086982099999998, "2013Q2": 2.13352226, "2007Q3": 0.77439851, "2007Q4": 0.94353391, "2007Q1": 0.44458448, "2007Q2": 0.48082778, "2014Q3": 2.65300956, "2014Q4": 2.23379539, "2014Q1": 2.45004708, "2014Q2": 2.77744489, "2009Q3": 0.9387014699999999, "2009Q4": 1.2733479399999998, "2009Q1": 0.94111769, "2009Q2": 0.87950408, "2022Q3": 1.57295922, "2022Q4": 2.23741972, "2022Q1": 1.71672431, "2022Q2": 1.75296761, "2002Q4": 0.18967327, "2016Q3": 2.0743248700000003, "2016Q4": 1.9800922900000002, "2016Q1": 1.79645957, "2016Q2": 1.91002191, "2004Q3": 0.29840317000000005, "2004Q4": 0.27303286, "2004Q1": 0.27424097000000003, "2004Q2": 0.30927616, "2019Q3": 1.9933815, "2019Q4": 1.7493432800000002, "2019Q2": 1.7638406, "2017Q1": 2.03204102, "2017Q2": 1.94988954, "2021Q3": 1.17549103, "2021Q4": 1.46060499, "2021Q1": 1.23952086, "2021Q2": 1.3410021, "2008Q3": 0.84084456, "2008Q4": 0.8577581, "2008Q1": 0.9374933599999999, "2008Q2": 0.9821934300000001, "2020Q3": 1.45818877, "2020Q4": 1.21415055, "2020Q1": 1.5947052, "2020Q2": 1.66115125, "2005Q3": 0.14014076, "2005Q4": 0.16551107, "2005Q1": 0.2537031, "2005Q2": 0.11295103634, "2023Q3": 2.51770124, "2023Q1": 3.82246004, "2023Q2": 3.27760243, "2015Q3": 2.01271126, "2015Q4": 2.42950921, "2015Q1": 2.64817712, "2015Q2": 2.7025420700000002, "2018Q1": 1.62249173, "2018Q2": 1.4569806600000001, "2012Q3": 1.55967001, "2012Q4": 1.6671918000000001, "2012Q1": 0.9338690300000001, "2012Q2": 1.18515591, "2003Q4": 0.21262736000000002, "2003Q1": 0.21021114, "2003Q2": 0.21866791000000002, "2011Q3": 1.13199907, "2011Q4": 1.17428292, "2011Q1": 1.21415055, "2011Q2": 1.11870986}