{"2006Q3": 0.15655463540200001, "2006Q4": 0.161556379784, "2006Q1": 0.137483876556, "2006Q2": 0.16305681852599999, "2010Q3": 0.28231481651, "2010Q4": 0.26087324605, "2010Q1": 0.35672915988799997, "2010Q2": 0.23228432434599997, "2013Q3": 0.234002960396, "2013Q4": 0.228586206184, "2013Q1": 0.286003631686, "2013Q2": 0.227502831178, "2007Q3": 0.411222427336, "2007Q4": 0.374389126948, "2007Q1": 0.290601360676, "2007Q2": 0.3103089512, "2014Q3": 0.273558652778, "2014Q4": 0.31623386592, "2014Q1": 0.21450269355999999, "2014Q2": 0.21775269775999997, "2009Q3": 0.211413739754, "2009Q4": 0.302740428408, "2009Q1": 0.200817880336, "2009Q2": 0.211413739754, "2022Q3": 0.28754683999999997, "2022Q4": 0.29962864, "2022Q1": 0.350836866028, "2022Q2": 0.33466586, "2002Q3": 0.36759408099199997, "2002Q4": 0.28861885811399995, "2002Q2": 0.416056234698, "2016Q3": 0.329128046152, "2016Q4": 0.39981334195999996, "2016Q1": 0.33459083202199996, "2016Q2": 0.31366563769399997, "2004Q3": 0.18991260601999999, "2004Q4": 0.14807369507399998, "2004Q1": 0.27750287720600003, "2004Q2": 0.20664831538, "2019Q3": 0.353572789638, "2019Q4": 0.4327821578, "2019Q2": 0.386863706266, "2017Q3": 0.609304263244, "2017Q4": 0.482551199812, "2017Q1": 0.387664246334, "2017Q2": 0.395395390154, "2021Q3": 0.39730528109799995, "2021Q4": 0.38220303109799997, "2021Q1": 0.420154622894, "2021Q2": 0.396047324082, "2008Q3": 0.159947808932, "2008Q4": 0.142792619476, "2008Q1": 0.32796891826, "2008Q2": 0.20182695227199998, "2001Q4": 0.376600700438, "2020Q3": 0.353572789638, "2020Q4": 0.346684955458, "2020Q1": 0.351276764366, "2020Q2": 0.33864922946000003, "2005Q3": 0.12179275962399999, "2005Q4": 0.12216632888000001, "2005Q1": 0.13352092533799997, "2005Q2": 0.119924792526, "2023Q3": 0.25975869999999995, "2023Q1": 0.29842046, "2023Q2": 0.27667322, "2015Q3": 0.412479176172, "2015Q4": 0.416867285932, "2015Q1": 0.43112852183399997, "2015Q2": 0.64997546822, "2018Q1": 0.5047885984380001, "2018Q2": 0.44311390907, "2012Q3": 0.200419180936, "2012Q4": 0.32500404454, "2012Q1": 0.23059806751999998, "2012Q2": 0.21125268936, "2003Q4": 0.255851204244, "2003Q1": 0.305132020718, "2003Q2": 0.269563926426, "2011Q3": 0.20789938577, "2011Q4": 0.168692494954, "2011Q1": 0.290993656722, "2011Q2": 0.25381264213}