{"2006Q3": 0.251649192189, "2006Q4": 0.212933857507, "2006Q1": 0.215603780607, "2006Q2": 0.206926168099, "2010Q3": 0.631458800752, "2010Q4": 0.712894475577, "2010Q1": 0.834380205012, "2010Q2": 0.588071221456, "2013Q3": 0.662978873896, "2013Q4": 0.828900097241, "2013Q1": 0.529787766671, "2013Q2": 0.662978873896, "2007Q3": 0.652819031229, "2007Q4": 0.6241163914160001, "2007Q1": 0.447895305455, "2007Q2": 0.388487341882, "2014Q3": 0.953662583429, "2014Q4": 0.84995612562, "2014Q1": 0.726523285298, "2014Q2": 0.710714441082, "2009Q3": 0.6695066546590001, "2009Q4": 0.801672559738, "2009Q1": 0.40651004767300003, "2009Q2": 0.616106380494, "2022Q3": 0.5311940067109999, "2022Q4": 0.466589357973, "2022Q1": 0.603186972965, "2022Q2": 0.497695291009, "2002Q4": 0.590741265367, "2016Q3": 0.928273306102, "2016Q4": 1.000203209014, "2016Q1": 0.839985352168, "2016Q2": 0.7821422534779999, "2004Q3": 0.376472325499, "2004Q4": 0.42119510796700005, "2004Q1": 0.41785758328100003, "2004Q2": 0.37713992708500005, "2019Q1": 0.722584121832, "2019Q2": 0.5757909041170001, "2017Q3": 0.848109408674, "2017Q4": 0.852718710757, "2017Q1": 1.0221607290749999, "2017Q2": 1.002520726427, "2021Q3": 0.5054372223220001, "2021Q4": 0.491132475056, "2021Q1": 0.579528071591, "2021Q2": 0.48620447355500007, "2008Q3": 0.251649192189, "2008Q4": 0.232959005623, "2008Q1": 0.538675831941, "2008Q2": 0.291699246799, "2020Q3": 0.626765897457, "2020Q4": 0.623309494747, "2020Q2": 0.672695098571, "2005Q3": 0.202921283449, "2005Q4": 0.22161134920400002, "2005Q1": 0.323739411298, "2005Q2": 0.218273824518, "2023Q3": 0.5714360300000001, "2023Q1": 0.6077624479679999, "2023Q2": 0.6680848300000001, "2015Q3": 0.651357097318, "2015Q4": 1.029350674929, "2015Q1": 1.177029920518, "2015Q2": 1.114822645264, "2018Q3": 0.558959515597, "2018Q4": 0.67097100479, "2018Q1": 0.729804270436, "2018Q2": 0.574333561024, "2012Q3": 0.470462558633, "2012Q4": 0.5290979358610001, "2012Q1": 0.5168239006940001, "2012Q2": 0.540135349632, "2003Q4": 0.316397001962, "2003Q1": 0.638133970935, "2003Q2": 0.505968065856, "2011Q3": 0.593941669568, "2011Q4": 0.435647486275, "2011Q1": 0.7229071704460001, "2011Q2": 0.6866183246990001}