{"2006Q3": 0.269324566355, "2006Q4": 0.5016296220350001, "2006Q1": 0.18543654904100002, "2006Q2": 0.275777444298, "2010Q3": 0.8444281766930001, "2010Q4": 0.7336016017879999, "2010Q1": 0.870338632674, "2010Q2": 0.6363598614, "2013Q3": 0.7117847057310001, "2013Q4": 0.689333551924, "2013Q1": 0.636901336302, "2013Q2": 0.597865973281, "2007Q3": 1.156591961215, "2007Q4": 1.2307241278460002, "2007Q1": 0.6384995450209999, "2007Q2": 1.047453961657, "2014Q3": 0.928828070214, "2014Q4": 1.0718605623100002, "2014Q1": 0.686839046396, "2014Q2": 0.741649788986, "2009Q3": 0.719526999477, "2009Q4": 1.052863153371, "2009Q1": 0.461962900728, "2009Q2": 0.578581517406, "2022Q3": 4.169856540507, "2022Q4": 4.083688215567999, "2022Q1": 4.03404600918, "2022Q2": 4.868520084339, "2002Q4": 0.1479330695, "2016Q3": 1.638676900481, "2016Q4": 1.807492392953, "2016Q1": 1.371328922897, "2016Q2": 1.358287375447, "2004Q3": 0.233323975654, "2004Q4": 0.228229617406, "2004Q1": 0.32776048462199997, "2004Q2": 0.264569687017, "2019Q3": 2.3333808637880002, "2019Q4": 2.6060434380729998, "2019Q2": 2.4691690450799997, "2017Q4": 2.908096066761, "2017Q1": 2.19363418927, "2017Q2": 2.6112700843659997, "2021Q3": 4.790288196423001, "2021Q4": 5.344714279245, "2021Q1": 5.154372803604, "2021Q2": 6.247215941205001, "2008Q3": 0.419330873426, "2008Q4": 0.271866188173, "2008Q1": 0.926646465176, "2008Q2": 0.44239417657, "2020Q3": 3.6230495242110003, "2020Q4": 5.3747313427379995, "2020Q1": 2.083531151444, "2020Q2": 2.267116513532, "2005Q3": 0.206153823376, "2005Q4": 0.17898367109799998, "2005Q1": 0.266607526965, "2005Q2": 0.224833257763, "2023Q3": 4.46034212, "2023Q1": 4.04759013039, "2023Q2": 4.331074108378, "2015Q3": 1.091353054727, "2015Q4": 1.398957915353, "2015Q1": 1.477119008023, "2015Q2": 1.3151493916769998, "2018Q1": 2.4839153565510004, "2018Q2": 2.656684993053, "2012Q3": 0.552871245252, "2012Q4": 0.688733000443, "2012Q1": 0.599093413041, "2012Q2": 0.614126771448, "2003Q4": 0.25870564188800005, "2003Q1": 0.186815123362, "2003Q2": 0.200159060745, "2011Q3": 0.676130238545, "2011Q4": 0.599841353942, "2011Q1": 0.8870472772179999, "2011Q2": 0.774857229367}