{"2006Q3": 0.165035195471, "2006Q4": 0.16267454853100002, "2006Q1": 0.085843947404, "2006Q2": 0.097218303054, "2010Q3": 0.67078374774, "2010Q4": 0.7994451673309999, "2010Q1": 0.42261995290099996, "2010Q2": 0.45925576784, "2013Q3": 0.325136711324, "2013Q4": 0.42374385763399997, "2013Q1": 0.303058863507, "2013Q2": 0.295821197308, "2007Q3": 0.731389794, "2007Q4": 0.567639423514, "2007Q1": 0.270838086563, "2007Q2": 0.405610368156, "2014Q3": 0.645699034944, "2014Q4": 0.6617524006240001, "2014Q1": 0.49303536911699997, "2014Q2": 0.544115588838, "2009Q3": 0.296575420381, "2009Q4": 0.355890480295, "2009Q1": 0.247884963051, "2009Q2": 0.33757251242, "2022Q3": 1.0631368, "2022Q4": 1.04984759, "2022Q1": 0.864522187079, "2022Q2": 1.0588629900639999, "2002Q4": 0, "2016Q3": 0.706492579876, "2016Q4": 0.8512942282560001, "2016Q1": 0.9951895525140001, "2016Q2": 0.729847641585, "2004Q3": 0.134818431395, "2004Q4": 0.130147515702, "2004Q1": 0.16921308147300002, "2004Q2": 0.129935250775, "2019Q3": 0.859810920512, "2019Q4": 1.206090885757, "2019Q2": 0.924591107633, "2017Q1": 0, "2017Q2": 0, "2021Q3": 1.0023275496380002, "2021Q4": 1.045906976802, "2021Q1": 0.584200316205, "2021Q2": 0.5288425414069999, "2008Q3": 0.195811918532, "2008Q4": 0.140296002135, "2008Q1": 0.367954183511, "2008Q2": 0.28532598330500003, "2020Q3": 0.729072518209, "2020Q4": 0.5924450629, "2020Q1": 0.823298332793, "2020Q2": 0.813875799659, "2005Q3": 0.106017451428, "2005Q4": 0.10408592516, "2005Q1": 0.13927696135, "2005Q2": 0.104033130753, "2023Q3": 0.80218504, "2023Q1": 1.08125845, "2023Q2": 0.87104731, "2015Q3": 0.59990393404, "2015Q4": 1.184693807925, "2015Q1": 0.8775799232029999, "2015Q2": 1.149815672225, "2018Q1": 1.1899435291190001, "2018Q2": 1.206292277694, "2012Q3": 0.393275806678, "2012Q4": 0.33108737794000004, "2012Q1": 0.341933910331, "2012Q2": 0.390345535873, "2003Q4": 0.13396913006500002, "2003Q1": 0, "2003Q2": 0.182164141484, "2011Q3": 0.508539527991, "2011Q4": 0.32056304848600004, "2011Q1": 0.8086040908630001, "2011Q2": 0.698260639147}