{"2006Q3": 0.398027665741, "2006Q4": 0.398027665741, "2006Q1": 0.33405896610700003, "2006Q2": 0.424089014661, "2010Q3": 0.94294676854, "2010Q4": 0.9796694465880001, "2010Q1": 1.227252019706, "2010Q2": 0.7569634289130001, "2013Q3": 0.837516700194, "2013Q4": 1.1111607430430002, "2013Q1": 0.6847026246719999, "2013Q2": 0.594672455307, "2007Q3": 0.9713772211699999, "2007Q4": 0.884900948992, "2007Q1": 0.728532855472, "2007Q2": 0.665748707693, "2014Q3": 1.3480821078440002, "2014Q4": 1.2698980610839998, "2014Q1": 1.09102239502, "2014Q2": 1.00810014084, "2009Q3": 0.9251775242270001, "2009Q4": 1.209483137826, "2009Q1": 1.183421788906, "2009Q2": 1.080361065892, "2022Q3": 0.6318415300000001, "2022Q4": 0.66083617, "2022Q1": 0.6934551400000001, "2022Q2": 0.72244978, "2002Q4": 0.576057171561, "2016Q3": 1.872440507364, "2016Q4": 1.843780634645, "2016Q1": 2.47965060744, "2016Q2": 1.95348366725, "2004Q3": 0.402588039369, "2004Q4": 0.336677544532, "2004Q1": 0.5442063178990001, "2004Q2": 0.433761868187, "2019Q3": 0.88071219, "2019Q4": 0.91695549, "2019Q1": 1.13079096, "2019Q2": 0.97977721, "2017Q1": 1.72078235149, "2017Q2": 1.382835566592, "2021Q3": 0.62096854, "2021Q4": 0.6765416, "2021Q1": 0.6402983, "2021Q2": 0.6970794699999999, "2008Q3": 0.78894777873, "2008Q4": 0.759332653434, "2008Q1": 1.511557874927, "2008Q2": 1.125376090169, "2020Q3": 0.76835796, "2020Q4": 0.70795246, "2020Q1": 0.90849872, "2020Q2": 0.8130580300000001, "2005Q3": 0.24850001185200002, "2005Q4": 0.250281370047, "2005Q1": 0.258297663141, "2005Q2": 0.225342355317, "2023Q3": 0.80460126, "2023Q1": 0.64875507, "2023Q2": 0.69103892, "2015Q3": 2.2189477181, "2015Q4": 3.533174717792, "2015Q1": 1.843247495702, "2015Q2": 1.855093497496, "2018Q3": 0.87587975, "2018Q4": 0.83480401, "2018Q2": 0.8992013470620001, "2012Q3": 0.608887560811, "2012Q4": 0.636133703208, "2012Q1": 0.601780008059, "2012Q2": 0.606518457101, "2003Q4": 0.443559277854, "2003Q1": 0.598958467154, "2003Q2": 0.522326962555, "2011Q3": 0.749855876161, "2011Q4": 0.580457108181, "2011Q1": 0.980854119254, "2011Q2": 0.895562398931}