{"2006Q3": 0.646678828272, "2006Q4": 0.9360920647359999, "2006Q1": 0.401785333356, "2006Q2": 0.632831514838, "2010Q3": 2.846043417736, "2010Q4": 2.393691643568, "2010Q1": 2.345669146564, "2010Q2": 2.3065746164879997, "2013Q3": 1.9940343984639999, "2013Q4": 1.837101240268, "2013Q1": 2.048115676532, "2013Q2": 1.774969738042, "2007Q3": 2.1259797362639996, "2007Q4": 2.29450779792, "2007Q1": 1.512148785014, "2007Q2": 1.828079881026, "2014Q3": 2.079168922982, "2014Q4": 2.572734495764, "2014Q1": 1.58796957073, "2014Q2": 1.749807214818, "2009Q3": 1.7508745210299999, "2009Q4": 2.2777189286399997, "2009Q1": 1.4523350552999998, "2009Q2": 1.726308717908, "2022Q3": 1.413148582726, "2022Q4": 1.63541540342, "2022Q1": 1.42180615897, "2022Q2": 1.543221362344, "2002Q3": 0.54962162106, "2002Q4": 0.44750612664199996, "2002Q2": 0.606686137184, "2016Q3": 3.2752255615899997, "2016Q4": 3.2752255615899997, "2016Q1": 3.2089870930899997, "2016Q2": 2.99869490683, "2004Q3": 0.3390696761, "2004Q4": 0.355033479258, "2004Q1": 0.42682268913199994, "2004Q2": 0.347370839244, "2019Q3": 1.882112348622, "2019Q4": 1.9111839382359999, "2019Q1": 2.339894771072, "2019Q2": 1.982425359298, "2017Q3": 2.877071896496, "2017Q4": 2.6627668611839996, "2017Q1": 3.36930049729, "2017Q2": 2.879499250934, "2021Q3": 1.378686577224, "2021Q4": 1.4138631003779998, "2021Q1": 1.44409043498, "2021Q2": 1.496963291412, "2008Q3": 1.41934811676, "2008Q4": 1.324053040078, "2008Q1": 1.7159241691719997, "2008Q2": 1.673566465734, "2001Q4": 0.627043245276, "2020Q3": 1.6941351261439999, "2020Q4": 1.5388211707839998, "2020Q1": 1.609701346026, "2020Q2": 1.671074594484, "2005Q3": 0.382398152168, "2005Q4": 0.393763018156, "2005Q1": 0.32949134587799994, "2005Q2": 0.29500976786, "2023Q1": 1.5336407365799998, "2023Q2": 1.440054751326, "2015Q3": 2.3405187960419997, "2015Q4": 4.1896802098879995, "2015Q1": 2.8524882123099995, "2015Q2": 3.0952747621239998, "2018Q3": 2.199648632582, "2018Q4": 1.9391914837239999, "2018Q1": 2.470203024972, "2018Q2": 2.2041332759239998, "2012Q3": 2.2372920176599997, "2012Q4": 2.1378781345399998, "2012Q1": 2.235540639932, "2012Q2": 2.178390343028, "2003Q4": 0.375086609262, "2003Q1": 0.47994286000999997, "2003Q2": 0.41019317879399997, "2011Q3": 2.5003384170759997, "2011Q4": 2.538439219102, "2011Q1": 2.564265758054, "2011Q2": 2.6198672890159997}