{"2006Q3": 0.29024963561, "2006Q4": 0.28071970149700004, "2006Q1": 0.108911599744, "2006Q2": 0.18079341987800002, "2010Q3": 1.483806138495, "2010Q4": 1.5621612536310001, "2010Q1": 1.134367690466, "2010Q2": 0.875107163655, "2013Q3": 1.172171747775, "2013Q4": 1.040821921001, "2013Q1": 1.1758192734869999, "2013Q2": 1.117303982393, "2007Q3": 1.225559215974, "2007Q4": 1.135624970543, "2007Q1": 0.481661859144, "2007Q2": 0.960661889525, "2014Q3": 2.177384384904, "2014Q4": 1.589240676848, "2014Q1": 1.040821921001, "2014Q2": 1.001096485548, "2009Q3": 0.748748522535, "2009Q4": 1.212259616228, "2009Q1": 1.000696117894, "2009Q2": 0.920312344446, "2022Q3": 3.597238254061, "2022Q4": 3.732915168422, "2022Q1": 3.6564999155130002, "2022Q2": 3.8637894831, "2002Q4": 0.18315358357400002, "2016Q3": 1.201972438767, "2016Q4": 1.200296911008, "2016Q1": 1.30966735093, "2016Q2": 1.2212374440709999, "2004Q3": 0.114704245572, "2004Q4": 0.102881197868, "2004Q1": 0.154114364315, "2004Q2": 0.127771888198, "2019Q3": 0.87405429579, "2019Q4": 0.865592934972, "2019Q2": 0.780979810036, "2017Q1": 1.28322061492, "2017Q2": 1.157533320527, "2021Q3": 2.592542929634, "2021Q4": 4.304422356101, "2021Q1": 1.495355670095, "2021Q2": 1.930979960658, "2008Q3": 0.540813340964, "2008Q4": 0.58729368186, "2008Q1": 0.763078881733, "2008Q2": 0.652639868516, "2020Q3": 1.18761320574, "2020Q4": 2.125292252247, "2020Q1": 0.748826687252, "2020Q2": 0.86881955516, "2005Q3": 0.095297649776, "2005Q4": 0.091737107984, "2005Q1": 0.098940222237, "2005Q2": 0.084835537987, "2023Q3": 2.99852902, "2023Q1": 2.9464696271240003, "2023Q2": 3.2026996100000003, "2015Q3": 1.323030859695, "2015Q4": 1.64042491484, "2015Q1": 2.161533377649, "2015Q2": 2.291082516468, "2018Q1": 0.9088903892619999, "2018Q2": 0.626693410857, "2012Q3": 0.670001254893, "2012Q4": 0.631028351159, "2012Q1": 0.756951831057, "2012Q2": 0.639320334955, "2003Q4": 0.131712863829, "2003Q1": 0.207629288119, "2003Q2": 0.170293373435, "2011Q3": 0.838851540933, "2011Q4": 0.740406402174, "2011Q1": 1.6586625434, "2011Q2": 1.240904750005}