{"2006Q3": 0.236113622455, "2006Q4": 0.281619260203, "2006Q1": 0.19022006058600002, "2006Q2": 0.28677088286499997, "2010Q3": 0.6476077279329999, "2010Q4": 0.624628026001, "2010Q1": 0.589114062008, "2010Q2": 0.549422091202, "2013Q3": 0.511075713314, "2013Q4": 0.552967289997, "2013Q1": 0.476515431355, "2013Q2": 0.454522272049, "2007Q3": 0.767155648928, "2007Q4": 0.686515876971, "2007Q1": 0.463641569573, "2007Q2": 0.544778720417, "2014Q3": 0.823167132047, "2014Q4": 0.752998895137, "2014Q1": 0.6514121871340001, "2014Q2": 0.5917166933810001, "2009Q3": 0.43452394397500005, "2009Q4": 0.504507219244, "2009Q1": 0.36030334369199996, "2009Q2": 0.362973629225, "2022Q3": 0.5726696311210001, "2022Q4": 0.603306334233, "2022Q1": 0.659383055292, "2022Q2": 0.573848021615, "2002Q4": 0.320322392974, "2016Q3": 0.901642937372, "2016Q4": 0.8344657392, "2016Q1": 0.809552457213, "2016Q2": 0.88181519443, "2004Q3": 0.205539861874, "2004Q4": 0.18809233725399999, "2004Q1": 0.29698122453, "2004Q2": 0.245167440417, "2019Q3": 0.462802899611, "2019Q4": 0.514469656737, "2019Q1": 0.5441242872300001, "2019Q2": 0.488206311825, "2017Q1": 0.807175138355, "2017Q2": 0.7428071583660001, "2021Q3": 0.5134916916919999, "2021Q4": 0.564036718683, "2021Q1": 0.48586269923600006, "2021Q2": 0.544507982966, "2008Q3": 0.253820407481, "2008Q4": 0.26033973147399997, "2008Q1": 0.545072774391, "2008Q2": 0.322056393257, "2020Q3": 0.515104397731, "2020Q4": 0.500483488078, "2020Q1": 0.485887948735, "2020Q2": 0.48923670884400006, "2005Q3": 0.170219316292, "2005Q4": 0.177028103441, "2005Q1": 0.163410529143, "2005Q2": 0.164687259791, "2023Q3": 0.62580098, "2023Q1": 0.610376314764, "2023Q2": 0.64875507, "2015Q3": 0.805363335788, "2015Q4": 1.095461595215, "2015Q1": 1.0336717219659999, "2015Q2": 1.7175495699410002, "2018Q3": 0.533370779309, "2018Q4": 0.45809670710600003, "2018Q2": 0.5258434083319999, "2012Q3": 0.5634401539649999, "2012Q4": 0.47965712141, "2012Q1": 0.422056490397, "2012Q2": 0.496413848732, "2003Q4": 0.253592437124, "2003Q1": 0.34358829616500003, "2003Q2": 0.31575223365500005, "2011Q3": 0.557156411422, "2011Q4": 0.40739450500400004, "2011Q1": 0.6768545004900001, "2011Q2": 0.694089156128}