{"2006Q3": 0.259551077266, "2006Q4": 0.25590826318300003, "2006Q1": 0.214926514141, "2006Q2": 0.25864040394800003, "2010Q3": 0.7176360657049999, "2010Q4": 0.829652991393, "2010Q1": 0.8196351016510001, "2010Q2": 0.6602617136950001, "2013Q3": 0.6238333312430001, "2013Q4": 0.668458015179, "2013Q1": 0.628386939455, "2013Q2": 0.5719231399520001, "2007Q3": 0.84695638849, "2007Q4": 0.761349955512, "2007Q1": 0.734939583613, "2007Q2": 0.823277915734, "2014Q3": 0.7750105385260001, "2014Q4": 0.76772491036, "2014Q1": 0.734939583613, "2014Q2": 0.6602617136950001, "2009Q3": 0.6930470404419999, "2009Q4": 0.735850256931, "2009Q1": 0.458995661757, "2009Q2": 0.568280325869, "2022Q3": 0.8493013300000001, "2022Q4": 0.90125006, "2022Q1": 0.94836635, "2022Q2": 0.86500676, "2002Q4": 0.425194918555, "2016Q3": 0.912527162795, "2016Q4": 0.961705334132, "2016Q1": 0.7832069608209999, "2016Q2": 0.9152593035600001, "2004Q3": 0.265238496713, "2004Q4": 0.274079808126, "2004Q1": 0.372694082285, "2004Q2": 0.280880863371, "2019Q3": 0.630208406902, "2019Q4": 0.657529452119, "2019Q1": 0.524566436062, "2019Q2": 0.651154618082, "2017Q3": 0.748600045816, "2017Q4": 0.645690457363, "2017Q1": 0.948955424436, "2017Q2": 0.784117634139, "2021Q1": 0.9908478467960001, "2008Q3": 0.308729127792, "2008Q4": 0.28505089665800004, "2008Q1": 0.6502438239530001, "2008Q2": 0.397067701535, "2020Q3": 0.88884881085, "2020Q4": 0.744046558415, "2020Q1": 0.584673049648, "2020Q2": 0.64660100987, "2005Q3": 0.208161218952, "2005Q4": 0.193781689677, "2005Q1": 0.227152949774, "2005Q2": 0.21559133707400002, "2023Q3": 0.80460126, "2023Q1": 1.0293097199999999, "2023Q2": 0.9387014699999999, "2015Q3": 0.701243462737, "2015Q4": 1.0719006715619999, "2015Q1": 0.9826515453119999, "2015Q2": 1.106507586567, "2018Q4": 0.384317791839, "2012Q3": 0.480852667066, "2012Q4": 0.5491555821359999, "2012Q1": 0.488138295232, "2012Q2": 0.478120526301, "2003Q4": 0.313525566114, "2003Q1": 0.480124418358, "2003Q2": 0.40397869479000004, "2011Q3": 0.6065300549570001, "2011Q4": 0.459906335075, "2011Q1": 0.795046076388, "2011Q2": 0.683029392322}