{"2006Q4": 0.27794627926599996, "2010Q3": 0.849446952764, "2010Q4": 1.199431206166, "2010Q1": 0.7726065839459999, "2010Q2": 0.54568718289, "2013Q3": 1.9648338960440002, "2013Q4": 1.922211480368, "2013Q1": 1.2216428705579998, "2013Q2": 1.63225903317, "2007Q3": 0.799620763838, "2007Q4": 0.768404413088, "2007Q1": 0.775007841696, "2007Q2": 0.582906738424, "2014Q3": 2.896524198586, "2014Q4": 2.880315859796, "2014Q1": 2.459494321542, "2014Q2": 2.450489635184, "2009Q3": 0.435829308578, "2009Q4": 0.6321327035259999, "2009Q1": 0.48565561832199994, "2009Q2": 0.514470711322, "2022Q3": 15.464704, "2022Q4": 18.48394642409, "2022Q1": 17.286639681636, "2022Q2": 21.075492161636, "2002Q3": 0.578104222924, "2002Q4": 0.47004738253799994, "2002Q2": 0.62793041185, "2016Q3": 3.7735857967019997, "2016Q4": 4.026919033007999, "2016Q1": 3.8912476680879995, "2016Q2": 3.7435700144179997, "2019Q3": 12.383844999999999, "2019Q4": 12.387469419182, "2019Q2": 10.703266136727999, "2017Q1": 3.3077404642039996, "2017Q2": 3.0123852776819997, "2021Q3": 36.489451031002, "2021Q4": 24.042782, "2021Q1": 30.264909, "2021Q2": 49.656197999999996, "2008Q3": 0.28214845012399997, "2008Q4": 0.31276457705, "2008Q1": 0.624328464816, "2008Q2": 0.314565490158, "2001Q4": 0.79781985073, "2020Q3": 25.818806237546, "2020Q4": 33.408592031002, "2020Q1": 13.021763919182, "2020Q2": 20.148818343271998, "2023Q3": 10.6561476, "2023Q1": 15.619350919182, "2023Q2": 11.702431600817999, "2015Q3": 6.625086684316, "2015Q4": 5.88549724341, "2015Q1": 4.120568326894, "2015Q2": 6.625086684316, "2018Q1": 4.98652675081, "2018Q2": 5.880211818364, "2012Q3": 1.317693543012, "2012Q4": 1.238451674808, "2012Q1": 1.1778198864159999, "2012Q2": 1.3158925090859999, "2003Q1": 0.7672037238039999, "2003Q2": 0, "2011Q3": 1.10097939678, "2011Q4": 1.265465975518, "2011Q1": 1.119589234956, "2011Q2": 1.004328500502}