{"2006Q3": 0.10709218608400001, "2006Q4": 0.101902749579, "2006Q1": 0.067811093489, "2006Q2": 0.08597079895399999, "2007Q3": 0.48641613442700005, "2007Q4": 0, "2007Q1": 0.26607934127300004, "2007Q2": 0.29933921362800003, "2009Q1": 0.284607278666, "2009Q2": 0.341759942491, "2022Q3": 0.482718955394, "2022Q4": 0.563562656319, "2022Q1": 0.6057978194860001, "2022Q2": 0.581974252719, "2002Q4": 0.08813114125600001, "2004Q3": 0.06719229954700001, "2004Q4": 0.064834672882, "2004Q1": 0.082811228871, "2004Q2": 0.07295534667999999, "2019Q3": 0.572668060578, "2019Q4": 0.548632712128, "2019Q2": 0.5663979696779999, "2021Q3": 0.7351252701200001, "2021Q4": 0.671595960093, "2021Q1": 0.537473762491, "2021Q2": 0.892814190303, "2008Q3": 0.27982002198, "2008Q4": 0.185748724665, "2008Q1": 0.5001849640970001, "2008Q2": 0.310937673683, "2020Q3": 0.510931827413, "2020Q4": 0.483283988441, "2020Q1": 0.501607151189, "2020Q2": 0.465589405326, "2005Q3": 0.058063095521, "2005Q4": 0.054998120451, "2005Q1": 0.048069367979, "2005Q2": 0.052522582250000005, "2023Q3": 0.5726441400000001, "2023Q1": 0.5682491566310001, "2023Q2": 0.578794023955, "2003Q4": 0.071477707339, "2003Q1": 0.091174491157, "2003Q2": 0.08242475448200001}