{"2006Q3": 0.436655291637, "2006Q4": 0.398550898182, "2006Q1": 0.448907822446, "2006Q2": 0.499476045149, "2010Q3": 0.881225274317, "2010Q4": 0.872921451043, "2010Q1": 0.8615039658660001, "2010Q2": 0.5646483847760001, "2013Q3": 0.645371033079, "2013Q4": 0.635072499384, "2013Q1": 0.613331351824, "2013Q2": 0.537809133827, "2007Q3": 1.0421083165290002, "2007Q4": 0.869807668329, "2007Q1": 0.6683711520700001, "2007Q2": 0.611729518775, "2014Q3": 0.9023171835630001, "2014Q4": 0.833262220018, "2014Q1": 0.6144755528050001, "2014Q2": 0.609984766313, "2009Q3": 0.7276075640230001, "2009Q4": 0.834517083875, "2009Q1": 0.511712749717, "2009Q2": 0.70581048097, "2022Q3": 0.60295803612, "2022Q4": 0.631388247128, "2022Q1": 0.687659594708, "2022Q2": 0.642049697067, "2002Q4": 0.39291494422100004, "2016Q3": 1.127896570062, "2016Q4": 1.43058708083, "2016Q1": 1.1624238706180001, "2016Q2": 1.127896570062, "2004Q3": 0.39810425991500004, "2004Q4": 0.385079626005, "2004Q1": 0.453349438861, "2004Q2": 0.417924633386, "2019Q3": 0.588757669558, "2019Q4": 0.6306455011000001, "2019Q1": 0.721402590252, "2019Q2": 0.641117519391, "2017Q1": 1.242988014889, "2017Q2": 0.972585089548, "2021Q3": 0.703949387515, "2021Q4": 0.6585707221279999, "2021Q1": 0.558505266237, "2021Q2": 0.5945754440740001, "2008Q3": 0.352905240485, "2008Q4": 0.317614776842, "2008Q1": 1.051449906293, "2008Q2": 0.533509711959, "2020Q3": 0.645771763166, "2020Q4": 0.572467876751, "2020Q1": 0.660897904421, "2020Q2": 0.609701585329, "2005Q3": 0.42939008053, "2005Q4": 0.436852696811, "2005Q1": 0.42188868391800005, "2005Q2": 0.405854043943, "2023Q3": 0.65962806, "2023Q1": 0.6384957998799999, "2023Q2": 0.6330496400000001, "2015Q3": 1.0853126255380001, "2015Q4": 1.519207385825, "2015Q1": 1.161272904221, "2015Q2": 1.4777746493200001, "2018Q3": 0.710930692772, "2018Q4": 0.601556749331, "2018Q2": 0.710930692772, "2012Q3": 0.616764075578, "2012Q4": 0.599599973564, "2012Q1": 0.7014405054780001, "2012Q2": 0.679699237107, "2003Q4": 0.304540006367, "2003Q1": 0.42078133029200004, "2003Q2": 0.393259376382, "2011Q3": 0.767808390761, "2011Q4": 0.75979850065, "2011Q1": 1.160435683991, "2011Q2": 1.0046732160140002}