{"2006Q3": 0.718165268238, "2006Q4": 0.6461498870679999, "2006Q1": 0.6030324800460001, "2006Q2": 0.879028394338, "2010Q3": 1.1115255999999998, "2010Q4": 1.12481558, "2010Q1": 1.23113542, "2010Q2": 0.8094806, "2013Q3": 0.8662650599999999, "2013Q4": 0.7732352, "2013Q1": 0.7804842799999999, "2013Q2": 0.6500008399999999, "2007Q3": 1.157534785852, "2007Q4": 1.054054652124, "2007Q1": 1.108201171912, "2007Q2": 0.841077769086, "2014Q3": 1.57184218, "2014Q4": 1.2565072, "2014Q1": 0.88680412, "2014Q2": 1.0631984, "2009Q3": 0.87834686, "2009Q4": 1.07890474, "2009Q1": 0.60288182, "2009Q2": 0.88680412, "2022Q3": 1.0656147599999999, "2022Q4": 1.1103174199999999, "2022Q1": 1.1658937, "2022Q2": 1.10910924, "2002Q3": 0.9933258468780001, "2002Q4": 1.004442673512, "2002Q2": 0.978285334876, "2016Q3": 2.95037556, "2016Q4": 2.95037556, "2016Q1": 2.95037556, "2016Q2": 2.95037556, "2004Q3": 1.0578036346639998, "2004Q4": 1.1409841696679999, "2004Q1": 1.4682127152239999, "2004Q2": 1.228088148404, "2019Q3": 1.3108753, "2019Q4": 1.4800205, "2019Q1": 1.3422879799999998, "2019Q2": 1.32537346, "2017Q3": 1.8847607999999998, "2017Q4": 1.7760245999999997, "2017Q1": 2.341452719182, "2017Q2": 1.937920840818, "2021Q3": 1.0088302999999998, "2021Q4": 1.14293828, "2021Q1": 0.9907075999999999, "2021Q2": 1.03057754, "2008Q3": 0.47119019999999995, "2008Q4": 0.37695216, "2008Q1": 0.865143023234, "2008Q2": 0.6185881599999999, "2001Q4": 0.845536678194, "2020Q3": 1.1610609799999998, "2020Q4": 1.0583656799999999, "2020Q1": 1.2202617999999998, "2020Q2": 1.14656282, "2005Q3": 0.648401692952, "2005Q4": 0.5642796232739999, "2005Q1": 0.9259706576039999, "2005Q2": 0.8192486144819999, "2023Q1": 1.27825444, "2023Q2": 1.3108753, "2015Q3": 1.691452, "2015Q4": 2.8875501999999997, "2015Q1": 2.00437062, "2015Q2": 2.802977720818, "2018Q3": 1.33383072, "2018Q4": 1.16347734, "2018Q1": 1.62741846, "2018Q2": 1.33383072, "2012Q3": 0.7671942999999999, "2012Q4": 0.75027978, "2012Q1": 0.92909042, "2012Q2": 0.8880122999999999, "2003Q4": 1.211608935658, "2003Q1": 1.002480830828, "2003Q2": 1.082260943222, "2011Q3": 1.33745526, "2011Q4": 0.95929492, "2011Q1": 1.3326225399999998, "2011Q2": 1.5404295}