{"2006Q3": 0.260193550164, "2006Q4": 0.25570735449, "2006Q1": 0.185852501314, "2006Q2": 0.281983022124, "2010Q3": 0.876748743523, "2010Q4": 0.839903563121, "2010Q1": 0.589523490487, "2010Q2": 0.637254829288, "2013Q3": 0.334715573892, "2013Q4": 0.30935831148000004, "2013Q1": 0.405715836159, "2013Q2": 0.315444165605, "2007Q3": 0.784425702189, "2007Q4": 0.6735550312690001, "2007Q1": 0.421692849287, "2007Q2": 0.583833171576, "2014Q3": 0.468601827611, "2014Q4": 0.59538801886, "2014Q1": 0.314429836449, "2014Q2": 0.31138696979200003, "2009Q3": 0.48987410768, "2009Q4": 0.5535157719370001, "2009Q1": 0.404460005814, "2009Q2": 0.497410418671, "2022Q3": 0.643553069151, "2022Q4": 0.6842841353679999, "2022Q1": 0.654557018275, "2022Q2": 0.686611680094, "2002Q4": 0.38442845471500003, "2016Q3": 0.94937512185, "2016Q4": 0.94937512185, "2016Q1": 0.94937512185, "2016Q2": 0.94937512185, "2004Q3": 0.36645914738600005, "2004Q4": 0.274212458604, "2004Q1": 0.6071849713880001, "2004Q2": 0.41005512565700003, "2019Q3": 0.5503592221289999, "2019Q4": 0.581808379216, "2019Q2": 0.6027744034, "2017Q1": 0.94937512185, "2017Q2": 0.954883982639, "2021Q3": 0.743612484492, "2021Q4": 0.728027744681, "2021Q1": 0.618741751648, "2021Q2": 0.687952803005, "2008Q3": 0.35840346990599997, "2008Q4": 0.275501753596, "2008Q1": 0.552430526724, "2008Q2": 0.396923453201, "2020Q3": 0.507218097273, "2020Q4": 0.600511975803, "2020Q1": 0.515765233901, "2020Q2": 0.465396711781, "2005Q3": 0.149963781599, "2005Q4": 0.13778724090900002, "2005Q1": 0.19965709104, "2005Q2": 0.151886367853, "2023Q3": 0.90004195, "2023Q1": 0.750617831138, "2023Q2": 1.03414216, "2015Q3": 0.551773556506, "2015Q4": 0.551773556506, "2015Q1": 0.713045730949, "2015Q2": 0.822588930601, "2018Q1": 0.639649907363, "2018Q2": 0.444189790463, "2012Q3": 0.412072306924, "2012Q4": 0.426001694413, "2012Q1": 0.5626049875219999, "2012Q2": 0.507942117596, "2003Q4": 0.569907166795, "2003Q1": 0.400773699771, "2003Q2": 0.483347051783, "2011Q3": 0.698841136002, "2011Q4": 0.526443355758, "2011Q1": 0.963837527471, "2011Q2": 0.909922960879}