{"2006Q3": 0.415201674257, "2006Q4": 0.49686181592000006, "2006Q1": 0.48651060862900003, "2006Q2": 0.659032099337, "2010Q3": 0.6578818578060001, "2010Q4": 0.6578818578060001, "2010Q1": 0.8143014168120001, "2010Q2": 0.6578818578060001, "2013Q3": 0.529065800135, "2013Q4": 0.5336664038260001, "2013Q1": 0.554368939219, "2013Q2": 0.454306503603, "2007Q3": 1.05353111739, "2007Q4": 0.9741713379780002, "2007Q1": 0.756794172702, "2007Q2": 0.701587290843, "2014Q3": 0.68088475545, "2014Q4": 0.6521311333950001, "2014Q1": 0.508363264742, "2014Q2": 0.5049127817710001, "2009Q3": 0.570470991732, "2009Q4": 0.775196466655, "2009Q1": 0.687785600581, "2009Q2": 0.6417798052929999, "2022Q3": 0.80580937, "2022Q4": 0.79493638, "2022Q1": 1.137815515595, "2022Q2": 0.9809853199999999, "2002Q4": 0.908613128017, "2016Q3": 1.0696330490919999, "2016Q4": 1.2226021251269998, "2016Q1": 1.009825684353, "2016Q2": 1.0443300308190002, "2004Q3": 0.772896104404, "2004Q4": 0.569320871012, "2004Q1": 0.886760351093, "2004Q2": 0.730340912898, "2019Q3": 0.752193569011, "2019Q4": 0.8154515375320001, "2019Q2": 0.765995380084, "2017Q3": 1.169695605519, "2017Q4": 0.8603070912890001, "2017Q1": 1.101837154118, "2017Q2": 1.1374915004930002, "2021Q3": 1.475697787419, "2021Q4": 1.2404936301720002, "2021Q1": 0.7924486398880001, "2021Q2": 0.9790228661160001, "2008Q3": 0.577371836863, "2008Q4": 0.47730940124700005, "2008Q1": 0.9511684403339999, "2008Q2": 0.649830891955, "2020Q3": 0.8154515375320001, "2020Q4": 0.80625033015, "2020Q1": 0.905162645046, "2020Q2": 0.763695017833, "2005Q3": 0.430153485239, "2005Q4": 0.44740565847200003, "2005Q1": 0.466958073145, "2005Q2": 0.423252640108, "2023Q3": 0.71399301, "2023Q1": 0.78285528, "2023Q2": 0.6886227, "2015Q3": 0.836154072925, "2015Q4": 1.246755143491, "2015Q1": 0.883309868122, "2015Q2": 1.282409489866, "2018Q1": 1.1098881199689998, "2018Q2": 0.830403348514, "2012Q3": 0.607275579638, "2012Q4": 0.5152641098730001, "2012Q1": 0.695836687243, "2012Q2": 0.590023406405, "2003Q4": 0.7613946555819999, "2003Q1": 0.9626697683450001, "2003Q2": 0.8810096266820001, "2011Q3": 0.7878480361970001, "2011Q4": 0.571621112452, "2011Q1": 0.6578818578060001, "2011Q2": 0.6578818578060001}