{"2006Q3": 0.36949319484, "2006Q4": 0.38053785727100004, "2006Q1": 0.276110641036, "2006Q2": 0.405078316512, "2010Q3": 0.6680987232650001, "2010Q4": 0.7094031584880001, "2010Q1": 0.83310419923, "2010Q2": 0.591727928804, "2013Q3": 0.864590445294, "2013Q4": 0.8720621224, "2013Q1": 0.9624693428960001, "2013Q2": 0.807881399461, "2007Q3": 1.088715388164, "2007Q4": 0.996980938022, "2007Q1": 0.668702415832, "2007Q2": 1.0090778642629998, "2014Q3": 0.952966591258, "2014Q4": 1.191208178667, "2014Q1": 0.8613883497389999, "2014Q2": 0.848579484275, "2009Q3": 0.573395826042, "2009Q4": 0.774033056725, "2009Q1": 0.662354643459, "2009Q2": 0.650201540103, "2022Q3": 0.725908357308, "2022Q4": 0.7176593822280001, "2022Q1": 0.8616554628599999, "2022Q2": 0.793078427631, "2002Q4": 0.480557284171, "2016Q3": 0.9593129138990001, "2016Q4": 0.890321134507, "2016Q1": 0.933570868452, "2016Q2": 0.843470507896, "2004Q3": 0.475979755381, "2004Q4": 0.42246712698600003, "2004Q1": 0.583954828253, "2004Q2": 0.503440095681, "2019Q3": 0.781401319615, "2019Q4": 0.801465731306, "2019Q2": 0.912585393697, "2017Q3": 1.800952651901, "2017Q4": 1.432175624669, "2017Q1": 0.8936063480299999, "2017Q2": 2.1431223853040002, "2021Q3": 0.7682228933020001, "2021Q4": 0.8155159297950001, "2021Q1": 0.797469424237, "2021Q2": 0.7047811712500001, "2008Q3": 0.522591780267, "2008Q4": 0.492208659444, "2008Q1": 1.180449838306, "2008Q2": 0.734882802443, "2020Q3": 0.745436005726, "2020Q4": 0.7657968876110001, "2020Q1": 0.797006959729, "2020Q2": 0.740157531514, "2005Q3": 0.27103778714599996, "2005Q4": 0.275385895847, "2005Q1": 0.299951725398, "2005Q2": 0.259113137391, "2023Q3": 0.70432813, "2023Q1": 0.694090968293, "2023Q2": 0.690555676, "2015Q3": 0.9748216635910001, "2015Q4": 1.1452526407549999, "2015Q1": 1.4693366050249999, "2015Q2": 1.374470975385, "2018Q1": 1.554367494399, "2018Q2": 1.028172284435, "2012Q3": 0.483881761269, "2012Q4": 0.49658757495, "2012Q1": 0.5581231410440001, "2012Q2": 0.573889338977, "2003Q4": 0.507998898766, "2003Q1": 0.48606517847200004, "2003Q2": 0.480822101883, "2011Q3": 0.569685116177, "2011Q4": 0.618034765676, "2011Q1": 0.72385964437, "2011Q2": 0.625761595614}