{"2006Q3": 0.6385574134900001, "2006Q4": 0.58870717056, "2006Q1": 0.34346192785900004, "2006Q2": 0.665856350294, "2010Q3": 1.343581656472, "2010Q4": 1.8124109711960001, "2010Q1": 1.373254287804, "2010Q2": 0.954275336821, "2013Q3": 0.823715251554, "2013Q4": 1.215395507355, "2013Q1": 0.785734085319, "2013Q2": 0.6183799227029999, "2007Q3": 1.113321206156, "2007Q4": 1.018368471785, "2007Q1": 0.9958171656589999, "2007Q2": 0.951901521482, "2014Q3": 1.446842804935, "2014Q4": 1.578589858277, "2014Q1": 1.357824427695, "2014Q2": 1.252189584704, "2009Q3": 1.126377130115, "2009Q4": 1.478889372417, "2009Q1": 0.898490615949, "2009Q2": 1.082461606749, "2022Q3": 0.560495989895, "2022Q4": 0.594029982409, "2022Q1": 0.6421180760930001, "2022Q2": 0.6421180760930001, "2002Q4": 0.7219056472559999, "2016Q3": 1.762560728266, "2016Q4": 2.2337639791400004, "2016Q1": 1.629626706849, "2016Q2": 1.629626706849, "2004Q3": 0.4925675889250001, "2004Q4": 0.45696023802900004, "2004Q1": 0.6940840820659999, "2004Q2": 0.534109296952, "2019Q3": 0.953088368746, "2019Q4": 0.912733507983, "2019Q1": 1.055162669945, "2019Q2": 0.890182201857, "2017Q1": 1.848018201281, "2017Q2": 1.548916985323, "2021Q3": 0.721641071166, "2021Q4": 0.82015446814, "2021Q1": 0.671790828236, "2021Q2": 0.737070810464, "2008Q3": 0.680099121517, "2008Q4": 0.473576945402, "2008Q1": 0.900864431288, "2008Q2": 0.5685296797730001, "2020Q3": 0.7572483012510001, "2020Q4": 0.7335101478610001, "2020Q1": 0.7441923772919999, "2020Q2": 0.782173422716, "2005Q3": 0.40058197271400003, "2005Q4": 0.335301990486, "2005Q1": 0.402807432145, "2005Q2": 0.315272855607, "2023Q3": 0.71036868, "2023Q1": 0.6215757360859999, "2023Q2": 0.69463183914, "2015Q3": 1.55603843134, "2015Q4": 1.990447484054, "2015Q1": 1.661673395142, "2015Q2": 2.454529047289, "2018Q3": 0.929350215356, "2018Q4": 0.788108021469, "2018Q2": 0.9958171656589999, "2012Q3": 0.823715251554, "2012Q4": 0.80947235952, "2012Q1": 1.093143715369, "2012Q2": 0.847453404944, "2003Q4": 0.50314640414, "2003Q1": 0.747147293541, "2003Q2": 0.651510164855, "2011Q3": 1.038545962572, "2011Q4": 0.828462882232, "2011Q1": 1.7946072957480002, "2011Q2": 1.4349737282400001}