{"2006Q3": 0.490901415064, "2006Q4": 0.506768926276, "2006Q1": 0.296939472956, "2006Q2": 0.50577737295, "2010Q3": 0.901730217356, "2010Q4": 0.869856012596, "2010Q1": 0.971647473138, "2010Q2": 0.78143088903, "2013Q3": 0.813217863194, "2013Q4": 0.742731917086, "2013Q1": 0.6751912721819999, "2013Q2": 0.620696675736, "2007Q3": 1.05873900762, "2007Q4": 1.01579002089, "2007Q1": 0.8429621674319999, "2007Q2": 0.916349436992, "2014Q3": 0.8512609142159999, "2014Q4": 0.940531763782, "2014Q1": 0.734315735206, "2014Q2": 0.7354213407239999, "2009Q3": 0.6940340474619999, "2009Q4": 0.918181279508, "2009Q1": 0.621076285892, "2009Q2": 0.7060444440239999, "2022Q3": 0.695058221648, "2022Q4": 0.879534259304, "2022Q1": 0.902580776076, "2022Q2": 0.792651981598, "2002Q3": 0.391779790686, "2002Q4": 0.316964694002, "2002Q2": 0.44032385899599996, "2016Q3": 1.04807379867, "2016Q4": 1.231053626214, "2016Q1": 1.052368757752, "2016Q2": 1.13604319674, "2004Q3": 0.227871930168, "2004Q4": 0.215307462258, "2004Q1": 0.296404732488, "2004Q2": 0.23015635691199998, "2019Q3": 0.5511650710099999, "2019Q4": 0.5702093707139999, "2019Q1": 0.6741396723099999, "2019Q2": 0.58130734974, "2017Q3": 1.1198170977039998, "2017Q4": 0.982295767568, "2017Q1": 1.291686018696, "2017Q2": 0.9766141802999999, "2021Q4": 0.7546545997799999, "2008Q3": 0.5442005174, "2008Q4": 0.453163187856, "2008Q1": 0.823019706716, "2008Q2": 0.6642089159819999, "2001Q4": 0.417479591556, "2020Q3": 0.683785660612, "2020Q4": 0.6349437759319999, "2020Q1": 0.612778988924, "2020Q2": 0.634063858438, "2005Q3": 0.223713616244, "2005Q4": 0.232362372774, "2005Q1": 0.197032048306, "2005Q2": 0.19417663569399998, "2023Q1": 0.922380309098, "2023Q2": 1.0329939000000001, "2015Q3": 0.9236386285679999, "2015Q4": 1.3227019323840001, "2015Q1": 1.179649795844, "2015Q2": 1.694019744954, "2018Q3": 0.6332493034819999, "2018Q4": 0.5614146660399999, "2018Q1": 0.8174882962219999, "2018Q2": 0.676692677468, "2012Q3": 0.638778780888, "2012Q4": 0.638778780888, "2012Q1": 0.598411554, "2012Q2": 0.613834454972, "2003Q4": 0.239865170574, "2003Q1": 0.346091255806, "2003Q2": 0.30268702685199994, "2011Q3": 0.705344182896, "2011Q4": 0.606637085076, "2011Q1": 0.884250752388, "2011Q2": 0.7629233837}