{"2006Q3": 0.357718471536, "2006Q4": 0.3266125385, "2006Q1": 0.272418415254, "2006Q2": 0.30622930658, "2010Q3": 0.87652125641, "2010Q4": 0.914292694749, "2010Q1": 0.960951594303, "2010Q2": 0.624340858254, "2013Q3": 0.9432036127260001, "2013Q4": 0.9375147435469999, "2013Q1": 1.173138598208, "2013Q2": 0.86652293805, "2007Q3": 0.9631734294040001, "2007Q4": 1.0298292073, "2007Q1": 0.676554405966, "2007Q2": 0.7176586573620001, "2014Q3": 1.10662876, "2014Q4": 0.9592393400000001, "2014Q1": 0.822601011701, "2014Q2": 0.863560410708, "2009Q3": 0.732100766735, "2009Q4": 0.8831867617129999, "2009Q1": 0.544354069752, "2009Q2": 0.922069298819, "2022Q3": 3.58567048, "2022Q4": 3.84662224, "2022Q1": 4.14623352, "2022Q2": 5.653954679189, "2002Q4": 0.5583613803359999, "2016Q3": 1.36033186, "2016Q4": 1.29751014, "2016Q1": 1.03776649, "2016Q2": 1.2153586600000001, "2004Q3": 0.4269823173, "2004Q4": 0.34197208660699996, "2004Q1": 0.516822330151, "2004Q2": 0.396069440242, "2019Q3": 1.8677380600000002, "2019Q4": 1.76142438, "2019Q1": 1.14649639, "2019Q2": 1.36999674, "2017Q1": 1.2636830600000002, "2017Q2": 1.13199907, "2021Q3": 6.7013862908110005, "2021Q4": 6.765416, "2021Q1": 6.8729376691890005, "2021Q2": 8.432608162433, "2008Q3": 0.43103963392399997, "2008Q4": 0.391046239673, "2008Q1": 0.9065162114900001, "2008Q2": 0.6576686263910001, "2020Q3": 5.02211327, "2020Q4": 6.898307858378, "2020Q1": 2.7689881200000004, "2020Q2": 4.384231310811, "2005Q3": 0.26469025639500005, "2005Q4": 0.256962097536, "2005Q1": 0.295603012642, "2005Q2": 0.25986023261499996, "2023Q3": 2.10331951, "2023Q1": 3.5276813208110003, "2023Q2": 2.691669200811, "2015Q3": 0, "2015Q4": 1.36878863, "2015Q1": 1.15857749, "2015Q2": 1.62128362, "2018Q3": 0.9447420200000001, "2018Q4": 0.92662037, "2018Q2": 0.95199068, "2012Q3": 1.098706457864, "2012Q4": 1.322002758085, "2012Q1": 0.969838934707, "2012Q2": 1.0631568546260002, "2003Q4": 0.405729729424, "2003Q1": 0.609560719703, "2003Q2": 0.546769202453, "2011Q3": 1.30311697851, "2011Q4": 0.764317556916, "2011Q1": 1.124257863553, "2011Q2": 1.5775159692979999}