{"2006Q3": 0.756453123249, "2006Q4": 0.655442925338, "2006Q1": 0.539842624579, "2006Q2": 0.850729195209, "2010Q3": 1.2571718303439998, "2010Q4": 1.492962645807, "2010Q1": 1.299361206142, "2010Q2": 0.9193564878139999, "2013Q3": 0.721604586244, "2013Q4": 0.637589959002, "2013Q1": 0.695940705514, "2013Q2": 0.589252873847, "2007Q3": 2.137404279863, "2007Q4": 2.251324099612, "2007Q1": 1.112232940668, "2007Q2": 1.132429640404, "2014Q3": 1.098799482334, "2014Q4": 1.067636164073, "2014Q1": 0.6387409253990001, "2014Q2": 0.824099672156, "2009Q3": 0.862857169877, "2009Q4": 1.174162592244, "2009Q1": 0.6947972293989999, "2009Q2": 0.902334217914, "2022Q3": 0.839713527418, "2022Q4": 0.861153009911, "2022Q1": 0.9936181638370001, "2022Q2": 0.9027528280289999, "2002Q4": 0.730670002062, "2016Q3": 1.891139029889, "2016Q4": 1.870203933321, "2016Q1": 1.767346656031, "2016Q2": 1.687603180883, "2004Q3": 0.5218852775389999, "2004Q4": 0.49719392535900003, "2004Q1": 0.728394647688, "2004Q2": 0.555555303239, "2019Q3": 0.768268318238, "2019Q4": 0.897487763838, "2019Q1": 0.894820619391, "2019Q2": 0.8399263964, "2017Q3": 1.311919751214, "2017Q4": 1.098703437589, "2017Q1": 1.65620041522, "2017Q2": 1.359689507913, "2021Q4": 1.005418982317, "2008Q3": 0.543656386227, "2008Q4": 0.46131837404299997, "2008Q1": 2.652862895446, "2008Q2": 0.858345483082, "2020Q3": 0.9219088618110001, "2020Q4": 0.905446067652, "2020Q1": 0.869294463201, "2020Q2": 1.105349854754, "2005Q3": 0.493826922789, "2005Q4": 0.474747241559, "2005Q1": 0.5510659664790001, "2005Q2": 0.43209866315, "2023Q1": 0.895694324543, "2023Q2": 0.91695549, "2015Q3": 1.255624724678, "2015Q4": 2.0826970723000002, "2015Q1": 1.4577560249980002, "2015Q2": 1.828568355147, "2018Q3": 0.7460743710500001, "2018Q4": 0.7109373373769999, "2018Q1": 1.095208133737, "2018Q2": 0.784724951036, "2012Q3": 0.716578123778, "2012Q4": 0.707406031847, "2012Q1": 0.9824007416760001, "2012Q2": 0.8598937968579999, "2003Q4": 0.5723903160889999, "2003Q1": 0.7910928988460001, "2003Q2": 0.704934359598, "2011Q3": 1.086111307059, "2011Q4": 0.9892388858980001, "2011Q1": 1.438549129785, "2011Q2": 1.324303724391}