{"2006Q3": 0.179041902, "2006Q4": 0.144731578, "2006Q1": 0.105347192, "2006Q2": 0.18846516000000002, "2010Q3": 0.511634585, "2010Q4": 0.4901906325, "2010Q1": 0.7499342824999999, "2010Q2": 0.44941692000000005, "2013Q3": 0.46391424, "2013Q4": 0.40773712500000003, "2013Q1": 0.4340135175, "2013Q2": 0.4207243075, "2007Q3": 0.547757074, "2007Q4": 0.519245678, "2007Q1": 0.285355582, "2007Q2": 0.380071406, "2014Q3": 0.7339268250000001, "2014Q4": 0.7339268250000001, "2014Q1": 0.4183080875, "2014Q2": 0.5101244475000001, "2009Q3": 0.43612771, "2009Q4": 0.4769014225, "2009Q1": 0.31531671, "2009Q2": 0.32498159, "2022Q3": 0.44700070000000003, "2022Q4": 0.63788208, "2022Q1": 0.40954929, "2022Q2": 0.46149802, "2002Q4": 0.334404848, "2016Q3": 1.9933815, "2016Q4": 2.365177231689, "2016Q1": 1.55362946, "2016Q2": 1.94264088, "2004Q3": 0.208519786, "2004Q4": 0.072728222, "2004Q1": 0.302993988, "2004Q2": 0.311209136, "2019Q3": 0.6088874400000001, "2019Q4": 0.68983081, "2019Q1": 0.7925201599999999, "2019Q2": 0.67050105, "2017Q1": 1.6904479175, "2017Q2": 1.44731578, "2021Q3": 0.42646282999999996, "2021Q4": 0.52673596, "2021Q1": 0.50498998, "2021Q2": 0.45787369, "2008Q3": 0.150772128, "2008Q4": 0.16454458200000002, "2008Q1": 0.401817386, "2008Q2": 0.2295409, "2020Q3": 0.34431135, "2020Q4": 0.35156001000000003, "2020Q1": 0.52069541, "2020Q2": 0.32860592000000005, "2005Q3": 0, "2005Q4": 0.082634724, "2005Q1": 0.05194873, "2005Q2": 0.054606572, "2023Q3": 0.62217665, "2023Q1": 0.68137404, "2023Q2": 0.7985607100000001, "2015Q3": 1.0706874875, "2015Q4": 2.6348877891890004, "2015Q1": 1.3038527175, "2015Q2": 1.7417925925000002, "2018Q3": 1.0353502700000001, "2018Q4": 1.0329340500000002, "2018Q2": 1.33496155, "2012Q3": 0.332834305, "2012Q4": 0.387199255, "2012Q1": 0.35397623, "2012Q2": 0.3893134475, "2003Q4": 0.33899566600000003, "2003Q1": 0.39505197000000003, "2003Q2": 0.430570404, "2011Q3": 0.46633046, "2011Q4": 0.29357073, "2011Q1": 0.5155609425000001, "2011Q2": 0.4865663025}