{"2006Q3": 0.37330599, "2006Q4": 0.41558984, "2006Q1": 0.258637625295, "2006Q2": 0.38055465, "2010Q3": 0.97615288, "2010Q4": 0.80097693, "2010Q1": 1.13199907, "2010Q2": 1.00756374, "2013Q3": 0.61855232, "2013Q4": 0.57747658, "2013Q1": 0.6330496400000001, "2013Q2": 0.5472738300000001, "2007Q3": 1.01964484, "2007Q4": 1.00031508, "2007Q1": 0.8589662100000001, "2007Q2": 0.724866, "2014Q3": 0.8746716400000001, "2014Q4": 0.8746716400000001, "2014Q1": 0.5968063400000001, "2014Q2": 0.8746716400000001, "2009Q3": 0.5678117, "2009Q4": 0.9544069000000001, "2009Q1": 0.50015754, "2009Q2": 0.58110091, "2022Q3": 2.3292362008109997, "2022Q4": 2.421052560811, "2022Q1": 2.6952932891890002, "2022Q2": 3.02269122, "2002Q4": 0.5096181285989999, "2016Q3": 3.093969830811, "2016Q4": 3.093969830811, "2016Q1": 3.6726544, "2016Q2": 3.276394440811, "2004Q3": 0.37604550023600003, "2004Q4": 0.31734150236, "2004Q1": 0.565769752478, "2004Q2": 0.43900325342200003, "2019Q3": 1.22139921, "2019Q4": 1.9486813091890003, "2019Q2": 1.40865626, "2017Q1": 2.7665718999999998, "2017Q2": 2.300241560811, "2021Q3": 2.350981939189, "2021Q4": 4.4567176691890005, "2021Q1": 2.120232929189, "2021Q2": 2.30628199, "2008Q3": 0.26699231, "2008Q4": 0.26215987, "2008Q1": 0.64513074, "2008Q2": 0.42646282999999996, "2020Q3": 1.69739455, "2020Q4": 2.35339828, "2020Q1": 1.57175111, "2020Q2": 1.63457283, "2005Q3": 0.257786753422, "2005Q4": 0.21950162671100001, "2005Q1": 0.28331025177, "2005Q2": 0.24417425318600003, "2023Q3": 1.73122163, "2023Q1": 2.5032037991890004, "2023Q2": 1.92814356, "2015Q3": 3.71252203, "2015Q4": 3.880449199189, "2015Q1": 1.3832859499999999, "2015Q2": 2.410179570811, "2018Q1": 2.2023845300000002, "2018Q2": 1.69981077, "2012Q3": 0.65841995, "2012Q4": 0.6402983, "2012Q1": 0.72124167, "2012Q2": 0.74540387, "2003Q4": 0.352223504012, "2003Q1": 0.56662050354, "2003Q2": 0.501110376357, "2011Q3": 0.94836635, "2011Q4": 0.72244978, "2011Q1": 0.94715824, "2011Q2": 1.34825076}