{"2006Q3": 0.40484925885600004, "2006Q4": 0.40707979234900005, "2006Q1": 0.41711725347300005, "2006Q2": 0.571026963954, "2010Q3": 0.698169668464, "2010Q4": 0.738319875393, "2010Q1": 0.971414914202, "2010Q2": 0.654673480079, "2013Q3": 0.470651023793, "2013Q4": 0.472881678097, "2013Q1": 0.5866409400270001, "2013Q2": 0.42157844127, "2007Q3": 0.911189422592, "2007Q4": 0.818620651684, "2007Q1": 0.819735858025, "2007Q2": 0.7015155291090001, "2014Q3": 0.687010356394, "2014Q4": 0.6254704411040001, "2014Q1": 0.504109751054, "2014Q2": 0.555412987881, "2009Q3": 0.7260517599649999, "2009Q4": 0.88999893157, "2009Q1": 0.7260517599649999, "2009Q2": 0.7260517599649999, "2022Q3": 0.5583099148499999, "2022Q4": 0.53815864005, "2022Q1": 0.581927498862, "2022Q2": 0.676847131019, "2002Q4": 0.805310299759, "2016Q3": 0.842538692653, "2016Q4": 0.8279929274419999, "2016Q1": 0.7955445425740001, "2016Q2": 0.8358252253830001, "2004Q3": 0.5817839753940001, "2004Q4": 0.45719533623499997, "2004Q1": 0.7814149712580001, "2004Q2": 0.684289813485, "2019Q3": 0.427458191829, "2019Q4": 0.435458779493, "2019Q1": 0.5104329987940001, "2019Q2": 0.439601871927, "2017Q3": 0.7586205934, "2017Q1": 0.9152678811410001, "2017Q2": 0.7541447874720001, "2021Q1": 0.399276851481, "2008Q3": 0, "2008Q4": 0, "2008Q1": 0.640174710347, "2008Q2": 0.7260517599649999, "2020Q3": 0.47659359607199997, "2020Q4": 0.436204183363, "2020Q2": 0.456975822648, "2005Q3": 0.453921720568, "2005Q4": 0.427154956219, "2005Q1": 0.446071542599, "2005Q2": 0.43828466959400003, "2023Q3": 0.56539548, "2023Q1": 0.5547538430650001, "2023Q2": 0.68379026, "2015Q3": 0.718339910591, "2015Q4": 0.927575864199, "2015Q1": 0.79330663961, "2015Q2": 0.999186101205, "2018Q3": 0.45196929399700003, "2018Q4": 0.391256934057, "2012Q3": 0.423809095574, "2012Q4": 0.43496188385, "2012Q1": 0.446114792937, "2012Q2": 0.48068860572800004, "2003Q4": 0.678771529438, "2003Q1": 0.8455758811930001, "2003Q2": 0.7549261930200001, "2011Q3": 0.52195426062, "2011Q4": 0.398157416755, "2011Q1": 0.7784703239440001, "2011Q2": 0.699284995616}