{"2006Q3": 0.226995895474, "2006Q4": 0.299221906147, "2006Q1": 0.123063641906, "2006Q2": 0.22538379349, "2010Q3": 1.208132470846, "2010Q4": 1.002013441038, "2010Q1": 0.928942478231, "2010Q2": 0.769511100995, "2013Q3": 0.470134919201, "2013Q4": 0.46144486316, "2013Q1": 0.391929730516, "2013Q2": 0.38149576769, "2007Q3": 0.48172153977800003, "2007Q4": 0.686791809295, "2007Q1": 0.45076758698, "2007Q2": 0.382410790204, "2014Q3": 0.542150477112, "2014Q4": 0.615677501444, "2014Q1": 0.42755327008599997, "2014Q2": 0.415471566031, "2009Q3": 0.718390651211, "2009Q4": 0.72483942158, "2009Q1": 0.522993597653, "2009Q2": 0.562008543615, "2022Q3": 0.402562427437, "2022Q4": 0.456082304492, "2022Q1": 0.457633638543, "2022Q2": 0.404889488919, "2002Q4": 0.19322994584, "2016Q3": 0.6450835028990001, "2016Q4": 0.752894393622, "2016Q1": 0.7208184690670001, "2016Q2": 0.605879487722, "2004Q3": 0.122257470103, "2004Q4": 0.111509640299, "2004Q1": 0.171160433982, "2004Q2": 0.139454191087, "2019Q3": 0.482053649217, "2019Q4": 0.47398576982600005, "2019Q1": 0.566479033859, "2019Q2": 0.506257166579, "2017Q3": 0.6387689535509999, "2017Q4": 0.57647264059, "2017Q1": 0.864269208845, "2017Q2": 0.773589197111, "2021Q3": 0.398476116173, "2021Q4": 0.402940807489, "2021Q1": 0.395396885405, "2021Q2": 0.39512759768600003, "2008Q3": 0.37144803763100004, "2008Q4": 0.31405411423900004, "2008Q1": 0.729998413713, "2008Q2": 0.544274334492, "2020Q3": 0.43776083309799996, "2020Q4": 0.40517315314700003, "2020Q1": 0.429612614392, "2020Q2": 0.45839970109399997, "2005Q3": 0.10532955359400001, "2005Q4": 0.102911279807, "2005Q1": 0.09458160297899999, "2005Q2": 0.08652060981500001, "2023Q1": 0.461899716575, "2023Q2": 0.44700070000000003, "2015Q3": 0.684287518076, "2015Q4": 0.850013390034, "2015Q1": 0.70072071354, "2015Q2": 0.9302032618270001, "2018Q3": 0.47619951059, "2018Q4": 0.46528665296000005, "2018Q1": 0.601577045579, "2018Q2": 0.485723524964, "2012Q3": 0.43682031946300004, "2012Q4": 0.43250386324400003, "2012Q1": 0.567181670635, "2012Q2": 0.513652249511, "2003Q4": 0.1370359173, "2003Q1": 0.20657448727799999, "2003Q2": 0.200702831056, "2011Q3": 0.659067738582, "2011Q4": 0.555943710604, "2011Q1": 0.851958809567, "2011Q2": 0.80714312344}