{"2009Q2": 1.0397104598009999, "2009Q4": 1.159756484549, "2009Q1": 0.999005126327, "2009Q3": 1.1011136170390001, "2020Q2": 1.211585611659, "2020Q4": 0.982241512778, "2020Q1": 1.19512040128, "2020Q3": 1.155987060538, "2014Q2": 1.5465019734329999, "2014Q4": 2.0508444064730003, "2014Q1": 1.553806689737, "2014Q3": 1.909515228666, "2002Q4": 0.365657928834, "2016Q2": 2.817849162462, "2016Q4": 2.9405513378559998, "2016Q1": 2.893869605023, "2016Q3": 3.1407500246090003, "2010Q2": 0.9707185595980001, "2010Q4": 1.35431426409, "2010Q1": 1.320508446826, "2010Q3": 1.283942339834, "2022Q2": 0.967773791473, "2022Q1": 1.01839927859, "2022Q3": 0.871428106272, "2021Q2": 0.934808214714, "2021Q4": 1.112586554465, "2021Q1": 0.982241512778, "2021Q3": 0.988965732227, "2007Q2": 1.312919099806, "2007Q4": 1.1252605948530001, "2007Q1": 0.898966611289, "2007Q3": 1.277733137678, "2017Q2": 1.9481690705489998, "2017Q4": 1.4628965330480002, "2017Q1": 2.772643015183, "2017Q3": 1.857223153804, "2023Q1": 1.160708716851, "2015Q2": 4.044110290346, "2015Q4": 3.653404133638, "2015Q1": 3.0223523451450003, "2015Q3": 2.437724237189, "2003Q2": 0.32376997648100003, "2003Q4": 0.209440124198, "2003Q1": 0.387341207925, "2012Q2": 1.324292005724, "2012Q4": 1.1184440758, "2012Q1": 1.084549583262, "2012Q3": 1.242253363198, "2004Q2": 0.211411397285, "2004Q4": 0.225702613719, "2004Q1": 0.271040203366, "2004Q3": 0.19169927047000002, "2005Q2": 0.174451446433, "2005Q4": 0.187264057038, "2005Q1": 0.182336176348, "2005Q3": 0.187756965918, "2018Q2": 1.507327677762, "2018Q4": 1.070868945622, "2018Q1": 1.49177664422, "2018Q3": 1.857974839846, "2008Q2": 0.6968198471610001, "2008Q4": 0.41395236770599997, "2008Q1": 0.847222535123, "2008Q3": 0.5919519123979999, "2013Q2": 1.155180526302, "2013Q4": 1.602852089785, "2013Q1": 1.321324645942, "2013Q3": 1.578851293281, "2019Q2": 1.278607326074, "2019Q4": 1.3026241904409999, "2019Q1": 1.311842794607, "2019Q3": 1.3037677873670002, "2006Q2": 0.303565061597, "2006Q4": 0.692680379057, "2006Q1": 0.209735869526, "2006Q3": 0.436719804711, "2011Q2": 1.0752089599860002, "2011Q4": 0.985954034808, "2011Q1": 1.322578060067, "2011Q3": 1.026429948193}