{"2006Q3": 0.090939392951, "2006Q4": 0.098044046239, "2006Q1": 0.076024187702, "2006Q2": 0.10025380024000001, "2010Q3": 0.30082301433, "2010Q4": 0.349057772568, "2010Q1": 0.313710165322, "2010Q2": 0.247433250722, "2013Q3": 0.195707054584, "2013Q4": 0.199212144127, "2013Q1": 0.273101239026, "2013Q2": 0.21137285857600002, "2007Q3": 0.31405785938, "2007Q4": 0.292373734612, "2007Q1": 0.20248249789699999, "2007Q2": 0.19999584508399998, "2014Q3": 0.284770373516, "2014Q4": 0.420243600531, "2014Q1": 0.207390928016, "2014Q2": 0.220243406251, "2009Q3": 0.256638324056, "2009Q4": 0.278730669193, "2009Q1": 0.16348277412099999, "2009Q2": 0.187784148393, "2022Q3": 0.433895001909, "2022Q4": 0.402737603387, "2022Q1": 0.345971776384, "2022Q2": 0.409999069353, "2002Q4": 0.090763492135, "2016Q3": 0.296845432966, "2016Q4": 0.29781240421000005, "2016Q1": 0.328262937571, "2016Q2": 0.286518508686, "2004Q3": 0.11692161066600001, "2004Q4": 0.10573982775, "2004Q1": 0.157759111374, "2004Q2": 0.126644842379, "2019Q3": 0.302754419787, "2019Q4": 0.27938751860000005, "2019Q1": 0.288881813468, "2019Q2": 0.30958664427, "2017Q3": 0.300895742552, "2017Q4": 0.289210419388, "2017Q1": 0.323919298877, "2017Q2": 0.29104396793500004, "2021Q4": 0.44257442658199997, "2008Q3": 0.11929820465799999, "2008Q4": 0.101992632963, "2008Q1": 0.211419854055, "2008Q2": 0.151427165242, "2020Q3": 0.27306789519, "2020Q4": 0.27413465632, "2020Q1": 0.262116257229, "2020Q2": 0.249924856786, "2005Q3": 0.087100623426, "2005Q4": 0.076024187702, "2005Q1": 0.07875789901, "2005Q2": 0.087508843795, "2023Q3": 0.42525472000000003, "2023Q1": 0.383120071585, "2023Q2": 0.478900119684, "2015Q3": 0.414597860879, "2015Q4": 0.42408526952000003, "2015Q1": 0.42300836026599997, "2015Q2": 0.753858102969, "2018Q4": 0.227753259633, "2018Q1": 0.26291856308000006, "2018Q2": 0.22104631615700002, "2012Q3": 0.254769740319, "2012Q4": 0.2805835475, "2012Q1": 0.288672206383, "2012Q2": 0.29088147714, "2003Q4": 0.16480831241299998, "2003Q1": 0.12021660987999999, "2003Q2": 0.13758343275200002, "2011Q3": 0.28572659258099997, "2011Q4": 0.30560954615, "2011Q1": 0.361944802749, "2011Q2": 0.326229084386}