{"2006Q3": 0.44755179584599997, "2006Q4": 0.408714728928, "2006Q1": 0.301450212986, "2006Q2": 0.387446653116, "2010Q3": 0.7957916789639999, "2010Q4": 0.7957916789639999, "2010Q1": 0.811419003992, "2010Q2": 0.7957916789639999, "2013Q3": 0.62990155752, "2013Q4": 0.6010510648459999, "2013Q1": 0.563785960926, "2013Q2": 0.47362830724, "2007Q3": 1.2441759108300001, "2007Q4": 1.234558918848, "2007Q1": 0.72218597046, "2007Q2": 1.50077824058, "2014Q3": 1.178060193418, "2014Q4": 0.9676922542719999, "2014Q1": 0.6238909828379999, "2014Q2": 0.663560364958, "2009Q3": 0.561381682726, "2009Q4": 0.6827939864679999, "2009Q1": 0.869119868522, "2009Q2": 0.711644479142, "2022Q3": 0.64275176, "2022Q4": 0.63791904, "2022Q1": 0.80827242, "2022Q2": 0.73940616, "2002Q3": 0, "2002Q4": 0, "2002Q2": 0, "2016Q3": 1.9282552800000001, "2016Q4": 2.070820399182, "2016Q1": 1.8518366868199998, "2016Q2": 1.5114331799999998, "2004Q3": 0.504882957296, "2004Q4": 0.44385307359399995, "2004Q1": 0.7349222415660001, "2004Q2": 0.47621731616199997, "2019Q3": 1.03420208, "2019Q4": 0.94962948, "2019Q1": 1.1284401199999998, "2019Q2": 0.9810421599999999, "2017Q1": 2.1131068199999996, "2017Q2": 1.77964914, "2021Q3": 0.60288182, "2021Q4": 0.62462906, "2021Q1": 0.69228714, "2021Q2": 0.69832804, "2008Q3": 0.655145632894, "2008Q4": 0.48444719668599995, "2008Q1": 1.7286229866979999, "2008Q2": 1.089104558014, "2001Q4": 0, "2020Q3": 0.72369982, "2020Q4": 0.7273243599999999, "2020Q1": 0.71524256, "2020Q2": 0.93513132, "2005Q3": 0.343986122974, "2005Q4": 0.280182257992, "2005Q1": 0.36802818006599997, "2005Q2": 0.331965094428, "2023Q3": 0.40957302, "2023Q1": 0.73940616, "2023Q2": 0.43494479999999996, "2015Q3": 1.628027865992, "2015Q4": 1.628027865992, "2015Q1": 1.6360609339939998, "2015Q2": 2.124979363224, "2018Q3": 1.07769656, "2018Q4": 0.97379308, "2018Q2": 1.24080086, "2012Q3": 0.607061639528, "2012Q4": 0.552966950662, "2012Q1": 0.729675961552, "2012Q2": 0.694815135832, "2003Q4": 0.547424787366, "2003Q1": 0, "2003Q2": 0, "2011Q3": 0.861907275558, "2011Q4": 0.64913517903, "2011Q1": 0.7957916789639999, "2011Q2": 0.7957916789639999}