{"2022Q3": 0.44555206238000006, "2022Q4": 0.44555206238000006, "2022Q1": 0.3980306518, "2022Q2": 0.3904633659, "2020Q3": 0.34794043467, "2020Q4": 0.35537510623000007, "2020Q1": 0.33445749974000005, "2020Q2": 0.34179199500000007, "2023Q3": 0.5199627, "2023Q1": 0.5105284776900001, "2023Q2": 0.47494617395000005, "2019Q4": 0.4298072102, "2021Q3": 0.4525138382, "2021Q4": 0.44343325413, "2021Q1": 0.39552195103000004, "2021Q2": 0.38511347445000005}