{"2022Q3": 1.783720871128, "2022Q4": 1.9224868830480002, "2022Q1": 2.011161420488, "2022Q2": 2.002822070404, "2020Q3": 2.8852476887080005, "2020Q4": 3.1628419716480005, "2020Q1": 1.8959188009440002, "2020Q2": 2.430807530908, "2023Q1": 1.9933153255720002, "2023Q2": 1.9615146957200003, "2019Q3": 2.1963128057800003, "2019Q4": 2.441979450304, "2019Q1": 2.3080353690560003, "2019Q2": 2.251388377576, "2018Q3": 1.729709124236, "2018Q4": 1.765278260788, "2018Q1": 2.237867751944, "2018Q2": 1.76348095044, "2017Q3": 2.7573724780360003, "2017Q4": 2.21208559942, "2021Q3": 2.5462663726440002, "2021Q4": 2.4531441915920005, "2021Q1": 2.662803834976, "2021Q2": 2.5774319596760003}