{"2022Q3": 0.729769902406, "2022Q4": 0.7123567384059999, "2022Q1": 0.640277364523, "2022Q2": 0.6142098580149999, "2020Q3": 0.6387140493549999, "2020Q4": 0.5631813870779999, "2020Q1": 0.639736750274, "2020Q2": 0.6254626315509999, "2023Q1": 0.7123567384059999, "2023Q2": 0.71748685, "2016Q4": 0, "2015Q4": 0, "2019Q3": 0.6309847005679999, "2019Q4": 0.661796488101, "2019Q1": 0.7759459049749999, "2019Q2": 0.711129916509, "2018Q3": 0.777195460725, "2018Q4": 0.633501870164, "2018Q1": 1.307192355442, "2018Q2": 1.0458402729949998, "2017Q3": 0.5616359687729999, "2017Q4": 1.009710537423, "2017Q2": 0, "2021Q3": 0.609194060618, "2021Q4": 0.61096343156, "2021Q1": 0.629438153632, "2021Q2": 0.529971581136}