{"2022Q3": 0.8035328725199999, "2022Q4": 0.7325381674799999, "2022Q1": 0.9890878086, "2022Q2": 0.94390920972, "2020Q3": 0.44407142892, "2020Q4": 0.67171811544, "2020Q1": 0.43328621412, "2020Q2": 0.43765896024, "2023Q3": 0.7815852000000001, "2023Q1": 0.7696490886, "2023Q2": 0.7303608, "2016Q3": 0.9025334441999999, "2016Q4": 1.1284627913999998, "2016Q1": 0.7396910766, "2016Q2": 0.9123908364, "2015Q3": 0.74363403348, "2015Q4": 0.9210652754399999, "2015Q1": 1.3379986782, "2015Q2": 1.37134609308, "2019Q3": 0.5295718925999999, "2019Q4": 0.49695896952, "2019Q2": 0.61188074568, "2018Q1": 0.89898474996, "2018Q2": 0.82626097356, "2013Q4": 0, "2014Q3": 0, "2014Q4": 1.1203676838, "2017Q3": 1.328368491, "2017Q1": 1.0515757932, "2017Q2": 0.89898474996, "2021Q3": 1.32631340112, "2021Q4": 1.0455608919600001, "2021Q1": 1.061282817, "2021Q2": 1.2422858868}