{"2022Q1": 1.8133872669379998, "2022Q2": 2.044957223584, "2020Q3": 0.5483941600679999, "2020Q4": 0.7258158000899999, "2020Q1": 0.40553521337199994, "2020Q2": 0.45161872005599996, "2008Q3": 0.9232120584819999, "2008Q4": 0.6161992174179999, "2008Q1": 2.1518769257079997, "2008Q2": 1.148717136232, "2006Q4": 0.50066780766, "2010Q3": 1.8660321530639998, "2010Q4": 2.3378256871959997, "2010Q1": 2.0171458487, "2010Q2": 1.53202328193, "2023Q1": 1.324726263224, "2023Q2": 1.1080820930759998, "2016Q3": 0.8306559234159999, "2016Q4": 0.7039260900959999, "2016Q1": 0.5587629300779999, "2016Q2": 0.618671590068, "2015Q3": 0.6221278467379999, "2015Q4": 0.6394091300879999, "2015Q1": 1.025808748966, "2015Q2": 1.061419272442, "2019Q3": 0.48387720005999996, "2019Q4": 0.5069189534019999, "2019Q1": 0.5748921700799999, "2019Q2": 0.526504450074, "2018Q4": 0.49194175674799995, "2018Q1": 0.612911120076, "2018Q2": 0.57143591341, "2013Q3": 0.73633082313, "2013Q4": 0.6639614049839999, "2013Q1": 0.9781126601719998, "2013Q2": 0.6570442064819999, "2014Q3": 0.8454595158239999, "2014Q4": 0.9959419808499999, "2014Q1": 0.49280180053999995, "2014Q2": 0.628351008134, "2012Q3": 1.1008070494979998, "2012Q4": 1.059526720246, "2012Q1": 1.4112455037399998, "2012Q2": 1.23329102151, "2007Q3": 2.2425502587799997, "2007Q4": 1.7271145672439998, "2007Q2": 1.3649602818379998, "2017Q3": 0.862914276794, "2017Q1": 0.7085345167399999, "2017Q2": 0.6048465633879999, "2009Q3": 1.8534303335439997, "2009Q4": 2.4633925873319997, "2009Q1": 0.9547285101259999, "2009Q2": 1.9768371207459998, "2021Q3": 1.4274376768639998, "2021Q4": 1.1071570901459997, "2021Q1": 0.5806526400719999, "2021Q2": 0.8364162667819999, "2011Q3": 1.8347321052539998, "2011Q4": 1.3695726338879999, "2011Q1": 2.1909466182519997, "2011Q2": 1.8916246605499998}