{"2022Q1": 0.24238494, "2022Q2": 0.24494986, "2020Q3": 0.18980408, "2020Q4": 0.18980408, "2020Q1": 0.20006376, "2020Q2": 0.19108654, "2008Q3": 0.46084622993, "2008Q4": 0.434404213158, "2008Q1": 0.874086775184, "2008Q2": 0.6268202794400001, "2006Q4": 0, "2010Q3": 0.51426646, "2010Q4": 0.48220495999999996, "2010Q1": 0.70022316, "2010Q2": 0.4745102, "2023Q3": 0.19621638, "2023Q2": 0.1795444, "2016Q3": 0.32317992, "2016Q4": 0.32317992, "2016Q1": 0.35139404, "2016Q2": 0.32317992, "2015Q3": 0.38986784, "2015Q4": 0.42192934, "2015Q1": 0.51170154, "2015Q2": 0.7297197400000001, "2019Q3": 0.23597264, "2019Q4": 0.2372551, "2019Q1": 0.28085874, "2019Q2": 0.25777446, "2018Q3": 0.26033937999999995, "2018Q4": 0.24879724, "2018Q1": 0.29753071999999997, "2018Q2": 0.26033937999999995, "2013Q3": 0.3462642, "2013Q4": 0.31805008, "2013Q1": 0.37447832, "2013Q2": 0.34498174, "2014Q3": 0.39115029999999995, "2014Q4": 0.42705918, "2014Q1": 0.28983595999999995, "2014Q2": 0.28983595999999995, "2012Q3": 0.28598858, "2012Q4": 0.47579266, "2012Q1": 0.41936442, "2012Q2": 0.36293618, "2007Q3": 1.126298436688, "2007Q4": 1.07684511189, "2017Q3": 0.2757289, "2017Q4": 0.2757289, "2017Q1": 0.32317992, "2017Q2": 0.27316398, "2009Q3": 0.64892476, "2009Q4": 0.74895664, "2009Q1": 0.6106841112279999, "2009Q2": 0.6745739599999999, "2021Q1": 0.20134622, "2021Q2": 0.34241682, "2011Q3": 0.4296241, "2011Q4": 0.37063094, "2011Q1": 0.5168313800000001, "2011Q2": 0.53478582}