{"2022Q3": 1.20627129, "2022Q4": 1.30062464, "2022Q1": 1.3644946000000002, "2022Q2": 1.32385008, "2020Q3": 1.78835888, "2020Q4": 1.8014231900000002, "2020Q1": 1.71577938, "2020Q2": 1.9930330700000003, "2023Q3": 2.8596323, "2023Q1": 2.4386712000000004, "2023Q2": 3.56945981, "2019Q3": 1.8696479200000002, "2019Q4": 2.3718980600000004, "2019Q1": 1.8943249500000003, "2019Q2": 1.56481402, "2018Q2": 2.3689948800000002, "2021Q3": 1.5619108400000001, "2021Q4": 1.60255536, "2021Q1": 1.89142177, "2021Q2": 1.63303875}