{"2022Q3": 1.7351654399999998, "2022Q4": 1.5786201599999998, "2022Q1": 1.58300928, "2022Q2": 2.1711513599999996, "2020Q3": 1.3211251199999998, "2020Q4": 1.8434304, "2020Q1": 1.43524224, "2020Q2": 1.2450470399999998, "2008Q4": 0, "2010Q3": 0, "2010Q4": 0, "2010Q1": 0, "2010Q2": 0, "2023Q3": 1.4645030399999999, "2023Q1": 1.5947136, "2023Q2": 1.5171724799999997, "2016Q3": 2.0072908799999998, "2016Q4": 2.0921472, "2016Q1": 1.8463564799999999, "2016Q2": 2.1140928, "2015Q3": 1.6210483199999999, "2015Q4": 2.02045824, "2015Q1": 0.8719718399999999, "2015Q2": 1.3577011199999998, "2019Q3": 1.6693286399999998, "2019Q4": 1.59178752, "2019Q2": 1.48205952, "2018Q1": 2.0306995199999998, "2018Q2": 1.45865088, "2013Q3": 0.6978700799999998, "2013Q4": 0.7154265599999999, "2013Q1": 0.49304448, "2013Q2": 0.63203328, "2014Q3": 0.7446873599999999, "2014Q4": 0.7695590399999999, "2014Q1": 0.63057024, "2014Q2": 0.6539788799999999, "2012Q3": 0.45061631999999996, "2012Q4": 0.5252313599999999, "2012Q1": 0.7037222399999999, "2012Q2": 0.63495936, "2017Q1": 2.37158784, "2017Q2": 2.3730508799999996, "2009Q3": 0, "2009Q4": 0, "2009Q2": 0, "2021Q3": 2.1257971199999997, "2021Q4": 2.1418905599999998, "2021Q1": 1.41622272, "2021Q2": 1.8200217599999997, "2011Q3": 0, "2011Q4": 0, "2011Q1": 0, "2011Q2": 0}