{"2017Q2": 0.7959938733840001, "2017Q1": 0.8889092077320001, "2023Q2": 1.33454212, "2023Q1": 1.478603671228, "2023Q3": 1.19537472, "2016Q2": 0.7501639976760001, "2016Q4": 0.8054270792320001, "2016Q1": 0.7807585588920001, "2016Q3": 0.812481694476, "2009Q4": 0, "2010Q2": 1.1150784995160001, "2010Q4": 1.5340385879000003, "2010Q1": 0, "2010Q3": 1.0983199612080001, "2015Q2": 1.3346979874880003, "2015Q4": 0.9961794396520001, "2015Q1": 1.1197671224680001, "2015Q3": 0.7978553472280001, "2020Q2": 0.82963107344, "2020Q4": 0.9470192148160002, "2020Q1": 0.707542882736, "2020Q3": 0.820398268648, "2022Q2": 1.3505800641600003, "2022Q4": 1.6122547684760002, "2022Q1": 1.186618307192, "2022Q3": 1.3182221787400001, "2018Q2": 0.788671470764, "2018Q1": 0.940282780196, "2012Q2": 0.9421666673160001, "2012Q4": 0.9177474763600001, "2012Q1": 1.0830178463640001, "2012Q3": 0.9146951690480001, "2021Q2": 1.1050638669200001, "2021Q4": 1.769733229, "2021Q1": 1.1554162436520001, "2021Q3": 1.5726431851840001, "2011Q2": 1.0830178463640001, "2011Q4": 1.1313933135560001, "2011Q1": 1.3735445895560001, "2011Q3": 1.1007883514080001, "2019Q2": 0.8170143034480001, "2019Q4": 0.8447324942440001, "2019Q3": 0.889192083784, "2013Q2": 0.7161700896000001, "2013Q4": 0.705560113516, "2013Q1": 0.875014441532, "2013Q3": 0.7617928256200001, "2014Q2": 0.626310578372, "2014Q4": 0.9712835637280001, "2014Q1": 0.717231131156, "2014Q3": 0.772561159556}