{"2022Q3": 0.39034750671, "2022Q4": 0.40355470526000004, "2022Q1": 0.39900165195799997, "2022Q2": 0.40764425074800004, "2020Q3": 0.36265790079400007, "2020Q4": 0.39639365199000004, "2020Q1": 0.361010056288, "2020Q2": 0.35281851913, "2023Q3": 0.48585096000000005, "2023Q1": 0.415294453966, "2023Q2": 0.496005395018, "2016Q4": 0, "2019Q3": 0.4207259378, "2019Q4": 0.432940590824, "2018Q3": 0.462196916132, "2018Q1": 0.7280199220700001, "2018Q2": 0.5306572152000001, "2017Q3": 1.03067432958, "2017Q4": 0.808982036072, "2017Q2": 0, "2021Q3": 0.419167765786, "2021Q4": 0.40044211008200004, "2021Q1": 0.392176645602, "2021Q2": 0.37671458875400005}