{"2022Q3": 1.6661770082160001, "2022Q4": 1.9632924630480002, "2022Q1": 1.545033247152, "2022Q2": 1.9341635702880002, "2020Q3": 0.9108289646640001, "2020Q4": 0.919121643816, "2020Q1": 0.990059223552, "2020Q2": 0.946764406776, "2010Q4": 0, "2023Q3": 2.7132163200000003, "2023Q1": 1.85405885316, "2023Q2": 1.8911656800000003, "2016Q3": 1.543256629512, "2016Q4": 1.3723148674560002, "2016Q1": 1.5755323740480003, "2016Q2": 1.76320952988, "2015Q3": 1.3507976545200002, "2015Q4": 1.8134164598880003, "2015Q1": 1.5531712490160001, "2015Q2": 1.70104887552, "2019Q3": 0.95115451656, "2019Q4": 0.992742342936, "2019Q2": 0.7780953377280001, "2018Q1": 1.0932740451840002, "2018Q2": 0.927483950208, "2013Q3": 0.432568287528, "2013Q4": 0.443927709696, "2013Q1": 0.38234638392000003, "2013Q2": 0.344752615608, "2014Q3": 0.6644888376960001, "2014Q4": 0.8920144865280001, "2014Q1": 0.47437113480000004, "2014Q2": 0.47028154516799997, "2012Q3": 0.334072545672, "2012Q4": 0.35073337092, "2012Q1": 0.35467996267199997, "2012Q2": 0.374229494832, "2017Q1": 1.4261076751919999, "2017Q2": 1.245603023496, "2021Q3": 2.31614040576, "2021Q4": 2.2992239811600004, "2021Q1": 0.921886069848, "2021Q2": 3.002665141896, "2011Q3": 0.405466221264, "2011Q4": 0.36511177032000003, "2011Q2": 0.503469930624}