{"2022Q3": 1.0107449808, "2022Q4": 0.9916744752, "2022Q1": 1.1275244111999998, "2022Q2": 1.1016974927999998, "2020Q4": 1.449653496, "2023Q3": 0.9924959999999999, "2023Q1": 0.9916744752, "2023Q2": 0.9657119999999999, "2021Q3": 1.2417224591999998, "2021Q4": 1.2503955647999998, "2021Q1": 1.3839550224, "2021Q2": 1.2547323407999997}