{"2022Q3": 0.6497763999999999, "2022Q4": 0.7083276799999999, "2022Q1": 0.7211803999999999, "2022Q2": 0.69547496, "2020Q3": 0.71261192, "2020Q4": 0.68833456, "2020Q1": 0.8297144799999999, "2020Q2": 0.70404344, "2008Q4": 0.44984519999999995, "2010Q3": 0.60407784, "2010Q4": 0.7997247999999999, "2010Q1": 0.5840847199999999, "2010Q2": 0.5069684, "2023Q3": 0.83399872, "2023Q1": 0.8468514399999999, "2023Q2": 0.8996903999999999, "2016Q3": 1.0667757599999999, "2016Q4": 1.16245712, "2016Q1": 1.19815912, "2016Q2": 1.0724880799999998, "2015Q3": 1.5037682399999999, "2015Q4": 1.5037682399999999, "2015Q1": 1.9693223199999998, "2015Q2": 2.12926728, "2019Q3": 0.92539584, "2019Q4": 0.90254656, "2019Q2": 1.0025121599999998, "2018Q1": 1.2210084, "2018Q2": 0.9353923999999999, "2013Q3": 0.44556096, "2013Q4": 0.571232, "2013Q1": 0.45412944, "2013Q2": 0.39986239999999995, "2014Q3": 0.6097901599999999, "2014Q4": 0.7397454399999999, "2014Q1": 0.5141088, "2014Q2": 0.51268072, "2012Q3": 0.4569856, "2012Q4": 0.55123888, "2012Q1": 0.47269448, "2012Q2": 0.48554719999999996, "2017Q1": 1.2181522399999998, "2017Q2": 1.20387144, "2009Q3": 0.47412255999999997, "2009Q4": 0.59836552, "2009Q1": 0.45984176, "2009Q2": 0.5526669599999999, "2021Q4": 0.8140056, "2021Q1": 0.8325706399999999, "2011Q3": 0.47983487999999996, "2011Q4": 0.46126984, "2011Q1": 0.7640227999999999, "2011Q2": 0.7583104799999999}