{"2017Q2": 0, "2017Q4": 0, "2017Q3": 0, "2023Q2": 1.777373174264, "2023Q1": 1.973888568692, "2016Q4": 0, "2020Q2": 1.0292709772680002, "2020Q4": 1.44329674144, "2020Q1": 0.9736696949800001, "2020Q3": 1.3364359537440003, "2022Q2": 2.4135010381, "2022Q4": 2.2271752416440003, "2022Q1": 2.1034879855960003, "2022Q3": 2.381476344872, "2018Q2": 1.0863199813920001, "2018Q4": 0.999414395224, "2018Q1": 1.3373232870360001, "2018Q3": 1.1459123348440001, "2021Q2": 1.7701790011800003, "2021Q4": 1.6805496983360002, "2021Q1": 1.523104124148, "2021Q3": 1.66094335102, "2019Q2": 1.096252066016, "2019Q4": 1.172799875932, "2019Q1": 1.111150192952, "2019Q3": 1.052545925468}