{"2022Q3": 0.733438859208, "2022Q4": 0.812169599128, "2022Q1": 0.849208493476, "2022Q2": 0.866037992404, "2020Q4": 0, "2020Q1": 0, "2020Q2": 0, "2010Q4": 0, "2023Q1": 0.7955946524600002, "2023Q2": 0.7996022000000002, "2016Q3": 0, "2016Q4": 0, "2019Q3": 0, "2019Q4": 0, "2019Q1": 0, "2019Q2": 0, "2018Q3": 0, "2018Q4": 0, "2018Q1": 0, "2018Q2": 0, "2012Q3": 0, "2012Q4": 0, "2012Q1": 0, "2012Q2": 0, "2017Q3": 0, "2017Q4": 0, "2017Q1": 0, "2017Q2": 0, "2021Q3": 0.9261406419520001, "2021Q4": 0.8900865053960001, "2021Q1": 0, "2021Q2": 0, "2011Q3": 0, "2011Q4": 0, "2011Q1": 0, "2011Q2": 0}