{"2022Q3": 2.92932981484, "2022Q4": 3.296300364599, "2022Q1": 3.524050107754, "2022Q2": 4.083356954028, "2020Q3": 4.611130921188, "2020Q4": 5.553885478701999, "2020Q1": 3.055824599927, "2020Q2": 3.189892027058, "2023Q3": 3.27926192, "2023Q1": 3.145005677099, "2023Q2": 3.585885658619, "2016Q3": 4.2982625447739995, "2016Q4": 3.989654303998, "2016Q1": 0, "2016Q2": 0, "2015Q4": 0, "2019Q3": 3.150111287796, "2019Q4": 3.544261786956, "2019Q2": 2.627669026114, "2018Q1": 2.618989471791, "2018Q2": 2.3943563185079997, "2017Q1": 3.7062682997120002, "2017Q2": 3.3529641385569997, "2021Q3": 5.630176732642, "2021Q4": 5.836158760993, "2021Q1": 7.390441926714001, "2021Q2": 6.984230295757}