{"2022Q3": 0.41626608, "2022Q4": 0.40428720000000007, "2022Q1": 0.470942330136, "2022Q2": 0.44321856000000004, "2020Q3": 0.37320889425600007, "2020Q4": 0.42733845825600003, "2020Q1": 0.38638087070400007, "2020Q2": 0.35896435884, "2010Q4": 0, "2023Q3": 0.40278984, "2023Q1": 0.39230832000000004, "2023Q2": 0.36835056, "2016Q3": 0.566563290528, "2016Q4": 0.6265524734160001, "2016Q1": 0.5592218841840001, "2016Q2": 0.5099070812640001, "2015Q3": 0.48576200152800003, "2015Q4": 0.6035626069200001, "2015Q1": 0.701178799512, "2015Q2": 0.8676211445040001, "2019Q3": 0.39610996730400005, "2019Q4": 0.39333026820000005, "2019Q1": 0.488495432208, "2019Q2": 0.42807665673600004, "2018Q3": 0.446195611152, "2018Q4": 0.386157015384, "2013Q3": 0.45414374776800004, "2013Q4": 0.473066485032, "2013Q1": 0.468690001224, "2013Q2": 0.359530510656, "2014Q3": 0.580036236336, "2014Q4": 0.530657346408, "2014Q1": 0.44500880361600004, "2014Q2": 0.454943188272, "2012Q3": 0.29560536727200004, "2012Q4": 0.497861568744, "2012Q1": 0.37967479420800004, "2012Q2": 0.418125950856, "2017Q3": 0.6889271005200001, "2017Q1": 0.7518629381520001, "2017Q2": 0.5785911342000001, "2021Q3": 0.47534367012000006, "2021Q4": 0.48121212343200004, "2021Q1": 0.480043583688, "2021Q2": 0.48121212343200004, "2011Q3": 0.42014768632800004, "2011Q4": 0.28652283072, "2011Q2": 0}