{"2022Q3": 2.39166642, "2022Q4": 3.29540002, "2022Q1": 2.29806544, "2022Q2": 2.743477, "2020Q3": 4.09584978, "2020Q4": 4.08455311, "2020Q1": 2.01887631, "2020Q2": 3.4503257799999996, "2023Q3": 2.76284272, "2023Q1": 3.79729493, "2023Q2": 3.3664076599999997, "2016Q3": 0.88436788, "2016Q4": 1.22488179, "2016Q1": 0.75042165, "2016Q2": 0.96021695, "2015Q4": 0, "2019Q3": 1.6783624, "2019Q4": 1.65415525, "2019Q2": 1.85749531, "2018Q1": 1.01024506, "2018Q2": 1.24747513, "2017Q1": 0.95860314, "2017Q2": 1.01185887, "2021Q3": 2.58532362, "2021Q4": 3.1679090299999997, "2021Q1": 4.04259405, "2021Q2": 3.45839483}