{"2022Q3": 1.2256102, "2022Q4": 1.7559533999999999, "2022Q1": 1.4665283, "2022Q2": 1.5425225999999999, "2020Q3": 1.3355594, "2020Q4": 1.2789679, "2020Q1": 1.27577565433, "2020Q2": 1.2387733829, "2023Q1": 1.6540887, "2023Q2": 2.0728658, "2016Q3": 2.93670303288, "2016Q4": 3.12611623859, "2016Q1": 3.36417210221, "2016Q2": 2.8507505691599997, "2015Q3": 2.97192315713, "2015Q4": 3.716881213, "2015Q1": 3.05767011286, "2015Q2": 3.1901907517900003, "2019Q3": 1.5235304926, "2019Q4": 1.5991436892700002, "2019Q1": 1.85152318492, "2019Q2": 1.5717943108399999, "2018Q3": 1.56914178639, "2018Q4": 1.40709348135, "2018Q1": 1.90623503867, "2018Q2": 1.75365238961, "2014Q3": 2.54043673806, "2014Q4": 2.24555072, "2014Q1": 0, "2014Q2": 0, "2017Q3": 2.38479459082, "2017Q4": 1.9190394314600001, "2017Q1": 2.86507581809, "2017Q2": 2.44008982209, "2021Q3": 1.697745, "2021Q4": 1.7721224000000002, "2021Q1": 1.374365, "2021Q2": 1.2983707}