{"2022Q3": 0.5481921999999999, "2022Q4": 0.42565512, "2022Q1": 0.63525802, "2022Q2": 0.4917606499999999, "2020Q3": 0.925615757914, "2020Q4": 0.787894398906, "2020Q1": 0.853395305156, "2020Q2": 1.135733474883, "2023Q3": 0.5481921999999999, "2023Q1": 0.36277424999999996, "2023Q2": 0.43210444, "2016Q3": 1.616085761502, "2016Q4": 1.5950364708859999, "2016Q1": 1.4365079932279998, "2016Q2": 1.4397952116319999, "2015Q3": 1.1902644102789999, "2015Q4": 1.94527130801, "2015Q1": 1.450597661399, "2015Q2": 1.791435033118, "2019Q3": 0.9411275011449999, "2019Q4": 0.920390680083, "2019Q2": 0.996957007123, "2018Q2": 1.0899805477059998, "2014Q4": 0, "2017Q3": 1.2972191269939999, "2017Q4": 1.294055090602, "2017Q1": 1.6581853101319999, "2017Q2": 1.6278519009099999, "2021Q3": 0.55464152, "2021Q4": 0.5965621, "2021Q1": 0.6982153144419999, "2021Q2": 0.7142621899999999}