{"2022Q3": 1.0786621523389999, "2022Q4": 1.032181903099, "2022Q1": 1.032742349007, "2022Q2": 1.3094605812859998, "2020Q3": 1.1015170913219998, "2020Q4": 0.9508158308819998, "2020Q1": 0.919743329588, "2020Q2": 0.9446014273629999, "2023Q3": 1.41401341, "2023Q1": 1.256569224267, "2023Q2": 1.68972184, "2016Q3": 1.8949314632159997, "2016Q4": 1.83260813693, "2016Q1": 1.95227688186, "2016Q2": 2.061127698655, "2015Q3": 1.6395875672809999, "2015Q4": 2.519258208282, "2015Q1": 1.8147267522979997, "2015Q2": 2.3965473191079996, "2019Q3": 1.0906417642389998, "2019Q4": 0.9927636592589999, "2019Q1": 1.178921829962, "2019Q2": 1.098409808946, "2018Q3": 0.96665471587, "2018Q4": 0.91167909986, "2014Q4": 0, "2017Q3": 1.587242790132, "2017Q1": 1.7999623240219997, "2017Q2": 1.55144035755, "2021Q3": 1.14626505321, "2021Q4": 1.2187934609979998, "2021Q1": 0.935279741468, "2021Q2": 1.0737366454219999}