{"2022Q3": 6.797379151607999, "2022Q4": 7.287307817912, "2022Q1": 6.280166524468, "2022Q2": 7.57849226916, "2020Q3": 4.186673372872, "2020Q4": 4.2485977906359995, "2020Q1": 3.882004878068, "2020Q2": 4.421629048012, "2023Q3": 9.73027396, "2023Q1": 6.24736492046, "2023Q2": 8.35806521184, "2016Q4": 0, "2019Q3": 3.472428662308, "2019Q4": 4.71311558546, "2019Q1": 3.828586123284, "2019Q2": 2.83713704606, "2018Q3": 2.688124739904, "2018Q4": 3.0481151325519997, "2018Q2": 3.9171080690879996, "2017Q1": 0, "2017Q2": 5.472213435336, "2021Q3": 4.0567842075880005, "2021Q4": 8.960706112264, "2021Q1": 3.517591168872, "2021Q2": 4.967522048812}