{"2023Q2": 2.3259548702700004, "2023Q1": 2.66190929015, "2023Q3": 2.2165994, "2020Q2": 2.5441038694700002, "2020Q4": 2.12197716029, "2020Q1": 2.3055942758100003, "2020Q3": 2.2477031870900004, "2022Q2": 3.6052062212700005, "2022Q4": 2.37438057072, "2022Q1": 3.1312618103200003, "2022Q3": 2.5514377286900003, "2021Q2": 2.0381081308400004, "2021Q4": 3.84437968168, "2021Q1": 2.0982290167900004, "2021Q3": 2.94637961124, "2019Q2": 0}