{"2022Q3": 20.620670312604002, "2022Q4": 17.250838334363998, "2022Q1": 15.425847762792001, "2022Q2": 17.434815336636, "2020Q3": 19.977110364688, "2020Q4": 26.342258384696, "2020Q1": 4.651717417348, "2020Q2": 10.31520346906, "2023Q3": 21.7192232, "2023Q1": 19.328237727468, "2023Q2": 25.080899470503997, "2016Q4": 0, "2019Q3": 5.004917222052, "2019Q4": 6.357597414168, "2019Q1": 3.359082202084, "2019Q2": 3.130703330808, "2018Q3": 2.43570476442, "2018Q4": 2.364675313672, "2018Q2": 3.063127887196, "2017Q1": 0, "2017Q2": 0, "2021Q3": 21.927991564667998, "2021Q4": 26.33124525134, "2021Q1": 19.175603949979998, "2021Q2": 18.885439000928}