{"2017Q4": 2.854568270358, "2017Q3": 0, "2023Q2": 2.42465688, "2023Q1": 2.303712, "2016Q4": 0, "2020Q2": 2.2749156, "2020Q1": 1.936362660408, "2022Q2": 2.02582674, "2022Q4": 2.12229468, "2022Q1": 1.63851516, "2022Q3": 1.6629921, "2018Q2": 3.094632050634, "2018Q4": 2.246428617318, "2018Q1": 3.176858587032, "2018Q3": 2.432791575036, "2021Q2": 2.1194150400000002, "2021Q4": 1.9020022200000002, "2021Q1": 2.303712, "2021Q3": 1.87752528, "2019Q2": 2.256952549662, "2019Q4": 2.680130909754, "2019Q1": 2.479130453952, "2019Q3": 2.141540178012}