{"2022Q3": 1.419813505464, "2022Q4": 1.384699935072, "2022Q1": 1.837174714972, "2022Q2": 1.634686335112, "2020Q3": 1.741869772108, "2020Q4": 2.3732976284, "2020Q1": 1.371722466836, "2020Q2": 1.72590288982, "2023Q3": 1.29509776, "2023Q1": 1.519047892668, "2023Q2": 1.235085160592, "2016Q4": 0, "2019Q3": 1.5388415099880002, "2019Q4": 1.5662312784519998, "2019Q2": 1.577491502828, "2018Q1": 2.6653688188320004, "2018Q2": 1.9717197257199999, "2017Q1": 0, "2017Q2": 3.23731295894, "2021Q3": 2.5037601378, "2021Q4": 2.40916687904, "2021Q1": 2.656351313388, "2021Q2": 2.669297798424}