{"2022Q3": 1.42152848, "2022Q4": 1.59217452, "2022Q1": 1.6908048000000002, "2022Q2": 1.44970856, "2020Q3": 0.99256504, "2020Q4": 1.31820152, "2020Q1": 0.60117504, "2020Q2": 0.6293551199999999, "2023Q3": 1.09119532, "2023Q1": 1.41056956, "2023Q2": 1.4011761999999999, "2016Q3": 1.06771192, "2016Q4": 1.04735964, "2016Q1": 1.0097862, "2016Q2": 1.02700736, "2015Q3": 1.08649864, "2015Q4": 1.19452228, "2015Q1": 1.26340692, "2015Q2": 1.20861232, "2019Q3": 0.7514687999999999, "2019Q4": 0.6825841600000001, "2019Q2": 1.00508952, "2018Q1": 0.7906078, "2018Q2": 0.62309288, "2013Q3": 0.7154609200000001, "2013Q4": 0.56047048, "2013Q1": 0.28649748, "2013Q2": 0.25205516, "2014Q3": 0.6606663199999999, "2014Q4": 0.7530343599999999, "2014Q1": 0.51820036, "2014Q2": 0.49628252, "2012Q3": 0.30998088, "2012Q4": 0.31467755999999997, "2012Q2": 0.352251, "2017Q1": 0.97221276, "2017Q2": 0.90645924, "2021Q3": 1.8379674400000001, "2021Q4": 1.9773022800000002, "2021Q1": 1.8238774, "2021Q2": 1.99765456, "2011Q4": 0}