{"2022Q3": 7.488664094782, "2022Q4": 7.9010283573910005, "2022Q1": 11.119393364456, "2022Q2": 9.712609942152, "2020Q3": 24.580888203456, "2020Q4": 24.308965031884, "2020Q1": 40.610470764357004, "2020Q2": 34.834255218204, "2023Q3": 9.632329200000001, "2023Q1": 8.944530844782001, "2023Q2": 7.27933375, "2016Q3": 0, "2016Q4": 15.737942389195, "2016Q2": 0, "2015Q4": 0, "2019Q3": 31.674854703206, "2019Q4": 32.126467559485, "2019Q2": 21.539153829622002, "2018Q1": 14.144140055487002, "2018Q2": 9.980570323125999, "2017Q1": 14.523207937264, "2017Q2": 15.42689606458, "2021Q3": 17.373855629299, "2021Q4": 16.901790756916, "2021Q1": 17.512456504764, "2021Q2": 20.330142271842}