{"2017Q2": 1.64049008593, "2017Q1": 1.97373576297, "2017Q3": 1.6362508975099999, "2023Q2": 6.28327356169, "2023Q1": 5.99233779202, "2023Q3": 5.2775616, "2016Q2": 2.23568633648, "2016Q4": 2.18525732745, "2016Q1": 2.00616657303, "2016Q3": 2.0549824009299997, "2015Q2": 3.36997143744, "2015Q4": 2.51672635477, "2015Q1": 2.74411940965, "2015Q3": 1.88130147053, "2020Q2": 1.18680508507, "2020Q4": 1.6945774929, "2020Q1": 1.2597009196, "2020Q3": 1.4226640666600001, "2022Q2": 2.80384155143, "2022Q4": 4.97348140347, "2022Q1": 2.1937323088, "2022Q3": 4.49345839513, "2018Q4": 1.07939926877, "2018Q3": 1.21001810992, "2021Q2": 2.6786789393299997, "2021Q4": 3.2370554664599998, "2021Q1": 2.23389788339, "2021Q3": 2.82553954098, "2019Q2": 1.34768922211, "2019Q4": 1.3022287850899998, "2019Q1": 1.54158884025, "2019Q3": 1.3139605264199998, "2013Q4": 0, "2014Q2": 0, "2014Q4": 2.1105428038, "2014Q1": 0, "2014Q3": 0}