{"2022Q3": 16.226206386922, "2022Q4": 12.284814851106, "2022Q1": 15.269265788728, "2022Q2": 17.471868416716, "2020Q3": 4.102456377446, "2020Q4": 4.856146175006001, "2020Q1": 3.5424161258080002, "2020Q2": 3.9703067157740004, "2023Q3": 9.05872114, "2023Q1": 12.295183420435999, "2023Q2": 10.499778630138001, "2016Q4": 0, "2019Q3": 4.654636940128, "2019Q4": 4.240251657264, "2019Q2": 4.753122828524, "2018Q1": 6.59769633579, "2018Q2": 7.127664062498, "2017Q2": 0, "2021Q3": 26.189016687862, "2021Q4": 19.255472427030004, "2021Q1": 6.462276327332001, "2021Q2": 11.221779998464001}