{"2022Q3": 1.1096596, "2022Q4": 1.03168352, "2022Q1": 1.4800459799999999, "2022Q2": 1.24911682, "2020Q3": 1.242798358256, "2020Q4": 1.193974085626, "2020Q1": 1.4132438722640002, "2020Q2": 1.11112090173, "2023Q3": 1.6554921599999999, "2023Q1": 1.24161912, "2023Q2": 1.6719871000000002, "2016Q4": 0, "2019Q3": 1.490066356142, "2019Q4": 1.3958499580340002, "2019Q1": 1.888264404614, "2019Q2": 1.58718136507, "2018Q3": 1.603223893852, "2018Q4": 1.5229598157200002, "2018Q2": 1.862538596282, "2017Q2": 0, "2021Q3": 1.39007358, "2021Q4": 1.8069457000000002, "2021Q1": 1.1673427050879999, "2021Q2": 1.24161912}