{"2022Q3": 10.812439755570002, "2022Q4": 10.39205940902, "2022Q1": 10.260910953060002, "2022Q2": 11.796815115790002, "2020Q3": 14.290817858480002, "2020Q4": 17.67970798553, "2020Q1": 9.08343387394, "2020Q2": 10.967166743709999, "2023Q3": 6.035471300000001, "2023Q1": 9.992565065890002, "2023Q2": 7.443059182260001, "2016Q3": 2.0906488117800004, "2016Q4": 2.0197211414100003, "2016Q1": 2.06535416586, "2016Q2": 2.09340345871, "2015Q3": 2.11042876226, "2015Q4": 2.37818460625, "2015Q1": 1.89448693894, "2015Q2": 2.14877537303, "2019Q3": 7.976034669560001, "2019Q4": 7.80187009579, "2019Q2": 7.61972198678, "2018Q1": 3.99866511992, "2018Q2": 5.27295392303, "2013Q3": 0, "2013Q4": 0, "2013Q2": 0, "2014Q3": 1.38229418956, "2014Q4": 1.47103484094, "2014Q1": 1.2124545338000001, "2014Q2": 1.24605315575, "2017Q3": 3.33856106427, "2017Q1": 2.39708505241, "2017Q2": 2.87289625405, "2021Q3": 12.911235897560001, "2021Q4": 12.337271473650002, "2021Q1": 14.088049853300001, "2021Q2": 15.135489772110002}