{"2022Q3": 19.485713966530003, "2022Q4": 15.995899871170002, "2022Q1": 20.25096056322, "2022Q2": 21.240898148530004, "2020Q3": 13.38385071068, "2020Q4": 20.238456493850002, "2020Q1": 5.25669012365, "2020Q2": 6.798021438630001, "2023Q3": 9.841128900000001, "2023Q1": 12.169280175400003, "2023Q2": 10.383353477030001, "2019Q4": 5.759573559550001, "2021Q3": 23.804257492960005, "2021Q4": 28.287654795900004, "2021Q1": 20.390921642250003, "2021Q2": 20.16583137952}