{"2017Q2": 1.6364011195019998, "2017Q1": 1.6827035287429997, "2023Q2": 1.6816601899999999, "2023Q1": 2.1245711105919995, "2023Q3": 1.60749301, "2016Q2": 1.642047821628, "2016Q4": 2.102814813271, "2016Q1": 1.586902749735, "2016Q3": 1.6454353269579998, "2015Q2": 1.8488568762039999, "2015Q4": 2.178266859048, "2015Q1": 1.2529935600259998, "2015Q3": 1.2614273357899999, "2020Q2": 3.9104279656089997, "2020Q4": 1.5413697443699999, "2020Q1": 5.580130955096, "2020Q3": 3.990232657454, "2022Q2": 1.770475871749, "2022Q4": 1.4083331714099998, "2022Q1": 2.02247773006, "2022Q3": 1.400285387448, "2018Q2": 1.0475574044449998, "2018Q1": 1.5288674150839998, "2021Q2": 1.8469077304669996, "2021Q4": 2.097722268966, "2021Q1": 1.7260605335399999, "2021Q3": 1.6439760070749998, "2019Q2": 4.745262772737, "2019Q4": 6.2634128690779995, "2019Q3": 5.113222276017, "2014Q4": 0}