{"2017Q2": 0, "2017Q1": 0, "2023Q2": 2.28965848, "2023Q1": 2.21220048, "2023Q3": 2.12389836, "2016Q4": 0, "2020Q2": 1.677930361932, "2020Q4": 1.546065088152, "2020Q1": 1.8944377102960002, "2020Q3": 1.55647126062, "2022Q2": 1.8899751999999999, "2022Q4": 1.80322224, "2022Q1": 2.0346782077839998, "2022Q3": 1.6947810399999998, "2018Q2": 1.7288603911759999, "2018Q4": 1.5041595355719999, "2018Q3": 1.525706182348, "2021Q2": 1.4899731028719998, "2021Q4": 1.9451582931079998, "2021Q1": 1.4003783637679998, "2021Q3": 1.626528768384, "2019Q2": 1.726852989648, "2019Q4": 1.7018710805719999, "2019Q1": 1.762719296884, "2019Q3": 1.674807875036}