{"2022Q3": 2.5995359999999996, "2022Q4": 2.69328, "2022Q1": 2.848032, "2022Q2": 2.845056, "2020Q3": 6.309119999999999, "2020Q4": 4.18128, "2020Q1": 0, "2020Q2": 5.087471999999999, "2023Q1": 2.517696, "2023Q2": 2.7527999999999997, "2019Q4": 0, "2021Q3": 3.5087039999999994, "2021Q4": 3.334608, "2021Q1": 4.443167999999999, "2021Q2": 4.087535999999999}