{"2022Q3": 5.72699616, "2022Q4": 4.54032128, "2022Q1": 3.6003328899999993, "2022Q2": 4.527422639999999, "2020Q3": 1.50125981096, "2020Q4": 1.6678883120719998, "2020Q1": 1.3105982413339998, "2020Q2": 1.414741054529, "2023Q3": 3.17306544, "2023Q1": 4.317819901232999, "2023Q2": 3.9647194699999995, "2016Q3": 3.845641482782, "2016Q4": 3.7980527566669995, "2016Q1": 3.7694314806719995, "2016Q2": 4.185562406129, "2015Q3": 0, "2015Q4": 4.748785230088, "2015Q2": 0, "2019Q3": 1.381094952089, "2019Q4": 1.6278333591149998, "2019Q1": 1.716640817981, "2019Q2": 1.779584568851, "2018Q4": 1.262303314679, "2014Q4": 0, "2017Q3": 2.374981760426, "2017Q4": 1.796023079366, "2017Q1": 3.945351678341, "2017Q2": 2.4386784694059997, "2021Q3": 1.5720217499999998, "2021Q4": 3.1891889012329995, "2021Q1": 1.425956422009, "2021Q2": 1.4676137085199998}