{"2022Q3": 1.82494018, "2022Q4": 2.0093836, "2022Q1": 1.8474332800000002, "2022Q2": 1.9419043, "2020Q3": 1.83093834, "2020Q4": 1.70347744, "2020Q1": 2.153518035214, "2020Q2": 2.286816794388, "2023Q3": 1.9464029200000001, "2023Q1": 1.83843604, "2023Q2": 2.1143514, "2019Q3": 1.7995352732279999, "2019Q4": 1.898768982222, "2019Q1": 2.038492820434, "2019Q2": 1.814346379762, "2018Q3": 2.349523808338, "2018Q4": 2.285273167912, "2018Q2": 3.063580013928, "2017Q2": 0, "2021Q3": 1.88792086, "2021Q4": 1.9568997000000001, "2021Q1": 1.7109751400000002, "2021Q2": 1.51153632}