{"2022Q3": 0.8550465, "2022Q4": 1.04722838, "2022Q1": 1.09283086, "2022Q2": 0.9771960000000001, "2020Q3": 2.826736660726, "2020Q4": 2.608466090516, "2020Q1": 1.9528174115120003, "2020Q2": 2.231208499828, "2023Q3": 0.9201929000000001, "2023Q1": 1.33387254, "2023Q2": 1.3094426399999999, "2016Q3": 3.894828338192, "2016Q4": 3.7285800999700003, "2016Q1": 3.6618470593980006, "2016Q2": 4.201463648228001, "2015Q3": 0, "2015Q4": 0, "2015Q2": 0, "2019Q3": 2.9205732095540005, "2019Q4": 2.430704854754, "2019Q2": 2.034018164596, "2018Q1": 3.4754384533660003, "2018Q2": 1.8219586521620001, "2017Q3": 2.945555062428, "2017Q4": 3.7231525905200007, "2017Q1": 3.598351794906, "2017Q2": 3.5005823579100004, "2021Q3": 1.2931560400000002, "2021Q4": 1.4609080200000002, "2021Q1": 1.88763485526, "2021Q2": 1.74103754}