{"2022Q3": 1.1153952, "2022Q4": 1.1153952, "2022Q1": 1.1463784000000001, "2022Q2": 1.4097355999999999, "2020Q3": 1.1386326, "2020Q4": 1.0472321599999999, "2020Q1": 1.11074772, "2020Q2": 1.0921578, "2023Q3": 1.49648856, "2023Q1": 1.38804736, "2023Q2": 1.626618, "2016Q4": 0, "2019Q3": 1.24862296, "2019Q4": 1.16032084, "2019Q2": 1.38339988, "2018Q1": 1.5429633600000001, "2018Q2": 1.52282428, "2017Q1": 0, "2017Q2": 0, "2021Q4": 1.07821536}