{"2023Q2": 6.338840227545001, "2023Q1": 7.344430506476001, "2023Q3": 5.93409992, "2020Q2": 2.745445585512, "2020Q4": 3.9364311973350006, "2020Q1": 2.4366775862940004, "2020Q3": 3.3790100407280006, "2022Q2": 7.738800219584, "2022Q4": 8.329765153388001, "2022Q1": 5.613518155567, "2022Q3": 10.329372039021, "2018Q2": 5.179743290001, "2021Q2": 5.053321123403, "2021Q4": 8.433270923497, "2021Q1": 3.1060456540190002, "2021Q3": 4.05709534188, "2019Q2": 2.617541055206, "2019Q4": 3.466320130889, "2019Q1": 3.4035908303110003, "2019Q3": 2.617541055206}