{"2022Q3": 1.8074671999999998, "2022Q4": 1.9543239099999998, "2022Q1": 2.23189923, "2022Q2": 2.23028542, "2020Q3": 2.8241674999999997, "2020Q4": 2.6353517299999996, "2020Q1": 2.4223288099999998, "2020Q2": 3.1017428199999997, "2023Q3": 1.80908101, "2023Q1": 2.097953, "2023Q2": 2.06083537, "2016Q4": 0, "2019Q3": 1.775191, "2019Q4": 1.75098385, "2019Q2": 1.94948248, "2018Q1": 2.23512685, "2018Q2": 2.72411128, "2017Q3": 2.05276632, "2017Q1": 0, "2017Q2": 0, "2021Q3": 1.99951059, "2021Q4": 2.18671255, "2021Q1": 2.61598601, "2021Q2": 2.44976358}