{"2023Q2": 1.5460319999999999, "2023Q1": 1.7184657551999998, "2023Q3": 1.6754879999999999, "2020Q4": 2.1843860831999997, "2022Q2": 1.6630313567999997, "2022Q4": 1.543634088, "2022Q1": 1.6876132656, "2022Q3": 1.579169016, "2021Q2": 2.0350227264, "2021Q4": 1.9498868063999997, "2021Q1": 2.1509035536, "2021Q3": 1.8702435408}