{"2022Q3": 1.255407990116, "2022Q4": 1.620947107066, "2022Q1": 1.266065220896, "2022Q2": 1.270328113208, "2020Q3": 2.1593226046000003, "2020Q4": 1.6818312801920001, "2020Q1": 2.116312648366, "2020Q2": 2.360930209302, "2023Q3": 4.45963196, "2023Q1": 1.967303358566, "2023Q2": 2.816136269954, "2016Q4": 0, "2019Q3": 2.116312648366, "2019Q4": 2.3018060462739998, "2019Q1": 2.3266918122980003, "2019Q2": 2.053006268278, "2018Q3": 1.5320507769700002, "2018Q4": 1.7866585732940001, "2018Q2": 1.639176564984, "2017Q2": 1.7934445916100001, "2021Q3": 1.724275010122, "2021Q4": 1.65185277642, "2021Q1": 1.837811631544, "2021Q2": 1.5799664783140002}