{"2022Q3": 2.7401009094799997, "2022Q4": 3.119475041518, "2022Q1": 6.586127575907001, "2022Q2": 4.482352594951, "2020Q3": 8.800301523772, "2020Q4": 7.323016783532999, "2020Q1": 4.667792919955, "2020Q2": 9.350946890394999, "2023Q3": 2.49495026, "2023Q1": 3.027022448714, "2023Q2": 2.6918350799999997, "2016Q3": 2.538698389766, "2016Q4": 2.595595036507, "2016Q1": 2.1246499360680002, "2016Q2": 2.870869386209, "2015Q4": 0, "2019Q3": 2.674998523032, "2019Q4": 3.3635334643899997, "2019Q1": 1.661346064598, "2019Q2": 1.828179160302, "2018Q3": 1.165463565134, "2018Q4": 1.478121500724, "2018Q2": 1.2002034074799999, "2017Q1": 2.184310071053, "2017Q2": 1.7178237662629998, "2021Q3": 5.575978698983, "2021Q4": 7.279344825599001, "2021Q1": 6.523192052146, "2021Q2": 6.904178864517}