{"2022Q3": 3.9726439059280003, "2022Q4": 3.9114322566799995, "2022Q1": 4.472856670892, "2022Q2": 5.076433728704, "2020Q3": 7.148533290532, "2020Q4": 8.340494794036001, "2020Q2": 5.223358696676, "2023Q3": 2.74666068, "2023Q1": 3.767584849964, "2023Q2": 3.296254159292, "2019Q1": 3.7127741749200003, "2019Q2": 2.8163962723159996, "2018Q2": 0, "2017Q4": 0, "2021Q3": 6.455387209672001, "2021Q4": 7.545475331912, "2021Q1": 7.69376913766, "2021Q2": 7.695988774108}