{"2022Q3": 1.184351409388, "2022Q4": 1.158538666372, "2022Q1": 1.416055100212, "2022Q2": 1.281528831164, "2020Q3": 1.424364804456, "2020Q4": 1.1723166333880002, "2020Q1": 1.424928433132, "2020Q2": 1.421850616316, "2023Q3": 1.3207395200000003, "2023Q1": 1.2997497906120001, "2023Q2": 1.272909, "2016Q3": 0, "2016Q4": 0, "2019Q3": 1.6588260019040002, "2019Q4": 1.5859893774640001, "2019Q2": 1.5706012191360001, "2018Q1": 1.568970969864, "2018Q2": 1.305991056304, "2017Q3": 1.9575587662880003, "2017Q4": 1.8613739049480003, "2017Q1": 2.5799145262040004, "2017Q2": 2.411552793016}