{"2022Q3": 0.88355684, "2022Q4": 0.92547742, "2022Q1": 1.2166661527959999, "2022Q2": 1.0387723019739998, "2020Q3": 1.2781523573459999, "2020Q4": 1.33872082366, "2020Q1": 1.091609645938, "2020Q2": 1.225349033545, "2023Q3": 0.8319622799999999, "2023Q1": 0.8900061599999999, "2023Q2": 0.74973345, "2016Q3": 1.6583067185809999, "2016Q4": 1.525743364476, "2016Q1": 1.470172153764, "2016Q2": 1.474445473196, "2015Q3": 1.286838946454, "2015Q4": 1.7476765581509999, "2015Q1": 0, "2015Q2": 1.669033872537, "2019Q3": 0.878579738523, "2019Q4": 0.7988450217999999, "2019Q1": 0.9241216117029999, "2019Q2": 0.7967772085749999, "2018Q3": 0.7652426135029998, "2018Q4": 0.7215144503400001, "2018Q2": 0.861444701448, "2014Q4": 0, "2017Q1": 1.50999863956, "2017Q2": 1.139766718378, "2021Q3": 1.3484981540129999, "2021Q4": 1.5867486109869997, "2021Q1": 1.3759938624349999, "2021Q2": 1.3786766183219998}