{"2022Q3": 17.25820586, "2022Q4": 17.7395582, "2022Q1": 14.14965944, "2022Q2": 17.49663272, "2020Q3": 10.747203180000001, "2020Q4": 13.27992624, "2020Q1": 8.54287938, "2020Q2": 13.431379779999999, "2023Q3": 15.175344800000001, "2023Q1": 19.2615913, "2023Q2": 16.78884984, "2016Q4": 0, "2019Q3": 6.02215264, "2019Q4": 6.531996240000001, "2019Q2": 4.909493960000001, "2018Q1": 2.26730448, "2018Q2": 3.1265409, "2017Q2": 0, "2021Q3": 13.02050582, "2021Q4": 15.634204040000002, "2021Q1": 11.88835312, "2021Q2": 14.7629713}