{"2022Q3": 0.645996, "2022Q4": 0.70736562, "2022Q1": 0.8462547600000001, "2022Q2": 0.74774037, "2020Q3": 1.25367151728, "2020Q4": 1.013151864075, "2020Q1": 1.8019601377830001, "2020Q2": 1.643326130043, "2023Q3": 0.76066029, "2023Q1": 0.6944456999999999, "2023Q2": 0.7493553599999999, "2016Q3": 2.287843606698, "2016Q4": 2.3522755707360004, "2016Q1": 2.321965438416, "2016Q2": 2.4514798844640002, "2015Q3": 0, "2015Q4": 0, "2019Q3": 0.962585558181, "2019Q4": 1.461590013351, "2019Q1": 1.491295493415, "2019Q2": 1.142781620409, "2018Q3": 1.522581402693, "2018Q4": 1.647725201304, "2018Q2": 1.3542333916020002, "2017Q1": 2.027047592544, "2017Q2": 2.063486288916, "2021Q3": 0.89631945, "2021Q4": 1.05297348, "2021Q1": 0.9231990205620001, "2021Q2": 1.05620346}