{"2022Q3": 1.8632254085830002, "2022Q4": 2.235870424832, "2022Q1": 2.4649724906730004, "2022Q2": 1.9771342861820003, "2020Q3": 1.9132056657890002, "2020Q4": 1.482734427812, "2020Q1": 1.7680420649430002, "2020Q2": 1.9291491540860002, "2023Q3": 2.01803877, "2023Q1": 2.719169596946, "2023Q2": 2.40102423, "2016Q3": 2.360009269607, "2016Q4": 3.049317466338, "2016Q1": 2.1535650491190004, "2016Q2": 2.326173813568, "2015Q3": 1.3946931083250003, "2015Q4": 3.297772900422, "2015Q1": 1.915168875444, "2015Q2": 1.9995034194190002, "2019Q3": 1.813658906609, "2019Q4": 1.782198942436, "2019Q2": 1.5808562846779999, "2018Q1": 1.904393072153, "2018Q2": 1.5551502678690001, "2014Q3": 0, "2014Q4": 0.7956351079050001, "2014Q2": 0, "2017Q1": 3.1855561966140002, "2017Q2": 1.6443428351020002, "2021Q3": 1.353634939316, "2021Q4": 1.4440926679190003, "2021Q1": 1.5496964894510001, "2021Q2": 1.535347628221}