{"2022Q3": 1.05137188, "2022Q4": 1.03248496, "2022Q1": 1.37874516, "2022Q2": 1.16941513, "2020Q3": 2.35142154, "2020Q4": 1.81157041, "2020Q1": 1.4432754700000001, "2020Q2": 1.9123006500000002, "2023Q3": 1.19774551, "2023Q1": 1.26070191, "2023Q2": 1.1048848199999999, "2016Q3": 0, "2016Q4": 0, "2016Q2": 0, "2015Q4": 0, "2019Q3": 1.33310177, "2019Q4": 1.63529249, "2019Q1": 1.5131891817640002, "2019Q2": 1.24811063, "2018Q3": 1.706914051505, "2018Q4": 1.163874337236, "2018Q2": 2.2179204477170003, "2017Q1": 4.503873155184, "2017Q2": 5.0101128075700005, "2021Q3": 1.9217441100000001, "2021Q4": 1.90285719, "2021Q1": 1.41179727, "2021Q2": 1.4322580999999999}