{"2022Q3": 2.9133074100000003, "2022Q4": 2.81572499, "2022Q1": 2.2506913, "2022Q2": 3.21864595, "2020Q3": 1.44484938, "2020Q4": 1.22607589, "2020Q1": 1.50937969, "2020Q2": 1.57863173, "2023Q3": 2.56389939, "2023Q1": 2.5371429200000004, "2023Q2": 2.360865, "2016Q3": 0, "2016Q4": 0, "2016Q2": 0, "2015Q4": 0, "2019Q3": 1.32995395, "2019Q4": 1.29532793, "2019Q1": 1.59751865, "2019Q2": 1.35671042, "2018Q3": 1.3173626699999998, "2018Q4": 1.1316412900000001, "2018Q2": 1.47160585, "2017Q1": 3.06125495, "2017Q2": 2.28531732, "2021Q3": 1.22450198, "2021Q4": 1.9673875, "2021Q1": 1.13951084, "2021Q2": 1.13006738}