{"2022Q3": 1.156918802732, "2022Q4": 1.3087643224880001, "2022Q1": 1.282305089142, "2022Q2": 1.307503059394, "2020Q3": 1.198296959538, "2020Q4": 1.161363139384, "2020Q1": 1.15741320107, "2020Q2": 1.182954266074, "2023Q3": 1.42606254, "2023Q1": 1.3087643224880001, "2023Q2": 1.38107184138, "2016Q4": 0, "2019Q3": 1.498856659622, "2019Q4": 1.338889181364, "2019Q2": 1.555884615684, "2018Q1": 2.354165034592, "2018Q2": 2.405514232674, "2017Q2": 0}