{"2017Q2": 0, "2023Q2": 5.731242029954001, "2023Q1": 5.111868429458, "2023Q3": 4.39215266, "2016Q4": 0, "2020Q2": 3.725157717862, "2020Q4": 4.063972782702, "2020Q1": 2.157136425234, "2020Q3": 3.926566333606, "2022Q2": 8.644394189242, "2022Q4": 5.3146635198859995, "2022Q1": 7.140761794628, "2022Q3": 5.715132621688, "2018Q2": 2.27908561601, "2018Q1": 1.407503033328, "2021Q2": 6.940572304904, "2021Q4": 8.160507776596, "2021Q1": 3.435157778458, "2021Q3": 8.739227348152, "2019Q2": 1.690475828384, "2019Q4": 3.061336252226, "2019Q3": 1.8407564281960003}