{"2022Q3": 18.104118852729002, "2022Q4": 16.836946684915, "2022Q1": 17.702511657040002, "2022Q2": 19.729215808680003, "2020Q3": 17.158957249385, "2020Q4": 18.80407976034, "2020Q1": 7.176849521541, "2020Q2": 14.932440282655001, "2023Q3": 10.743217590000002, "2023Q1": 15.833887543467, "2023Q2": 12.932214729364, "2019Q3": 4.605503721336, "2019Q4": 5.737182156006001, "2019Q1": 5.702803859718001, "2019Q2": 4.989415309130001, "2018Q2": 0, "2021Q3": 13.091283735698001, "2021Q4": 19.391615312768998, "2021Q1": 17.513534380664, "2021Q2": 15.535738505735}