{"2022Q3": 1.506376862681, "2022Q4": 1.639969850724, "2022Q1": 2.191617112681, "2022Q2": 1.990075862681, "2020Q3": 1.2357356634049999, "2020Q4": 1.4303669507239998, "2020Q1": 2.047856610425, "2020Q2": 1.5036791121249997, "2023Q3": 1.7800123199999998, "2023Q1": 1.7309513753619998, "2023Q2": 1.8267698899999998, "2016Q3": 3.5147415457849998, "2016Q4": 4.071747064030999, "2016Q1": 2.7553360505809996, "2016Q2": 3.5147415457849998, "2015Q3": 1.6839677566959999, "2015Q4": 3.4977161471499993, "2015Q1": 0, "2015Q2": 2.4376920459119997, "2019Q3": 1.7004112654339998, "2019Q4": 1.7521828592679998, "2019Q1": 1.3368592274419997, "2019Q2": 1.403587116822, "2018Q3": 1.011273046426, "2018Q4": 1.044636991116, "2018Q2": 1.0250787832839998, "2014Q4": 0, "2017Q1": 2.930285464357, "2017Q2": 2.059664347947, "2021Q3": 1.4672203, "2021Q4": 2.6741644253619996, "2021Q1": 1.5259550634049999, "2021Q2": 1.4626135507239997}