{"2023Q2": 9.935876246307, "2023Q1": 8.785648648361, "2023Q3": 11.06859689, "2010Q4": 0, "2020Q2": 11.127228846238, "2020Q4": 9.985711246506002, "2020Q3": 10.356370865956, "2022Q2": 9.232503587465, "2022Q4": 9.871296828532, "2022Q1": 7.290346237852, "2022Q3": 8.145356556853, "2012Q4": 0, "2012Q1": 0, "2021Q2": 11.233084345767, "2021Q4": 11.947240984757002, "2021Q1": 10.344558363777, "2021Q3": 8.428533277271, "2011Q4": 0, "2011Q3": 0, "2013Q3": 0}