{"2022Q3": 1.405099892556, "2022Q4": 1.502538991146, "2022Q1": 1.69294539537, "2022Q2": 1.856991431052, "2020Q3": 1.89796568463, "2020Q4": 1.554588628128, "2020Q1": 0.806242039146, "2020Q2": 0.9970705985939999, "2023Q3": 1.47005622, "2023Q1": 1.6494037987499999, "2023Q2": 1.61691786, "2016Q4": 0, "2019Q3": 0.7219967311259999, "2019Q4": 0.704999800008, "2019Q1": 0.874754578008, "2019Q2": 0.76633627599, "2018Q4": 0.7597227507840001, "2018Q2": 1.043979502248, "2021Q3": 1.7121831183540002, "2021Q4": 2.198477571948, "2021Q1": 1.491473398518, "2021Q2": 1.4129253142559999}