{"2022Q3": 9.77570292, "2022Q4": 9.96464752, "2022Q1": 12.94415852, "2022Q2": 13.06043212, "2020Q3": 10.319282, "2020Q4": 10.354164079999999, "2020Q2": 12.952879040000001, "2023Q3": 8.9312659, "2023Q1": 13.03863082, "2023Q2": 10.55037578}