{"2022Q3": 2.6372242369070005, "2022Q4": 2.928259240218, "2022Q1": 2.614572052014, "2022Q2": 2.629761857424, "2020Q1": 2.244011783351, "2023Q3": 2.9164552300000004, "2023Q1": 3.038703180565, "2023Q2": 2.8865509400000002, "2016Q3": 0, "2016Q4": 2.072889992511, "2016Q2": 0, "2015Q4": 0, "2019Q3": 2.3285974841350003, "2019Q1": 2.8861909867830002, "2019Q2": 3.295114682132, "2018Q4": 2.123091425871, "2017Q3": 2.519057277581, "2017Q4": 2.3934595743630003, "2017Q1": 3.444276336306, "2017Q2": 2.324736840296, "2021Q3": 2.681972229508, "2021Q4": 3.3068296090439997, "2021Q1": 2.33986274496, "2021Q2": 2.447475378608}