{"2022Q3": 2.37285512508, "2022Q4": 2.329712458916, "2022Q1": 1.884550877728, "2022Q2": 2.693344604384, "2020Q3": 1.97841842752, "2020Q4": 1.753145318672, "2020Q1": 1.3100731597480002, "2020Q2": 1.6244181144440002, "2023Q3": 2.13540128, "2023Q1": 2.3327941330320003, "2023Q2": 2.57359056, "2016Q3": 0, "2016Q4": 3.1500569475680003, "2015Q4": 0, "2019Q3": 1.650486056428, "2019Q4": 1.594323614136, "2019Q1": 1.4375362496200002, "2019Q2": 1.5244072743800001, "2018Q3": 1.346187825312, "2018Q4": 1.2941028577040001, "2018Q2": 1.477601407552, "2017Q1": 2.8540468198160003, "2017Q2": 2.012406332156, "2021Q3": 1.511326861496, "2021Q4": 2.2639183385240003, "2021Q1": 1.47117113416, "2021Q2": 1.3945980203560002}