{"2022Q3": 0.83499724, "2022Q4": 0.94034012, "2022Q1": 0.9689453593999999, "2022Q2": 1.05962544, "2020Q3": 0.8755790353599999, "2020Q4": 0.902940764028, "2020Q1": 1.419962844488, "2020Q2": 1.057149262656, "2023Q3": 1.12159184, "2023Q1": 0.94963508, "2023Q2": 1.05033048, "2016Q4": 0, "2019Q3": 0.668964003092, "2019Q4": 1.0317775849239998, "2019Q1": 0.715051513092, "2019Q2": 0.678267018724, "2018Q3": 0.596776865076, "2018Q4": 0.584769171, "2018Q2": 0.724057399836, "2017Q1": 0, "2017Q2": 1.37419089838, "2021Q3": 0.9581103794439999, "2021Q4": 1.23052954578, "2021Q1": 0.797062339416, "2021Q2": 1.088128744672}