{"2022Q3": 1.54271798424, "2022Q4": 1.52628866676, "2022Q1": 1.67497492356, "2022Q2": 1.7940875165999999, "2020Q3": 2.16800696448, "2020Q4": 1.9165989311999998, "2020Q1": 1.3000199166, "2020Q2": 1.99189169388, "2023Q3": 1.6557047999999999, "2023Q1": 1.70208287604, "2023Q2": 1.9008783280800001, "2016Q3": 2.8168436361599998, "2016Q4": 3.31781116284, "2016Q1": 2.4132740184, "2016Q2": 2.5390167012, "2015Q3": 1.61112123036, "2015Q4": 2.8528033302, "2015Q1": 1.99478835108, "2015Q2": 2.8055898007200004, "2019Q3": 1.44898063704, "2019Q4": 1.45349449812, "2019Q1": 1.77694684092, "2019Q2": 1.63706209272, "2018Q3": 1.69968805272, "2018Q4": 1.45916636112, "2018Q2": 1.29061792584, "2013Q4": 0, "2014Q3": 0, "2014Q4": 1.81044511992, "2017Q1": 3.37103265348, "2017Q2": 3.0522959298, "2021Q4": 2.65871639196}