{"2022Q3": 3.4015110095999996, "2022Q4": 4.009239969599999, "2022Q1": 2.8168174799999997, "2022Q2": 2.9648907407999996, "2020Q4": 3.0026421936, "2023Q3": 4.289903999999999, "2023Q1": 5.071290446399999, "2023Q2": 4.530960148799999, "2021Q1": 3.1418719727999997, "2021Q2": 3.3369892464}