{"2022Q3": 0.96586792, "2022Q4": 0.99209756, "2022Q1": 1.2135153746440002, "2022Q2": 1.11839790536, "2020Q1": 1.0571199118080001, "2020Q2": 1.068123862956, "2023Q3": 0.99672632, "2023Q1": 1.00598384, "2023Q2": 0.9689537600000001, "2016Q3": 0, "2016Q4": 3.6036373174440004, "2015Q4": 0, "2019Q3": 1.5961811355240003, "2019Q4": 1.323150178208, "2019Q1": 2.015443724468, "2019Q2": 1.7319966685240002, "2018Q4": 1.5896646129040002, "2017Q3": 3.163846486484, "2017Q4": 3.823938829468, "2017Q1": 3.2339134152320006, "2017Q2": 2.9512385907480003, "2021Q3": 1.13527359286, "2021Q4": 1.1966396871440002, "2021Q2": 1.113795375}