{"2022Q3": 0.7590177298389998, "2022Q4": 0.941566377371, "2022Q1": 0.9748048827869998, "2022Q2": 0.847089482526, "2020Q1": 0.890816033359, "2020Q2": 0.933161139848, "2023Q3": 0.97868431, "2023Q1": 1.036043272216, "2023Q2": 1.119311087668, "2016Q3": 2.5384775043479997, "2016Q4": 2.264318362245, "2016Q1": 2.427493252497, "2016Q2": 2.3886551249909997, "2015Q3": 0, "2015Q4": 3.7711124959299993, "2019Q3": 0.8861110931859999, "2019Q4": 1.151160248323, "2019Q1": 0.9825592226889999, "2019Q2": 0.8767010516069998, "2018Q3": 0.7982318527009998, "2018Q4": 0.756055234697, "2017Q3": 1.582536882561, "2017Q1": 2.0650708129029995, "2017Q2": 1.7237239449039998, "2021Q3": 0.7731757608019999, "2021Q4": 0.8700211684169998, "2021Q2": 0.8287427794559998}