{"2023Q2": 3.1992, "2023Q1": 3.0668047536, "2023Q3": 3.534, "2020Q4": 2.5515588624, "2022Q2": 3.8574865871999995, "2022Q4": 2.9832145679999997, "2022Q1": 3.8679394895999994, "2022Q3": 3.024324288, "2021Q2": 2.550024288, "2021Q1": 2.3949889728, "2021Q3": 4.538292417599999}