{"2022Q3": 2.1019975800000004, "2022Q4": 2.290152199586, "2022Q1": 1.5936989000000001, "2022Q2": 1.96860428, "2023Q3": 1.9152469600000002, "2023Q1": 2.2185412, "2023Q2": 2.00230364, "2021Q3": 1.9405214800000001, "2021Q4": 2.07391478, "2021Q2": 2.687523819586}