{"2022Q3": 3.1485311290229996, "2022Q4": 3.914982734474, "2022Q1": 2.435441191897, "2022Q2": 2.4538410191609996, "2023Q3": 3.814515879999999, "2023Q1": 4.7043583407869995, "2023Q2": 3.6356222691389997, "2021Q4": 3.0136253095199996}