{"2022Q3": 1.1663960701040001, "2022Q4": 1.1066504747600001, "2022Q1": 1.395966781888, "2022Q2": 1.5547421590120003, "2023Q3": 1.03625532, "2023Q1": 1.186763822874, "2023Q2": 1.0531050000000002, "2021Q3": 1.5929914942680001, "2021Q4": 1.5560494133520002, "2021Q2": 1.3657412642480002}