{"2022Q3": 1.9597143023999999, "2022Q4": 1.7790417887999999, "2022Q1": 1.882213608, "2022Q2": 1.8591787728, "2020Q4": 1.4139022128, "2023Q3": 1.3868159999999998, "2023Q1": 1.6770493584, "2023Q2": 1.3868159999999998, "2021Q3": 1.5029082719999998, "2021Q4": 2.2786952256, "2021Q1": 1.4620711536, "2021Q2": 1.3311473904}