{"2022Q3": 1.063657507906, "2022Q4": 0.913746147405, "2022Q1": 0.9760103585470001, "2022Q2": 0.922312415472, "2020Q4": 1.181614291942, "2020Q1": 0, "2023Q3": 1.0088550500000002, "2023Q1": 0.962288768595, "2023Q2": 1.1032084, "2021Q3": 1.1222712605160001, "2021Q4": 1.080080652007, "2021Q1": 1.258906378877, "2021Q2": 1.165868314576}