{"2022Q3": 1.11769544, "2022Q4": 1.1879024400000002, "2022Q1": 1.15981964, "2022Q2": 1.07276296, "2023Q3": 1.6091444400000003, "2023Q1": 1.2412597600000002, "2023Q2": 1.33954956, "2021Q3": 1.18369002, "2021Q4": 1.28619224, "2021Q2": 1.30725434}