{"2022Q3": 1.633824, "2022Q4": 2.029632, "2022Q1": 1.9448159999999999, "2022Q2": 1.8466079999999998, "2020Q1": 0, "2020Q2": 0, "2023Q3": 2.1724799999999997, "2023Q1": 2.3703839999999996, "2023Q2": 2.295984, "2021Q2": 2.07576}