{"2022Q3": 2.21504208312, "2022Q4": 1.9589277896040003, "2022Q1": 2.031486443276, "2022Q2": 2.2773401241560003, "2023Q3": 2.27891922, "2023Q1": 2.039222973848, "2023Q2": 2.2185412}