{"2022Q3": 3.8243619216, "2022Q4": 3.6246153312, "2022Q1": 3.986231472, "2022Q2": 4.774841563199999, "2020Q4": 1.4822560224, "2023Q3": 2.233488, "2023Q1": 3.8041629167999997, "2023Q2": 2.6486398511999996, "2021Q3": 3.0820063103999997, "2021Q4": 3.3715284048, "2021Q1": 1.4295872207999998, "2021Q2": 1.9960872719999998}