{"2023Q2": 3.4538338, "2023Q1": 3.0748494150000005, "2023Q3": 3.685784, "2020Q2": 0, "2020Q4": 0, "2022Q2": 3.8440690406600004, "2022Q4": 3.3642470070000003, "2022Q1": 4.5016276811700005, "2022Q3": 2.6030053561300006, "2018Q2": 0, "2018Q4": 0, "2018Q3": 0, "2021Q2": 0, "2021Q4": 5.9678895907000005, "2021Q1": 0, "2021Q3": 4.6605637710900005, "2019Q2": 0, "2019Q4": 0, "2019Q1": 0, "2019Q3": 0}