{"2022Q1": 45.63953380000001, "2020Q3": 50.81239456000001, "2020Q4": 56.09452584, "2020Q1": 40.47694956000001, "2020Q2": 43.2830052, "2008Q4": 13.61365488, "2010Q3": 23.124527, "2010Q4": 25.477190120000003, "2010Q1": 20.43905548, "2010Q2": 17.19422072, "2023Q3": 57.2751, "2023Q1": 71.40427792000001, "2023Q2": 61.9891, "2016Q3": 45.69525328, "2016Q4": 48.136728160000004, "2016Q1": 26.93428752, "2016Q2": 31.433423400000002, "2015Q3": 39.537449360000004, "2015Q4": 31.8755966, "2015Q1": 54.777434240000005, "2015Q2": 29.7731526, "2019Q3": 49.99696684, "2019Q4": 30.59913968, "2019Q1": 47.133400400000006, "2019Q2": 50.42792072, "2018Q3": 44.343183800000006, "2018Q4": 51.05412848, "2018Q1": 48.94178508, "2018Q2": 53.19503872, "2013Q3": 44.99135880000001, "2013Q4": 32.5704402, "2013Q1": 28.907662200000004, "2013Q2": 33.073895400000005, "2014Q3": 37.62969356, "2014Q4": 44.2022352, "2014Q1": 38.037831680000004, "2014Q2": 34.48404136, "2012Q3": 22.535182719999998, "2012Q4": 26.823508520000004, "2012Q1": 20.253701000000003, "2012Q2": 17.66788344, "2017Q3": 61.936963160000005, "2017Q4": 52.28259688000001, "2017Q1": 44.049690160000004, "2017Q2": 50.93882404000001, "2009Q3": 18.089315040000002, "2009Q4": 25.436932560000002, "2009Q2": 16.858489640000002, "2021Q3": 45.51140728000001, "2021Q1": 47.967401280000004, "2021Q2": 48.35583488, "2011Q3": 18.5264914, "2011Q4": 25.9430276, "2011Q1": 28.50753788, "2011Q2": 17.961659920000002}