{"2022Q1": 98.32065224, "2008Q4": 5.89184004, "2010Q3": 12.03088224, "2010Q4": 13.965319280000001, "2010Q1": 13.789864200000002, "2010Q2": 11.713630040000002, "2016Q3": 38.3988298, "2016Q4": 46.707631920000004, "2016Q1": 24.74312604, "2016Q2": 32.24310004, "2015Q3": 30.210517520000003, "2015Q4": 25.685454640000003, "2015Q1": 26.357953880000004, "2015Q2": 21.96177176, "2019Q3": 74.44810772, "2019Q1": 50.59526772, "2019Q2": 58.81110976000001, "2018Q3": 112.37346336000002, "2018Q4": 45.12938472, "2018Q1": 53.07520884, "2018Q2": 53.699531, "2013Q3": 17.75330112, "2013Q4": 16.430081320000003, "2013Q1": 17.27171888, "2013Q2": 14.294262200000002, "2014Q3": 25.090736400000004, "2014Q4": 31.952151960000002, "2014Q1": 17.40257952, "2014Q2": 19.250844640000004, "2012Q3": 11.250432400000001, "2012Q4": 13.41396984, "2012Q1": 11.1349394, "2012Q2": 9.45288992, "2017Q3": 69.60230428000001, "2017Q4": 64.41445300000001, "2017Q1": 49.43892352, "2017Q2": 63.549999680000006, "2009Q3": 13.98436384, "2009Q4": 13.959851040000002, "2009Q2": 14.493381560000001, "2011Q3": 9.94974552, "2011Q4": 11.383744320000002, "2011Q1": 12.49012012, "2011Q2": 9.218698400000001}