{"2022Q3": 6.24077971, "2022Q4": 5.550484280000001, "2022Q1": 6.209900180000001, "2022Q2": 7.43894107, "2020Q3": 13.28700791, "2020Q4": 11.959188120000002, "2020Q1": 8.83466023, "2020Q2": 11.42444721, "2023Q1": 5.81318276, "2016Q3": 3.1046831200000002, "2016Q4": 4.08935747, "2015Q4": 0, "2019Q3": 10.495391610000002, "2019Q4": 8.28968547, "2019Q1": 7.596186400000001, "2019Q2": 9.939115120000002, "2018Q3": 8.83207952, "2018Q4": 10.11202269, "2018Q1": 9.89408618, "2018Q2": 11.89680613, "2017Q3": 6.750514430000001, "2017Q4": 7.875792980000001, "2017Q1": 3.92454799, "2017Q2": 5.796363650000001, "2021Q3": 10.41191899, "2021Q4": 8.41614026, "2021Q1": 11.774978820000001, "2021Q2": 12.713467360000001}