{"2022Q1": 16.037028, "2020Q3": 18.43174, "2020Q4": 16.744128, "2020Q1": 15.056516, "2020Q2": 16.951544000000002, "2010Q3": 7.44812, "2010Q4": 6.78816, "2010Q1": 7.353840000000001, "2010Q2": 7.16528, "2023Q3": 10.46508, "2023Q1": 12.963500000000002, "2023Q2": 11.916992, "2016Q3": 6.22248, "2016Q4": 8.249500000000001, "2016Q1": 6.31676, "2016Q2": 6.184768, "2015Q3": 7.63668, "2015Q4": 7.2595600000000005, "2015Q1": 9.52228, "2015Q2": 8.57948, "2019Q3": 16.819552, "2019Q4": 11.624724, "2019Q1": 13.755452, "2019Q2": 12.972928000000001, "2018Q3": 10.549932, "2018Q4": 16.055884000000002, "2018Q1": 17.243812000000002, "2018Q2": 14.151428000000001, "2013Q3": 12.35068, "2013Q4": 11.03076, "2013Q1": 10.8422, "2013Q2": 11.12504, "2014Q3": 9.710840000000001, "2014Q4": 9.428, "2014Q1": 11.03076, "2014Q2": 10.74792, "2012Q3": 7.071000000000001, "2012Q4": 10.276520000000001, "2012Q1": 6.03392, "2012Q2": 6.31676, "2017Q3": 33.51654, "2017Q4": 19.006848, "2017Q1": 9.814548, "2017Q2": 27.878596, "2009Q4": 5.75108, "2021Q3": 13.15206, "2021Q1": 15.27336, "2021Q2": 15.17908, "2011Q3": 5.84536, "2011Q4": 7.353840000000001, "2011Q1": 6.411040000000001, "2011Q2": 4.90256}