{"2022Q1": 6.4411893000000005, "2020Q3": 4.4944725, "2020Q4": 5.5090896, "2020Q1": 4.5053757, "2020Q2": 4.74537, "2023Q3": 8.49954, "2023Q1": 8.1599301, "2023Q2": 8.49954, "2016Q3": 4.3590498, "2016Q4": 5.4492459, "2016Q1": 3.3509993999999996, "2016Q2": 3.5709218999999996, "2015Q3": 4.1451984, "2015Q4": 3.2268516, "2015Q1": 4.7586273, "2015Q2": 3.4960863, "2019Q3": 5.901233100000001, "2019Q4": 4.4399565, "2019Q1": 6.245055600000001, "2019Q2": 6.1494048, "2018Q3": 5.573022, "2018Q4": 6.0966234, "2018Q1": 6.8890877999999995, "2018Q2": 7.9200597, "2013Q3": 3.9071865000000003, "2013Q4": 5.1365223, "2013Q1": 2.1314517, "2013Q2": 3.3921341999999997, "2014Q3": 4.0654068, "2014Q4": 4.2461769, "2014Q1": 4.7241831, "2014Q2": 4.5984245999999995, "2012Q3": 1.8256664999999999, "2012Q4": 2.0080473, "2012Q1": 1.7725134, "2012Q2": 1.6778537999999998, "2017Q3": 9.621578399999999, "2017Q4": 8.297583000000001, "2017Q1": 7.450602600000001, "2017Q2": 8.7396582, "2021Q3": 6.0470634, "2021Q1": 5.861709, "2021Q2": 5.756394, "2011Q4": 2.022048}