{"2022Q3": 0.596127042384, "2022Q4": 0.5522562291299999, "2022Q1": 0.89187799167, "2022Q2": 0.685472009232, "2020Q3": 0.7208220877979999, "2020Q4": 0.99899177541, "2020Q1": 0.621222327528, "2020Q2": 0.679701401778, "2023Q1": 0.575481948234, "2023Q2": 0.686449293846, "2016Q3": 0.470880295404, "2016Q4": 0.470880295404, "2016Q1": 0.496681976574, "2016Q2": 0.47733073932599995, "2015Q3": 0.548285275902, "2015Q4": 0.507432674436, "2015Q1": 0.670821467184, "2015Q2": 0.516033213822, "2019Q3": 0.606747683478, "2019Q4": 0.7346012368979999, "2019Q1": 0.6852068862419999, "2019Q2": 0.6878018149199999, "2018Q4": 0.579617677842, "2013Q3": 0.628176898956, "2013Q4": 0.707972302686, "2013Q1": 0.640061277216, "2013Q2": 0.611199197724, "2014Q3": 0.631778979936, "2014Q4": 0.644201638206, "2014Q1": 0.68420351466, "2014Q2": 0.638877691314, "2012Q3": 0.509332549248, "2012Q4": 0.831909817836, "2012Q1": 0.68377897131, "2012Q2": 0.6639113822280001, "2017Q3": 0.443094744426, "2017Q4": 0.451740526428, "2017Q1": 0.464429882988, "2017Q2": 0.449578994286, "2021Q3": 1.0269339112079998, "2021Q4": 0.9173602335059999, "2021Q1": 1.301350036992, "2021Q2": 1.12631461026, "2011Q4": 0.602652659622}