{"2022Q3": 14.81812224, "2022Q4": 13.64585616, "2022Q1": 12.77418408, "2022Q2": 11.722256640000001, "2020Q3": 16.06445064, "2020Q4": 18.634302, "2020Q1": 12.65748288, "2020Q2": 15.01181592, "2010Q3": 10.69276008, "2010Q4": 11.88897264, "2010Q1": 13.611704640000001, "2010Q2": 10.07874, "2023Q1": 14.006568960000001, "2023Q2": 13.9263432, "2016Q3": 16.22025432, "2016Q4": 17.07697248, "2016Q1": 14.750324399999998, "2016Q2": 14.15651232, "2015Q3": 12.85734, "2015Q4": 15.09022296, "2015Q1": 16.56480072, "2015Q2": 16.6180488, "2019Q3": 25.24545024, "2019Q4": 25.80884928, "2019Q1": 30.02423808, "2019Q2": 29.19217368, "2018Q3": 34.87314768, "2018Q4": 21.583791820944, "2018Q1": 24.7805652, "2018Q2": 28.818426719999998, "2013Q3": 26.424587040000002, "2013Q4": 26.08529472, "2013Q1": 23.6696304, "2013Q2": 24.869177280000002, "2014Q3": 24.98759616, "2014Q4": 17.87145, "2014Q1": 22.56112056, "2014Q2": 21.03895296, "2012Q3": 13.037797439999999, "2012Q4": 15.98210304, "2012Q1": 14.389813680000001, "2012Q2": 13.02931008, "2017Q3": 25.0488264, "2017Q4": 27.11974224, "2017Q1": 21.6387264, "2017Q2": 23.0482344, "2009Q4": 14.447709600000001, "2021Q3": 17.8037532, "2021Q4": 13.79610264, "2021Q1": 22.51444008, "2021Q2": 20.61903072, "2011Q3": 11.52280368, "2011Q4": 11.153805600000002, "2011Q1": 12.515925840000001, "2011Q2": 11.431261439999998}