{"2022Q3": 4.20037992, "2022Q4": 4.3761834, "2022Q1": 6.88154052, "2022Q2": 4.76969334, "2020Q3": 3.98487888, "2020Q4": 4.07719146, "2020Q1": 3.1808457599999995, "2020Q2": 4.10428662, "2023Q3": 4.694394, "2023Q1": 4.54820616, "2023Q2": 4.192818480000001, "2016Q3": 2.84278638, "2016Q4": 2.64996966, "2016Q1": 2.0894779199999998, "2016Q2": 2.55293118, "2015Q3": 1.8802780799999999, "2015Q4": 1.7249535, "2015Q1": 2.1912423, "2015Q2": 1.76717154, "2019Q3": 3.6937634399999997, "2019Q4": 4.58790372, "2019Q1": 2.8575942, "2019Q2": 3.03686334, "2018Q3": 2.66414736, "2018Q4": 2.9678652, "2018Q1": 3.1833662400000002, "2018Q2": 2.7101461199999997, "2013Q3": 2.8071846, "2013Q4": 2.64429858, "2013Q1": 2.35475844, "2013Q2": 2.64902448, "2014Q3": 2.70888588, "2014Q4": 2.2117212, "2014Q1": 3.0179597400000002, "2014Q2": 3.08506752, "2012Q3": 1.80277332, "2012Q4": 1.8673606200000001, "2012Q1": 1.7926913999999998, "2012Q2": 1.66635234, "2017Q3": 3.19596864, "2017Q4": 3.45179736, "2017Q1": 3.22810476, "2017Q2": 3.04757538, "2021Q3": 5.36295132, "2021Q4": 7.05954942, "2021Q1": 4.710462059999999, "2021Q2": 4.8947721600000005, "2011Q4": 1.26780144}