{"2022Q1": 13.653158200000002, "2020Q3": 14.09834836, "2020Q4": 14.888791880000001, "2020Q1": 12.02843096, "2020Q2": 13.281317880000001, "2008Q4": 6.3458925200000005, "2010Q3": 8.58834232, "2010Q4": 9.24057136, "2010Q1": 7.44397168, "2010Q2": 7.686082720000001, "2023Q3": 18.676868000000002, "2023Q1": 18.470300520000002, "2023Q2": 18.931424, "2016Q3": 16.53520352, "2016Q4": 16.32147076, "2016Q1": 12.4506168, "2016Q2": 13.46092128, "2015Q3": 16.10038416, "2015Q4": 13.03948968, "2015Q1": 17.497425200000002, "2015Q2": 13.52644588, "2019Q3": 14.0694044, "2019Q4": 11.77868324, "2019Q1": 13.13725804, "2019Q2": 13.31648432, "2018Q3": 14.63687572, "2018Q4": 14.711734040000001, "2018Q1": 17.17300772, "2018Q2": 20.12152044, "2013Q3": 12.861300480000002, "2013Q4": 13.54398196, "2013Q2": 13.63599924, "2014Q3": 15.31889724, "2014Q4": 17.64799036, "2014Q1": 13.71576012, "2014Q2": 15.721190000000002, "2012Q3": 10.29273616, "2012Q1": 9.54830128, "2012Q2": 9.640130000000001, "2017Q3": 18.15370828, "2017Q4": 18.4345684, "2017Q1": 15.796425440000002, "2017Q2": 16.7851398, "2009Q3": 7.19846656, "2009Q4": 8.579197160000001, "2009Q2": 8.54469068, "2021Q3": 15.0640584, "2021Q1": 13.6055468, "2021Q2": 14.68948396, "2011Q3": 8.496702160000002, "2011Q4": 9.55424092, "2011Q1": 9.200030960000001, "2011Q2": 8.952545960000002}