{"2022Q3": 2.474072890734, "2022Q4": 2.3712385039619996, "2022Q1": 2.097892353444, "2022Q2": 2.027571875118, "2020Q3": 2.164861349514, "2020Q4": 2.201697597606, "2020Q1": 1.4274813779339999, "2020Q2": 1.757739966852, "2023Q3": 4.347828, "2023Q1": 3.1303977226799997, "2023Q2": 2.88238579881, "2016Q3": 2.240588288946, "2016Q4": 1.95711302244, "2016Q1": 1.821304802634, "2016Q2": 1.7346765351539999, "2015Q3": 1.44732467589, "2015Q4": 1.852998074298, "2015Q1": 1.436094141648, "2015Q2": 1.749678022536, "2019Q3": 2.227198396476, "2019Q4": 2.060704466886, "2019Q1": 2.10735316416, "2019Q2": 1.904422829124, "2018Q3": 1.927838025312, "2018Q4": 2.0787347520719996, "2018Q1": 1.85559659466, "2018Q2": 1.76573124321, "2013Q3": 1.202012595678, "2013Q4": 1.460529848682, "2013Q1": 0.890181141522, "2013Q2": 0.7738803657119999, "2014Q3": 1.426107653322, "2014Q4": 1.3382241552960001, "2014Q1": 1.2944749552019998, "2014Q2": 1.385050483398, "2012Q3": 0.9531409360800001, "2012Q4": 0.8560778183879999, "2012Q1": 1.022133814578, "2012Q2": 0.9623782432319999, "2017Q3": 2.11304850378, "2017Q4": 2.076616572186, "2017Q1": 1.934434909122, "2017Q2": 2.054628566292, "2021Q3": 2.141842656336, "2021Q4": 2.285413544964, "2021Q1": 2.11102314057, "2021Q2": 2.15352662493, "2011Q4": 0.778394135814}