{"2022Q2": 36.10275148, "2022Q3": 35.64893834, "2022Q1": 41.24254653999999, "2020Q2": 35.115126759999995, "2020Q3": 47.795612469999995, "2020Q4": 37.408275759999995, "2020Q1": 42.53676214, "2010Q3": 3.09480876, "2010Q4": 3.17836734, "2023Q3": 19.67123944, "2016Q2": 16.24282462, "2016Q3": 16.7776833, "2016Q4": 16.021467679999997, "2016Q1": 13.64109525, "2015Q2": 16.81789194, "2015Q3": 17.245737, "2015Q4": 14.05616569, "2015Q1": 20.847761, "2019Q2": 32.520098829999995, "2019Q3": 30.70275207, "2019Q4": 32.09591862, "2019Q1": 39.20604175, "2018Q2": 27.72050656, "2018Q3": 24.23083639, "2018Q4": 23.779326869999995, "2018Q1": 28.70195339, "2013Q2": 3.73071259, "2013Q3": 4.75351987, "2013Q4": 4.4295471299999996, "2013Q1": 3.6803470799999998, "2014Q2": 7.68194444, "2014Q3": 12.37682671, "2014Q4": 15.845973719999998, "2014Q1": 4.8554027, "2012Q2": 3.5159523799999994, "2012Q3": 3.49155495, "2012Q4": 3.5314494599999997, "2012Q1": 3.3063229599999997, "2017Q2": 18.04456959, "2017Q3": 25.39029022, "2017Q4": 27.71129208, "2017Q1": 16.20156888, "2009Q4": 3.6032805199999998, "2021Q2": 50.84476767, "2021Q3": 44.30332455, "2021Q4": 47.28420882999999, "2021Q1": 40.36162131, "2011Q2": 2.9862244899999997, "2011Q3": 3.77196833, "2011Q4": 3.4664245499999997, "2011Q1": 2.87931558}