{"2022Q2": 16.191301799999998, "2022Q3": 15.807312689999998, "2022Q1": 16.388536079999998, "2020Q2": 11.11031289, "2020Q3": 11.30853996, "2020Q4": 14.20726614, "2020Q1": 12.09141003, "2010Q2": 17.031864, "2010Q3": 14.20704552, "2010Q4": 14.164465859999998, "2010Q1": 13.54242777, "2023Q3": 20.305092629999997, "2016Q2": 16.21148853, "2016Q3": 14.663177369999998, "2016Q4": 15.665012789999999, "2016Q1": 17.759799689999998, "2015Q2": 20.68235283, "2015Q3": 20.8607241, "2015Q4": 16.94008608, "2015Q1": 20.8607241, "2019Q2": 13.234883489999998, "2019Q3": 10.71121131, "2019Q4": 11.91303876, "2019Q1": 12.25246263, "2018Q2": 17.699239499999997, "2018Q3": 17.16059577, "2018Q4": 17.66581557, "2018Q1": 19.59866739, "2013Q2": 23.449368869999997, "2013Q3": 20.59388421, "2013Q4": 24.40630812, "2013Q1": 14.36379603, "2014Q2": 20.280052259999998, "2014Q3": 21.77254656, "2014Q4": 22.911056069999997, "2014Q1": 23.879467560000002, "2012Q2": 15.443510309999999, "2012Q3": 14.4252387, "2012Q4": 13.23896496, "2012Q1": 14.255581919999997, "2017Q2": 17.34271758, "2017Q3": 16.360186409999997, "2017Q4": 17.42522946, "2017Q1": 17.611543049999998, "2009Q4": 14.954837009999999, "2021Q2": 17.875956119999998, "2021Q3": 17.713359179999998, "2021Q4": 16.51307607, "2021Q1": 15.21340365, "2011Q2": 14.583533549999999, "2011Q3": 14.75109444, "2011Q4": 14.34041031, "2011Q1": 13.82912346}