{"2022Q1": 12.489154900216, "2020Q3": 11.484186724784001, "2020Q4": 13.849558213676001, "2020Q1": 13.755119399016, "2020Q2": 12.57216318882, "2010Q3": 9.657074388148, "2010Q4": 11.744745711516, "2010Q1": 10.699204449208, "2010Q2": 9.031794975024, "2023Q3": 13.114348000000001, "2023Q1": 10.766776, "2023Q2": 13.604604, "2016Q3": 17.469884899496, "2016Q4": 17.264057112092, "2016Q1": 12.795927425672, "2016Q2": 12.711641661924002, "2015Q3": 20.044119048992002, "2015Q4": 15.860819236252, "2015Q1": 23.397220850384002, "2015Q2": 20.2676565613, "2019Q3": 20.206020087356002, "2019Q4": 13.323383287284, "2019Q1": 17.16378793738, "2019Q2": 15.88154656226, "2018Q3": 18.147415363412, "2018Q4": 18.372849525336, "2018Q1": 20.637378711396, "2018Q2": 24.236614386108, "2013Q3": 14.546912574928001, "2013Q4": 12.785166711876, "2013Q1": 10.442090038844002, "2013Q2": 14.042809199928, "2014Q3": 16.07278350144, "2014Q4": 19.000922124880002, "2014Q1": 12.71211006382, "2014Q2": 13.661863675792002, "2012Q3": 10.385884573728001, "2012Q4": 11.306261999040002, "2012Q1": 11.310652599784001, "2012Q2": 9.176570937620001, "2017Q3": 24.246827285964002, "2017Q4": 21.395002288604, "2017Q1": 18.531507388268, "2017Q2": 20.853849824568, "2009Q4": 10.490781425672, "2021Q3": 13.282618001200001, "2021Q1": 14.942484613412, "2021Q2": 14.640161387428, "2011Q3": 9.283274675192, "2011Q4": 12.093153586036001, "2011Q1": 10.478845662524, "2011Q2": 8.228356050672001}