{"2022Q3": 5.119404, "2022Q1": 8.315496000000001, "2020Q3": 2.4229960000000004, "2020Q4": 3.7900560000000003, "2020Q1": 2.7906880000000003, "2020Q2": 2.724692, "2010Q3": 6.787252536144, "2010Q4": 6.434668123620001, "2010Q1": 9.255344574028001, "2010Q2": 6.6109603251680005, "2023Q3": 4.544296, "2016Q3": 6.434668123620001, "2016Q4": 5.817645111792001, "2016Q1": 3.1732608629320005, "2016Q2": 5.3769143015120004, "2015Q3": 4.4073065943200005, "2015Q4": 3.702137486432, "2015Q1": 6.699106138388, "2015Q2": 5.200621524856, "2013Q3": 10.224951413844002, "2013Q4": 8.197590186240001, "2013Q1": 10.577535826368, "2013Q2": 12.164167412764002, "2014Q3": 6.52281393684, "2014Q4": 6.8753983493640005, "2014Q1": 7.580567749520001, "2014Q2": 7.492421361192, "2012Q3": 4.319160488832, "2012Q4": 15.072988526176001, "2012Q1": 4.4073065943200005, "2012Q2": 3.7902838747600005, "2017Q1": 6.434668123620001, "2017Q2": 5.817645111792001, "2009Q4": 9.87236700132, "2021Q3": 9.80512, "2021Q1": 7.061572000000001, "2021Q2": 14.113716, "2011Q3": 4.054722181796, "2011Q4": 5.3769143015120004, "2011Q1": 6.170229524316, "2011Q2": 4.848037112332}