{"2022Q1": 13.60799808, "2020Q3": 13.420098040000001, "2020Q4": 14.15161656, "2020Q1": 17.061945880000003, "2020Q2": 14.860225040000001, "2023Q3": 27.751600840000005, "2023Q1": 21.90341244, "2023Q2": 23.02053616, "2016Q3": 16.614210160000003, "2016Q4": 18.324166520000002, "2016Q1": 11.194995760000001, "2016Q2": 10.838428799999999, "2015Q3": 15.381122040000001, "2015Q4": 11.908035400000001, "2015Q1": 16.703493320000003, "2015Q2": 19.48739316, "2019Q3": 17.839661600000003, "2019Q4": 13.448382040000002, "2019Q1": 16.403965760000002, "2019Q2": 15.54224656, "2018Q3": 17.747267200000003, "2018Q4": 16.54246308, "2018Q1": 18.74786084, "2018Q2": 18.094406160000002, "2014Q4": 13.989172120000001, "2017Q3": 18.3968564, "2017Q4": 17.604433, "2017Q1": 19.851125400000004, "2017Q2": 19.00769652, "2021Q3": 14.511389040000001, "2021Q1": 15.20330996, "2021Q2": 14.0840178}