{"2022Q3": 31.053852120000002, "2022Q4": 37.20081384, "2022Q1": 25.5706216, "2022Q2": 26.24726916, "2020Q3": 19.08425188, "2020Q4": 18.622657, "2020Q1": 16.78061436, "2020Q2": 19.473534, "2010Q3": 9.34229948, "2010Q4": 11.6761066, "2010Q1": 8.03058184, "2010Q2": 8.06254276, "2023Q3": 56.47372, "2023Q1": 49.910323520000006, "2023Q2": 50.156960000000005, "2016Q3": 23.77421048, "2016Q4": 25.043219280000002, "2016Q1": 11.919066160000002, "2016Q2": 13.813811320000001, "2015Q3": 15.412517280000001, "2015Q4": 13.0610798, "2015Q1": 18.260904640000003, "2015Q2": 15.973011880000001, "2019Q3": 23.73932688, "2019Q4": 19.38387372, "2019Q1": 19.665488080000003, "2019Q2": 22.208973920000002, "2018Q3": 17.33252948, "2018Q4": 21.01397492, "2018Q1": 26.51210168, "2018Q2": 28.308041400000004, "2013Q3": 27.303676560000003, "2013Q4": 24.12285792, "2013Q1": 16.44177204, "2013Q2": 26.967474080000002, "2014Q3": 20.9744716, "2014Q4": 18.814328240000002, "2014Q1": 23.10642524, "2014Q2": 20.49618916, "2012Q3": 19.61646248, "2012Q4": 19.11517572, "2012Q1": 18.60314104, "2012Q2": 15.375088120000001, "2017Q3": 32.97810692, "2017Q4": 34.864744, "2017Q1": 23.20721056, "2017Q2": 25.51348792, "2021Q3": 23.56820868, "2021Q4": 28.041794680000002, "2021Q1": 20.57208456, "2021Q2": 22.40639624, "2011Q3": 8.67602272, "2011Q4": 18.077247200000002, "2011Q1": 10.64392916, "2011Q2": 9.524071320000001}