{"2022Q3": 19.766650520000002, "2022Q1": 26.307891200000004, "2022Q2": 24.97816608, "2020Q3": 24.342718880000003, "2020Q4": 26.233032880000003, "2020Q1": 21.452094080000002, "2020Q2": 24.45425212, "2010Q3": 10.321397280000001, "2010Q4": 13.667677320000001, "2010Q1": 10.11897812, "2010Q2": 9.714234079999999, "2023Q1": 22.819342640000002, "2016Q3": 14.33272844, "2016Q4": 13.78175612, "2016Q1": 11.0788428, "2016Q2": 11.62114136, "2015Q3": 13.96541356, "2015Q4": 11.85354156, "2015Q1": 16.36813936, "2015Q2": 13.89036668, "2019Q3": 21.36111388, "2019Q4": 18.372815000000003, "2019Q1": 16.585266200000003, "2019Q2": 18.608043600000002, "2018Q3": 14.44670324916, "2018Q4": 16.543311600000003, "2018Q1": 16.208429040000002, "2018Q2": 15.341147320000001, "2013Q3": 22.408187560000002, "2013Q4": 20.33789304, "2013Q1": 16.4999428, "2013Q2": 23.48901348, "2014Q3": 16.960500600000003, "2014Q4": 16.44318624, "2014Q1": 17.47442088, "2014Q2": 18.061785280000002, "2012Q3": 11.56598756, "2012Q4": 22.696401520000002, "2012Q1": 10.85643628, "2012Q2": 9.082463800000001, "2017Q3": 14.108530600000002, "2017Q4": 15.668393200000002, "2017Q1": 13.096246240000001, "2017Q2": 13.550581560000001, "2009Q4": 12.61504112, "2021Q3": 26.12809924, "2021Q1": 26.591674, "2021Q2": 27.116530760000003, "2011Q3": 9.871116, "2011Q4": 12.34653168, "2011Q1": 12.35614824, "2011Q2": 9.871116}