{"2022Q1": 19.402824000000003, "2020Q3": 13.63401936, "2020Q4": 14.888414760000002, "2020Q1": 12.825662640000003, "2020Q2": 12.677643040000001, "2008Q4": 4.89464048, "2010Q3": 5.76918176, "2010Q4": 5.61314836, "2010Q1": 5.06481588, "2010Q2": 4.92650712, "2023Q3": 55.059520000000006, "2023Q1": 39.60778224, "2023Q2": 39.5976, "2016Q3": 4.91368504, "2016Q4": 5.2264118, "2016Q1": 3.9680566400000004, "2016Q2": 4.3085960000000005, "2015Q3": 4.84938608, "2015Q4": 4.28747728, "2015Q1": 5.2504532, "2015Q2": 4.44190792, "2019Q3": 14.68213012, "2019Q4": 12.076325200000001, "2019Q1": 7.74529056, "2019Q2": 10.449900920000001, "2018Q3": 5.57553064, "2018Q4": 6.7730752, "2018Q1": 6.685394800000001, "2018Q2": 6.742999880000001, "2013Q3": 4.65281228, "2013Q4": 4.77132224, "2013Q1": 4.86965628, "2013Q2": 4.8893608, "2014Q3": 4.7993234000000005, "2014Q4": 5.43222504, "2014Q1": 5.139108520000001, "2014Q2": 5.029838000000001, "2012Q3": 4.72785916, "2012Q4": 5.065287280000001, "2012Q1": 4.8416551199999995, "2012Q2": 4.6408387200000005, "2017Q3": 6.9003532000000005, "2017Q4": 6.78042904, "2017Q1": 5.7595652, "2017Q2": 5.82395844, "2009Q3": 5.597875, "2009Q4": 5.7633364, "2009Q2": 6.2370934, "2021Q3": 19.598926400000003, "2021Q1": 13.969090480000002, "2021Q2": 15.56581656, "2011Q3": 5.55601468, "2011Q4": 5.328611320000001, "2011Q1": 5.650577520000001, "2011Q2": 5.678861520000001}