{"2022Q1": 45.28372108, "2020Q3": 35.63774572, "2020Q4": 43.14903332, "2020Q1": 26.782402440000002, "2020Q2": 31.256365560000003, "2010Q3": 19.084063320000002, "2010Q4": 18.4963218, "2010Q1": 18.09855448, "2010Q2": 17.286049440000003, "2023Q3": 52.04256, "2023Q1": 51.38608836, "2023Q2": 49.157592, "2016Q3": 21.596813880000003, "2016Q4": 22.80029808, "2016Q1": 18.911719480000002, "2016Q2": 20.05297888, "2015Q3": 20.898481920000002, "2015Q4": 21.31095692, "2015Q1": 23.24746812, "2015Q2": 20.83267448, "2019Q3": 28.807913960000004, "2019Q4": 22.36793, "2019Q1": 23.421603280000003, "2019Q2": 25.604091, "2018Q3": 23.101428400000003, "2018Q4": 24.75245976, "2018Q1": 27.178001320000003, "2018Q2": 28.70326316, "2013Q3": 17.29670308, "2013Q4": 17.92960472, "2013Q1": 16.481558200000002, "2013Q2": 16.51191636, "2014Q3": 20.391821200000003, "2014Q4": 23.66296008, "2014Q1": 18.794435160000003, "2014Q2": 19.777587, "2012Q3": 14.69146384, "2012Q4": 16.15987484, "2012Q1": 14.0910888, "2012Q2": 13.42575484, "2017Q3": 31.239678, "2017Q4": 29.027114960000002, "2017Q1": 25.907578320000002, "2017Q2": 27.74019296, "2021Q3": 49.97047416000001, "2021Q1": 48.46878232, "2021Q2": 49.42138744, "2011Q3": 15.188130880000001, "2011Q4": 15.5562, "2011Q1": 17.99230092, "2011Q2": 16.57781808}