{"2022Q2": 21.72419739441, "2022Q3": 23.597658950634, "2022Q4": 28.353324061206003, "2022Q1": 28.221527982984, "2020Q2": 20.002017113904, "2020Q3": 17.914595236866, "2020Q4": 28.282813259058, "2020Q1": 10.45671488388, "2010Q2": 15.288457116492, "2010Q3": 16.248429032916, "2010Q4": 11.199273115019999, "2010Q1": 11.661889919190001, "2023Q4": 54.04056, "2016Q2": 8.241924932874, "2016Q3": 8.532388920306, "2016Q4": 7.546859567304001, "2016Q1": 8.441617916052, "2015Q2": 9.63824073816, "2015Q3": 10.505503544562002, "2015Q4": 10.620099721338, "2015Q1": 8.91403125795, "2019Q2": 8.96688769989, "2019Q3": 8.717541163278002, "2019Q4": 8.83969694397, "2019Q1": 11.489125794012, "2018Q2": 12.622914590418, "2018Q3": 11.914821884430001, "2018Q4": 11.700111375, "2018Q1": 10.781875044012, "2013Q2": 7.829438458026001, "2013Q3": 7.518394352436, "2013Q4": 7.676868203214, "2013Q1": 4.976714445636, "2014Q2": 12.134980911426, "2014Q3": 11.06503301184, "2014Q4": 9.18225726036, "2014Q1": 7.1864768672279995, "2012Q2": 5.63009257785, "2012Q3": 5.691007097082, "2012Q4": 5.1544543350600005, "2012Q1": 7.266040214868, "2017Q2": 10.325814700626001, "2017Q3": 9.164043671778, "2017Q4": 8.64815937204, "2017Q1": 8.47627626036, "2009Q4": 6.968691795306, "2021Q2": 37.206425298816, "2021Q3": 32.46297657489, "2021Q4": 30.543424576734, "2021Q1": 25.673918445264, "2024Q1": 41.69859, "2011Q2": 8.665079034582, "2011Q3": 10.251645921414001, "2011Q4": 9.397993870002, "2011Q1": 6.28164482988}