{"2022Q3": 46.45839471982801, "2022Q4": 51.087701183064, "2022Q1": 47.645342859660005, "2022Q2": 47.155836, "2020Q3": 31.496787993216, "2020Q4": 35.886471314148004, "2020Q1": 18.847704310344, "2020Q2": 25.189821974772002, "2023Q3": 53.65542, "2023Q1": 57.204999726420006, "2023Q2": 64.97562053892, "2016Q3": 12.57582792102, "2016Q4": 11.457120978576, "2016Q1": 12.062836033247999, "2016Q2": 10.682865989796, "2015Q3": 10.159430658468, "2015Q4": 11.646464049948, "2015Q1": 6.846640865064, "2015Q2": 8.577595045656, "2019Q3": 19.056128433888002, "2019Q4": 21.289269485484, "2019Q1": 16.617637697388002, "2019Q2": 18.626062978068, "2018Q3": 14.746779564972, "2018Q4": 14.77429257486, "2018Q1": 14.733980733108, "2018Q2": 13.7816959098, "2013Q4": 3.4026378760919997, "2014Q3": 5.270039854716, "2014Q4": 6.3064066141440005, "2014Q1": 3.759202210764, "2014Q2": 4.7066429144279995, "2017Q3": 14.390100065796, "2017Q4": 13.622979521424, "2017Q1": 10.415565553848001, "2017Q2": 12.88443815568, "2021Q3": 55.80379469574, "2021Q4": 50.419219205628, "2021Q1": 35.40584894574, "2021Q2": 43.095806806416}