{"2022Q3": 2.103714226068, "2022Q4": 2.2955326910880003, "2022Q1": 2.4363424208759996, "2022Q2": 2.198051185512, "2020Q3": 1.861622392812, "2020Q4": 1.979375423844, "2020Q1": 1.3927897958520001, "2020Q2": 1.889658788472, "2023Q3": 3.876054, "2023Q1": 2.742012, "2023Q2": 3.073761701556, "2016Q3": 0.9718181382000001, "2016Q4": 1.1339766656399999, "2016Q1": 0.80455777584, "2016Q2": 0.7571067504000001, "2015Q3": 0.7855774333679999, "2015Q4": 0.88575162858, "2015Q1": 0.865445777196, "2015Q2": 0.847540134168, "2019Q3": 1.4828183097, "2019Q4": 1.662874626504, "2019Q1": 1.451346003744, "2019Q2": 1.296142098888, "2018Q3": 1.068810922452, "2018Q4": 1.143792865488, "2018Q1": 1.426301650956, "2018Q2": 1.221864988344, "2013Q4": 0.8700483966720001, "2014Q3": 0.892304597184, "2014Q4": 0.895288820244, "2014Q1": 0.8491975957919999, "2014Q2": 0.869100608376, "2017Q3": 1.347855057276, "2017Q4": 1.473844956948, "2017Q1": 1.1033594950560002, "2017Q2": 1.4948950107, "2021Q3": 1.971436452804, "2021Q4": 2.298047725428, "2021Q1": 2.287776859368, "2021Q2": 2.130328329948}