{"2022Q3": 1.2074882184, "2022Q4": 1.14927595248, "2022Q1": 1.34553446712, "2022Q2": 1.08108447624, "2020Q3": 0.90567919752, "2020Q4": 1.38877786752, "2020Q1": 0.15645006, "2020Q2": 0.2353162692, "2023Q3": 0.945756, "2023Q1": 1.27734299088, "2023Q2": 1.19095203336, "2016Q3": 0.52303963056, "2016Q4": 0.48769914744000004, "2016Q1": 0.69577223952, "2016Q2": 0.6267051299999999, "2015Q4": 0.7902313464, "2015Q2": 0.92155255272, "2019Q3": 0.23852223192, "2019Q4": 0.24365173224, "2019Q1": 0.28237842216000003, "2019Q2": 0.29093526216, "2018Q3": 0.3793569096, "2018Q4": 0.30899996904, "2018Q1": 0.43022310336, "2018Q2": 0.42784617, "2017Q3": 0.46602362088000004, "2017Q4": 0.48726923712, "2017Q1": 0.5112594472800001, "2017Q2": 0.49241124744000003, "2021Q3": 0.98628166128, "2021Q4": 1.41372594336, "2021Q1": 1.545119274, "2021Q2": 1.16091842568}