{"2022Q1": 6.256232240000001, "2020Q3": 7.141710000000001, "2020Q4": 6.93080564, "2020Q1": 3.6593839200000002, "2020Q2": 4.92198168, "2010Q3": 5.21066704, "2010Q4": 5.71732776, "2010Q1": 4.7041006, "2010Q2": 4.12512712, "2023Q3": 6.170248880000001, "2023Q1": 5.605983080000001, "2023Q2": 6.725369520000001, "2016Q3": 5.789640520000001, "2016Q4": 5.6930978, "2016Q1": 4.0889236, "2016Q2": 4.096183160000001, "2015Q3": 5.724587320000001, "2015Q4": 4.4363454, "2015Q1": 9.335888440000002, "2015Q2": 5.96339856, "2019Q3": 3.18930384, "2019Q4": 2.3484205200000003, "2019Q1": 3.4423513600000004, "2019Q2": 3.0820132, "2018Q3": 3.555467457492, "2018Q4": 3.6416592800000003, "2018Q1": 5.25413012, "2018Q2": 5.2392338800000005, "2013Q3": 6.2238942, "2013Q4": 6.0067673600000004, "2013Q1": 5.42779388, "2013Q2": 6.368614, "2014Q3": 9.842454880000002, "2014Q4": 9.69773508, "2014Q1": 6.585740840000001, "2014Q2": 12.73732228, "2012Q3": 6.80286768, "2012Q4": 5.572607960000001, "2012Q1": 4.921227440000001, "2012Q2": 4.05281436, "2017Q3": 6.15469268, "2017Q4": 5.35067284, "2017Q1": 6.543032, "2017Q2": 5.583167320000001, "2009Q4": 4.99363448, "2021Q3": 5.8694014, "2021Q1": 6.25095256, "2021Q2": 6.216163240000001, "2011Q3": 3.83568752, "2011Q4": 4.921227440000001, "2011Q1": 4.7041006, "2011Q2": 4.05281436}