{"2022Q1": 10.50351216, "2022Q2": 10.74368424, "2023Q3": 13.837124880000001, "2023Q2": 13.807116, "2021Q4": 12.18976872}