{"2022Q1": 7.509464960000001, "2022Q2": 7.12394332, "2020Q3": 5.940965960000001, "2020Q4": 8.4803096, "2020Q1": 4.98811844, "2020Q2": 6.276828880000001, "2023Q3": 6.35639948, "2023Q2": 6.543536200000001, "2016Q3": 9.812929680000002, "2016Q4": 11.186126600000001, "2016Q1": 9.72419388, "2016Q2": 7.50971492, "2015Q4": 10.83259984, "2019Q3": 11.634888120000001, "2019Q4": 11.79877856, "2019Q1": 13.971680840000001, "2019Q2": 12.68538668, "2018Q3": 16.0374336, "2018Q4": 11.398176000000001, "2018Q1": 18.606189200000003, "2018Q2": 17.887137600000003, "2017Q3": 15.731982480000003, "2017Q4": 18.126849240000002, "2017Q1": 12.099647080000002, "2017Q2": 14.485431960000001, "2021Q3": 12.22129428, "2021Q4": 11.407841120000002, "2021Q1": 12.81869868, "2021Q2": 13.120067120000002}