{"2022Q1": 40.43459136, "2022Q2": 39.47157912, "2020Q3": 38.41823712, "2020Q4": 44.95916256, "2020Q1": 37.18039608, "2020Q2": 42.36091896, "2010Q3": 6.06866448, "2010Q4": 6.16869408, "2010Q1": 5.618531280000001, "2010Q2": 6.241543920000001, "2023Q3": 51.43057248, "2023Q2": 51.04449864, "2016Q3": 40.52431488, "2016Q4": 41.15197536, "2016Q1": 41.451356880000006, "2016Q2": 44.10001944, "2015Q3": 36.5694072, "2015Q4": 33.3730068, "2015Q1": 34.291965600000005, "2015Q2": 31.53286632, "2019Q3": 38.49007656, "2019Q4": 44.653213439999995, "2019Q1": 31.10031408, "2019Q2": 36.35934504, "2018Q3": 52.680235200000006, "2018Q4": 30.284315040000003, "2018Q1": 41.83955256, "2018Q2": 50.2163748, "2013Q3": 14.29039032, "2013Q4": 15.97007928, "2013Q1": 11.54210232, "2013Q2": 13.424982720000001, "2014Q3": 21.86283312, "2014Q4": 25.57665936, "2014Q1": 16.65331176, "2014Q2": 21.56385576, "2012Q3": 9.45471696, "2012Q4": 9.67185192, "2012Q1": 8.13372, "2012Q2": 8.37965136, "2017Q3": 43.999282560000005, "2017Q4": 44.75132328, "2017Q1": 38.97203736, "2017Q2": 45.200446080000006, "2009Q4": 5.3331943200000005, "2021Q3": 48.329958, "2021Q4": 41.58846816, "2021Q1": 46.90569816, "2021Q2": 44.8167972, "2011Q3": 7.7836164000000005, "2011Q4": 7.53374448, "2011Q1": 6.21375792, "2011Q2": 7.295896320000001}