{"2022Q3": 1.8775253218299999, "2022Q4": 1.94323866305, "2022Q1": 2.22675565934, "2022Q2": 1.96514313245, "2020Q3": 1.8655318830299998, "2020Q4": 2.4557563610099997, "2020Q1": 1.6871480343399998, "2020Q2": 1.9208653001599998, "2023Q1": 2.17792928223, "2023Q2": 2.44078278107, "2016Q3": 1.0403819539899999, "2016Q4": 0.9212355522, "2016Q1": 1.07589153495, "2016Q2": 0.97745883212, "2015Q4": 0.91542342968, "2019Q3": 1.77722652271, "2019Q4": 1.9379072225, "2019Q1": 1.39028738292, "2019Q2": 1.65694899617, "2018Q3": 0.99599273396, "2018Q4": 1.0392968110099998, "2018Q1": 1.35826973728, "2018Q2": 1.3172303545000001, "2017Q3": 1.3317928112, "2017Q4": 1.14512986612, "2017Q1": 1.26516338452, "2017Q2": 1.3093828102499998, "2021Q3": 2.00978989058, "2021Q4": 2.1696594960599995, "2021Q1": 2.2765813110699997, "2021Q2": 2.03680238874}