{"2022Q1": 51.38486272, "2020Q3": 33.05588792, "2020Q4": 41.41824108, "2020Q1": 25.89136216, "2020Q2": 29.45222348, "2008Q4": 4.163970480000001, "2010Q3": 9.2125702, "2010Q4": 9.652669240000002, "2010Q1": 9.3464478, "2010Q2": 7.974485240000001, "2023Q3": 57.218532, "2023Q1": 58.78480564, "2023Q2": 63.601288000000004, "2016Q3": 24.812139000000002, "2016Q4": 27.313575960000005, "2016Q1": 17.09268116, "2016Q2": 18.8343156, "2015Q3": 20.4394326, "2015Q4": 15.755979320000002, "2015Q1": 20.84973916, "2015Q2": 17.27954412, "2019Q3": 28.9614018, "2019Q4": 21.538077440000002, "2019Q1": 31.781410880000003, "2019Q2": 28.61511136, "2018Q3": 27.42209224, "2018Q4": 26.862351880000002, "2018Q1": 35.60050512, "2018Q2": 38.45011812, "2013Q3": 18.97611272, "2013Q4": 17.94176684, "2013Q1": 13.39803652, "2013Q2": 15.427790640000001, "2014Q3": 18.97884684, "2014Q4": 22.432323240000002, "2014Q1": 18.681204880000003, "2014Q2": 20.821832280000002, "2012Q3": 7.99060712, "2012Q4": 10.48874428, "2012Q1": 7.224864960000001, "2012Q2": 6.02128648, "2017Q3": 35.424201520000004, "2017Q4": 30.53880048, "2017Q1": 24.462360200000003, "2017Q2": 26.03617624, "2009Q3": 5.743443320000001, "2009Q4": 9.20210512, "2009Q2": 5.95877884, "2021Q3": 56.91570464, "2021Q1": 46.62919096, "2021Q2": 46.311938760000004, "2011Q3": 7.825240000000001, "2011Q4": 8.160782520000001, "2011Q1": 9.175518160000001, "2011Q2": 7.528540840000001}