{"2022Q1": 18.084318200000002, "2020Q3": 20.44565508, "2020Q4": 21.445588760000003, "2020Q1": 15.181908400000001, "2020Q2": 14.22044096, "2008Q4": 8.192366320000001, "2010Q3": 14.04310028, "2010Q4": 13.698695440000002, "2010Q1": 11.22714524, "2010Q2": 11.26372588, "2023Q3": 22.95718, "2023Q1": 18.62793668, "2023Q2": 21.184716, "2016Q3": 16.32213072, "2016Q4": 16.19786968, "2016Q1": 13.282166400000001, "2016Q2": 13.439331160000002, "2015Q3": 19.513697280000002, "2015Q4": 20.58537804, "2015Q1": 18.11882468, "2015Q2": 14.137474560000001, "2019Q3": 20.75329072, "2019Q4": 14.1118304, "2019Q1": 14.237977040000002, "2019Q2": 15.87778908, "2018Q3": 11.505742640000001, "2018Q4": 12.826039760000002, "2018Q1": 16.60431076, "2018Q2": 15.474176400000001, "2013Q3": 14.967421400000001, "2013Q4": 17.68560808, "2013Q1": 12.86742868, "2013Q2": 13.707463480000001, "2014Q3": 14.82185308, "2014Q4": 15.282788000000002, "2014Q1": 16.3698364, "2014Q2": 16.71810672, "2012Q3": 10.92394076, "2012Q4": 10.84380276, "2012Q1": 11.22431684, "2012Q2": 10.13566568, "2017Q3": 19.296759, "2017Q4": 16.85339852, "2017Q1": 15.787751680000001, "2017Q2": 17.806003640000004, "2009Q3": 15.07980316, "2009Q4": 15.213397920000002, "2009Q2": 17.03724452, "2021Q3": 24.652711520000004, "2021Q1": 19.68151568, "2021Q2": 22.268370320000002, "2011Q3": 9.589030240000001, "2011Q4": 11.29936372, "2011Q1": 12.773054400000001, "2011Q2": 10.810804760000002}