{"2022Q1": 10.53381012, "2020Q3": 11.126265640000002, "2020Q4": 12.281289920000003, "2020Q1": 12.713280880000001, "2020Q2": 11.83053724, "2010Q3": 15.267891760000001, "2010Q4": 16.436209520000002, "2010Q1": 13.804194760000001, "2010Q2": 10.32629984, "2023Q3": 11.41570524, "2023Q1": 11.861932480000002, "2023Q2": 11.732297480000001, "2016Q3": 11.999015600000002, "2016Q4": 11.786508480000002, "2016Q1": 9.763071120000001, "2016Q2": 9.93550924, "2015Q3": 12.101026560000001, "2015Q4": 10.516934000000001, "2015Q1": 16.347492040000002, "2015Q2": 11.430790040000002, "2019Q3": 12.510861720000001, "2019Q4": 11.837325400000001, "2019Q1": 11.716364160000001, "2019Q2": 11.24326712, "2018Q3": 13.274058320000002, "2018Q4": 16.08162244, "2018Q1": 17.36656456, "2018Q2": 14.17103824, "2013Q3": 11.499803, "2013Q4": 10.96344408, "2013Q1": 10.829566480000002, "2013Q2": 11.965546200000002, "2014Q3": 19.23227148, "2014Q4": 18.1884976, "2014Q1": 12.70027024, "2014Q2": 15.071977920000002, "2012Q3": 14.754725720000001, "2012Q4": 12.995555200000002, "2012Q1": 10.660522440000001, "2012Q2": 9.88327812, "2017Q3": 13.653912440000001, "2017Q4": 13.436125640000002, "2017Q1": 11.979688200000002, "2017Q2": 16.23350752, "2009Q4": 13.12585016, "2021Q3": 10.90895024, "2021Q1": 11.739274200000002, "2021Q2": 11.433335600000001, "2011Q3": 7.823542960000001, "2011Q4": 12.425726880000001, "2011Q1": 14.068555880000002, "2011Q2": 10.259738160000001}