{"2017Q2": 0.8249245538639999, "2017Q4": 1.0276145687909999, "2017Q1": 0.592967069532, "2017Q3": 0.9450860908979999, "2023Q2": 0.33668949, "2023Q1": 0.41514141, "2016Q2": 0.28183198493999995, "2016Q4": 0.552248561754, "2016Q1": 0.21755469246899997, "2016Q3": 0.511747758054, "2015Q2": 0.23486020537199997, "2015Q4": 0.16563815375999996, "2015Q1": 0.247221286017, "2015Q3": 0.17923550591100001, "2020Q2": 0.22144133133899996, "2020Q4": 0.48286535682299997, "2020Q1": 0.17069438000399997, "2020Q3": 0.20298780533999997, "2022Q2": 0.36284013, "2022Q4": 0.35630247, "2022Q1": 0.5496040782839999, "2022Q3": 0.295829115, "2018Q2": 0.55281472311, "2018Q4": 0.35838700289099995, "2018Q1": 0.798664408059, "2018Q3": 0.507475724127, "2021Q2": 0.593601876318, "2021Q4": 0.574873441716, "2021Q1": 0.618190342461, "2021Q3": 0.7643920330409999, "2019Q2": 0.473638430382, "2019Q4": 0.375220169859, "2019Q1": 0.45013390826699995, "2019Q3": 0.37214452771199996, "2013Q4": 0.252463181805, "2014Q2": 0.281489411556, "2014Q4": 0.261907485441, "2014Q1": 0.269294060592, "2014Q3": 0.315757863978}