{"2022Q3": 6.856509999999999, "2022Q4": 7.894299999999999, "2022Q1": 5.10025, "2022Q2": 4.88737, "2020Q3": 24.827129999999997, "2020Q4": 16.54255, "2020Q1": 7.4108849999999995, "2020Q2": 46.123999999999995, "2023Q1": 6.1025599999999995, "2019Q3": 8.80791, "2019Q4": 5.71228, "2019Q1": 10.27146, "2019Q2": 8.958699999999999, "2018Q3": 20.157075, "2018Q4": 16.121225, "2018Q2": 16.387325, "2017Q4": 0, "2021Q3": 5.95177, "2021Q4": 7.86769, "2021Q1": 10.27146, "2021Q2": 8.710339999999999}