{"2022Q3": 1.155490987328, "2022Q4": 1.201366582512, "2022Q1": 1.626076311536, "2022Q2": 1.4565494898720002, "2020Q3": 1.41904993936, "2020Q4": 1.5778603327360001, "2020Q1": 0.834688606288, "2020Q2": 1.139337633136, "2023Q3": 1.6299056, "2023Q1": 1.47088557664, "2023Q2": 1.5483006802400001, "2019Q3": 1.1430528282080001, "2019Q4": 1.515814249248, "2019Q1": 1.0391815732, "2019Q2": 0.976998107536, "2018Q3": 1.495655224208, "2018Q4": 0.976998107536, "2018Q2": 1.971753433488, "2017Q2": 1.797612958352, "2021Q3": 1.3198496474080001, "2021Q4": 1.561889237248, "2021Q1": 1.721302293632, "2021Q2": 1.716179317856}