{"2022Q3": 20.46603872112, "2022Q4": 19.721580000000003, "2020Q3": 28.37036768814, "2020Q4": 35.812512631980006, "2020Q1": 24.175702125320004, "2020Q2": 23.14733223002, "2023Q1": 15.535700000000002, "2023Q2": 20.64358, "2019Q3": 14.297943139440001, "2019Q4": 26.737603825820003, "2018Q4": 0, "2021Q3": 19.33154203426, "2021Q1": 30.129420333760002, "2021Q2": 25.880630042520004}