{"2022Q3": 1.7099168085960001, "2022Q4": 1.6328935040080002, "2022Q1": 1.829599205092, "2022Q2": 1.758130540944, "2020Q3": 1.695221002392, "2020Q4": 1.7139379704560003, "2020Q1": 1.4996061079440002, "2020Q2": 1.68955617148, "2023Q3": 1.4325420000000002, "2023Q1": 1.780778206664, "2023Q2": 1.6760266849880003, "2019Q3": 1.7870307091160003, "2019Q4": 1.7120504399440002, "2019Q2": 1.5470938543520003, "2021Q3": 1.6237691664960001, "2021Q4": 1.7638480301240003, "2021Q1": 1.8663474640480002, "2021Q2": 1.844956417584}