{"2022Q3": 1.2055209250980001, "2022Q4": 1.164708902868, "2022Q1": 1.4217098096340002, "2022Q2": 1.3749046793820001, "2020Q3": 1.03634426937, "2020Q4": 1.077687776472, "2020Q1": 0.8796042344520001, "2020Q2": 1.041972994632, "2023Q3": 1.3013670000000002, "2023Q1": 1.2494721081000002, "2023Q2": 1.3342353462780001, "2019Q3": 1.003618085082, "2019Q4": 0.935857915098, "2019Q1": 1.171313719272, "2019Q2": 1.1521510737240002, "2021Q3": 1.418784633132, "2021Q4": 1.40415786108, "2021Q1": 1.281649082568, "2021Q2": 1.3643361956100002}