{"2022Q3": 0.7636882800000001, "2022Q4": 0.8318865000000001, "2022Q1": 0.97915512, "2022Q2": 0.9063444600000001, "2020Q3": 0.77884344, "2020Q4": 0.96894186, "2020Q1": 0.5399849400000001, "2020Q2": 0.7478742, "2023Q3": 0.9142515000000001, "2023Q1": 0.9303950400000001, "2023Q2": 0.9488448000000002, "2019Q3": 0.84605328, "2019Q4": 0.8404524600000002, "2019Q1": 0.9728953800000001, "2019Q2": 0.81607242, "2021Q3": 0.86384412, "2021Q4": 0.9794845800000002, "2021Q1": 1.3402432800000001, "2021Q2": 0.8467122}