{"2010Q3": 6.469188736192, "2010Q4": 6.622131911204001, "2010Q1": 5.745516075228, "2010Q2": 6.271822786204001, "2016Q3": 15.357546788604001, "2016Q4": 16.904080600744003, "2016Q1": 11.354521800312, "2016Q2": 12.597256961036, "2015Q3": 21.196075174952004, "2015Q4": 15.910640776296, "2015Q1": 20.970277337356002, "2015Q2": 17.962036398896, "2019Q1": 17.68478506274, "2019Q2": 19.384923226104, "2018Q3": 17.042804098464, "2018Q4": 17.52643793726, "2018Q1": 16.186995575648, "2018Q2": 17.197664061300003, "2013Q3": 14.927642886108002, "2013Q4": 15.742076150096, "2013Q1": 13.344192325768, "2013Q2": 15.244799787884, "2014Q3": 17.646299674472, "2014Q4": 17.575991326128, "2014Q1": 16.951904225024002, "2014Q2": 15.827978900696001, "2012Q3": 10.873006725384, "2012Q4": 12.474939248680002, "2012Q1": 7.17549174964, "2012Q2": 9.093578761468, "2017Q3": 15.644247988292001, "2017Q4": 16.57007137524, "2017Q1": 15.604379239012, "2017Q2": 15.468827575048001, "2009Q4": 5.9757752989920006, "2011Q3": 6.284266661984001, "2011Q4": 8.030544137428, "2011Q1": 6.892421574448001, "2011Q2": 6.709975613592}