{"2022Q3": 53.134656613172005, "2022Q4": 57.435376000000005, "2020Q3": 41.243356837116, "2020Q4": 50.719850273656, "2020Q1": 33.712345936540004, "2020Q2": 39.116951537404006, "2008Q4": 21.926722161204, "2010Q3": 15.697257474544001, "2010Q4": 15.769189711036, "2010Q1": 11.876844738172, "2010Q2": 16.952078011348, "2023Q1": 50.86406, "2023Q2": 63.525864000000006, "2016Q3": 42.116850911444004, "2016Q4": 44.202045536924, "2016Q1": 24.304421863172003, "2016Q2": 29.05169837572, "2015Q3": 29.600485775576, "2015Q4": 25.278219637548002, "2015Q1": 15.583432099184002, "2015Q2": 27.672641613412, "2019Q3": 22.380829050192002, "2019Q4": 27.554639700048, "2019Q1": 37.50301420028801, "2019Q2": 37.546220499280004, "2018Q3": 26.781387176392002, "2018Q4": 29.509858663604003, "2018Q1": 35.69456912452, "2018Q2": 26.697695263508, "2013Q3": 16.856168362692, "2013Q4": 17.23980693846, "2013Q1": 7.17725949964, "2013Q2": 11.093580725024, "2014Q3": 14.762134987212, "2014Q4": 15.141632700528001, "2014Q1": 11.021647338316, "2014Q2": 14.754143286444, "2012Q3": 6.010355175972, "2012Q4": 6.282099551332, "2012Q1": 4.723563800912, "2012Q2": 6.378009775096, "2017Q3": 48.86782371163601, "2017Q4": 35.485339337596, "2017Q1": 57.871936598464, "2017Q2": 58.117501925672, "2009Q3": 19.176991637068, "2009Q4": 13.906939887788, "2009Q1": 18.687098162524002, "2009Q2": 17.738917800912002, "2021Q3": 56.755782001440004, "2021Q1": 57.74675779923201, "2021Q2": 64.863751524136, "2011Q3": 7.265176862992001, "2011Q4": 5.8185347378720005, "2011Q1": 8.336170387788, "2011Q2": 7.544914098764001}