{"2022Q3": 1.081025810624, "2022Q4": 1.14809101168, "2022Q1": 2.0875198616, "2022Q2": 1.1508121995840002, "2023Q3": 1.6240896, "2023Q1": 1.762854554464, "2023Q2": 2.2355038446720004, "2021Q3": 2.175680278688, "2021Q4": 2.2543954224640004, "2021Q2": 3.28169425456}