{"2022Q3": 1.43178456486, "2022Q4": 1.4998875, "2022Q1": 1.3650285449100001, "2022Q2": 1.35157268931, "2020Q3": 1.1973314907000001, "2020Q4": 1.16075025612, "2020Q1": 1.09786530798, "2020Q2": 1.02990214614, "2023Q1": 1.7350050000000001, "2023Q2": 1.82256603243, "2019Q4": 1.32005209137, "2021Q3": 1.22897422002, "2021Q4": 1.22299377129, "2021Q1": 1.29722636559, "2021Q2": 1.29441241449}