{"2022Q1": 11.124930663484001, "2008Q4": 6.642014488412, "2010Q3": 6.798208899796001, "2010Q4": 5.979417250540001, "2010Q1": 6.583402526296, "2010Q2": 5.4824263116, "2023Q3": 16.216160000000002, "2023Q1": 16.960972, "2023Q2": 18.092332000000003, "2016Q3": 7.6186186861200005, "2016Q4": 8.454986550372, "2016Q1": 5.07709193738, "2016Q2": 5.8629540622, "2015Q3": 5.4458059137240005, "2015Q4": 5.39791899928, "2015Q1": 5.916947548812001, "2015Q2": 5.023835588376, "2019Q3": 11.554919738532, "2019Q1": 9.871841050912002, "2019Q2": 9.220592051512, "2018Q3": 5.924229151476, "2018Q4": 7.657905086696, "2018Q1": 7.588959386048, "2018Q2": 9.15338706136, "2013Q3": 4.373750711276, "2013Q4": 3.9359310505520004, "2013Q1": 4.188374905140001, "2013Q2": 4.073440363292001, "2014Q3": 5.278640760988, "2014Q4": 5.237563587236, "2014Q1": 4.916024136228, "2014Q2": 4.6590095683840005, "2012Q3": 4.014290373500001, "2012Q4": 4.127342068324, "2012Q1": 3.7812230010800003, "2012Q2": 3.2809828433600003, "2017Q3": 13.499716349784002, "2017Q4": 11.065874463436, "2017Q1": 10.412985463436, "2017Q2": 14.8788962512, "2009Q3": 6.949686426212, "2009Q4": 8.453449550672001, "2009Q2": 8.192662698608, "2011Q3": 3.7863058621520005, "2011Q4": 4.543445792388001, "2011Q1": 5.258135549232, "2011Q2": 3.9554030572160004}