{"2022Q3": 25.719866840000005, "2022Q4": 23.65588908, "2022Q1": 22.246025960000004, "2022Q2": 24.029709280000002, "2021Q4": 22.509915680000002}