{"2017Q2": 0.86684419, "2017Q4": 0.86684419, "2017Q1": 0.84881177, "2017Q3": 0.82562723, "2016Q2": 0.8926047899999999, "2016Q4": 0.77797012, "2016Q1": 0.83206738, "2016Q3": 0.89389282, "2015Q2": 0.6916721100000001, "2015Q4": 0.77024194, "2015Q1": 0.74061725, "2015Q3": 0.7174327100000001, "2020Q2": 1.15021079, "2020Q4": 1.05103248, "2020Q1": 1.0368641500000002, "2020Q3": 1.0677768699999999, "2022Q4": 1.13733049, "2018Q2": 0.90419706, "2018Q4": 1.0471683900000002, "2018Q1": 0.85911601, "2018Q3": 0.99951128, "2012Q2": 0.37996885, "2012Q4": 0.48816337, "2012Q1": 0.37610476, "2012Q3": 0.42376187, "2021Q2": 1.1424826099999998, "2021Q4": 1.16437912, "2021Q1": 1.1527868499999998, "2021Q3": 1.1849876, "2011Q4": 0.2833666, "2019Q2": 1.1888516900000001, "2019Q4": 1.0780811099999998, "2019Q1": 1.1721073, "2019Q3": 1.22105244, "2013Q2": 0.49202745999999997, "2013Q4": 0.52165215, "2013Q1": 0.50104367, "2013Q3": 0.49589155, "2014Q2": 0.6620474199999999, "2014Q4": 0.74834543, "2014Q1": 0.57446138, "2014Q3": 0.6955362}