{"2016Q4": 0.4729201932, "2016Q2": 0.4788315896, "2015Q4": 0.44665636329999997, "2017Q4": 0.4008683217}