{"2022Q1": 15.314937480000001, "2020Q3": 17.41323316, "2020Q4": 15.928511720000001, "2020Q1": 14.9396088, "2020Q2": 15.761259, "2010Q3": 4.2680556, "2010Q4": 4.55947508, "2010Q1": 4.03339268, "2010Q2": 3.2706674800000006, "2023Q3": 21.911991920000002, "2023Q1": 20.978054240000002, "2023Q2": 22.311362000000003, "2016Q1": 9.3978304, "2016Q2": 9.811531040000002, "2015Q3": 10.850968040000001, "2015Q4": 10.904707640000002, "2015Q1": 10.14961912, "2015Q2": 8.4324032, "2019Q3": 18.360087200000002, "2019Q4": 13.76591708, "2013Q3": 5.71695064, "2013Q1": 4.78131592, "2013Q2": 5.35444404, "2014Q3": 7.794033320000001, "2014Q4": 8.71420612, "2012Q3": 4.4824483200000005, "2012Q4": 4.864282320000001, "2012Q1": 5.20180472, "2012Q2": 4.489236480000001, "2009Q4": 5.1107302400000005, "2021Q3": 19.374634280000002, "2021Q1": 19.2882738, "2021Q2": 20.51174536, "2011Q3": 3.0839930800000004, "2011Q4": 5.249133280000001, "2011Q1": 3.8488867200000003, "2011Q2": 3.52267792}