{"2022Q1": 67.84169136, "2022Q2": 61.8486048, "2020Q3": 38.79107472, "2020Q4": 39.63778992, "2020Q1": 28.68939864, "2020Q2": 27.031635360000003, "2010Q3": 13.41012984, "2010Q4": 13.252507439999999, "2010Q1": 13.301713920000001, "2010Q2": 13.0690188, "2023Q3": 72.00332688, "2023Q2": 93.01671672, "2016Q3": 16.4462808, "2016Q4": 18.3503796, "2016Q1": 21.345811440000002, "2016Q2": 16.6705896, "2015Q3": 17.7188796, "2015Q4": 18.8611368, "2015Q1": 16.82245272, "2015Q2": 21.542233200000002, "2019Q3": 33.6190392, "2019Q4": 35.45362248, "2019Q1": 43.1556996, "2019Q2": 32.23559952, "2018Q3": 33.26933976, "2018Q4": 32.730998639999996, "2018Q1": 30.01666008, "2018Q2": 41.6987028, "2013Q3": 11.38437888, "2013Q4": 11.435202, "2013Q1": 11.60363568, "2013Q2": 11.784598319999999, "2014Q3": 14.202485520000002, "2014Q4": 14.394158399999998, "2014Q1": 12.66101928, "2014Q2": 13.17622224, "2012Q3": 10.86705408, "2012Q4": 11.12490816, "2012Q1": 12.6689004, "2012Q2": 11.503404, "2017Q3": 21.157674959999998, "2017Q4": 25.56312, "2017Q1": 20.387346, "2017Q2": 19.49435448, "2009Q4": 12.692543760000001, "2021Q3": 91.58993088, "2021Q4": 84.48934487999999, "2021Q1": 40.72831464, "2021Q2": 58.214802240000004, "2011Q3": 12.661524479999999, "2011Q4": 10.643755680000002, "2011Q1": 13.01718528, "2011Q2": 12.73275768}