{"2022Q2": 30.844992509999997, "2022Q3": 29.843598329999995, "2022Q1": 35.24669244, "2020Q2": 22.554092909999998, "2020Q3": 31.789577039999998, "2020Q4": 35.02949205, "2020Q1": 35.32258572, "2010Q2": 8.19801858, "2010Q3": 8.118815999999999, "2010Q4": 6.15066498, "2010Q1": 5.908644839999999, "2023Q3": 44.84862639, "2016Q2": 35.486506379999994, "2016Q3": 33.375834839999996, "2016Q4": 35.364172589999995, "2016Q1": 38.586658619999994, "2015Q2": 59.24099270999999, "2015Q3": 57.32435646, "2015Q4": 40.90007994, "2015Q1": 46.664770229999995, "2019Q2": 34.3748022, "2019Q3": 34.18716489, "2019Q4": 34.89248703, "2019Q1": 36.33258408, "2018Q2": 57.735371519999994, "2018Q3": 57.918596429999994, "2018Q4": 50.85632961, "2018Q1": 70.39123782, "2013Q2": 15.115007129999999, "2013Q3": 25.70587023, "2013Q4": 20.88841191, "2013Q1": 8.222176469999999, "2014Q2": 33.43760844, "2014Q3": 37.97962268999999, "2014Q4": 34.86843945, "2014Q1": 28.304332589999998, "2012Q2": 9.42830601, "2012Q3": 8.176728749999999, "2012Q4": 8.11142523, "2012Q1": 7.19232231, "2017Q2": 44.20033452, "2017Q3": 54.98093082, "2017Q4": 58.00673412, "2017Q1": 46.52699304, "2009Q4": 6.38672838, "2021Q2": 37.88519733, "2021Q3": 38.135380409999996, "2021Q4": 39.72891867, "2021Q1": 38.94362178, "2011Q2": 8.45426871, "2011Q3": 9.27949782, "2011Q4": 7.72147938, "2011Q1": 6.90342042}