{"2022Q3": 1.12618657589, "2022Q4": 1.2488718544600002, "2022Q1": 1.4158806935000003, "2022Q2": 1.23314290328, "2020Q3": 3.4493555909600007, "2020Q4": 2.4843388479, "2020Q1": 2.46136412904, "2023Q3": 1.1846245000000002, "2023Q1": 1.28819391439, "2023Q2": 1.1734938000000001, "2021Q3": 1.76284941806, "2021Q4": 1.71772794541, "2021Q1": 1.9701781047800002, "2021Q2": 2.11759738885}