{"2022Q3": 29.182021689868, "2022Q4": 38.378759839838, "2022Q1": 27.135872160386, "2022Q2": 28.603050960816, "2020Q3": 47.646618772036, "2020Q4": 59.3416997142, "2020Q2": 49.318579508838, "2023Q3": 53.892813600000004, "2023Q1": 68.634557034372, "2023Q2": 68.521376748158, "2021Q3": 40.968427114996, "2021Q4": 38.319333129587996, "2021Q1": 46.780315048135996, "2021Q2": 57.088574892223996}