{"2022Q3": 2.443296, "2022Q4": 2.352528, "2022Q2": 3.3167519999999997, "2020Q1": 0, "2020Q2": 0, "2023Q3": 2.6129279999999997, "2023Q1": 3.1411679999999995, "2023Q2": 2.6039999999999996, "2021Q2": 4.078608}