{"2022Q2": 1.1761893499999998, "2023Q3": 1.43255637, "2023Q1": 1.23394236, "2023Q2": 1.39593251, "2021Q1": 0, "2021Q2": 0}