{"2023Q2": 27.9744, "2023Q1": 27.669359553599996, "2023Q3": 18.443759999999997, "2020Q4": 21.840863851199998, "2022Q2": 9.627359553599998, "2022Q4": 8.1185281488, "2022Q1": 9.4785601488, "2022Q3": 9.326784, "2021Q2": 20.564159553599996, "2021Q4": 14.1508797024, "2021Q1": 20.964431851199997, "2021Q3": 11.847456446399999}