{"2023Q2": 3.6764783807999994, "2023Q1": 4.4878797216, "2023Q3": 3.0563519999999995, "2020Q4": 0, "2020Q3": 0, "2022Q2": 3.1715733455999997, "2022Q4": 2.906534952, "2022Q1": 3.5235536447999998, "2022Q3": 2.6029999152, "2021Q4": 4.7176798944}