{"2022Q3": 5.5576797024, "2022Q4": 7.335839851199999, "2022Q1": 8.92970004, "2022Q2": 7.792655851199999, "2020Q4": 18.458968550399998, "2023Q3": 7.423632, "2023Q1": 9.2568478512, "2023Q2": 9.371424, "2021Q3": 14.6797741248, "2021Q4": 13.7734304976, "2021Q1": 11.7138608304, "2021Q2": 20.709179140799996}