{"2023Q2": 2.517696, "2023Q1": 2.407584, "2023Q3": 2.2319999999999998, "2020Q4": 2.608464, "2022Q2": 2.056416, "2022Q4": 2.0876639999999997, "2022Q1": 2.185872, "2022Q3": 1.918032, "2021Q2": 2.428416, "2021Q4": 2.334672, "2021Q1": 2.3927039999999997, "2021Q3": 2.3242559999999997}