{"2022Q3": 2.5828965741100003, "2022Q4": 2.518742259994, "2020Q3": 0, "2020Q4": 0, "2023Q3": 3.37836084, "2023Q1": 2.8199874384920003, "2023Q2": 3.7336082600000005, "2021Q4": 3.9126361100000002}