{"2022Q3": 9.774893324966, "2022Q4": 12.581657820688, "2022Q1": 13.672473151843, "2022Q2": 12.756371957527, "2020Q3": 8.016939590957, "2020Q4": 7.026205655238, "2020Q1": 4.812805206506, "2020Q2": 5.57905252289, "2023Q3": 8.13037478, "2023Q1": 10.67115240257, "2023Q2": 10.439737212762001, "2021Q3": 15.246307141571, "2021Q4": 21.318396532752, "2021Q1": 7.960984763731999, "2021Q2": 12.211927817209999}