{"2022Q3": 2.6093314200379996, "2022Q4": 2.164953420091, "2022Q1": 3.8777118999009996, "2022Q2": 3.342428126716, "2023Q3": 2.09460307, "2023Q1": 2.582946323545, "2023Q2": 2.1030547299999998, "2021Q4": 4.627659808009}