{"2022Q3": 2.36639305728, "2022Q4": 2.533466703872, "2022Q1": 2.397557917696, "2022Q2": 2.642928392192, "2020Q1": 0, "2020Q2": 0, "2023Q3": 4.92496896, "2023Q1": 3.5171832320000003, "2023Q2": 6.1173145600000005, "2019Q4": 0, "2021Q4": 2.8622890106880003, "2021Q2": 2.651952121856}