{"2010Q3": 0, "2010Q4": 0, "2010Q1": 0, "2010Q2": 0, "2013Q3": 0, "2013Q4": 0, "2013Q1": 0, "2013Q2": 0, "2014Q3": 0, "2014Q4": 0, "2014Q1": 0, "2014Q2": 0, "2009Q3": 0, "2009Q4": 0, "2009Q1": 0, "2009Q2": 0, "2022Q3": 63.400368, "2022Q4": 63.054237, "2022Q1": 58.037029, "2022Q2": 64.527748, "2021Q3": 52.775265, "2021Q4": 77.743996, "2021Q1": 18.099308, "2021Q2": 27.934629, "2020Q3": 15.98203, "2020Q4": 22.587547, "2020Q2": 16.296911, "2023Q3": 30.57, "2023Q1": 51.513416, "2023Q2": 42.610001, "2015Q3": 0, "2015Q4": 0, "2015Q1": 0, "2015Q2": 0, "2012Q3": 0, "2012Q4": 0, "2012Q1": 0, "2012Q2": 0, "2011Q3": 0, "2011Q4": 0, "2011Q1": 0, "2011Q2": 0}