{"2022Q3": 12.927743999999999, "2022Q4": 10.538015999999999, "2022Q1": 9.157152, "2022Q2": 11.323679999999998, "2023Q3": 7.496544, "2023Q1": 9.533615999999999, "2023Q2": 8.184, "2021Q2": 10.579679999999998}