{"2022Q3": 6.1030820081, "2022Q4": 6.22907877305, "2020Q3": 0, "2020Q4": 0, "2023Q3": 4.111268, "2023Q1": 5.1942020445, "2023Q2": 4.50050959855, "2021Q4": 6.607574673699999}