{"2023Q2": 7.0656324800000005, "2023Q1": 8.316211798008, "2023Q3": 5.641834520000001, "2022Q2": 10.0984836109, "2022Q4": 6.323628036330001, "2022Q1": 12.816591284654002, "2022Q3": 6.9299470618640004, "2021Q2": 25.933124144230003, "2021Q4": 17.014864995396, "2021Q3": 24.840609146850003}