{"2022Q3": 0.9865439999999999, "2022Q4": 0.8942879999999999, "2022Q1": 1.3797856463999998, "2022Q2": 1.3915408463999999, "2023Q3": 0.757392, "2023Q1": 0.9180959999999999, "2023Q2": 0.828816, "2021Q4": 1.7412629567999998}