{"2022Q3": 4.324771981272001, "2022Q4": 5.042547427586, "2020Q3": 0, "2020Q4": 0, "2023Q3": 4.883598920000001, "2023Q1": 4.787493119356, "2023Q2": 4.253140200414, "2021Q4": 4.495994778668001}