{"2021Q2": 0, "2021Q1": 0, "2023Q2": 8.21783074, "2023Q1": 10.489772738004, "2023Q3": 7.437460799999998, "2022Q2": 9.760604926337999}