{"2022Q2": 2.7613101561849995, "2023Q3": 1.20436155, "2023Q1": 2.0737439505369997, "2023Q2": 1.5875034699999997, "2021Q1": 0, "2021Q2": 0}