{"2022Q1": 8.296357160000001, "2020Q3": 7.7832854000000005, "2020Q4": 8.28372364, "2020Q1": 7.801481440000001, "2020Q2": 8.34698552, "2010Q3": 1.26891452, "2010Q4": 1.2729685600000002, "2010Q1": 1.2051812400000002, "2010Q2": 1.1779008223160001, "2023Q3": 6.874143360000001, "2023Q1": 7.446988640000001, "2023Q2": 7.7149324, "2016Q3": 4.32716916, "2016Q4": 7.188567160000001, "2016Q1": 1.8307290400000003, "2016Q2": 2.1792349562920004, "2015Q3": 1.78688884, "2015Q4": 1.997632018912, "2015Q1": 2.3627510800000002, "2015Q2": 1.86316136, "2019Q3": 9.28912556, "2019Q4": 7.546831160000001, "2019Q1": 7.088630360000001, "2019Q2": 7.512418960000001, "2018Q3": 6.7362248626320005, "2018Q4": 7.4764040000000005, "2018Q1": 7.317070800000001, "2018Q2": 8.193686240000002, "2013Q3": 2.6101418000000005, "2013Q4": 2.34163236, "2013Q1": 1.480196, "2013Q2": 1.7029796400000001, "2014Q3": 2.77032352, "2014Q4": 2.3627510800000002, "2014Q1": 2.20973464, "2014Q2": 2.96821724, "2012Q3": 1.4193854000000001, "2012Q4": 1.5995544800000001, "2012Q1": 1.18151696, "2012Q2": 1.29062150006, "2017Q3": 7.27728464, "2017Q4": 10.099085040000002, "2017Q1": 7.37495872, "2017Q2": 7.5879372400000005, "2009Q4": 1.16973196, "2021Q3": 9.08840344, "2021Q1": 8.2655276, "2021Q2": 8.66782036, "2011Q3": 1.0878969200000002, "2011Q4": 1.61115092, "2011Q1": 1.24336464, "2011Q2": 1.08054308}