{"2022Q1": 20.38409024, "2020Q3": 29.63804936, "2020Q4": 29.58562968, "2020Q1": 22.980655719999998, "2020Q2": 26.874796840000002, "2008Q4": 8.16389376, "2010Q3": 11.586634880000002, "2010Q4": 10.60753708, "2010Q1": 11.221488440000002, "2010Q2": 10.158292880000001, "2023Q3": 25.012484, "2023Q1": 27.05515448, "2023Q2": 22.27365, "2016Q3": 26.92806504, "2016Q4": 26.909680440000002, "2016Q1": 18.143337480000003, "2016Q2": 22.81510004, "2015Q3": 22.22245596, "2015Q4": 21.3082228, "2015Q1": 21.076765400000003, "2015Q2": 19.75241424, "2019Q3": 27.910651200000004, "2019Q4": 18.88041852, "2019Q1": 23.03901504, "2019Q2": 25.066977840000003, "2018Q3": 26.66210116, "2018Q4": 25.8841026, "2018Q1": 32.40620444, "2018Q2": 33.52181968, "2013Q3": 19.511717400000002, "2013Q4": 18.689690080000002, "2013Q1": 15.538758200000002, "2013Q2": 16.8945046, "2014Q3": 21.51384748, "2014Q4": 22.43948852, "2014Q1": 21.54495988, "2014Q2": 19.47739948, "2012Q3": 9.72705616, "2012Q4": 13.3269494, "2012Q1": 9.66266292, "2012Q2": 9.216812800000001, "2017Q3": 38.98581708, "2017Q4": 33.69218364, "2017Q1": 28.731924280000005, "2017Q2": 32.85035752, "2009Q3": 14.01764468, "2009Q4": 13.71849424, "2009Q2": 13.672108480000002, "2021Q3": 26.069834200000003, "2021Q1": 28.86731036, "2021Q2": 25.57184724, "2011Q3": 8.8255508, "2011Q4": 10.36410612, "2011Q1": 10.838994480000002, "2011Q2": 9.23133192}