{"2022Q1": 28.24091404, "2020Q4": 25.98064532, "2023Q3": 38.08912, "2023Q1": 36.477591960000005, "2023Q2": 34.03508, "2021Q3": 34.14708464, "2021Q1": 28.591635640000003, "2021Q2": 37.700215}