{"2022Q1": 34.28624192, "2020Q3": 35.9197372, "2020Q4": 38.30238136, "2020Q1": 32.369718080000006, "2020Q2": 31.514032800000003, "2008Q4": 7.338378080000001, "2010Q3": 8.6817738, "2010Q4": 10.176960320000001, "2010Q1": 7.85578672, "2010Q2": 8.1193936, "2023Q3": 69.48436000000001, "2023Q1": 44.049690160000004, "2023Q2": 51.19404, "2016Q3": 28.03312092, "2016Q4": 27.92771588, "2016Q1": 25.78237448, "2016Q2": 27.8592686, "2015Q3": 28.321523440000004, "2015Q4": 25.56571904, "2015Q1": 29.126486080000003, "2015Q2": 25.399126280000004, "2019Q3": 35.148055400000004, "2019Q4": 37.66005172, "2019Q1": 32.243571440000004, "2019Q2": 30.553791, "2018Q3": 29.506717320000003, "2018Q4": 33.44432152, "2018Q1": 32.09677748, "2018Q2": 32.73609016, "2013Q3": 17.976744720000003, "2013Q4": 19.320894680000002, "2013Q1": 15.216980560000001, "2013Q2": 17.36986436, "2014Q3": 25.81028136, "2014Q4": 28.99798244, "2014Q1": 25.02596604, "2014Q2": 25.767855360000002, "2012Q3": 11.023500440000001, "2012Q4": 14.2136528, "2012Q1": 10.16140412, "2012Q2": 10.317814640000002, "2017Q3": 36.147611960000006, "2017Q4": 34.52495888, "2017Q1": 35.600128000000005, "2017Q2": 36.63070268, "2009Q3": 8.698838480000001, "2009Q4": 8.2773126, "2009Q2": 9.771744880000002, "2021Q3": 39.19964412, "2021Q4": 36.18579536, "2021Q1": 40.98945564, "2021Q2": 44.538814800000004, "2011Q3": 8.81263444, "2011Q4": 10.067972640000002, "2011Q1": 9.403298640000001, "2011Q2": 9.48683072}