{"2022Q1": 11.93829928, "2020Q3": 11.225259640000003, "2020Q4": 11.810361320000002, "2020Q1": 9.63749016, "2020Q2": 12.13251608, "2010Q3": 11.739085640000003, "2010Q4": 10.863224440000002, "2010Q1": 11.4545486, "2010Q2": 10.58547556, "2023Q3": 22.844044, "2023Q1": 19.195596560000002, "2023Q2": 22.052092000000002, "2016Q3": 12.112245880000001, "2016Q4": 12.97085384, "2016Q1": 9.77268768, "2016Q2": 10.23682812, "2015Q3": 12.13364744, "2015Q4": 10.080511880000001, "2015Q1": 15.517450920000002, "2015Q2": 12.967836880000002, "2019Q3": 12.388014880000002, "2019Q4": 9.12404128, "2019Q1": 11.443423560000001, "2019Q2": 11.256560600000002, "2018Q3": 12.211334160000002, "2018Q4": 12.770037440000001, "2018Q1": 16.0224146, "2018Q2": 15.569399200000001, "2013Q3": 13.7559234, "2013Q4": 13.176949920000002, "2013Q1": 12.96925108, "2013Q2": 14.19262836, "2014Q3": 16.55453092, "2014Q4": 15.517450920000002, "2014Q1": 14.133986200000002, "2014Q2": 17.22269328, "2012Q3": 10.457914720000002, "2012Q4": 11.88842516, "2012Q1": 10.5909438, "2012Q2": 9.88488088, "2017Q3": 16.76590668, "2017Q4": 15.537344000000001, "2017Q1": 14.631784600000001, "2017Q2": 19.938711520000002, "2009Q4": 12.392351760000002, "2021Q3": 14.985334600000002, "2021Q1": 12.2714848, "2021Q2": 12.57054096, "2011Q3": 9.978689480000002, "2011Q4": 11.08525384, "2011Q1": 10.45065516, "2011Q2": 9.769293600000001}