{"2015Q1": 4.561307247636, "2015Q2": 4.814713309536, "2015Q3": 3.822206567076, "2015Q4": 3.535013030256, "2012Q2": 3.249838315728, "2012Q3": 4.835830281372, "2012Q4": 3.3365116817639997, "2020Q1": 2.4849833184000003, "2020Q2": 2.969411073408, "2020Q3": 3.5507241660960003, "2020Q4": 3.498413976648, "2016Q1": 3.687056934048, "2016Q2": 3.3365116817639997, "2016Q3": 2.850817063104, "2016Q4": 3.505449056364, "2013Q1": 3.5265660282, "2013Q2": 2.5852250048039997, "2013Q3": 4.012260646860001, "2013Q4": 3.927792492864, "2017Q1": 3.737737879776, "2017Q2": 3.906675254376, "2017Q3": 3.7039504048559997, "2017Q4": 3.1084463593800002, "2023Q1": 3.34407206592, "2023Q2": 3.64246632, "2021Q1": 3.858544835028, "2021Q2": 3.740216143464, "2021Q3": 3.6013085838, "2021Q4": 3.0971253820679996, "2019Q1": 2.890855127556, "2019Q2": 3.1422338343, "2019Q3": 3.1369967890200003, "2019Q4": 3.07415224566, "2018Q1": 3.032424674136, "2018Q2": 1.749176856648, "2018Q3": 1.5946834875840001, "2018Q4": 2.1655230230159996, "2014Q1": 4.371252634548, "2014Q2": 4.181198554764, "2014Q3": 4.497955532172, "2014Q4": 2.724113898828, "2022Q1": 3.426387804972, "2022Q2": 2.891336167764, "2022Q3": 2.947928255028, "2022Q4": 2.587797396648}