{"2022Q1": 19.243302240000002, "2020Q3": 22.155422880000003, "2020Q4": 22.915602520000004, "2020Q1": 23.07248444, "2020Q2": 25.72269524, "2008Q4": 30.260674480000002, "2010Q3": 34.34940952, "2010Q4": 33.09963384, "2010Q1": 31.297283080000003, "2010Q2": 35.30352312, "2023Q3": 19.393396000000003, "2023Q1": 18.86382524, "2023Q2": 19.779944, "2016Q3": 25.58514072, "2016Q4": 27.144060520000004, "2016Q1": 24.66807916, "2016Q2": 24.39297012, "2015Q3": 26.56989532, "2015Q4": 25.401671840000002, "2015Q1": 30.20834908, "2015Q2": 26.29506912, "2019Q3": 29.80341648, "2019Q4": 25.17247716, "2019Q1": 24.32876544, "2019Q2": 23.640992840000003, "2018Q3": 20.183839520000003, "2018Q4": 23.494293159999998, "2018Q1": 25.676780880000003, "2018Q2": 28.70298032, "2013Q3": 47.173186560000005, "2013Q4": 38.91341004, "2013Q1": 42.919461520000006, "2013Q2": 52.50500340000001, "2014Q3": 32.473803200000006, "2014Q4": 31.489897120000002, "2014Q1": 38.00417372, "2014Q2": 36.04135840000001, "2012Q3": 29.42695644, "2012Q4": 37.7006864, "2012Q1": 24.470656840000004, "2012Q2": 24.50752032, "2017Q3": 31.087321520000003, "2017Q4": 27.235794960000003, "2017Q1": 26.318733400000003, "2017Q2": 27.6942786, "2009Q3": 50.63929648, "2009Q4": 48.19612456000001, "2009Q2": 49.609381760000005, "2021Q3": 19.04484284, "2021Q1": 19.35257276, "2021Q2": 19.498141080000003, "2011Q3": 25.96461772, "2011Q4": 30.3223336, "2011Q1": 30.74169104, "2011Q2": 29.30920072}