{"2017Q4": 0.11058778773, "2023Q1": 0.34649598, "2023Q4": 0.2730780582, "2023Q2": 0.26434701327, "2023Q3": 0.29034074943, "2016Q1": 0.10887818963999998, "2016Q2": 0.17549694504, "2016Q3": 0.14079504576, "2015Q1": 0.11491898747999998, "2015Q4": 0.11102254212, "2015Q2": 0.08882391759000001, "2015Q3": 0.11103234861, "2020Q1": 0.18944504264999998, "2020Q4": 0.9610360199999999, "2020Q2": 0.16711239608999998, "2020Q3": 0.20317739748, "2022Q1": 0.63742185, "2022Q4": 0.26434701327, "2022Q2": 0.43148556, "2022Q3": 0.34649598, "2018Q1": 0.09566884760999998, "2018Q4": 0.24299828454, "2018Q2": 0.11428156562999998, "2018Q3": 0.14616573345, "2021Q1": 2.02340577, "2021Q4": 0.8400893099999999, "2021Q2": 1.4775111599999997, "2021Q3": 0.9414230399999999, "2019Q1": 0.18880435197, "2019Q4": 0.1977315267, "2019Q2": 0.20394557252999998, "2019Q3": 0.17405212218, "2013Q4": 0.10082706135, "2014Q1": 0.13665343814999997, "2014Q4": 0.10969539713999998, "2014Q2": 0.14282825802, "2014Q3": 0.13406125596}