{"2022Q3": 6.33674736, "2022Q4": 4.52251732, "2022Q1": 7.205443280000001, "2022Q2": 6.87659464, "2020Q3": 5.096588240000001, "2020Q4": 5.797748600000001, "2020Q1": 3.5735891200000003, "2020Q2": 5.063684520000001, "2010Q3": 2.1212057200000003, "2010Q4": 2.07661128, "2010Q1": 2.3218335600000004, "2010Q2": 2.0864164, "2023Q1": 5.206613, "2023Q2": 6.3658798800000005, "2016Q3": 4.88398684, "2016Q4": 5.856673600000001, "2016Q1": 4.83119004, "2016Q2": 4.629242280000001, "2015Q3": 4.732290320000001, "2015Q4": 4.9558282, "2015Q1": 8.336143320000001, "2015Q2": 6.32298248, "2019Q4": 4.52176308, "2013Q3": 3.0801276, "2013Q4": 3.4882657200000002, "2013Q1": 2.09169608, "2013Q2": 2.6018451600000003, "2014Q3": 2.95728076, "2014Q4": 5.818018800000001, "2014Q1": 2.3322986400000003, "2014Q2": 2.7704178000000006, "2012Q3": 1.88757988, "2012Q4": 1.91312976, "2012Q1": 1.66441912, "2012Q2": 1.3072864800000001, "2017Q3": 4.952716960000001, "2017Q1": 5.31776912, "2017Q2": 5.445801360000001, "2009Q4": 2.11828304, "2021Q3": 7.27379628, "2021Q4": 7.28812684, "2021Q1": 7.555410640000001, "2021Q2": 7.357139800000001, "2011Q3": 1.50499164, "2011Q4": 1.40929744, "2011Q1": 1.7281524000000001, "2011Q2": 1.581547}