{"2022Q3": 14.723105789999998, "2022Q4": 14.46266751, "2022Q1": 10.94236422, "2022Q2": 15.062157209999999, "2020Q3": 6.384522299999999, "2020Q4": 6.68512725, "2020Q1": 5.10632769, "2020Q2": 5.77514145, "2023Q1": 14.77832421, "2019Q3": 6.336098669999999, "2019Q4": 4.402851899999999, "2019Q1": 5.127314129999999, "2019Q2": 5.13901149, "2018Q3": 3.8696759099999998, "2018Q4": 5.0823309, "2018Q1": 4.592073899999999, "2018Q2": 5.95928886, "2017Q4": 3.56382435, "2021Q3": 10.53338667, "2021Q4": 11.363813219999999, "2021Q1": 9.724376609999998, "2021Q2": 9.738138209999999}