{"2022Q1": 13.20975936, "2020Q3": 8.197268880000001, "2020Q4": 10.0295064, "2020Q1": 8.055000360000001, "2020Q2": 7.67363776, "2008Q4": 1.5585426800000002, "2010Q3": 4.924432960000001, "2010Q4": 4.4178665200000005, "2010Q1": 3.5798116, "2010Q2": 4.29718812, "2023Q3": 17.121248, "2023Q1": 16.071723040000002, "2023Q2": 17.729354, "2016Q3": 11.1453102, "2016Q4": 11.199709760000001, "2016Q1": 9.27262656, "2016Q2": 8.876367720000001, "2015Q3": 9.630702000000001, "2015Q4": 8.63020264, "2015Q1": 11.633303480000002, "2015Q2": 8.75851772, "2019Q3": 10.48176756, "2019Q4": 5.9198412000000005, "2019Q1": 9.75034332, "2019Q2": 9.60628348, "2018Q3": 12.14854368, "2018Q4": 11.55420256, "2018Q1": 11.429093, "2018Q2": 14.0510198, "2013Q3": 9.1941856, "2013Q4": 8.41958112, "2013Q1": 9.458641, "2013Q2": 9.08170956, "2014Q3": 10.61460808, "2014Q4": 11.56089644, "2014Q1": 9.512852, "2014Q2": 11.10533548, "2012Q3": 7.044601600000001, "2012Q4": 7.73124284, "2012Q1": 5.771727320000001, "2012Q2": 5.19727928, "2017Q3": 14.50337524, "2017Q4": 12.675757440000002, "2017Q1": 10.541823920000002, "2017Q2": 11.459734000000001, "2009Q3": 2.2658312400000002, "2009Q4": 3.3543881200000003, "2009Q2": 2.4885206, "2021Q3": 12.307122640000001, "2021Q1": 12.37443856, "2021Q2": 12.668403600000001, "2011Q3": 4.82732456, "2011Q4": 6.61770176, "2011Q1": 5.0893286799999995, "2011Q2": 4.556081000000001}