{"2017Q2": 0.60664064, "2017Q4": 0.33628992, "2017Q1": 0.72862816, "2017Q3": 0.47146528, "2016Q2": 0.31875998367999997, "2016Q4": 0.46816831999999997, "2016Q1": 0.28661792063999997, "2016Q3": 0.3461808, "2015Q2": 0.2484424208, "2015Q4": 0.260954384, "2015Q1": 0.20234102912000002, "2015Q3": 0.24662249887999999, "2020Q2": 0.226995696, "2020Q4": 0.2895060576, "2020Q1": 0.20822939968, "2020Q3": 0.2515745328, "2022Q2": 0.20886900992, "2022Q4": 0.21155603231999998, "2022Q1": 0.21365289888, "2022Q3": 0.20348177727999997, "2018Q2": 0.32889154176, "2018Q4": 0.30671289183999995, "2018Q1": 0.32038538495999996, "2018Q3": 0.36266560000000003, "2021Q2": 0.28250990847999996, "2021Q4": 0.23119272608, "2021Q1": 0.28093066464, "2021Q3": 0.24936556959999998, "2019Q2": 0.28718829472, "2019Q4": 0.21275612576, "2019Q1": 0.25949053376, "2019Q3": 0.23603266336, "2014Q4": 0.15424827359999999}