{"2022Q3": 18.532431040000002, "2022Q4": 19.679347240000002, "2022Q1": 21.68006312, "2022Q2": 19.80756804, "2020Q3": 17.81458312, "2020Q4": 19.28337124, "2020Q1": 19.102353640000004, "2020Q2": 17.5511648, "2008Q4": 2.09952132, "2010Q3": 4.144548800000001, "2010Q4": 3.5552988000000005, "2010Q1": 3.12971888, "2010Q2": 3.4932625600000002, "2023Q3": 24.380808000000002, "2023Q1": 25.156355280000003, "2023Q2": 27.397768000000003, "2016Q3": 35.390355, "2016Q4": 30.80806416, "2016Q1": 25.32049676, "2016Q2": 27.848049280000005, "2015Q3": 35.958957680000005, "2015Q4": 28.938680320000003, "2015Q1": 31.711172280000003, "2015Q2": 30.63704024, "2019Q4": 17.67061756, "2018Q4": 20.743297039999998, "2018Q1": 25.283350440000003, "2013Q3": 20.791568400000003, "2013Q4": 19.28987656, "2013Q1": 16.73356864, "2013Q2": 18.688275880000003, "2014Q3": 29.97000924, "2014Q4": 28.074321280000003, "2014Q1": 19.3797254, "2014Q2": 25.27241396, "2012Q3": 7.313865280000001, "2012Q4": 9.99905396, "2012Q1": 4.2972824, "2012Q2": 4.404573040000001, "2017Q3": 27.5222176, "2017Q4": 27.3374288, "2017Q1": 28.567122840000003, "2017Q2": 31.186221240000002, "2009Q3": 2.93408788, "2009Q4": 3.1557401600000006, "2009Q2": 2.27554208, "2021Q3": 18.23629756, "2021Q4": 17.51307568, "2021Q1": 19.174006440000003, "2021Q2": 18.426931720000002, "2011Q3": 3.1160482800000002, "2011Q4": 4.48612524, "2011Q1": 4.12578708, "2011Q2": 3.06909684}