{"2022Q1": 6.340141440000001, "2020Q3": 4.0790242, "2020Q4": 5.7680504, "2020Q1": 4.42352332, "2020Q2": 3.96881088, "2010Q3": 4.75859444, "2010Q4": 5.597497880000001, "2010Q1": 4.17811248, "2010Q2": 4.10759104, "2023Q3": 11.096756000000001, "2023Q1": 10.873878079999999, "2023Q2": 12.605236000000001, "2016Q3": 7.570118320000001, "2016Q4": 7.18234468, "2016Q1": 4.90981956, "2016Q2": 6.02741468, "2015Q3": 9.148459800000001, "2015Q4": 6.60110848, "2015Q1": 8.27834968, "2015Q2": 7.99296412, "2019Q3": 6.521253320000001, "2019Q4": 4.222895480000001, "2019Q1": 5.54734092, "2019Q2": 7.56955264, "2018Q3": 5.91475008, "2018Q4": 5.53103048, "2018Q1": 7.349408840000001, "2018Q2": 7.88642772, "2013Q3": 6.96135236, "2013Q4": 5.5384786, "2013Q1": 6.673326960000001, "2013Q2": 6.69284292, "2014Q3": 7.36854768, "2014Q4": 7.456982320000001, "2014Q1": 6.3007324, "2014Q2": 6.13215976, "2012Q3": 4.84259792, "2012Q4": 6.03326004, "2012Q1": 4.890209320000001, "2012Q2": 4.1932915600000005, "2017Q3": 10.27491724, "2017Q4": 8.96244536, "2017Q1": 6.80673316, "2017Q2": 8.4031764, "2009Q4": 5.515097160000001, "2021Q3": 6.684452, "2021Q1": 7.573229560000001, "2021Q2": 7.373827360000001, "2011Q3": 3.97823888, "2011Q4": 5.83885468, "2011Q1": 5.55158352, "2011Q2": 4.5409019200000005}