{"2022Q1": 7.617729720000001, "2020Q3": 9.757320040000002, "2020Q4": 10.89301692, "2020Q1": 10.309989400000001, "2020Q2": 9.56498884, "2008Q4": 4.246182640000001, "2010Q3": 6.9089326799999995, "2010Q4": 7.108429160000001, "2010Q1": 6.896016320000001, "2010Q2": 6.191744720000001, "2023Q3": 10.813916, "2023Q1": 9.08736636, "2023Q2": 11.002476000000001, "2016Q3": 18.90134868, "2016Q4": 18.32878624, "2016Q1": 12.56394136, "2016Q2": 14.593789760000002, "2015Q3": 20.88811112, "2015Q4": 16.38058432, "2015Q1": 18.18227512, "2015Q2": 17.41172468, "2019Q3": 14.46358908, "2019Q4": 9.488433480000001, "2019Q1": 14.78102984, "2019Q2": 13.37210952, "2018Q3": 14.82656708, "2018Q4": 14.29360224, "2018Q1": 16.28771852, "2018Q2": 16.978413800000002, "2013Q3": 14.864656200000002, "2013Q4": 13.0087544, "2013Q1": 9.331363000000001, "2013Q2": 11.517527640000003, "2014Q3": 20.27698816, "2014Q4": 17.689285, "2014Q1": 14.44841, "2014Q2": 18.460589680000002, "2012Q3": 6.74827956, "2012Q4": 9.09830284, "2012Q1": 5.86242468, "2012Q2": 5.6537830399999995, "2017Q3": 18.6495268, "2017Q4": 15.077446160000001, "2017Q1": 17.295666, "2017Q2": 17.7397248, "2009Q3": 7.45952788, "2009Q4": 7.783568240000001, "2009Q2": 7.17131392, "2021Q3": 10.02300108, "2021Q1": 10.060995920000002, "2021Q2": 10.16112128, "2011Q3": 5.97772912, "2011Q4": 7.504499440000001, "2011Q1": 7.54956528, "2011Q2": 6.08511404}