{"2022Q3": 6.01195276, "2022Q4": 6.32081404, "2022Q1": 5.35425548, "2022Q2": 8.793495600000002, "2020Q3": 5.96726404, "2020Q4": 3.43914584, "2020Q1": 5.41393472, "2020Q2": 4.981189520000001, "2010Q3": 4.4863138000000005, "2010Q4": 5.79030048, "2010Q2": 4.970441600000001, "2023Q3": 12.87478252, "2023Q4": 10.48506736, "2023Q1": 5.694040600000001, "2023Q2": 5.696586160000001, "2016Q4": 7.1095605200000005, "2015Q3": 6.16393212, "2015Q4": 7.4048454800000005, "2015Q1": 5.04699696, "2015Q2": 5.30475848, "2019Q3": 5.4861532, "2019Q4": 6.0044103600000005, "2019Q1": 9.767030880000002, "2019Q2": 9.07228156, "2018Q3": 12.741659160000001, "2018Q4": 11.00832136, "2018Q1": 8.9075744, "2018Q2": 11.273059600000002, "2013Q3": 4.0164222800000005, "2013Q4": 5.07961784, "2013Q1": 3.2066513600000004, "2013Q2": 3.56463252, "2014Q3": 5.34011348, "2014Q4": 5.724870160000001, "2014Q1": 4.7790532, "2014Q2": 5.15127064, "2012Q3": 3.12377924, "2012Q4": 3.8576547600000004, "2012Q1": 3.8739652, "2012Q2": 3.28037832, "2017Q3": 8.188218, "2017Q4": 10.15951852, "2017Q1": 6.4963634, "2017Q2": 6.9734202000000005, "2009Q4": 3.2146651600000005, "2021Q3": 5.0376632400000005, "2021Q4": 5.590521160000001, "2021Q1": 4.3118958, "2021Q2": 3.8970638000000006, "2024Q1": 10.92460072, "2024Q2": 5.696586160000001, "2011Q3": 4.605295160000001, "2011Q4": 4.50733824, "2011Q1": 4.0086913200000005, "2011Q2": 3.67239456}