{"2022Q3": 7.452972799999999, "2022Q4": 7.2213806, "2022Q1": 5.9569566, "2022Q2": 7.081243399999999, "2020Q4": 0, "2023Q1": 6.208153, "2023Q2": 6.5121588, "2021Q3": 8.6134664, "2021Q4": 6.4737008, "2021Q2": 0}