{"2022Q1": 11.558728, "2020Q3": 5.84536, "2020Q4": 9.52228, "2020Q1": 7.2595600000000005, "2020Q2": 6.260192, "2008Q4": 4.059886180236, "2010Q3": 4.594043605668, "2010Q4": 3.8762562511400005, "2010Q1": 5.260094338796, "2010Q2": 5.593118988832001, "2023Q3": 14.981092, "2023Q1": 14.726536000000001, "2023Q2": 14.801960000000001, "2016Q3": 21.638820588556, "2016Q4": 22.32041481274, "2016Q1": 16.608625823608, "2016Q2": 18.279369387428, "2015Q3": 36.230250312740004, "2015Q4": 25.29469331394, "2015Q1": 35.61017287404, "2015Q2": 40.65938246307601, "2019Q3": 13.344907024736, "2019Q4": 6.609028, "2019Q1": 19.342308486972, "2019Q2": 13.987814450288, "2018Q3": 23.192113513028, "2018Q4": 21.252661587836002, "2018Q1": 22.973662887548, "2018Q2": 29.263204600384, "2013Q3": 13.154190275456001, "2013Q4": 17.006355761588, "2013Q1": 8.976727148956, "2013Q2": 10.859651925672, "2014Q3": 27.651893574088003, "2014Q4": 32.46549293654, "2014Q1": 16.608806511228, "2014Q2": 21.441260723464, "2012Q3": 4.240767800192, "2012Q4": 6.883617924892, "2012Q1": 3.4618512264040002, "2012Q2": 3.332031805296, "2017Q3": 23.961756875720003, "2017Q4": 20.406876075528, "2017Q1": 22.239250226104, "2017Q2": 22.338453687980003, "2009Q3": 4.271339174412, "2009Q4": 4.431799604948, "2009Q2": 4.381294138928, "2021Q3": 9.088592, "2021Q1": 10.417940000000002, "2021Q2": 10.502792000000001, "2011Q3": 3.6527912495800003, "2011Q4": 4.067675329852, "2011Q1": 4.185669474544, "2011Q2": 4.048152675972}