{"2022Q3": 11.392128, "2022Q4": 13.975424, "2022Q1": 10.416256, "2022Q2": 11.011968, "2020Q3": 8.891904, "2020Q4": 9.582080000000001, "2020Q1": 7.738112, "2020Q2": 9.646592, "2023Q1": 13.481344, "2016Q3": 0, "2016Q4": 0, "2016Q1": 0, "2016Q2": 0, "2015Q3": 0, "2015Q4": 0, "2015Q1": 0, "2015Q2": 0, "2019Q3": 9.963776, "2019Q4": 6.816256, "2019Q1": 7.782144000000001, "2019Q2": 8.379008, "2018Q3": 25.273984000000002, "2018Q4": 10.916864, "2018Q1": 11.471104, "2018Q2": 13.507200000000001, "2014Q4": 0, "2017Q3": 11.111552000000001, "2017Q4": 11.836672, "2017Q1": 0, "2017Q2": 0, "2021Q3": 10.687232000000002, "2021Q4": 11.099648, "2021Q1": 11.163008000000001, "2021Q2": 11.204864}