{"2022Q3": 14.419104, "2022Q4": 15.152634, "2022Q1": 15.047844000000001, "2022Q2": 14.272398, "2020Q3": 15.142155, "2020Q4": 15.519399, "2020Q1": 15.414609, "2020Q2": 16.431072, "2010Q4": 9.040933140015001, "2023Q1": 16.064307, "2019Q3": 15.844248, "2019Q4": 13.978986, "2019Q1": 14.282877000000001, "2019Q2": 14.838264, "2018Q3": 14.412655684476, "2018Q4": 15.131676, "2018Q1": 15.070624822050002, "2018Q2": 14.162000100276002, "2013Q3": 9.725938914951, "2013Q4": 9.453814311837, "2013Q1": 8.839013477637, "2013Q2": 9.070824256977001, "2014Q3": 10.532234137362, "2014Q1": 9.977906291808, "2014Q2": 10.925304089028, "2012Q3": 8.81885688012, "2012Q4": 9.675545823111001, "2012Q1": 8.607203976735, "2012Q2": 8.828935498488, "2017Q4": 13.462255664235002, "2021Q3": 14.052339, "2021Q4": 14.178087000000001, "2021Q1": 15.225987, "2021Q2": 14.56581, "2011Q3": 8.697984454929, "2011Q4": 8.823895550085, "2011Q1": 7.71884009757, "2011Q2": 8.389826762415}