{"2022Q1": 21.649610680000002, "2020Q3": 8.490856800000001, "2020Q4": 10.195439200000001, "2020Q1": 7.606133280000001, "2020Q2": 8.86250856, "2010Q3": 4.55909796, "2010Q4": 4.963370600000001, "2010Q1": 4.32254944, "2010Q2": 4.1148506000000005, "2023Q3": 51.19404, "2023Q1": 50.87952192000001, "2023Q2": 47.799960000000006, "2016Q3": 7.294726440000001, "2016Q4": 7.3660964, "2016Q1": 5.8481884, "2016Q2": 6.4950434800000005, "2015Q3": 8.24318324, "2015Q4": 6.802302, "2015Q1": 9.93786624, "2015Q2": 8.424860800000001, "2019Q3": 10.3453444, "2019Q4": 7.482343640000001, "2019Q1": 8.95066036, "2019Q2": 8.90210616, "2018Q3": 8.30531376, "2018Q4": 8.69139036, "2018Q1": 11.977708320000001, "2018Q2": 11.72296376, "2013Q3": 6.6094994, "2013Q4": 6.21295772, "2013Q1": 5.6888552, "2013Q2": 5.96113584, "2014Q3": 7.768106320000001, "2014Q4": 9.50728948, "2014Q1": 6.913269560000001, "2014Q2": 7.2081774, "2012Q3": 4.8111084, "2012Q4": 5.583544440000001, "2012Q1": 4.68034204, "2012Q2": 4.343951000000001, "2017Q3": 14.022075840000001, "2017Q4": 11.338961320000001, "2017Q1": 10.1596128, "2017Q2": 12.32267884, "2009Q4": 4.94856864, "2021Q3": 21.76387804, "2021Q1": 11.987607720000002, "2021Q2": 15.02427224, "2011Q3": 4.349042120000001, "2011Q4": 4.90039156, "2011Q1": 4.53128536, "2011Q2": 4.32000388}