{"2022Q1": 17.66920336, "2020Q3": 20.093896400000002, "2020Q4": 22.01890544, "2020Q1": 16.536712, "2020Q2": 18.79273812, "2010Q3": 4.28804296, "2010Q4": 4.3382942, "2010Q1": 3.9546688800000003, "2010Q2": 3.5341800800000005, "2023Q3": 45.91436, "2023Q1": 31.54580516, "2023Q2": 37.28774, "2016Q3": 15.607488320000002, "2016Q4": 16.291584, "2016Q1": 13.97078752, "2016Q2": 13.596495920000002, "2015Q3": 16.48400948, "2015Q4": 14.123144000000002, "2015Q1": 14.3645008, "2015Q2": 12.42007008, "2019Q3": 22.54357364, "2019Q4": 17.853143640000003, "2019Q1": 21.918025840000002, "2019Q2": 21.25108912, "2018Q3": 21.603884880000003, "2018Q4": 23.989828840000005, "2018Q1": 23.639012960000002, "2018Q2": 26.36323356, "2013Q3": 9.92645836, "2013Q4": 8.65424404, "2013Q1": 8.44975072, "2013Q2": 8.67545704, "2014Q3": 13.838512680000001, "2014Q4": 12.79879284, "2014Q1": 9.06605908, "2014Q2": 10.610742600000002, "2012Q3": 6.11085248, "2012Q4": 8.26826172, "2012Q1": 6.048721960000001, "2012Q2": 5.10884464, "2017Q3": 27.657415120000003, "2017Q4": 24.711825080000004, "2017Q1": 16.62382672, "2017Q2": 25.05622992, "2009Q4": 3.96051424, "2021Q3": 17.86342016, "2021Q1": 20.03393432, "2021Q2": 18.843555040000002, "2011Q3": 4.1662332, "2011Q4": 5.52697644, "2011Q1": 4.369029480000001, "2011Q2": 3.97748464}