{"2022Q3": 3.6957760000000004, "2022Q4": 3.72406, "2022Q1": 4.516012, "2022Q2": 3.7712000000000003, "2020Q3": 4.544296, "2020Q4": 4.648004, "2020Q1": 5.628516, "2020Q2": 5.430528000000001, "2010Q3": 5.721985201428001, "2010Q4": 5.58093118696, "2010Q1": 5.631599776236, "2010Q2": 5.606222900036, "2023Q1": 2.413568, "2012Q3": 6.451751188220001, "2012Q1": 6.154753650876001, "2012Q2": 6.20261525114, "2009Q4": 5.737855250120001, "2021Q3": 3.7900560000000003, "2021Q4": 4.233172000000001, "2021Q1": 4.742284000000001, "2021Q2": 4.76114, "2011Q3": 5.886911911264001, "2011Q4": 6.146252112152, "2011Q1": 5.738960098584, "2011Q2": 5.937372763988}