{"2022Q1": 2.5172760000000003, "2020Q3": 3.507216, "2020Q4": 3.526072, "2020Q1": 3.2620880000000003, "2020Q2": 3.309228, "2010Q3": 2.5512168565680002, "2010Q4": 5.260824, "2010Q1": 2.16844, "2010Q2": 2.16844, "2023Q3": 2.488992, "2023Q1": 2.866112, "2023Q2": 2.5361320000000003, "2016Q3": 6.213052, "2016Q4": 5.3268200000000006, "2016Q1": 4.261456, "2016Q2": 4.025756, "2015Q3": 5.75108, "2015Q4": 4.827136, "2015Q1": 8.136364, "2015Q2": 6.392184, "2019Q3": 3.705204, "2019Q4": 2.668124, "2019Q1": 4.0540400000000005, "2019Q2": 4.10118, "2018Q3": 2.017592, "2018Q4": 3.214948, "2018Q1": 4.450016000000001, "2018Q2": 3.837196, "2013Q3": 2.87554, "2013Q4": 2.432424, "2013Q1": 2.583272, "2013Q2": 3.4977880000000003, "2014Q3": 2.6586960000000004, "2014Q4": 2.9509640000000004, "2014Q1": 2.611556, "2014Q2": 2.6586960000000004, "2012Q3": 3.2055200000000004, "2012Q4": 2.837828, "2012Q1": 1.6235015717160002, "2012Q2": 1.3680028565680002, "2017Q3": 5.3268200000000006, "2017Q4": 5.062836, "2017Q1": 5.675656, "2017Q2": 5.56252, "2009Q4": 2.808601143432, "2021Q3": 2.3004320000000003, "2021Q1": 3.0641000000000003, "2021Q2": 2.837828, "2011Q3": 2.044933143432, "2011Q4": 2.0854735717160002, "2011Q1": 3.32337, "2011Q2": 2.2334931434320002}