{"2022Q1": 21.99024456, "2022Q2": 23.51625168, "2020Q3": 18.144258, "2020Q4": 22.01954616, "2020Q1": 13.71345192, "2020Q2": 13.5767448, "2010Q3": 5.2343772, "2010Q4": 4.91337312, "2010Q1": 5.5172892, "2010Q2": 4.29500832, "2023Q3": 34.93427688, "2023Q2": 31.7856684, "2016Q3": 11.21533896, "2016Q4": 13.88279496, "2016Q1": 10.8072384, "2016Q2": 9.23162064, "2015Q3": 13.37991888, "2015Q4": 14.223198720000001, "2015Q1": 14.02829256, "2015Q2": 14.55248808, "2019Q3": 16.153264800000002, "2019Q4": 19.896493680000003, "2019Q1": 20.37350352, "2019Q2": 18.7712112, "2018Q3": 22.22940624, "2018Q4": 17.59480248, "2018Q1": 20.2615512, "2018Q2": 23.64922032, "2013Q3": 8.032073760000001, "2013Q4": 8.895965760000001, "2013Q1": 6.754018800000001, "2013Q2": 7.404716400000001, "2014Q3": 11.99940936, "2014Q4": 15.30089136, "2014Q1": 9.7382352, "2014Q2": 12.35587848, "2012Q3": 4.8612364800000005, "2012Q4": 5.04785736, "2012Q1": 5.06978304, "2012Q2": 4.69896624, "2017Q3": 15.746477760000001, "2017Q4": 18.33451632, "2017Q1": 13.32990408, "2017Q2": 14.091341520000002, "2009Q4": 4.18750176, "2021Q3": 24.742473120000003, "2021Q4": 20.6268108, "2021Q1": 22.408449120000004, "2021Q2": 23.64305688, "2011Q3": 4.0163400000000005, "2011Q4": 4.12536216, "2011Q1": 4.77050256, "2011Q2": 4.73625}