{"2022Q2": 16.31654046, "2022Q1": 16.62302663, "2020Q2": 22.6320194, "2020Q3": 28.04311807, "2020Q4": 26.653406949999997, "2020Q1": 28.52761124, "2010Q2": 3.22108902, "2010Q3": 3.2113509899999997, "2010Q4": 2.83753629, "2023Q3": 16.82857236, "2016Q2": 5.248902879999999, "2016Q3": 5.692559149999999, "2016Q4": 6.61850968, "2016Q1": 7.32844348, "2015Q2": 7.6740911899999995, "2015Q3": 8.24287591, "2015Q4": 8.51658785, "2015Q1": 7.02698339, "2019Q2": 16.80626913, "2019Q3": 22.12553713, "2019Q4": 24.40873868, "2019Q1": 17.321023489999998, "2018Q2": 13.0719964, "2018Q3": 16.428684869999998, "2018Q4": 15.74786045, "2018Q1": 10.34566213, "2013Q2": 3.20318361, "2013Q3": 3.36883483, "2013Q4": 3.32297185, "2013Q1": 3.2815066899999996, "2014Q2": 3.8017059699999995, "2014Q3": 4.8849309199999995, "2014Q4": 6.018730799999999, "2014Q1": 3.76369624, "2012Q2": 2.6417285899999996, "2012Q3": 2.60434712, "2012Q4": 2.81910733, "2012Q1": 2.52110267, "2017Q2": 8.27271826, "2017Q3": 9.989857549999998, "2017Q4": 8.18664664, "2017Q1": 7.70623716, "2009Q4": 0, "2021Q2": 24.6162739, "2021Q3": 23.988956289999997, "2021Q4": 21.80020316, "2021Q1": 25.36432214, "2011Q2": 2.96193177, "2011Q3": 2.76685704, "2011Q4": 2.6790053499999997, "2011Q1": 3.0580555499999997}