{"2022Q1": 25.510080867165, "2020Q3": 20.876375835945, "2020Q4": 21.306456642168, "2020Q1": 19.20182407029, "2020Q2": 20.187128013273004, "2008Q4": 3.367607891022, "2010Q3": 5.332218273063, "2010Q4": 5.054202382599, "2010Q1": 4.568446855098001, "2010Q2": 4.7421592570260005, "2023Q3": 19.2276315, "2023Q1": 21.352518000000003, "2023Q2": 18.294754500000003, "2016Q3": 8.879491207035, "2016Q4": 9.468069822657, "2016Q1": 8.341007360742001, "2016Q2": 7.692628587327, "2015Q3": 10.507641133599, "2015Q4": 9.615787314867001, "2015Q1": 9.259860288879, "2015Q2": 8.132478048036, "2019Q3": 15.435322600761001, "2019Q4": 14.368988000412001, "2019Q1": 10.929927724218002, "2019Q2": 13.305997217574001, "2018Q3": 7.518037368150001, "2018Q4": 10.984758728922001, "2018Q1": 9.24440182911, "2018Q2": 9.879257476188002, "2013Q3": 7.273331537688001, "2013Q4": 7.185964619547001, "2013Q1": 6.585313934781001, "2013Q2": 6.515419586121, "2014Q3": 9.326464860933001, "2014Q4": 9.774296620326002, "2014Q1": 7.622800378704001, "2014Q2": 8.594764076934002, "2012Q3": 3.6366657688440003, "2012Q4": 4.829229982008, "2012Q1": 2.8132287723720006, "2012Q2": 3.319959162879, "2017Q3": 9.556557107229, "2017Q4": 8.999368747281002, "2017Q1": 9.069880208211, "2017Q2": 8.428353001749, "2009Q3": 6.389370282411001, "2009Q4": 6.46478361621, "2009Q1": 4.8702416577930006, "2009Q2": 5.102919707211001, "2021Q3": 24.640530752322004, "2021Q1": 20.534550527340002, "2021Q2": 22.845619497663005, "2011Q3": 2.210394015243, "2011Q4": 2.9573853128820002, "2011Q1": 5.899480686927, "2011Q2": 5.279172483978001}