{"2017Q2": 1.7699936599999997, "2017Q4": 1.7485206, "2017Q1": 1.7239799599999999, "2017Q3": 1.69637174, "2016Q2": 1.8221425199999999, "2016Q4": 1.7730612399999999, "2016Q1": 1.8405479999999999, "2016Q3": 1.7638584999999998, "2015Q2": 1.8712237999999997, "2015Q4": 1.83441284, "2015Q1": 1.62274982, "2015Q3": 1.9417781399999998, "2020Q2": 1.74545302, "2020Q4": 2.0246028, "2020Q1": 1.7485206, "2020Q3": 1.6472904599999998, "2022Q2": 3.9203672399999996, "2022Q1": 3.3436622, "2022Q3": 4.251665879999999, "2018Q2": 1.79760188, "2018Q4": 1.7791963999999998, "2018Q1": 1.7423854399999998, "2018Q3": 1.8405479999999999, "2012Q4": 0.8650575599999999, "2021Q2": 2.4387261, "2021Q4": 3.0522420999999995, "2021Q1": 2.30375258, "2021Q3": 2.61357816, "2019Q2": 1.7485206, "2019Q4": 1.8190749399999997, "2019Q1": 1.8221425199999999, "2019Q3": 1.8405479999999999, "2013Q2": 1.073653, "2013Q4": 1.1656803999999998, "2013Q1": 0.9141388399999999, "2013Q3": 1.1319370199999998, "2014Q2": 1.52151968, "2014Q4": 1.8804265399999998, "2014Q1": 1.37427584, "2014Q3": 1.8926968599999998}