{"2022Q1": 8.706380880000001, "2020Q3": 10.9774918, "2020Q4": 11.52158168, "2020Q1": 11.129659720000001, "2020Q2": 11.66564152, "2010Q3": 0.9857916800000001, "2010Q4": 1.02397508, "2010Q1": 1.1082614, "2010Q2": 1.0389656, "2023Q3": 8.40327068, "2023Q1": 8.790195800000001, "2023Q2": 8.181147000000001, "2016Q3": 4.970441600000001, "2016Q4": 5.41204912, "2016Q1": 4.5103552, "2016Q2": 4.4443592, "2015Q3": 4.56324628, "2015Q4": 3.9372270800000004, "2015Q1": 5.91060176, "2015Q2": 4.47132328, "2019Q3": 12.176073440000001, "2019Q4": 7.8963271200000005, "2019Q1": 10.108135920000002, "2019Q2": 10.548989200000001, "2018Q3": 7.153023600000001, "2018Q4": 8.43221464, "2018Q1": 10.27972552, "2018Q2": 9.554712320000002, "2013Q3": 4.5471244, "2013Q4": 3.0999264, "2013Q1": 3.1522518000000006, "2013Q2": 4.56107784, "2014Q3": 5.14900792, "2014Q4": 6.030054520000001, "2014Q1": 3.2168336, "2014Q2": 3.98870396, "2012Q3": 2.89515024, "2012Q4": 6.247275640000001, "2012Q1": 1.9226520400000002, "2012Q2": 2.5453714400000003, "2017Q3": 13.19184616, "2017Q4": 9.728753200000002, "2017Q1": 5.88363768, "2017Q2": 6.56462212, "2009Q4": 1.11146692, "2021Q3": 9.21407868, "2021Q1": 10.61441952, "2021Q2": 9.884503760000001, "2011Q3": 0.8907574400000001, "2011Q4": 1.31313184, "2011Q1": 1.01558416, "2011Q2": 0.9557163600000002}