{"2022Q3": 6.78278604, "2022Q4": 7.012829240000001, "2022Q1": 5.3235202, "2022Q2": 6.8909252, "2020Q3": 3.7929786800000005, "2020Q4": 4.54872716, "2020Q1": 3.4567762, "2020Q2": 3.9654168000000003, "2023Q1": 7.5664414, "2023Q2": 7.16047172, "2016Q3": 3.6198806, "2016Q4": 5.254412960000001, "2016Q1": 3.8989494000000002, "2016Q2": 3.5800001600000004, "2015Q3": 3.6063042800000003, "2015Q4": 3.7710114400000005, "2015Q1": 3.0183742, "2015Q2": 3.2064628000000006, "2019Q4": 5.206801560000001, "2013Q4": 2.9343707200000004, "2014Q3": 2.503134, "2014Q4": 2.8255716, "2014Q1": 2.7180924, "2014Q2": 2.3571885600000004, "2017Q3": 5.255544320000001, "2017Q1": 6.13819368, "2017Q2": 4.90736828, "2021Q3": 6.3505122400000005, "2021Q4": 6.93589676, "2021Q1": 5.891274360000001, "2021Q2": 6.2710342}