{"2022Q1": 12.444865720000001, "2020Q3": 8.0359558, "2020Q4": 8.937838280000001, "2020Q1": 7.444254520000001, "2020Q2": 7.99173848, "2010Q3": 5.06679576, "2010Q4": 4.69834952, "2010Q1": 4.9399891600000005, "2010Q2": 4.941497640000001, "2023Q3": 21.04801, "2023Q1": 16.931933760000003, "2023Q2": 20.383336, "2016Q3": 10.235696760000002, "2016Q4": 9.21879268, "2016Q1": 7.06788876, "2016Q2": 8.759271960000001, "2015Q3": 6.47995868, "2015Q4": 6.747808160000001, "2015Q1": 5.171917960000001, "2015Q2": 4.75793448, "2019Q3": 12.18814128, "2019Q4": 6.6735155200000005, "2019Q1": 10.6470404, "2019Q2": 10.62262188, "2018Q3": 9.27083524, "2018Q4": 9.703769000000001, "2018Q1": 7.706918600000001, "2018Q2": 9.852448560000001, "2013Q3": 3.6995472, "2013Q4": 3.81060904, "2013Q1": 3.62063484, "2013Q2": 3.57330628, "2014Q3": 5.1033764, "2014Q4": 5.778892600000001, "2014Q1": 4.6795878, "2014Q2": 4.90246572, "2012Q3": 3.6997357600000003, "2012Q4": 3.7299053600000005, "2012Q1": 3.96937656, "2012Q2": 3.3739040800000004, "2017Q3": 12.74957868, "2017Q4": 9.147799840000001, "2017Q1": 11.082425440000002, "2017Q2": 12.94096708, "2021Q3": 9.859142440000001, "2021Q1": 8.466532560000001, "2021Q2": 10.235885320000001, "2011Q3": 4.08298396, "2011Q4": 4.61821152, "2011Q1": 5.09357128, "2011Q2": 4.5735228}