{"2022Q1": 5.42006292, "2020Q3": 4.35884724, "2020Q4": 4.61755156, "2020Q1": 4.06497648, "2020Q2": 3.89461252, "2023Q3": 7.7309600000000005, "2023Q1": 6.31364876, "2023Q2": 7.193564, "2016Q3": 4.10843956, "2016Q4": 4.436911080000001, "2016Q1": 3.6811626, "2016Q2": 3.8531293200000003, "2015Q3": 4.06375084, "2015Q4": 3.8335190800000003, "2015Q1": 4.2401487200000005, "2015Q2": 4.15388252, "2019Q3": 4.6431957200000005, "2019Q4": 3.35061692, "2019Q1": 4.60190108, "2019Q2": 4.311518680000001, "2018Q3": 4.3142528, "2018Q4": 4.62641388, "2018Q1": 5.54856656, "2018Q2": 5.61569392, "2014Q4": 3.7434816800000004, "2017Q3": 5.721098960000001, "2017Q4": 6.66144768, "2017Q1": 4.39778488, "2017Q2": 5.578453320000001, "2021Q3": 5.99649084, "2021Q1": 4.69646392, "2021Q2": 5.215852440000001}