{"2022Q1": 14.415095511468001, "2020Q3": 13.043025736252, "2020Q4": 13.717391286564002, "2020Q1": 12.622283973584002, "2020Q2": 12.42874181298, "2023Q3": 14.33056, "2023Q1": 13.934584000000001, "2023Q2": 15.094228000000001, "2016Q3": 9.270685212236, "2016Q4": 10.757490711636002, "2016Q1": 10.361352436899999, "2016Q2": 8.798062975744001, "2015Q3": 10.654117613052001, "2015Q4": 10.906688349664, "2015Q1": 10.335557787164, "2015Q2": 10.86649275048, "2019Q3": 13.497749499280001, "2019Q4": 11.461033338676001, "2019Q1": 13.087263213316001, "2019Q2": 12.990679160964, "2018Q3": 12.582051548632, "2018Q4": 13.127507149856, "2018Q1": 14.208040886708, "2018Q2": 13.859614599304, "2014Q4": 10.370951913364, "2017Q3": 14.556466023896, "2017Q4": 14.556466023896, "2017Q1": 11.660218260988001, "2017Q2": 13.089535050192001, "2021Q3": 14.383113736732001, "2021Q4": 15.053738926032, "2021Q1": 14.453190750240001, "2021Q2": 14.724734874880001}