{"2022Q1": 26.82652548, "2020Q3": 16.4080198, "2020Q4": 20.79317116, "2020Q1": 21.52921512, "2020Q2": 18.80518308, "2008Q4": 11.277585040000002, "2010Q3": 14.449824200000002, "2010Q4": 13.45912996, "2010Q1": 13.29216008, "2010Q2": 13.31318452, "2023Q3": 39.343044000000006, "2023Q1": 38.1400312, "2023Q2": 36.67492, "2016Q3": 18.541199080000002, "2016Q4": 19.52039116, "2016Q1": 17.935732920000003, "2016Q2": 15.8281978, "2015Q3": 18.75002928, "2015Q4": 15.80236508, "2015Q1": 19.408197960000003, "2015Q2": 17.95647452, "2019Q3": 25.47483312, "2019Q4": 20.06429248, "2019Q1": 19.5329304, "2019Q2": 24.02037556, "2018Q3": 19.29411916, "2018Q4": 22.51906084, "2018Q1": 20.5728388, "2018Q2": 22.192003520000004, "2013Q3": 16.3868068, "2013Q4": 14.76481368, "2013Q1": 13.113405200000003, "2013Q2": 15.24149336, "2014Q3": 16.509087960000002, "2014Q4": 17.927059160000002, "2014Q1": 15.79491696, "2014Q2": 16.65295924, "2012Q3": 9.562160440000001, "2012Q4": 12.809823600000001, "2012Q1": 8.58447684, "2012Q2": 7.729262960000001, "2017Q3": 20.558602520000004, "2017Q4": 18.24091728, "2017Q1": 20.30121812, "2017Q2": 22.031161840000003, "2009Q3": 15.028232000000001, "2009Q4": 16.25170356, "2009Q2": 15.701579760000001, "2021Q3": 26.240103880000003, "2021Q1": 21.062152, "2021Q2": 24.571159320000003, "2011Q3": 10.03412612, "2011Q4": 11.694774040000002, "2011Q1": 11.9976014, "2011Q2": 10.95618452}