{"2022Q3": 22.58573758, "2022Q4": 22.670552679999997, "2022Q1": 20.80053679, "2022Q2": 21.19560762, "2020Q3": 16.712448969999997, "2020Q4": 17.089300259999998, "2020Q1": 24.312510189999998, "2020Q2": 19.007482749999998, "2010Q3": 4.92828086, "2010Q4": 4.50284413, "2010Q1": 4.57247628, "2010Q2": 4.85634509, "2016Q3": 13.96873284, "2016Q4": 14.759921599999998, "2016Q1": 11.61014009, "2016Q2": 12.304786230000001, "2015Q3": 10.63099688, "2015Q4": 11.56710428, "2015Q1": 10.76397858, "2015Q2": 11.23988553, "2019Q3": 14.58756894, "2019Q4": 18.2561885, "2019Q1": 15.130804419999999, "2019Q2": 16.37161792, "2018Q3": 15.200855409999999, "2018Q4": 15.18724311, "2018Q1": 16.72648011, "2018Q2": 17.03265215, "2013Q3": 6.04312823, "2013Q4": 5.94689974, "2013Q1": 5.1988515, "2013Q2": 5.403664259999999, "2014Q3": 7.692310729999999, "2014Q4": 9.96661193, "2014Q1": 6.4773606, "2014Q2": 6.38176037, "2012Q3": 5.00555684, "2012Q4": 5.58481256, "2012Q1": 4.29352884, "2012Q2": 4.40703448, "2017Q3": 17.16060777, "2017Q4": 17.74844971, "2017Q1": 14.395635509999998, "2017Q2": 15.70053153, "2009Q4": 4.9682800799999995, "2021Q3": 18.41492886, "2021Q4": 18.0457214, "2021Q1": 17.587301019999998, "2021Q2": 17.258406909999998, "2011Q3": 4.51331513, "2011Q4": 4.31646033, "2011Q1": 4.47352533, "2011Q2": 4.3037904199999995}