{"2022Q1": 1.8373286400000002, "2020Q3": 2.08321088, "2020Q4": 2.1746624800000003, "2020Q1": 2.28563004, "2020Q2": 2.3277732, "2010Q3": 0.89481148, "2010Q4": 1.29578432, "2010Q1": 0.9709897200000001, "2010Q2": 0.8504056000000001, "2023Q3": 3.0075320000000003, "2023Q1": 3.1693164800000004, "2023Q2": 3.450648, "2016Q3": 2.7893680800000005, "2016Q4": 2.89213328, "2016Q1": 2.140156, "2016Q2": 2.3556800800000004, "2015Q3": 2.4716444800000006, "2015Q4": 2.1327078800000003, "2015Q1": 2.3635053200000002, "2015Q2": 2.140156, "2019Q3": 2.62466092, "2019Q4": 2.19285852, "2019Q1": 1.9379254000000001, "2019Q2": 2.05869808, "2018Q3": 1.9605526, "2018Q4": 2.1568435600000004, "2018Q1": 2.6002424000000004, "2018Q2": 2.8660177200000003, "2013Q3": 1.49348948, "2013Q4": 1.4403155600000002, "2013Q1": 1.3701712400000001, "2013Q2": 1.4318303600000002, "2014Q3": 1.7213642400000002, "2014Q4": 1.9888366, "2014Q1": 1.58786376, "2014Q2": 1.6791268000000001, "2012Q3": 1.23233388, "2012Q4": 1.4798188800000003, "2012Q1": 1.01134156, "2012Q2": 1.1653950800000001, "2017Q3": 3.3898374000000002, "2017Q4": 3.0466582, "2017Q1": 2.85394988, "2017Q2": 3.05240928, "2009Q4": 1.12956868, "2021Q3": 1.8527905600000003, "2021Q1": 2.1137576, "2021Q2": 2.06162076, "2011Q3": 0.91159332, "2011Q4": 1.1921706, "2011Q1": 1.13946808, "2011Q2": 0.97023548}