{"2022Q1": 3.30845376, "2022Q2": 3.4800196800000003, "2020Q3": 3.1811433599999996, "2020Q4": 3.05605584, "2020Q1": 2.81103384, "2020Q2": 2.99603808, "2010Q3": 1.7143456799999999, "2010Q4": 1.5993621599999999, "2010Q1": 1.70717184, "2010Q2": 1.9774538400000001, "2023Q3": 14.88945648, "2023Q2": 9.8276556, "2016Q3": 5.52314952, "2016Q4": 6.114839760000001, "2016Q1": 6.47484528, "2016Q2": 4.5877212, "2015Q3": 6.09786504, "2015Q4": 7.0035875999999995, "2015Q1": 6.129894719999999, "2015Q2": 5.6010513600000005, "2019Q3": 3.84719904, "2019Q4": 4.73200632, "2019Q1": 4.64763792, "2019Q2": 3.7869792, "2018Q3": 5.547803280000001, "2018Q4": 5.12959872, "2018Q1": 5.833645440000001, "2018Q2": 5.421705360000001, "2013Q3": 3.925404, "2013Q4": 4.69846104, "2013Q2": 4.13243496, "2014Q3": 5.2631736, "2014Q4": 4.96803576, "2014Q1": 5.0906983199999996, "2014Q2": 6.1260552, "2012Q3": 3.51235248, "2012Q4": 3.25075992, "2012Q1": 2.77839792, "2012Q2": 3.2726856, "2017Q3": 7.82766984, "2017Q4": 7.01884464, "2017Q1": 5.80868856, "2017Q2": 7.96831752, "2009Q4": 1.30169832, "2021Q3": 3.55933608, "2021Q4": 3.4037344800000002, "2021Q1": 3.82466712, "2021Q2": 3.3030986400000004, "2011Q3": 1.25774592, "2011Q4": 1.25815008, "2011Q1": 1.4248660800000001, "2011Q2": 1.25047104}