{"2016Q2": 0.6698120000000001, "2015Q2": 1.687411, "2015Q4": 0.837265, "2020Q2": 0.1094885, "2020Q4": 0.141691, "2022Q2": 0.06118475, "2022Q3": 0.0450835, "2021Q2": 0.141691, "2021Q4": 0.07728600000000001, "2019Q2": 0.1996555, "2019Q4": 0.0940313, "2013Q4": 0, "2014Q2": 0.553883, "2014Q4": 1.03048}