{"2022Q3": 4.14153184, "2022Q4": 4.94196904, "2022Q1": 5.52490228, "2022Q2": 3.8717967600000005, "2020Q3": 3.8909356, "2020Q4": 4.574654160000001, "2020Q1": 3.5909366400000002, "2020Q2": 3.6476932, "2010Q3": 1.6129422400000002, "2010Q4": 1.6555568, "2010Q1": 1.35329512, "2010Q2": 1.447198, "2023Q1": 5.11487856, "2016Q3": 2.7964390800000003, "2016Q4": 2.83339684, "2016Q1": 2.34087812, "2016Q2": 2.2427326400000003, "2015Q3": 3.1682794000000003, "2015Q4": 2.6772691600000003, "2015Q1": 3.42500384, "2015Q2": 3.1345271600000006, "2019Q3": 4.67572232, "2019Q4": 3.99624636, "2019Q1": 4.0512116, "2019Q2": 4.00435444, "2018Q3": 3.416705700948, "2018Q4": 3.69992432, "2018Q1": 3.42764368, "2018Q2": 3.6146952, "2013Q3": 2.23651016, "2013Q4": 2.45901096, "2013Q1": 2.1923871200000002, "2013Q2": 2.15458084, "2014Q3": 3.1082230400000004, "2014Q4": 3.33713488, "2014Q1": 2.708193, "2014Q2": 2.6622786400000003, "2012Q3": 1.7744438800000002, "2012Q4": 2.041162, "2012Q1": 1.5982345600000003, "2012Q2": 1.59210636, "2017Q3": 3.53813984, "2017Q4": 3.7045440400000005, "2017Q1": 2.83339684, "2017Q2": 3.0586317600000004, "2009Q4": 1.59634896, "2021Q3": 4.63282492, "2021Q4": 4.5504242, "2021Q1": 4.51638912, "2021Q2": 4.607935, "2011Q3": 1.55062316, "2011Q4": 1.75011964, "2011Q1": 1.55062316, "2011Q2": 1.5564685200000001}