{"2021Q4": 0.04545127, "2021Q2": 0.04105276, "2016Q4": 0.2492489, "2016Q2": 0.33428675999999996, "2012Q4": 12.358346930000002, "2012Q2": 12.358346930000002, "2020Q4": 0.03665425, "2020Q2": 0.03078957, "2011Q4": 12.358346930000002, "2011Q2": 12.358346930000002, "2015Q4": 0.37680568999999997, "2015Q2": 2.052638, "2022Q4": 0.043252015, "2022Q2": 0.0439851, "2022Q3": 0.11875977, "2018Q4": 0.0733085, "2018Q2": 0.09969956, "2013Q4": 6.38810269, "2013Q2": 5.44535538, "2010Q4": 23.45872, "2014Q4": 7.12118769, "2014Q2": 3.6448986199999998, "2017Q4": 0.15248168, "2017Q2": 0.10849658, "2019Q4": 0.0439851, "2019Q2": 0.0586468, "2023Q1": 0.035481314, "2023Q2": 0.03225574}