{"2022Q3": 1.7687061978499998, "2022Q4": 1.83048088064, "2022Q1": 1.7839881537099997, "2022Q2": 1.91725715454, "2020Q3": 1.34902187566, "2020Q4": 1.65837868427, "2020Q1": 1.1682557827999998, "2020Q2": 1.5312457547299998, "2023Q3": 1.758225, "2023Q1": 2.0093022761799997, "2023Q2": 2.01274893302, "2019Q3": 1.93799486583, "2019Q4": 2.0198815997299997, "2019Q1": 1.1830733663200002, "2019Q2": 1.1928220374, "2018Q4": 1.02647077732, "2018Q2": 1.02120678563, "2021Q3": 1.5144211490000001, "2021Q4": 1.76581500615, "2021Q1": 1.50864435843, "2021Q2": 1.32359532994}