{"2023Q1": 0.028387920000000004, "2022Q1": 0.045162600000000004, "2022Q2": 0.038710800000000004, "2022Q4": 0.03742044, "2017Q1": 0.08774448000000001, "2017Q2": 0.06064692, "2017Q4": 0.064518, "2020Q1": 0.03613008000000001, "2020Q2": 0.05032404000000001, "2020Q4": 0.055485480000000004, "2015Q1": 0.37162368, "2015Q2": 0.28000812, "2015Q4": 0.14452032000000004, "2016Q1": 0.129036, "2016Q2": 0.12645528, "2016Q4": 0.129036, "2014Q1": 0.12766563768000003, "2014Q2": 0.18452148000000002, "2014Q4": 0.18452148000000002, "2018Q1": 0.09032520000000001, "2018Q2": 0.08516376, "2018Q4": 0.07226016000000002, "2011Q2": 0.17290824000000002, "2011Q4": 0.16000464, "2012Q2": 0.18452148000000002, "2012Q4": 0.18065040000000002, "2019Q1": 0.06064692, "2019Q2": 0.055485480000000004, "2019Q4": 0.04387224000000001, "2013Q1": 0.16774680000000003, "2013Q2": 0.17936004, "2013Q4": 0.15226248, "2021Q1": 0.06322764, "2021Q2": 0.05290476, "2021Q4": 0.03742044}