{"2019Q2": 0.203703035149, "2019Q4": 0.149382795753, "2021Q2": 0.188033653115, "2021Q4": 0.221222349, "2020Q2": 0.136846862643, "2020Q4": 0.176542915451, "2023Q2": 0.218016228, "2023Q1": 0.159237343, "2018Q2": 0.323835320312, "2018Q4": 0.24339908795700002, "2017Q4": 0, "2022Q2": 0.22549717700000002, "2022Q4": 0.188092432, "2022Q3": 0.183817604}