{"2016Q4": 2.19882456, "2019Q2": 0.06842680091999999, "2019Q4": 0.042766105379999995, "2021Q2": 0.06109480493999999, "2021Q4": 0.042766105379999995, "2020Q2": 0.0317694018, "2020Q4": 0.03543539979, "2023Q2": 0.01955069889, "2023Q1": 0.02077269822, "2018Q2": 0.07942350449999999, "2018Q4": 0.09653020472999999, "2017Q2": 0.17033147999999998, "2017Q4": 0.08919949913999999, "2015Q4": 0, "2022Q2": 0.11974690160999998, "2022Q4": 0.017106700229999997, "2022Q3": 0.02443869621}