{"2014Q4": 0.270816, "2016Q2": 0.0851136, "2016Q4": 0.049649599999999995, "2019Q2": 0.00889824, "2019Q4": 0.0180544, "2021Q2": 0.007608639999999999, "2021Q4": 0.0038687999999999995, "2020Q2": 0.012251199999999999, "2020Q4": 0.008253439999999999, "2023Q2": 0.0020633599999999998, "2023Q1": 0.0020633599999999998, "2018Q2": 0.07737599999999999, "2018Q4": 0.011477439999999998, "2017Q2": 0.0722176, "2017Q4": 0.0825344, "2015Q2": 0.24502399999999996, "2015Q4": 0.141856, "2022Q2": 0.00309504, "2022Q4": 0.00283712}