{"2022Q3": 0.84184032, "2022Q4": 0.83585418, "2022Q1": 0.83144334, "2022Q2": 0.77063676, "2020Q3": 0.70447416, "2020Q4": 0.7844994, "2020Q1": 0.63232542, "2020Q2": 0.7466921999999999, "2023Q3": 0.9814118999999999, "2023Q1": 0.85979874, "2023Q2": 1.1436677999999998, "2016Q3": 1.7173920599999999, "2016Q4": 1.37145618, "2016Q1": 1.8342793199999998, "2016Q2": 1.35538812, "2015Q3": 1.98298764, "2015Q4": 1.99369968, "2015Q1": 2.14020258, "2015Q2": 2.3311289399999997, "2019Q3": 0.94612518, "2019Q4": 0.92974206, "2019Q1": 1.0349721, "2019Q2": 1.04977992, "2018Q3": 1.02646548, "2018Q4": 0.92218062, "2018Q1": 1.07782026, "2018Q2": 1.36357968, "2013Q3": 1.7596101, "2013Q4": 2.24921334, "2013Q1": 0.76339038, "2013Q2": 0.92218062, "2014Q3": 2.9338387200000002, "2014Q4": 2.29080126, "2014Q1": 3.1165735199999998, "2014Q2": 3.5844376199999997, "2012Q3": 0.64839348, "2012Q4": 0.69029646, "2012Q1": 0.6865157399999999, "2012Q2": 0.6291748199999999, "2017Q3": 1.16194128, "2017Q4": 0.97700106, "2017Q1": 1.3034032199999999, "2017Q2": 1.02142452, "2021Q3": 0.81348492, "2021Q4": 0.98487756, "2021Q1": 0.8254572, "2021Q2": 0.98330226, "2011Q4": 0.41461896}