{"2020Q4": 28.867859286444002, "2020Q1": 24.279967988172004, "2020Q3": 30.4051135613, "2020Q2": 25.621816837356, "2014Q4": 9.792073637308, "2014Q1": 8.282666600924001, "2014Q3": 8.764611536084, "2014Q2": 8.428016851284001, "2016Q4": 13.800983074088, "2016Q1": 14.232970074328001, "2016Q3": 15.340571325768, "2016Q2": 12.444101448608, "2011Q4": 4.8379956889399995, "2011Q1": 4.506822236132, "2011Q3": 4.756416506004, "2011Q2": 4.602062355368001, "2017Q4": 21.54125368606, "2017Q1": 13.187608349424002, "2017Q3": 18.695261349184, "2017Q2": 14.273128838316001, "2013Q4": 7.512035787224001, "2013Q1": 5.465133200588, "2013Q3": 6.295589586276, "2013Q2": 5.506272523716, "2015Q4": 12.501172375840001, "2015Q1": 9.650454536804, "2015Q3": 11.800784301032, "2015Q2": 10.004864238412, "2010Q4": 4.646266174472, "2010Q3": 4.434946680776, "2010Q2": 4.947090386168, "2018Q4": 24.497677450288002, "2018Q1": 26.186518588076, "2018Q3": 26.017106912644003, "2018Q2": 25.593746900096004, "2019Q4": 27.244714913364003, "2019Q1": 31.929558549952002, "2019Q3": 26.279187361732003, "2019Q2": 30.904958676392003, "2022Q4": 34.977829362212, "2022Q3": 35.476698537884005, "2021Q1": 32.518787836636, "2021Q2": 36.7229047488, "2009Q4": 3.8062730368040003, "2023Q1": 36.756360798752, "2023Q3": 41.413249576248, "2023Q2": 37.085799886108, "2012Q4": 5.638042400036, "2012Q1": 4.8907117004080005, "2012Q3": 4.778839080692, "2012Q2": 4.880899886528001}