{"2023Q1": 0.024719092, "2020Q2": 0.13251472, "2020Q4": 0.12869218000000002, "2020Q1": 0.10193440000000001, "2022Q2": 0.04395921, "2022Q4": 0.0382254, "2022Q1": 0.06243482, "2018Q4": 0.43959210000000004, "2021Q2": 0.2866905, "2021Q4": 0.4587048, "2021Q1": 0.14525652, "2019Q2": 0.20896552, "2019Q4": 0.09938604000000001, "2019Q1": 0.29815811999999997}