{"2022Q3": 11.279847760000001, "2022Q4": 12.698761760000002, "2022Q1": 8.53856248, "2022Q2": 10.07966336, "2020Q3": 9.686327200000001, "2020Q4": 11.499803, "2020Q1": 8.318041560000001, "2020Q2": 8.68912764, "2008Q4": 2.524347, "2010Q3": 2.78616256, "2010Q4": 3.10680884, "2010Q1": 2.30552312, "2010Q2": 2.54235448, "2023Q1": 14.06035352, "2016Q3": 6.74158568, "2016Q4": 7.603116320000001, "2016Q1": 4.61019772, "2016Q2": 5.5253736799999995, "2015Q3": 7.76424084, "2015Q4": 6.49410068, "2015Q1": 6.16864612, "2015Q2": 6.41396268, "2019Q3": 10.094088200000002, "2019Q4": 9.66153156, "2019Q1": 8.72363412, "2019Q2": 8.96970492, "2018Q3": 8.9622568, "2018Q4": 7.588314360000001, "2018Q1": 11.14163328, "2018Q2": 11.464070880000001, "2013Q3": 3.71020084, "2013Q4": 4.79677784, "2013Q1": 2.7085701200000005, "2013Q2": 3.1855326400000004, "2014Q3": 6.1875964, "2014Q4": 6.05202176, "2014Q1": 5.790960440000001, "2014Q2": 5.843003, "2012Q3": 2.6107074800000003, "2012Q4": 3.50561324, "2012Q1": 2.55753356, "2012Q2": 2.59618836, "2017Q3": 13.359570280000002, "2017Q4": 12.764757760000002, "2017Q1": 9.24783092, "2017Q2": 10.15197612, "2009Q3": 2.4334610800000003, "2009Q4": 2.5730897600000002, "2009Q2": 3.01479156, "2021Q3": 11.79999052, "2021Q4": 8.325772520000001, "2021Q1": 11.263254480000002, "2021Q2": 13.134618200000002, "2011Q3": 2.33050732, "2011Q4": 3.07192524, "2011Q1": 3.2187192, "2011Q2": 2.694051}