{"2014Q2": 4.918667027512, "2014Q4": 6.591013398256, "2016Q2": 1.6363898194, "2016Q4": 0.891465991192, "2019Q2": 0.1027264, "2019Q4": 0.10529456, "2013Q2": 7.3780002202479995, "2013Q4": 4.525173552311999, "2011Q4": 8.361733394616, "2021Q2": 0.0385224, "2021Q4": 0.044300759999999995, "2020Q2": 0.023498664, "2020Q4": 0.023241848, "2023Q2": 0.054573399999999994, "2023Q1": 0.05072116, "2018Q2": 0.4622688, "2018Q4": 0.13868064, "2017Q2": 0.576399884928, "2017Q4": 0.54958624, "2015Q2": 15.739733614863999, "2015Q4": 4.131680077112, "2022Q2": 0.09116967999999999, "2022Q4": 0.06548808, "2012Q2": 15.051120803712, "2012Q4": 10.230827401816}