{"2022Q3": 4.512808243036001, "2022Q4": 4.76114, "2022Q1": 4.749844699748, "2022Q2": 3.7834654885920003, "2020Q3": 4.830677826188, "2020Q4": 5.23595581154, "2020Q1": 4.431814850024001, "2020Q2": 5.123177736132, "2010Q3": 1.4110698945720002, "2010Q4": 1.3638558093480002, "2010Q1": 1.61169599982, "2010Q2": 1.5314455049240001, "2023Q1": 6.156484000000001, "2016Q3": 3.2202276611440004, "2016Q4": 3.323338350204, "2016Q1": 2.802641600924, "2016Q2": 3.1720443869480004, "2015Q3": 3.256771230248, "2015Q4": 3.0756784136640003, "2015Q1": 3.396680412104, "2015Q2": 3.241225731028, "2019Q3": 4.839097086756, "2019Q4": 4.768632507024001, "2019Q1": 5.227952599184, "2019Q2": 5.176106075588001, "2018Q3": 3.6872698509840003, "2018Q4": 4.925509100204, "2018Q1": 4.271226962356001, "2018Q2": 3.85411449886, "2013Q3": 3.2591075075040004, "2013Q4": 3.26741915688, "2013Q1": 3.3709758186240006, "2013Q2": 3.1994436445720003, "2014Q3": 3.2749306613240003, "2014Q4": 3.32672509522, "2014Q1": 3.2448855297800003, "2014Q2": 3.312487005044, "2012Q3": 2.6226340697040005, "2012Q4": 2.699763962596, "2012Q1": 1.8250657818200002, "2012Q2": 1.9544012636880002, "2017Q3": 5.403532411624001, "2017Q4": 5.038712425552, "2017Q1": 3.3979268125600006, "2017Q2": 3.978060700228, "2009Q4": 1.6317586989680002, "2021Q3": 4.868363361792, "2021Q4": 4.886596736672001, "2021Q1": 4.572495694824, "2021Q2": 4.527667242436, "2011Q3": 1.6256062407240002, "2011Q4": 1.9041041187560002, "2011Q1": 1.3638558093480002, "2011Q2": 1.308750865244}