{"2023Q1": 0.02838286, "2016Q2": 0.19997014999999999, "2016Q1": 0.22964314, "2015Q4": 0.26834704, "2020Q2": 0.03225325, "2020Q4": 0.03225325, "2020Q1": 0.02838286, "2022Q2": 0.027350755999999997, "2022Q4": 0.026060626, "2022Q1": 0.022706287999999998, "2022Q3": 0.023222339999999998, "2021Q2": 0.045799614999999995, "2021Q4": 0.018448858999999998, "2021Q1": 0.08772884, "2019Q2": 0.047734809999999996, "2019Q4": 0.03225325, "2014Q4": 0}