{"2017Q2": 0.024203411556, "2017Q4": 0.020355687072000004, "2017Q1": 0.025196472612, "2023Q1": 0.0019355400000000001, "2016Q2": 0.04592455758000001, "2016Q4": 0.034133118864, "2016Q1": 0.053992404444000004, "2015Q4": 0.050889346716000004, "2020Q2": 0.013032636000000002, "2020Q4": 0.009677700000000001, "2020Q1": 0.014894496444000002, "2022Q2": 0.003483972, "2022Q4": 0.002451684, "2022Q1": 0.0036130080000000005, "2022Q3": 0.0032259000000000003, "2018Q2": 0.0156391632, "2018Q4": 0.018618088296, "2018Q1": 0.014894496444000002, "2012Q2": 0.021806180748000004, "2012Q4": 0.034526549628, "2012Q1": 0.02952924342, "2021Q2": 0.005935656, "2021Q4": 0.0054195120000000005, "2011Q2": 0.01898958294, "2011Q4": 0.030892121652000004, "2019Q2": 0.022093414884000004, "2019Q4": 0.015390897936, "2019Q1": 0.022341680148, "2013Q2": 0.06996164173200001, "2013Q4": 0.086316438588, "2013Q1": 0.04542970452, "2014Q2": 0.048155331948, "2014Q1": 0.03725217705600001}