{"2022Q3": 10.589152480000001, "2022Q1": 7.617541160000001, "2022Q2": 7.865968960000001, "2020Q3": 5.968961080000001, "2020Q4": 6.4798644, "2020Q1": 6.561888000000001, "2020Q2": 7.27587044, "2010Q3": 1.9289688, "2010Q4": 2.11960296, "2010Q1": 2.1203572000000004, "2010Q2": 1.9773344400000001, "2023Q1": 10.83060356, "2016Q3": 4.39523932, "2016Q4": 4.370820800000001, "2016Q1": 3.3792780400000004, "2016Q2": 3.8108918800000002, "2015Q3": 4.489236480000001, "2015Q4": 3.7721428000000006, "2015Q1": 4.35460464, "2015Q2": 4.280877680000001, "2019Q3": 6.8550045200000005, "2019Q4": 6.985676600000001, "2019Q1": 7.243155280000001, "2019Q2": 7.17961056, "2018Q3": 6.579235520000001, "2018Q4": 7.155569160000001, "2018Q1": 6.415282600000001, "2018Q2": 6.21559756, "2013Q3": 2.81557792, "2013Q4": 3.0574061200000004, "2013Q1": 2.6785890800000005, "2013Q2": 2.6998963600000003, "2014Q3": 3.97003652, "2014Q4": 4.0889236, "2014Q1": 2.97613676, "2014Q2": 3.54502228, "2012Q3": 2.2410356, "2012Q4": 2.79860752, "2012Q1": 1.95612144, "2012Q2": 2.1819220400000003, "2017Q3": 7.716723720000001, "2017Q4": 6.51512512, "2017Q1": 5.1407112800000005, "2017Q2": 7.25145192, "2009Q4": 2.248578, "2021Q3": 7.62951472, "2021Q1": 6.29356712, "2021Q2": 7.089290320000001, "2011Q3": 1.8208296400000001, "2011Q4": 2.19653544, "2011Q1": 1.84920792, "2011Q2": 1.8625014000000002}