{"2017Q2": 0.38711699999999993, "2017Q4": 0.1419429, "2017Q1": 0.25291643999999996, "2023Q1": 0.016129875, "2016Q2": 3.6259959, "2016Q4": 0.9032729999999999, "2016Q1": 1.5742757999999997, "2009Q4": 26.323956, "2010Q2": 16.000836, "2010Q4": 16.516992, "2015Q2": 0.8155264799999999, "2015Q4": 1.2258704999999999, "2015Q1": 3.922785599999999, "2020Q2": 0.28130502, "2020Q4": 0.14323328999999999, "2020Q1": 0.058067549999999996, "2022Q2": 0.027098189999999998, "2022Q4": 0.017807382, "2022Q1": 0.024517409999999996, "2022Q3": 0.026194916999999998, "2018Q2": 0.11355431999999999, "2018Q4": 0.050325209999999995, "2018Q1": 0.13678134, "2012Q2": 8.413342412882999, "2012Q4": 4.645403999999999, "2021Q2": 0.1032312, "2021Q4": 0.07742339999999999, "2021Q1": 0.10194080999999999, "2011Q2": 8.826267858078, "2011Q4": 9.290807999999998, "2019Q2": 0.0258078, "2019Q4": 0.07097145, "2019Q1": 0.027098189999999998, "2013Q2": 3.2001670709609997, "2013Q4": 3.5098609290389997, "2013Q1": 3.2001670709609997, "2014Q2": 3.3033984, "2014Q4": 3.6130919999999995, "2014Q1": 2.9420890709609995}