{"2017Q1": 1.844064, "2017Q4": 2.070528, "2017Q2": 2.58816, "2016Q1": 0.80621184, "2016Q4": 1.682304, "2016Q2": 1.05208704, "2015Q1": 3.170496, "2015Q4": 0.97056, "2015Q2": 2.814624, "2020Q1": 0.5952767999999999, "2020Q4": 0.873504, "2020Q2": 0.614688, "2022Q1": 0.064704, "2022Q4": 0.045292799999999994, "2022Q2": 0.10999679999999999, "2022Q3": 0.0679392, "2018Q1": 1.908768, "2018Q4": 0.82562304, "2018Q2": 0.905856, "2012Q1": 0.20187648, "2012Q4": 0.21481727999999997, "2012Q2": 0.388224, "2021Q1": 0.7350374399999999, "2021Q4": 0.388224, "2021Q2": 0.5435136, "2011Q4": 0.28340351999999996, "2011Q2": 0.60304128, "2019Q1": 0.82562304, "2019Q4": 0.6211584, "2019Q2": 0.80621184, "2013Q1": 0.38045952, "2013Q4": 3.03332352, "2013Q2": 1.80394752, "2014Q1": 2.5480435200000002, "2014Q4": 4.238112, "2014Q2": 2.717568}