{"2022Q1": 10.809861960000001, "2020Q3": 13.55501272, "2020Q4": 13.99878868, "2020Q1": 14.62933332, "2020Q2": 13.74564688, "2010Q3": 3.06768264, "2010Q4": 4.76953092, "2010Q1": 2.1311994000000003, "2010Q2": 2.0996156, "2023Q3": 20.788834280000003, "2023Q1": 18.070459040000003, "2023Q2": 21.370353320000003, "2016Q3": 4.06007392, "2016Q4": 4.62801664, "2016Q1": 3.3473171200000005, "2016Q2": 3.6319484400000004, "2015Q3": 3.3036654800000003, "2015Q4": 3.38295496, "2015Q1": 3.4572476, "2015Q2": 3.13848692, "2019Q3": 12.628617440000001, "2019Q4": 9.04060348, "2019Q1": 10.32875112, "2019Q2": 8.94264656, "2018Q3": 6.0414624, "2018Q4": 6.6589021200000005, "2018Q1": 8.18010992, "2018Q2": 8.84704664, "2013Q3": 3.0256337600000003, "2013Q4": 3.2132509600000003, "2013Q1": 2.86073804, "2013Q2": 2.75712432, "2014Q3": 3.02469096, "2014Q4": 3.27349588, "2014Q1": 3.4588503600000005, "2014Q2": 3.2262616, "2012Q3": 2.6473824, "2012Q4": 2.8337739600000003, "2012Q1": 4.52383724, "2012Q2": 4.10608256, "2017Q3": 7.49884264, "2017Q4": 6.553119960000001, "2017Q1": 5.0415287200000005, "2017Q2": 6.904501520000001, "2009Q4": 1.826675, "2021Q3": 15.137973920000002, "2021Q1": 14.87747828, "2021Q2": 15.24064484, "2011Q3": 5.2400823999999995, "2011Q4": 4.81478532, "2011Q1": 5.041151600000001, "2011Q2": 4.814502480000001}