{"2014Q4": 0.16248959999999998, "2016Q2": 0.0328848, "2016Q1": 0.039332799999999994, "2016Q4": 0.0315952, "2019Q2": 0.0470704, "2019Q1": 0.0464256, "2019Q4": 0.0367536, "2021Q2": 0.019988799999999998, "2021Q1": 0.02424448, "2021Q4": 0.01238016, "2020Q2": 0.02888704, "2020Q1": 0.0361088, "2020Q4": 0.0232128, "2023Q1": 0.00606112, "2018Q2": 0.039977599999999995, "2018Q1": 0.0464256, "2018Q4": 0.054163199999999995, "2017Q2": 0.019988799999999998, "2017Q1": 0.026694719999999998, "2017Q4": 0.05287359999999999, "2015Q2": 0.051584, "2015Q1": 0.15217279999999997, "2015Q4": 0.031337279999999995, "2022Q2": 0.01186432, "2022Q1": 0.011735359999999999, "2022Q4": 0.0083824, "2022Q3": 0.00992992}