{"2020Q4": 0.061223225, "2020Q1": 0.08789721745, "2020Q2": 0.034134847985, "2014Q4": 4.266859735964, "2014Q1": 3.330963366878, "2014Q2": 6.741638341578001, "2016Q4": 5.376243648832, "2016Q1": 4.09618562493, "2016Q2": 7.253661834699001, "2011Q4": 1.476530828605, "2017Q4": 0.392551074055, "2017Q1": 0.366949841398, "2017Q2": 0.28161265699000004, "2013Q4": 3.5391486256420004, "2013Q1": 1.425616048003, "2013Q2": 2.185944572567, "2015Q4": 5.461580575458, "2015Q1": 6.058940995205, "2015Q2": 4.010848311631, "2018Q4": 0.24321100134100002, "2018Q1": 0.375483585617, "2018Q2": 0.34988248185099996, "2019Q4": 0.09728434898, "2019Q1": 0.22187670523900002, "2019Q2": 0.19456869796, "2022Q4": 0.033511660000000006, "2022Q1": 0.03608948000000001, "2022Q3": 0.03480057, "2022Q2": 0.03480057, "2021Q4": 0.04124512, "2021Q1": 0.033511660000000006, "2021Q2": 0.04253403, "2023Q1": 0.0386673, "2012Q4": 1.541022987147, "2012Q2": 1.188013222963}