{"2022Q1": 23.509007760000003, "2020Q3": 22.896719790000002, "2020Q4": 23.81792868, "2020Q1": 25.267069590000002, "2020Q2": 25.48450884, "2010Q3": 9.30210351, "2010Q4": 9.97653195, "2010Q1": 9.515665530000001, "2010Q2": 9.408570150000001, "2023Q3": 24.176415270000003, "2023Q1": 25.00226526, "2023Q2": 24.678359370000003, "2016Q3": 21.20687625, "2016Q4": 23.05243773, "2016Q1": 25.207024920000002, "2016Q2": 23.184577920000002, "2015Q3": 26.95397901, "2015Q4": 23.156075040000005, "2015Q1": 22.889489280000003, "2015Q2": 27.14522076, "2019Q3": 25.28488389, "2019Q4": 21.64416492, "2019Q1": 24.20407983, "2019Q2": 26.03895273, "2018Q3": 25.4587305, "2018Q4": 24.059784, "2018Q1": 26.924952180000002, "2018Q2": 24.26642988, "2013Q3": 14.62375887, "2013Q4": 14.274389010000002, "2013Q1": 13.34574003, "2013Q2": 13.80912141, "2014Q3": 17.12603928, "2014Q4": 21.01290996, "2014Q1": 15.18145125, "2014Q2": 16.09626795, "2012Q3": 10.2840906, "2012Q4": 11.385433500000001, "2012Q1": 10.6875321, "2012Q2": 10.22498904, "2017Q3": 26.38580763, "2017Q4": 24.48376434, "2017Q1": 24.49958763, "2017Q2": 25.55744268, "2009Q4": 11.971628760000002, "2021Q3": 22.158788610000002, "2021Q1": 23.00025231, "2021Q2": 22.8641301, "2011Q3": 10.30693482, "2011Q4": 10.37347647, "2011Q1": 10.647502320000001, "2011Q2": 10.27759362}