{"2017Q4": 0, "2023Q1": 0.005509890999999999, "2020Q2": 0.007816357, "2020Q4": 0.00768822, "2022Q2": 0.004484795000000001, "2022Q4": 0.00512548, "2022Q3": 0.004741069, "2018Q2": 0.04612932, "2018Q4": 0.019604961, "2021Q2": 0.008072631, "2021Q4": 0.006022439, "2019Q2": 0.021142605000000002, "2019Q4": 0.008713316}