{"2022Q3": 1.003712854992, "2022Q4": 1.0718113096559998, "2022Q1": 1.34183549904, "2022Q2": 1.1310274667759999, "2020Q3": 0.96423341103, "2020Q4": 1.0921419424199998, "2020Q1": 0.66233630277, "2020Q2": 0.858462917106, "2023Q1": 1.2257732236499999, "2023Q2": 1.2429117315059999, "2016Q3": 0.657763238376, "2016Q4": 0.587393327136, "2016Q1": 0.6278922422459999, "2016Q2": 0.550318326576, "2015Q3": 0.623329007724, "2015Q4": 0.596862644472, "2015Q1": 0.911934018138, "2015Q2": 0.7232004442319999, "2019Q3": 0.824189682114, "2019Q4": 0.839112246966, "2019Q1": 0.802561222692, "2019Q2": 0.80147514786, "2018Q3": 0.603821280174, "2018Q4": 0.6027353628719999, "2018Q1": 0.60709005918, "2018Q2": 0.5855183735699999, "2013Q3": 0.5437739317620001, "2013Q4": 0.555476362872, "2013Q1": 0.6814971807660001, "2013Q2": 0.5800632672, "2014Q3": 0.79251421134, "2014Q4": 0.865168244568, "2014Q1": 0.6358331405100001, "2014Q2": 0.701487737766, "2012Q3": 0.5882396728139999, "2012Q4": 0.6111954170039999, "2012Q1": 0.5267210572140001, "2012Q2": 0.46843968311399997, "2017Q3": 0.655369601532, "2017Q4": 0.6543425059319999, "2017Q1": 0.617691387096, "2017Q2": 0.611827238328, "2021Q3": 1.234858325316, "2021Q4": 1.2824037148560001, "2021Q1": 1.2766254199379998, "2021Q2": 1.241461919904, "2011Q4": 0.326132185086}