{"2022Q3": 9.43895925, "2022Q4": 8.89541352, "2022Q1": 8.495534880000001, "2022Q2": 9.12836169, "2020Q3": 12.765308220000001, "2020Q4": 10.88369898, "2020Q1": 14.40317592, "2020Q2": 13.956980100000001, "2010Q3": 6.1931937900000005, "2010Q4": 6.74313171, "2010Q1": 6.410004300000001, "2010Q2": 5.836383840000001, "2023Q1": 8.6514624, "2016Q3": 10.19533347, "2016Q4": 9.79975122, "2016Q1": 10.48193412, "2016Q2": 8.32022121, "2015Q3": 10.689523110000001, "2015Q4": 8.528334150000001, "2015Q1": 8.66466594, "2015Q2": 7.83441477, "2019Q3": 13.271024760000001, "2019Q4": 12.56023419, "2019Q1": 9.798808110000001, "2019Q2": 10.6298976, "2018Q3": 11.40471486, "2018Q4": 10.548370980000001, "2018Q1": 9.79587399, "2018Q2": 9.53127924, "2013Q3": 7.37847348, "2013Q4": 6.8613348300000006, "2013Q1": 7.901899530000001, "2013Q2": 7.06462743, "2014Q3": 7.895821710000001, "2014Q4": 7.8342051900000005, "2014Q1": 7.53104772, "2014Q2": 8.23523652, "2012Q3": 8.5173312, "2012Q4": 8.488933110000001, "2012Q1": 7.06934298, "2012Q2": 7.976719590000001, "2017Q3": 10.113282900000002, "2017Q4": 9.8230146, "2017Q1": 10.45248813, "2017Q2": 10.62161919, "2009Q4": 6.28540899, "2021Q3": 9.305456790000001, "2021Q4": 9.62171301, "2021Q1": 10.65253224, "2021Q2": 10.835286, "2011Q3": 9.793987770000001, "2011Q4": 8.95870668, "2011Q1": 6.5168901, "2011Q2": 7.12351941}