{"2017Q4": 0, "2023Q2": 0.06663124000000001, "2023Q1": 0.04612932, "2020Q2": 0.15248303, "2020Q4": 0.0896959, "2022Q2": 0.063427815, "2022Q4": 0.055739595, "2022Q3": 0.06534987, "2018Q2": 0, "2018Q4": 0.23705345000000003, "2021Q2": 0.08457042000000001, "2021Q4": 0.03222261139, "2019Q2": 0.128137, "2019Q4": 0.2434603}