{"2017Q2": 0.035034416000000006, "2017Q4": 0.3091272, "2017Q1": 0.32458356, "2023Q1": 0.029753493000000002, "2016Q2": 0.75220952, "2016Q4": 0.063371076, "2016Q1": 0.90677312, "2015Q2": 1.2365088, "2015Q4": 1.01496764, "2015Q1": 1.7774814, "2020Q2": 0.0772818, "2020Q4": 0.11463467000000001, "2020Q1": 0.10690648999999999, "2022Q2": 0.016357981, "2022Q4": 0.041216960000000004, "2022Q1": 0.032844765, "2022Q3": 0.024214964, "2018Q2": 0.21638904, "2018Q4": 0.18547632, "2018Q1": 0.32973568000000003, "2012Q2": 0.035549628, "2012Q4": 0.7470574, "2021Q2": 0.06568953, "2021Q4": 0.034132795, "2021Q1": 0.010433043000000001, "2011Q2": 0.7212968, "2011Q4": 0.90677312, "2019Q2": 0.12107482, "2019Q4": 0.04508105, "2019Q1": 0.16100375, "2013Q2": 0.9531422, "2013Q4": 1.9062844, "2013Q1": 0.80888284, "2014Q2": 1.7259602, "2014Q4": 1.5198754, "2014Q1": 1.7517208}