{"2021Q4": 0.005672682, "2021Q2": 0.007776036, "2016Q4": 0, "2020Q4": 0.009119441826000002, "2020Q2": 0.006991580565000001, "2022Q2": 0.0043341840000000005, "2018Q4": 0.005854462776000001, "2018Q2": 0.006732613071, "2017Q4": 0.021003806223, "2017Q2": 0, "2019Q4": 0.0072955470869999995, "2019Q2": 0.007903512, "2023Q2": 0.003856149}