{"2014Q2": 0.7819581600000001, "2014Q1": 0.68001972, "2014Q4": 0.5574355200000001, "2016Q2": 0.13419744000000003, "2016Q1": 0.11336715852000001, "2016Q4": 0.052526684520000005, "2019Q2": 0.01889474148, "2019Q1": 0.022673431704000005, "2019Q4": 0.01757212248, "2013Q2": 0.37420440000000005, "2013Q4": 0.68001972, "2021Q2": 0.01225842, "2021Q1": 0.020258652000000002, "2021Q4": 0.026968524, "2020Q2": 0.007746676260000001, "2020Q1": 0.008974840908000001, "2020Q4": 0.020258652000000002, "2023Q1": 0.020516724000000004, "2018Q2": 0.021918054960000002, "2018Q1": 0.03665525652, "2018Q4": 0.035899105560000005, "2017Q2": 0.06802003704000001, "2017Q1": 0.14193960000000003, "2017Q4": 0.03892241904, "2015Q2": 0.2451684, "2015Q1": 0.5664680400000001, "2015Q4": 0.17419860000000004, "2022Q2": 0.013290708, "2022Q1": 0.021936120000000003, "2022Q4": 0.014193960000000002, "2022Q3": 0.021549012000000003}