{"2021Q2": 0.09381011, "2021Q4": 0.043049845, "2023Q2": 0.005397294, "2023Q1": 0.004369238000000001, "2022Q2": 0.03469689000000001, "2022Q4": 0.014521291000000002}