{"2017Q2": 0.036554983471999994, "2017Q4": 0.028859143472, "2017Q1": 0.044250823471999996, "2023Q1": 0.01795696, "2016Q4": 0.13852435041599998, "2009Q2": 0.19282260606399998, "2009Q4": 0.108097436072, "2020Q2": 0.004232712, "2020Q4": 0.005258824, "2020Q1": 0.0030783359999999997, "2022Q2": 0.032066, "2022Q4": 0.017572168, "2022Q1": 0.0384792, "2022Q3": 0.021035296, "2018Q2": 0.023087391735999996, "2018Q4": 0.012698135999999999, "2018Q1": 0.025011351735999998, "2008Q4": 0.21035193388799997, "2021Q2": 0.005130559999999999, "2021Q4": 0.005002296, "2021Q1": 0.004617503999999999, "2019Q2": 0.00897848, "2019Q4": 0.005130559999999999, "2019Q1": 0.009491535999999998}