{"2020Q4": 0.02645238, "2020Q1": 0.018065040000000004, "2020Q2": 0.03613008000000001, "2014Q4": 0.17290824000000002, "2014Q1": 0.15613356, "2014Q2": 0.17161788000000003, "2016Q4": 0.18194076, "2016Q1": 0.18194076, "2016Q2": 0.23613588000000002, "2017Q4": 0.11484204, "2017Q1": 0.13161672000000002, "2017Q2": 0.12387456000000001, "2013Q4": 0.19613472, "2013Q1": 0.11871312000000002, "2013Q2": 0.15742392000000002, "2015Q4": 0.19871544000000002, "2015Q1": 0.3483972000000001, "2015Q2": 0.19484436000000002, "2018Q4": 0.07226016000000002, "2018Q1": 0.11742276000000001, "2018Q2": 0.11097096000000001, "2019Q4": 0.020645760000000003, "2019Q1": 0.05677584000000001, "2019Q2": 0.032904180000000005, "2022Q1": 0.014193960000000002, "2022Q3": 0.0065808360000000005, "2022Q2": 0.006709872, "2021Q4": 0.017548896, "2021Q2": 0.020387688, "2012Q4": 0.12000348000000002}