{"2022Q3": 4.969606884327, "2022Q4": 5.923647, "2022Q1": 2.807008765035, "2022Q2": 3.0800640499229996, "2020Q3": 2.632933363551, "2020Q4": 3.1842667367729995, "2020Q1": 2.4843001693349995, "2020Q2": 2.6435499619739997, "2008Q4": 9.720406239170998, "2010Q3": 4.931081536004999, "2010Q4": 4.8298271376179995, "2010Q1": 6.389142547442999, "2010Q2": 5.022210160314, "2023Q1": 6.872312999999999, "2016Q3": 6.079092266925, "2016Q4": 6.346130130282, "2016Q1": 3.7891639875239993, "2016Q2": 4.128032612139, "2015Q3": 6.911750303154, "2015Q4": 5.226787611549, "2015Q1": 9.453886810752, "2015Q2": 6.779029547057999, "2019Q3": 4.152509331131999, "2019Q4": 2.686016686596, "2019Q1": 2.7893117979209996, "2019Q2": 3.030492556038, "2018Q3": 3.780368607201, "2018Q4": 3.135354047301, "2018Q1": 5.016258715194, "2018Q2": 5.2758995980979995, "2013Q3": 7.867454765075999, "2013Q4": 7.283009032449, "2013Q1": 7.300430125284, "2013Q2": 7.938333517940999, "2014Q3": 8.574827733441, "2014Q4": 8.177713752113998, "2014Q1": 8.005206263877, "2014Q2": 8.025550053255, "2012Q3": 5.720865516906, "2012Q4": 9.214136265909, "2012Q1": 4.364057569104, "2012Q2": 4.283054387943, "2017Q3": 5.788909093181999, "2017Q4": 4.777389150135, "2017Q1": 6.088156616121, "2017Q2": 6.129432643572, "2009Q3": 7.118171530883999, "2009Q4": 7.41181063971, "2009Q2": 7.381434321296999, "2021Q3": 2.8411806850829997, "2021Q4": 2.872542016641, "2021Q1": 2.7768520958939997, "2021Q2": 3.012723710928, "2011Q3": 4.12104735273, "2011Q4": 4.900705217592, "2011Q1": 4.515938830239, "2011Q2": 4.809576262353}