{"2017Q2": 0.20731625106299997, "2017Q4": 0.19858714982999998, "2023Q2": 0.23227019999999998, "2023Q1": 0.21162395999999997, "2016Q2": 0, "2016Q4": 0.42008814200699995, "2015Q4": 0, "2020Q2": 0.133118826063, "2020Q4": 0.063286016199, "2022Q2": 0.12000627, "2022Q4": 0.12000627, "2018Q2": 0.141847927296, "2018Q4": 0.074197295961, "2021Q2": 0.034916404931999996, "2021Q4": 0.06064832999999999, "2019Q2": 0.063286016199, "2019Q4": 0.041463198597}