{"2022Q3": 0.0036088360000000002, "2022Q4": 0.0033510619999999997, "2022Q2": 0.004382158000000001, "2020Q4": 0.0036088360000000002, "2020Q2": 0.0028870688, "2023Q1": 0.00386661, "2023Q2": 0.003479949, "2016Q4": 0, "2019Q4": 0.004124384, "2019Q2": 0.008764316000000001, "2018Q4": 0.0065990144, "2018Q2": 0.0100016312, "2017Q4": 0.010826508, "2017Q2": 0.0148477824, "2021Q4": 0.005284367, "2021Q2": 0.004124384}