{"2022Q3": 8.22747135, "2022Q4": 8.007292589999999, "2022Q1": 6.758031839999999, "2022Q2": 7.41217014, "2020Q3": 4.7620827, "2020Q4": 5.51340411, "2020Q1": 5.17409055, "2020Q2": 5.46861825, "2008Q4": 5.89838601, "2010Q3": 4.64250666, "2010Q4": 4.96339845, "2010Q1": 5.4006672899999995, "2010Q2": 4.745646509999999, "2023Q1": 8.73335301, "2016Q3": 8.43397167, "2016Q4": 7.80310878, "2016Q1": 5.70843219, "2016Q2": 5.93401614, "2015Q3": 8.38863426, "2015Q4": 5.983545329999999, "2015Q1": 9.966839429999999, "2015Q2": 9.88851933, "2019Q3": 6.26814513, "2019Q4": 5.23145175, "2019Q1": 6.3891552, "2019Q2": 6.13709685, "2018Q3": 6.97093014, "2018Q4": 7.352161499999999, "2018Q1": 8.90819436, "2018Q2": 9.035050859999998, "2013Q3": 6.252260489999999, "2013Q4": 5.849518679999999, "2013Q1": 6.07201395, "2013Q2": 6.318556799999999, "2014Q3": 7.6566171, "2014Q4": 8.363373269999999, "2014Q1": 6.31050417, "2014Q2": 6.519541619999999, "2012Q3": 4.96295721, "2012Q4": 6.649486799999999, "2012Q1": 4.56330408, "2012Q2": 4.65993564, "2017Q3": 9.586269929999998, "2017Q4": 8.467726529999998, "2017Q1": 8.26674171, "2017Q2": 8.590722179999998, "2009Q3": 5.670154619999999, "2009Q4": 6.1496721899999995, "2009Q2": 5.991156719999999, "2021Q3": 6.48986823, "2021Q4": 6.479057849999999, "2021Q1": 5.297196509999999, "2021Q2": 5.64864417, "2011Q3": 4.65144177, "2011Q4": 5.32786269, "2011Q1": 4.61117862, "2011Q2": 4.82882025}