{"2022Q3": 9.162679529999998, "2022Q4": 9.90528645, "2022Q1": 8.09377563, "2022Q2": 8.02913397, "2020Q3": 7.384261709999999, "2020Q4": 7.664338799999999, "2020Q1": 9.131572109999999, "2020Q2": 8.826234029999998, "2008Q4": 6.028882739999999, "2010Q3": 7.22210601, "2010Q4": 7.229607089999999, "2010Q1": 7.749387809999999, "2010Q2": 7.658382059999999, "2023Q1": 9.766295849999999, "2016Q3": 13.33923675, "2016Q4": 14.071033289999997, "2016Q1": 8.72077767, "2016Q2": 10.38270813, "2015Q3": 14.450168759999999, "2015Q4": 10.83883998, "2015Q1": 15.293819639999999, "2015Q2": 14.83934244, "2019Q3": 11.288684159999999, "2019Q4": 10.125023969999999, "2019Q1": 10.64623872, "2019Q2": 10.452093119999999, "2018Q3": 10.53548748, "2018Q4": 10.442606459999999, "2018Q1": 14.729914919999999, "2018Q2": 12.66038901, "2013Q3": 11.17627827, "2013Q4": 11.276660369999998, "2013Q1": 10.00743351, "2013Q2": 9.99044577, "2014Q3": 14.11350264, "2014Q4": 14.447852249999999, "2014Q1": 11.925503789999999, "2014Q2": 14.353757819999998, "2012Q3": 7.9390107, "2012Q4": 10.97838213, "2012Q1": 7.760529119999999, "2012Q2": 8.07391983, "2017Q3": 15.03117153, "2017Q4": 14.567648909999997, "2017Q1": 14.448955349999999, "2017Q2": 15.44847426, "2009Q3": 7.85098332, "2009Q4": 7.861352459999999, "2009Q2": 8.18422983, "2021Q3": 7.665221279999999, "2021Q4": 8.17584627, "2021Q1": 7.05509667, "2021Q2": 7.89621042, "2011Q3": 7.34322639, "2011Q4": 8.801083349999999, "2011Q1": 7.754682689999999, "2011Q2": 8.16944829}