{"2023Q1": 0.02690877, "2020Q2": 0.11276056, "2020Q4": 0.27421318, "2022Q2": 0.06278713, "2022Q4": 0.035878360000000005, "2022Q3": 0.04100384, "2021Q2": 0.09610275, "2021Q4": 0.0640685, "2019Q4": 0.0768822}