{"2022Q3": 15.56477406, "2022Q4": 16.10881492, "2022Q1": 12.597921600000001, "2022Q2": 13.103445520000001, "2020Q3": 9.938680620000001, "2020Q4": 12.43346038, "2020Q1": 10.02200298, "2020Q2": 9.96147636, "2008Q3": 12.03518998, "2008Q4": 9.173756899999999, "2008Q1": 23.1643148, "2008Q2": 20.642372299999998, "2006Q4": 34.592841140000004, "2010Q3": 7.7852255800000005, "2010Q4": 7.31664648, "2010Q1": 7.47997228, "2010Q2": 6.20786518, "2023Q1": 18.86220842, "2016Q3": 13.73211884, "2016Q4": 13.594208980000001, "2016Q1": 9.502417320000001, "2016Q2": 11.035409000000001, "2015Q3": 15.2679054, "2015Q4": 10.77111816, "2015Q1": 16.35109608, "2015Q2": 13.976321480000001, "2019Q3": 12.405860940000002, "2019Q4": 9.37000988, "2019Q1": 11.25367166, "2019Q2": 12.20681308, "2018Q3": 12.013092960000002, "2018Q4": 12.3494393, "2018Q1": 12.91417974, "2018Q2": 13.981125180000001, "2013Q3": 13.34328116, "2013Q4": 12.14820794, "2013Q1": 11.89361184, "2013Q2": 12.465426820000001, "2014Q3": 12.270396600000002, "2014Q4": 13.02536356, "2014Q1": 12.38638412, "2014Q2": 11.87046674, "2012Q3": 8.9331352, "2012Q4": 11.48940232, "2012Q1": 7.45246018, "2012Q2": 7.226162240000001, "2007Q3": 24.33798972, "2007Q4": 17.04632248, "2007Q1": 38.87704282, "2007Q2": 29.852812, "2017Q3": 13.895095280000001, "2017Q4": 13.25349564, "2017Q1": 13.687488100000001, "2017Q2": 13.3857284, "2009Q3": 8.10017362, "2009Q4": 9.4135052, "2009Q1": 11.027985100000002, "2009Q2": 8.68578832, "2021Q3": 11.655260980000001, "2021Q4": 12.79382522, "2021Q1": 12.34402422, "2021Q2": 12.623250200000001, "2011Q3": 5.66434836, "2011Q4": 7.508095760000001, "2011Q1": 6.99846686, "2011Q2": 6.2090006}