{"2021Q4": 0.008381685000000002, "2021Q2": 0.008768532, "2020Q4": 0.008897481, "2020Q2": 0.0051579600000000005, "2023Q2": 0.005931654000000001, "2023Q3": 0.006705348, "2023Q1": 0.005544807, "2022Q4": 0.00644745, "2022Q2": 0.006963246}