{"2016Q4": 0, "2019Q2": 0.025777400000000002, "2019Q1": 0.03093288, "2019Q4": 0.011470942999999999, "2021Q2": 0.010697621000000001, "2021Q1": 0.013275361, "2021Q4": 0.006315463, "2020Q2": 0.014048683, "2020Q1": 0.013919796, "2020Q4": 0.022426337999999997, "2023Q1": 0.00386661, "2018Q2": 0.043821580000000006, "2018Q1": 0.11084282, "2018Q4": 0.033510620000000005, "2017Q2": 0.05026593, "2017Q1": 0.03608836000000001, "2017Q4": 0.19848598, "2022Q2": 0.00386661, "2022Q1": 0.0055421409999999996, "2022Q4": 0.004253271, "2022Q3": 0.003995497}