{"2022Q3": 8.203009044194, "2022Q4": 9.605511443132999, "2022Q1": 10.54727927647, "2022Q2": 9.183812560635, "2020Q3": 10.515716071600998, "2020Q4": 9.979981284371, "2020Q1": 5.364155070664, "2020Q2": 8.544013788186, "2023Q3": 10.446069999999999, "2023Q1": 10.665542705731, "2023Q2": 11.171095393334, "2016Q3": 10.855263150766998, "2016Q4": 8.868244569942, "2016Q2": 7.602184794793999, "2019Q3": 8.083379976614, "2019Q4": 8.231971548299999, "2019Q1": 7.747705188203, "2019Q2": 6.663311803332999, "2018Q3": 6.8202638365979995, "2018Q4": 6.7346541482169995, "2017Q1": 7.548009723529999, "2017Q2": 9.001602132292, "2021Q3": 12.412251063661998, "2021Q4": 12.929428239052, "2021Q1": 12.184149499746999, "2021Q2": 12.658657309734998}