{"2022Q3": 0.38487176, "2022Q4": 0.5180965999999999, "2022Q2": 0.5254979799999999, "2020Q4": 7.2533524, "2020Q2": 4.440828, "2023Q1": 0.5921104, "2023Q2": 0.45148417999999996, "2016Q4": 0, "2019Q4": 25.904829999999997, "2019Q2": 32.566072, "2018Q4": 21.464002, "2018Q2": 11.842208, "2017Q4": 4.440828, "2021Q4": 0.6587228199999999, "2021Q2": 0.6957297199999999}