{"2017Q4": 0.053513835, "2023Q1": 0, "2020Q2": 0.08381685000000001, "2020Q4": 0.07994838, "2020Q1": 0.07994838, "2022Q2": 0.028110882, "2022Q4": 0, "2022Q1": 0.023855565000000002, "2022Q3": 0, "2018Q2": 0.040618935, "2018Q4": 0.09929073000000001, "2018Q1": 0.052224345000000005, "2021Q2": 0.05093485500000001, "2021Q4": 0.026434545, "2021Q1": 0.056092815000000004, "2019Q2": 0.05286909, "2019Q4": 0.07092195000000001, "2019Q1": 0.07350092999999999}