{"2022Q3": 3.163904, "2022Q4": 3.511296, "2022Q1": 2.7059200000000003, "2022Q2": 2.816512, "2020Q3": 2.506112, "2020Q4": 3.735296, "2020Q1": 2.3418880000000004, "2020Q2": 2.632576, "2023Q1": 3.5870720000000005, "2016Q3": 4.886272, "2016Q4": 4.337408000000001, "2016Q1": 2.770048, "2016Q2": 3.60896, "2015Q3": 4.102272, "2015Q4": 2.850048, "2015Q1": 5.2736, "2015Q2": 4.599168000000001, "2019Q3": 2.6960640000000002, "2019Q4": 2.29696, "2019Q1": 2.758016, "2019Q2": 2.520064, "2018Q3": 3.112576, "2018Q4": 2.984192, "2018Q1": 3.8784, "2018Q2": 4.0760320000000005, "2013Q4": 3.9770879999999997, "2014Q3": 4.4774400000000005, "2014Q4": 4.377088, "2014Q1": 4.1479680000000005, "2014Q2": 4.132992, "2017Q3": 3.896064, "2017Q4": 3.711104, "2017Q1": 4.039296, "2017Q2": 3.669376, "2021Q3": 2.9740800000000003, "2021Q4": 2.912256, "2021Q1": 2.754816, "2021Q2": 3.0336000000000003}