{"2022Q3": 10.77276429, "2022Q4": 10.78434684, "2022Q1": 10.13704776, "2022Q2": 10.47239016, "2020Q3": 10.015927379999999, "2020Q4": 11.00871738, "2020Q1": 9.48346101, "2020Q2": 11.54669925, "2010Q3": 10.34365839, "2010Q4": 11.1258666, "2010Q1": 12.188813759999999, "2010Q2": 11.222498159999999, "2023Q1": 11.039162939999999, "2016Q3": 12.968153909999998, "2016Q4": 12.94940121, "2016Q1": 10.99195026, "2016Q2": 11.90763357, "2015Q3": 13.786654109999999, "2015Q4": 11.62921113, "2015Q1": 15.441635039999998, "2015Q2": 13.316733509999999, "2019Q3": 9.976215779999999, "2019Q4": 9.67771692, "2019Q1": 9.046743719999998, "2019Q2": 9.632820749999999, "2018Q3": 9.637343459999999, "2018Q4": 9.35594265, "2018Q1": 12.95513733, "2018Q2": 12.75900615, "2013Q3": 13.12920651, "2013Q4": 13.543089629999999, "2013Q1": 13.09313514, "2013Q2": 13.20344514, "2014Q3": 13.50073059, "2014Q4": 15.518852039999999, "2014Q1": 13.24205364, "2014Q2": 13.72962384, "2012Q3": 11.46871008, "2012Q4": 12.65432196, "2012Q1": 9.868442909999999, "2012Q2": 10.963821209999999, "2017Q3": 12.946202219999998, "2017Q4": 12.95513733, "2017Q1": 12.916528829999999, "2017Q2": 12.611852609999998, "2009Q4": 13.12126419, "2021Q3": 10.473824189999998, "2021Q4": 10.551482429999998, "2021Q1": 9.937827899999998, "2021Q2": 10.54298856, "2011Q3": 9.01718064, "2011Q4": 11.28835323, "2011Q1": 10.439186849999999, "2011Q2": 9.995740649999998}