{"2022Q3": 22.831301939999996, "2022Q4": 21.61458264, "2022Q1": 16.86562683, "2022Q2": 18.891911219999997, "2020Q3": 20.51357853, "2020Q4": 20.39047257, "2020Q1": 19.315281, "2020Q2": 20.704635449999998, "2010Q3": 15.741898859999997, "2010Q4": 16.62106956, "2010Q1": 17.901217109999997, "2010Q2": 17.0484105, "2023Q1": 22.18102449, "2016Q3": 28.53477018, "2016Q4": 29.665337369999996, "2016Q1": 22.65359253, "2016Q2": 24.81246954, "2015Q3": 29.725015079999995, "2015Q4": 25.874313599999997, "2015Q1": 31.39610127, "2015Q2": 29.366838509999997, "2019Q3": 22.068728909999997, "2019Q4": 19.533915419999996, "2019Q1": 16.3291893, "2019Q2": 17.54138589, "2018Q3": 21.23423376, "2018Q4": 18.92379081, "2018Q1": 25.104460109999998, "2018Q2": 25.1330304, "2013Q3": 22.822587449999997, "2013Q4": 23.89435941, "2013Q1": 18.79748586, "2013Q2": 20.156725679999997, "2014Q3": 25.86890841, "2014Q4": 31.13003355, "2014Q1": 22.841891699999998, "2014Q2": 23.33652174, "2012Q3": 19.512074039999998, "2012Q4": 20.520969299999997, "2012Q1": 17.75593884, "2012Q2": 19.210155569999998, "2017Q3": 28.690417589999996, "2017Q4": 27.96380562, "2017Q1": 29.98832505, "2017Q2": 29.482112459999996, "2009Q4": 20.54148696, "2021Q3": 16.44744162, "2021Q4": 16.63353459, "2021Q1": 16.78852014, "2021Q2": 16.530063809999998, "2011Q3": 15.50351895, "2011Q4": 18.9148557, "2011Q1": 14.62589259, "2011Q2": 17.720639639999998}