{"2022Q3": 5.921670255830999, "2022Q4": 6.000864, "2022Q1": 5.426441706863999, "2022Q2": 5.4053680844639995, "2020Q3": 6.015719227079999, "2020Q4": 6.930233151801, "2020Q1": 6.654472293542999, "2020Q2": 6.8832793693709995, "2008Q4": 4.532978515218, "2010Q3": 5.720467617704999, "2010Q4": 7.729347770237999, "2010Q1": 5.423300861265, "2010Q2": 5.349010264224, "2023Q1": 5.868492, "2016Q3": 9.198684515442, "2016Q4": 9.861652060934999, "2016Q1": 6.546810296123999, "2016Q2": 7.375521583955999, "2015Q3": 8.757595331273999, "2015Q4": 7.209779187399, "2015Q1": 9.730662973281, "2015Q2": 8.514330265706999, "2019Q3": 7.8482420834069995, "2019Q4": 5.9966519670839995, "2019Q1": 6.16519049049, "2019Q2": 7.119220501767, "2018Q3": 6.350149595031, "2018Q4": 6.40819768437, "2018Q1": 9.695927170574999, "2018Q2": 9.013116080523, "2013Q3": 7.327733593182, "2013Q4": 8.032474057520998, "2013Q1": 7.015914613154999, "2013Q2": 7.093870204791, "2014Q3": 8.112004434716999, "2014Q4": 8.027796108258, "2014Q1": 7.8734152997399995, "2014Q2": 7.8734152997399995, "2012Q3": 7.2024734443469995, "2012Q4": 8.730916659216, "2012Q1": 6.053142082107, "2012Q2": 5.823275942030999, "2017Q3": 12.761648361305998, "2017Q4": 11.957742692762999, "2017Q1": 10.530238113905998, "2017Q2": 10.078942022655, "2009Q3": 4.532978515218, "2009Q4": 4.754674743701999, "2009Q2": 4.313640769689, "2021Q3": 5.459572752783, "2021Q4": 5.679324215967, "2021Q1": 5.08687152168, "2021Q2": 5.46964600827, "2011Q3": 6.67875678633, "2011Q4": 7.355717762028, "2011Q1": 7.279094593850999, "2011Q2": 7.429179886845}