{"2022Q3": 5.85733356, "2022Q4": 6.338067280000001, "2022Q1": 5.5191512000000005, "2022Q2": 5.61371404, "2020Q3": 4.08336108, "2020Q4": 5.6184280399999995, "2020Q1": 4.10268848, "2020Q2": 4.000866080000001, "2008Q4": 1.28164232, "2010Q3": 2.05275844, "2010Q4": 2.1427958400000002, "2010Q1": 1.9058702, "2010Q2": 1.86976096, "2023Q1": 7.918011520000001, "2016Q3": 4.305484760000001, "2016Q4": 4.003788760000001, "2016Q1": 2.7439251200000006, "2016Q2": 3.2789641200000004, "2015Q3": 4.35535888, "2015Q4": 3.4756322, "2015Q1": 4.60190108, "2015Q2": 3.63411688, "2019Q3": 5.5591259200000005, "2019Q4": 4.27965204, "2019Q1": 4.41032412, "2019Q2": 4.9134022, "2018Q3": 3.9781446000000003, "2018Q4": 4.356207400000001, "2018Q1": 5.05981904, "2018Q2": 5.04049164, "2013Q3": 4.3175526, "2013Q4": 3.4198184400000002, "2013Q1": 3.1260419600000002, "2013Q2": 3.47412372, "2014Q3": 3.8930097600000004, "2014Q4": 4.086755160000001, "2014Q1": 3.93345588, "2014Q2": 3.8998922, "2012Q3": 2.43610092, "2012Q4": 3.30564536, "2012Q1": 2.1589177200000003, "2012Q2": 2.1720226400000002, "2017Q3": 4.9023714400000005, "2017Q4": 4.63631328, "2017Q1": 4.4293686800000005, "2017Q2": 4.35441608, "2009Q3": 1.753608, "2009Q4": 2.1493011600000003, "2009Q2": 1.7003398, "2021Q3": 4.890209320000001, "2021Q4": 5.02550112, "2021Q1": 5.00447668, "2021Q2": 5.05350228, "2011Q3": 1.9770516, "2011Q4": 2.38132424, "2011Q1": 1.9918535600000002, "2011Q2": 2.0257000800000005}