{"2019Q2": 0.05167825000000001, "2019Q4": 0.026554670000000002, "2021Q2": 0.013356840000000002, "2021Q4": 0.010812680000000002, "2020Q2": 0.01669605, "2020Q4": 0.01653704, "2023Q2": 0.0038162400000000003, "2023Q1": 0.00413426, "2018Q4": 0.057243600000000006, "2022Q2": 0.007155450000000001, "2022Q4": 0.0039752500000000005}