{"2023Q2": 0.030529920000000002, "2023Q1": 0.026554670000000002, "2020Q2": 0.01717308, "2020Q4": 0.017014070000000003, "2022Q2": 0.03561824, "2022Q4": 0.02941685, "2022Q3": 0.032756060000000004, "2021Q2": 0.019399220000000002, "2021Q4": 0.03943448, "2019Q4": 0.021466350000000002}