{"2022Q3": 2.6250957, "2022Q4": 2.45977602, "2022Q1": 2.02624238, "2022Q2": 2.16852924, "2020Q3": 1.3882117399999998, "2020Q4": 1.70356764, "2020Q1": 1.4703334300000002, "2020Q2": 1.6414651299999998, "2023Q1": 2.4703237600000003, "2016Q3": 4.32263606, "2016Q4": 3.74735371, "2016Q1": 3.0066440500000002, "2016Q2": 3.55275867, "2015Q3": 3.8751105200000002, "2015Q4": 3.1960728499999997, "2015Q1": 4.24040674, "2015Q2": 4.014599, "2019Q3": 1.86996362, "2019Q4": 1.49788671, "2019Q1": 1.75501478, "2019Q2": 1.6811805999999998, "2018Q3": 2.58129029, "2018Q4": 2.50465773, "2018Q1": 3.1572184199999995, "2018Q2": 3.27830217, "2013Q3": 3.5332776399999997, "2013Q4": 3.5070159199999997, "2013Q1": 3.7134502599999997, "2013Q2": 3.64854937, "2014Q3": 4.0802533, "2014Q4": 4.362674419999999, "2014Q1": 3.8420681100000005, "2014Q2": 4.19939971, "2012Q3": 3.4566450800000004, "2012Q4": 3.82161841, "2012Q1": 3.7511207599999996, "2012Q2": 3.3024112899999998, "2017Q3": 3.4477117899999996, "2017Q4": 3.3767836200000003, "2017Q1": 3.8614415099999997, "2017Q2": 3.58859946, "2021Q3": 1.66342165, "2021Q4": 1.75264692, "2021Q1": 1.52167294, "2021Q2": 1.61455763, "2011Q4": 4.03160454}