{"2022Q3": 2.062492821716, "2022Q4": 2.2438640000000003, "2022Q1": 2.034621268432, "2022Q2": 1.988168777048, "2020Q3": 2.4427525625600004, "2020Q4": 2.6843324007560003, "2020Q1": 2.315145987332, "2020Q2": 2.470096581532, "2010Q3": 1.8808874424840003, "2010Q4": 1.6947156585920002, "2010Q1": 2.0963198823240003, "2010Q2": 1.8063150925800002, "2023Q1": 2.2438640000000003, "2016Q3": 2.42528337422, "2016Q4": 2.526768732648, "2016Q1": 2.346197416456, "2016Q2": 2.4955810689240003, "2015Q3": 2.333016978176, "2015Q4": 2.15287795464, "2015Q1": 2.8901552950280003, "2015Q2": 2.1763215063040002, "2019Q3": 2.363696105008, "2019Q4": 2.050818308448, "2019Q1": 2.20130464094, "2019Q2": 2.246413482048, "2018Q3": 2.1457465400160003, "2018Q4": 2.336630881424, "2018Q1": 2.61065831298, "2018Q2": 2.66430221878, "2014Q3": 2.2988263833160003, "2014Q4": 2.9423873672560004, "2014Q1": 2.177835633676, "2014Q2": 2.2383312913360003, "2012Q3": 1.520201992676, "2012Q1": 1.528694753932, "2012Q2": 1.5032167435760002, "2017Q3": 2.57109800072, "2017Q4": 2.5033707936480005, "2017Q1": 2.420378617496, "2017Q2": 2.5090374364800003, "2009Q4": 2.460897323668, "2021Q3": 2.0408279565320004, "2021Q4": 2.1275264020480003, "2021Q1": 2.564824270112, "2021Q2": 2.491281099544, "2011Q3": 1.443025204912, "2011Q4": 1.639100584264, "2011Q1": 1.6695466509360002, "2011Q2": 1.5101425900880001}