{"2022Q2": 10.13594466, "2022Q3": 10.01868513, "2022Q4": 10.288393079999999, "2022Q1": 11.55640653, "2020Q2": 8.48085342, "2020Q3": 10.636421129999999, "2020Q4": 10.89940017, "2020Q1": 9.405582149999999, "2010Q2": 1.9084733099999998, "2010Q3": 1.97300466, "2010Q4": 2.02451943, "2010Q1": 2.19307311, "2023Q2": 11.34251544, "2023Q3": 13.20024615, "2023Q1": 11.41024578, "2016Q2": 5.57043438, "2016Q3": 5.6350760399999995, "2016Q4": 7.597601249999999, "2016Q1": 5.89264989, "2015Q2": 5.73700248, "2015Q3": 6.415078049999999, "2015Q4": 5.43971703, "2015Q1": 5.42989944, "2019Q2": 9.022365209999998, "2019Q3": 8.5115196, "2019Q4": 9.01762188, "2019Q1": 8.2975182, "2018Q2": 9.50265495, "2018Q3": 10.711431929999998, "2018Q4": 12.327583739999998, "2018Q1": 9.16003209, "2013Q2": 4.21395231, "2013Q3": 4.26061344, "2013Q4": 5.02329678, "2013Q1": 3.5623511399999996, "2014Q2": 5.162508, "2014Q3": 5.6489750999999995, "2014Q4": 5.452182059999999, "2014Q1": 5.062125899999999, "2012Q2": 3.29418753, "2012Q3": 3.48822282, "2012Q4": 3.2384809799999994, "2012Q1": 3.1806785399999993, "2017Q2": 8.93356566, "2017Q3": 9.00361251, "2017Q4": 8.951656499999999, "2017Q1": 8.18919378, "2009Q4": 1.97300466, "2021Q2": 11.17043184, "2021Q3": 9.80391156, "2021Q4": 11.125976909999999, "2021Q1": 9.791667149999999, "2011Q2": 2.5381227899999996, "2011Q3": 3.2764276199999998, "2011Q4": 3.88964091, "2011Q1": 2.43332829}