{"2022Q3": 19.59488928, "2022Q4": 15.572183760000001, "2022Q1": 17.194684080000002, "2022Q2": 17.79536688, "2020Q3": 11.292533520000001, "2020Q4": 12.861684720000001, "2020Q1": 9.92142072, "2020Q2": 10.878875760000001, "2010Q3": 4.899631680000001, "2010Q4": 5.8188936, "2010Q1": 5.0757444000000005, "2010Q2": 4.2412550399999995, "2023Q1": 15.72798744, "2023Q2": 18.368263680000002, "2016Q3": 9.66336456, "2016Q4": 12.52926312, "2016Q1": 11.20543704, "2016Q2": 9.78340008, "2015Q3": 11.25595704, "2015Q4": 10.57403808, "2015Q1": 13.909974720000001, "2015Q2": 13.466004960000001, "2019Q3": 12.9619164, "2019Q4": 14.7826572, "2019Q1": 11.409335760000001, "2019Q2": 10.22100432, "2018Q3": 11.4498528, "2018Q4": 9.584856480000001, "2018Q1": 13.107211920000001, "2018Q2": 12.56513232, "2013Q3": 14.05244112, "2013Q4": 18.34199328, "2013Q1": 10.31244552, "2013Q2": 12.92574408, "2014Q3": 13.973124720000001, "2014Q4": 13.925838, "2014Q1": 13.89784992, "2014Q2": 14.76083256, "2012Q3": 4.7200836, "2012Q4": 6.8697096, "2012Q1": 5.1843624, "2012Q2": 4.5963096, "2017Q3": 11.643849600000001, "2017Q4": 12.44489472, "2017Q1": 11.76772464, "2017Q2": 11.91089832, "2009Q4": 5.34764304, "2021Q3": 16.369692479999998, "2021Q4": 15.75092352, "2021Q1": 15.27947088, "2021Q2": 14.6164464, "2011Q3": 3.6832111199999997, "2011Q4": 3.60591552, "2011Q1": 4.81293936, "2011Q2": 4.51891296}