{"2022Q3": 5.973297960000001, "2022Q4": 6.2835734400000005, "2022Q1": 5.814341880000001, "2022Q2": 5.637378320000001, "2020Q3": 5.43439348, "2020Q4": 6.32298248, "2020Q1": 4.38977108, "2020Q2": 4.4867852, "2010Q3": 2.4495829600000003, "2010Q4": 2.1443986, "2010Q1": 1.65734812, "2010Q2": 1.72881236, "2023Q1": 6.25576084, "2016Q3": 5.44712128, "2016Q4": 5.35670676, "2016Q1": 4.6147231600000005, "2016Q2": 4.9624278, "2015Q3": 5.3923446, "2015Q4": 4.856079960000001, "2015Q1": 4.742284000000001, "2015Q2": 4.68175624, "2019Q3": 5.6414323600000005, "2019Q4": 4.2016824800000006, "2019Q1": 5.694323440000001, "2019Q2": 5.529522, "2018Q3": 6.29988388, "2018Q4": 6.4228250000000005, "2018Q1": 7.518358600000001, "2018Q2": 6.90139028, "2013Q3": 4.54740724, "2013Q4": 4.4278602000000005, "2013Q1": 4.05507708, "2013Q2": 4.5409962, "2014Q3": 4.6615803200000006, "2014Q4": 4.53731928, "2014Q1": 4.1717014400000005, "2014Q2": 4.1048569200000005, "2012Q3": 2.96576596, "2012Q4": 3.6881393200000003, "2012Q1": 2.6808518000000006, "2012Q2": 2.72950028, "2017Q3": 6.55651404, "2017Q4": 6.834922880000001, "2017Q1": 5.496524, "2017Q2": 6.12989704, "2009Q4": 1.83355744, "2021Q3": 6.02713184, "2021Q4": 5.47700804, "2021Q1": 5.51236304, "2021Q2": 6.340235720000001, "2011Q3": 2.1727768800000002, "2011Q4": 2.94229024, "2011Q1": 2.15014968, "2011Q2": 2.23217328}