{"2022Q3": 7.350582199999999, "2022Q4": 7.397704599999999, "2022Q1": 6.03771116, "2022Q2": 7.0443890399999995, "2020Q3": 6.33704084, "2020Q4": 6.54058912, "2020Q1": 6.84627008, "2020Q2": 6.519384039999999, "2010Q3": 1.19680652, "2010Q1": 0.99336068, "2010Q2": 1.12048872, "2016Q3": 4.9104614, "2016Q4": 6.8916509999999995, "2016Q1": 4.054267879999999, "2016Q2": 4.45501316, "2015Q3": 4.093809719999999, "2015Q4": 4.29520676, "2015Q1": 4.10968792, "2015Q2": 4.79337248, "2019Q3": 6.904456, "2019Q4": 7.5317985599999995, "2019Q1": 6.270659719999999, "2019Q2": 7.10697988, "2018Q3": 6.671712319999999, "2018Q4": 6.26195232, "2018Q1": 7.28133276, "2018Q2": 6.949734479999999, "2013Q3": 2.44821356, "2013Q4": 2.62287376, "2013Q1": 2.14314724, "2013Q2": 2.3729201599999996, "2014Q3": 3.55016064, "2014Q4": 4.14554192, "2014Q1": 2.75860676, "2014Q2": 3.03027764, "2012Q4": 2.3653396, "2017Q3": 9.547407999999999, "2017Q4": 8.23556136, "2017Q1": 6.4927496399999995, "2017Q2": 7.23339084, "2009Q4": 1.0105706, "2021Q3": 6.422168479999999, "2021Q4": 6.750898439999999, "2021Q1": 6.95352476, "2021Q2": 6.89646568, "2011Q3": 1.46294564, "2011Q1": 1.44143324, "2011Q2": 1.2765048399999999}