{"2022Q3": 36.6658414, "2022Q4": 31.616956999999996, "2022Q1": 35.2103966, "2022Q2": 39.0334212, "2020Q3": 39.5390046, "2020Q4": 36.90287239999999, "2020Q1": 29.5335662, "2020Q2": 35.3294085, "2023Q1": 30.378811299999995, "2019Q3": 28.276060899999994, "2019Q4": 20.537309, "2019Q1": 23.377709799999998, "2019Q2": 26.0739064, "2018Q4": 22.151974099999997, "2021Q3": 53.05250179999999, "2021Q4": 40.729371799999996, "2021Q1": 37.2611491, "2021Q2": 47.537373699999996}