{"2022Q3": 2.58916308, "2022Q4": 2.67674976, "2022Q1": 2.0683689000000003, "2022Q2": 2.1802152, "2020Q3": 0.9933841800000001, "2020Q4": 1.03528716, "2020Q1": 0.7025838, "2020Q2": 0.7892253, "2023Q3": 2.16729774, "2023Q1": 3.0601777799999996, "2023Q2": 2.44770114, "2016Q3": 0.42029004, "2016Q4": 0.50378094, "2016Q1": 0.40894788, "2016Q2": 0.39161957999999997, "2015Q3": 0.37114067999999995, "2015Q4": 0.38657862, "2015Q1": 0.47983638, "2015Q2": 0.4127286, "2019Q3": 0.95652216, "2019Q4": 0.9577823999999999, "2019Q1": 0.88783908, "2019Q2": 0.96849444, "2018Q3": 0.76339038, "2018Q4": 0.83301864, "2018Q1": 0.95053602, "2018Q2": 0.79143072, "2013Q3": 0.5992441199999999, "2013Q4": 0.5891622, "2013Q1": 0.7214873999999999, "2013Q2": 0.56805318, "2014Q3": 0.46093278, "2014Q4": 0.41178342, "2014Q1": 0.5724640200000001, "2014Q2": 0.5444236800000001, "2012Q3": 0.77630784, "2012Q4": 0.7214873999999999, "2012Q1": 0.65784528, "2012Q2": 0.62255856, "2017Q3": 0.89098968, "2017Q4": 0.74417172, "2017Q1": 0.57718992, "2017Q2": 0.66225612, "2021Q3": 2.04725988, "2021Q4": 1.97101536, "2021Q1": 1.5784506, "2021Q2": 2.13169596, "2011Q4": 0.48802794}