{"2022Q3": 0.4820418, "2022Q4": 0.526150231506, "2022Q1": 0.4269063, "2022Q2": 0.4599876, "2020Q3": 0.31821059999999995, "2020Q4": 0.3560178, "2020Q1": 0.28292388, "2020Q2": 0.3922497, "2010Q4": 0.86226739263, "2023Q1": 0.757719268494, "2023Q2": 1.020794463012, "2016Q3": 0.4851924, "2016Q4": 0.4521111, "2016Q1": 0.47259, "2016Q2": 0.48991830000000003, "2015Q3": 0.47889119999999996, "2015Q4": 0.504096, "2015Q1": 0.598614, "2015Q2": 0.5324513999999999, "2019Q3": 0.3969756, "2019Q4": 0.3701955, "2019Q1": 0.3796473, "2019Q2": 0.3922497, "2018Q3": 0.4269063, "2018Q4": 0.4001262, "2018Q1": 0.43793340000000003, "2018Q2": 0.43793340000000003, "2013Q3": 0.724638, "2013Q4": 0.7435416, "2013Q1": 0.747317373558, "2013Q2": 0.724638, "2014Q3": 0.6332706, "2014Q4": 0.718336768494, "2014Q1": 0.730939231506, "2014Q2": 0.708885, "2012Q3": 0.7775731524659999, "2012Q4": 0.76093243941, "2012Q1": 0.769580773398, "2012Q2": 0.741266205174, "2017Q3": 0.441084, "2017Q4": 0.4300569, "2017Q1": 0.4521111, "2017Q2": 0.441084, "2021Q3": 0.4473852, "2021Q4": 0.4143039, "2021Q1": 0.4064274, "2021Q2": 0.39540030000000004, "2011Q3": 0.69795919179, "2011Q4": 0.714811373118, "2011Q1": 0.67903558548, "2011Q2": 0.8716984931880001}