{"2022Q1": 16.91882884, "2020Q3": 29.79889104, "2020Q4": 27.90914272, "2020Q1": 24.381750800000002, "2020Q2": 24.31735756, "2008Q4": 12.835562040000001, "2010Q3": 12.853192400000001, "2010Q4": 11.9778026, "2010Q1": 12.92418524, "2010Q2": 13.125284480000001, "2023Q3": 20.279628000000002, "2023Q1": 18.06725352, "2023Q2": 21.066866, "2016Q3": 20.65278824, "2016Q4": 19.42677112, "2016Q1": 21.27579048, "2016Q2": 20.0010306, "2015Q3": 23.20268512, "2015Q4": 21.791690640000002, "2015Q1": 20.177522760000002, "2015Q2": 19.03720616, "2019Q3": 23.367298, "2019Q4": 21.81573204, "2019Q1": 24.055824840000003, "2019Q2": 23.7062346, "2018Q3": 21.95932048, "2018Q4": 24.475465120000003, "2018Q1": 21.5260096, "2018Q2": 24.421442680000002, "2013Q3": 16.589414520000002, "2013Q4": 15.579392880000002, "2013Q1": 16.81936344, "2013Q2": 17.00801772, "2014Q3": 18.85920552, "2014Q4": 21.625097880000002, "2014Q1": 17.08655296, "2014Q2": 17.64535052, "2012Q3": 15.550637480000002, "2012Q4": 20.3465668, "2012Q1": 13.65721224, "2012Q2": 14.217235440000001, "2017Q3": 21.715418120000002, "2017Q4": 19.48927876, "2017Q1": 20.323656760000002, "2017Q2": 19.237551160000002, "2009Q3": 12.021925640000001, "2009Q4": 13.17826984, "2009Q2": 13.6574008, "2021Q3": 19.70706556, "2021Q1": 25.88862804, "2021Q2": 23.92345572, "2011Q3": 12.765323440000001, "2011Q4": 13.48477412, "2011Q1": 10.90131356, "2011Q2": 12.662369680000001}