{"2017Q2": 0.48199126, "2017Q4": 0.45558077999999996, "2017Q1": 0.51170305, "2017Q3": 0.45558077999999996, "2023Q2": 0.30372052, "2023Q1": 0.32782668562, "2016Q2": 0.50510043, "2016Q4": 0.50840174, "2016Q1": 0.57772925, "2016Q3": 0.52160698, "2015Q2": 0.60083842, "2015Q4": 0.5282096000000001, "2015Q1": 0.60744104, "2015Q3": 0.52160698, "2020Q2": 0.24077444223000002, "2020Q4": 0.33343231, "2020Q1": 0.1877454997, "2020Q3": 0.27497271252, "2022Q2": 0.3165626159, "2022Q4": 0.34333624, "2022Q1": 0.50179912, "2022Q3": 0.27475152475000003, "2018Q2": 0.32246205687, "2018Q4": 0.27759725397, "2018Q1": 0.39945851, "2018Q3": 0.31685313117999997, "2021Q2": 0.29924064233, "2021Q4": 0.31684322725, "2021Q1": 0.30804193478999997, "2021Q3": 0.32564451971, "2019Q2": 0.25797096602, "2019Q4": 0.44237554, "2019Q1": 0.29442072973, "2019Q3": 0.25653819748, "2013Q4": 0.5315109100000001, "2014Q2": 0.660262, "2014Q4": 0.6173449700000001, "2014Q1": 0.55792139, "2014Q3": 0.62064628}