{"2022Q1": 7.72266336, "2020Q3": 8.43080044, "2020Q4": 8.9052174, "2020Q1": 6.62665836, "2020Q2": 8.21282508, "2008Q4": 1.82799492, "2010Q3": 1.7825519600000002, "2010Q4": 1.6863863600000002, "2010Q1": 1.64584596, "2010Q2": 1.5612768000000001, "2023Q3": 10.590001, "2023Q1": 9.430168440000001, "2023Q2": 9.71828812, "2016Q3": 5.90701912, "2016Q4": 5.4484412, "2016Q1": 4.53373664, "2016Q2": 5.255732880000001, "2015Q3": 5.93652876, "2015Q4": 5.05708492, "2015Q1": 5.56289712, "2015Q2": 6.0961448, "2019Q3": 7.6040591200000005, "2019Q4": 6.93278552, "2019Q1": 6.831434520000001, "2019Q2": 6.8542502800000005, "2018Q3": 6.729235, "2018Q4": 7.3772214400000005, "2018Q1": 6.83916548, "2018Q2": 7.489131800000001, "2013Q3": 3.7368820800000004, "2013Q4": 3.1267962, "2013Q1": 3.43433756, "2013Q2": 3.38719756, "2014Q3": 4.30680468, "2014Q4": 5.598817800000001, "2014Q1": 3.6990758000000006, "2014Q2": 3.38446344, "2012Q3": 2.5149190000000003, "2012Q4": 3.33308084, "2012Q1": 2.2806332, "2012Q2": 2.2553661600000003, "2017Q3": 6.271694160000001, "2017Q4": 6.46440248, "2017Q1": 5.54724664, "2017Q2": 6.17920548, "2009Q3": 1.93019444, "2009Q4": 2.06793752, "2009Q2": 2.23405888, "2021Q3": 8.00654044, "2021Q1": 9.21106172, "2021Q2": 8.87023952, "2011Q3": 1.9580070400000003, "2011Q4": 2.16334888, "2011Q1": 1.71146484, "2011Q2": 1.9963790000000001}