{"2022Q3": 30.219568400000004, "2022Q4": 30.544645840000005, "2022Q1": 32.17059872, "2022Q2": 31.523366520000003, "2020Q3": 36.20097444, "2020Q4": 34.55625984, "2020Q1": 37.56699736, "2020Q2": 36.42856636, "2008Q4": 21.732388520000004, "2010Q3": 16.69736512, "2010Q4": 17.844092760000002, "2010Q1": 19.914481560000002, "2010Q2": 18.15474536, "2023Q1": 29.373499680000002, "2016Q3": 32.20717936, "2016Q4": 31.56183276, "2016Q1": 25.502362880000003, "2016Q2": 31.54448524, "2015Q3": 31.589551080000003, "2015Q4": 29.503606080000004, "2015Q1": 25.54196048, "2015Q2": 28.920672840000005, "2019Q3": 36.89855216, "2019Q4": 36.29195464, "2019Q1": 33.507206280000005, "2019Q2": 34.904058760000005, "2018Q3": 34.16584636, "2018Q4": 34.318957080000004, "2018Q1": 33.255384400000004, "2018Q2": 34.65902504, "2013Q3": 22.144297840000004, "2013Q4": 22.381129200000004, "2013Q1": 21.69788204, "2013Q2": 22.7893616, "2014Q3": 25.0473676, "2014Q4": 25.585517840000005, "2014Q1": 22.29476872, "2014Q2": 22.963685320000003, "2012Q3": 20.022997840000002, "2012Q4": 23.19580268, "2012Q1": 18.941606240000002, "2012Q2": 20.449049159999998, "2017Q3": 32.435525520000006, "2017Q4": 34.23740488, "2017Q1": 32.582885160000004, "2017Q2": 32.39111964000001, "2009Q3": 21.092981560000002, "2009Q4": 20.7425428, "2009Q2": 21.34018372, "2021Q3": 31.669877640000003, "2021Q4": 32.12430724, "2021Q1": 32.45079888, "2021Q2": 31.807997840000002, "2011Q3": 17.485923040000003, "2011Q4": 19.28063712, "2011Q1": 16.7969248, "2011Q2": 17.94940352}