{"2022Q3": 22.726599840000002, "2022Q4": 24.67571664, "2022Q1": 28.071874079999997, "2022Q2": 24.58935852, "2020Q3": 33.66423204, "2020Q4": 30.53518524, "2020Q1": 21.03285816, "2020Q2": 32.62270464, "2023Q1": 25.7773248, "2019Q3": 14.57028588, "2019Q4": 15.37429656, "2019Q1": 17.94730932, "2019Q2": 15.66602628, "2018Q3": 16.707298559999998, "2018Q4": 18.94610412, "2018Q1": 14.08849176, "2018Q2": 17.366528640000002, "2017Q3": 13.08740088, "2017Q4": 13.479775440000001, "2021Q3": 32.61479592, "2021Q4": 28.35390924, "2021Q1": 35.060758920000005, "2021Q2": 38.51278764}