{"2022Q3": 26.398400000000002, "2022Q4": 27.114928000000003, "2022Q1": 23.565286, "2022Q2": 25.625304000000003, "2020Q3": 21.467556000000002, "2020Q4": 24.248816, "2020Q1": 23.108028, "2020Q2": 22.910040000000002, "2008Q4": 30.998969375, "2010Q3": 24.33338718702, "2010Q4": 20.073876173992005, "2010Q1": 22.727220586636, "2010Q2": 24.8152325625, "2023Q1": 32.300328, "2016Q3": 27.50938943894, "2016Q4": 30.21167843678, "2016Q1": 25.447060475864003, "2016Q2": 23.917788700048, "2015Q3": 30.121709625480005, "2015Q4": 27.710381237452005, "2015Q1": 28.581200663604, "2015Q2": 28.779144936540003, "2019Q3": 33.47807072418401, "2019Q4": 24.880492, "2019Q1": 32.79784604899201, "2019Q2": 33.404534162644005, "2018Q3": 35.559635475384, "2018Q4": 37.311227137308, "2018Q1": 36.714579287404, "2018Q2": 35.821301611012004, "2013Q3": 17.616039612812, "2013Q4": 18.961646076248, "2013Q1": 17.28049856358, "2013Q2": 17.951584112692, "2014Q3": 25.449422086156, "2014Q4": 27.69476381202, "2014Q1": 20.322123050672, "2014Q2": 21.691102723464002, "2012Q3": 14.884169586156, "2012Q4": 16.106094548752, "2012Q1": 18.584653825648, "2012Q2": 13.486208486492, "2017Q3": 41.841132549232, "2017Q4": 37.156705535964, "2017Q1": 34.710535436540006, "2017Q2": 37.866848451248, "2009Q3": 20.237673861972002, "2009Q4": 21.442289601104, "2009Q2": 20.719519237452, "2021Q3": 22.669626, "2021Q4": 24.192248000000003, "2021Q1": 24.625936000000003, "2021Q2": 27.393054000000003, "2011Q3": 17.402754135988, "2011Q4": 20.558241974424003, "2011Q1": 21.207082176392003, "2011Q2": 19.669165}