{"2022Q3": 36.56847788, "2022Q4": 41.382320400000005, "2022Q1": 33.58602436, "2022Q2": 34.08372848, "2020Q3": 35.33765248, "2020Q4": 36.01618564, "2020Q1": 34.67420412, "2020Q2": 37.557852200000006, "2010Q3": 3.0958723600000004, "2010Q4": 3.97644756, "2010Q1": 2.17626524, "2010Q2": 2.46561056, "2016Q3": 31.03810736, "2016Q4": 27.08164716, "2016Q1": 18.11646768, "2016Q2": 25.39893772, "2015Q3": 17.40861344, "2015Q4": 16.835202480000003, "2015Q1": 25.767101120000003, "2015Q2": 17.229670000000002, "2019Q3": 18.96932456, "2019Q4": 32.783701560000004, "2019Q1": 20.122368960000003, "2019Q2": 21.40363416, "2018Q3": 21.777548640000003, "2018Q4": 23.64052144, "2018Q1": 39.687260280000004, "2018Q2": 27.014991200000004, "2013Q3": 5.195959360000001, "2013Q4": 6.6596563600000005, "2013Q1": 4.4750002, "2013Q2": 4.6785507200000005, "2014Q3": 22.514252560000003, "2014Q4": 21.93320492, "2014Q1": 11.0293458, "2014Q2": 17.180173, "2012Q3": 4.88662668, "2012Q4": 4.26909268, "2012Q1": 3.6657949600000004, "2012Q2": 4.0579054800000005, "2017Q3": 34.20035284, "2017Q4": 41.00114636, "2017Q1": 39.59750572, "2017Q2": 37.091826160000004, "2009Q4": 2.16617728, "2021Q3": 42.29466796, "2021Q4": 31.390526, "2021Q1": 46.04135516, "2021Q2": 57.13726264, "2011Q3": 5.15268484, "2011Q4": 4.43530832, "2011Q1": 3.77676252, "2011Q2": 3.48449452}