{"2022Q3": 7.406482860000001, "2022Q4": 8.15426957, "2022Q1": 7.65623571, "2022Q2": 7.432240060000001, "2020Q3": 6.084770540000001, "2020Q4": 9.04565267, "2020Q1": 6.36028059, "2020Q2": 4.885680890000001, "2023Q1": 8.35011628, "2019Q4": 7.53508488, "2021Q3": 8.669873520000001, "2021Q4": 8.50879903, "2021Q1": 9.471658360000001, "2021Q2": 8.168712000000001}