{"2022Q3": 24.200733200000002, "2022Q4": 25.49774316, "2022Q1": 23.278203400000002, "2022Q2": 24.08363744, "2023Q1": 29.900242040000002, "2021Q4": 19.51680852}