{"2022Q1": 1.8950280000000002, "2020Q3": 1.6027600000000002, "2020Q4": 2.432424, "2020Q1": 1.715896, "2020Q2": 2.093016, "2008Q4": 0.7504687811440001, "2010Q3": 1.08422, "2010Q4": 1.052164781144, "2010Q1": 0.5949067811440001, "2010Q2": 0.593964, "2023Q3": 2.149584, "2023Q1": 2.2815760000000003, "2023Q2": 2.0647320000000002, "2016Q3": 1.546192, "2016Q4": 1.800748, "2016Q1": 2.177868, "2016Q2": 1.6687560000000001, "2015Q3": 2.5549880000000003, "2015Q4": 1.79132, "2015Q1": 3.922048, "2015Q2": 2.941536, "2019Q3": 2.3381440000000002, "2019Q4": 1.499052, "2019Q1": 1.800748, "2019Q2": 1.8856000000000002, "2018Q3": 0.980512, "2018Q4": 1.055936, "2018Q1": 1.6404720000000002, "2018Q2": 1.6781840000000001, "2013Q3": 0.951285218856, "2013Q4": 2.998104, "2013Q1": 0.490256, "2013Q2": 0.5270252188560001, "2014Q3": 5.27968, "2014Q4": 4.6762880000000004, "2014Q1": 9.079164, "2014Q2": 5.760508000000001, "2012Q3": 0.501569609428, "2012Q4": 0.5298536094280001, "2012Q1": 0.8230644282840001, "2012Q2": 0.591135609428, "2017Q3": 0.999368, "2017Q4": 1.1125040000000002, "2017Q1": 1.565048, "2017Q2": 1.31992, "2009Q3": 1.261466428284, "2009Q4": 1.054993218856, "2009Q2": 1.334062, "2021Q3": 1.9138840000000001, "2021Q1": 1.970452, "2011Q3": 0.7382124282840001, "2011Q4": 0.822121571716, "2011Q1": 0.9889972188560001, "2011Q2": 0.760839571716}