{"2022Q1": 12.037010440000001, "2020Q3": 8.18133556, "2020Q4": 10.27520008, "2020Q1": 8.574860280000001, "2020Q2": 8.570334840000001, "2008Q4": 14.156801960000001, "2010Q3": 13.826727680000001, "2010Q4": 12.6905594, "2010Q1": 14.70381452, "2010Q2": 13.985495200000003, "2023Q3": 17.649216000000003, "2023Q1": 16.827848640000003, "2023Q2": 19.58667, "2016Q3": 9.36605804, "2016Q4": 10.217406440000001, "2016Q1": 7.2656882000000005, "2016Q2": 6.70726776, "2015Q3": 10.69625456, "2015Q4": 7.30453156, "2015Q1": 9.934000760000002, "2015Q2": 9.72517056, "2019Q3": 10.15499308, "2019Q4": 9.875452880000001, "2019Q1": 9.736201320000001, "2019Q2": 9.705277480000001, "2018Q3": 12.825851200000002, "2018Q4": 12.87119988, "2018Q1": 12.385092200000003, "2018Q2": 13.3156358, "2013Q3": 8.8604344, "2013Q4": 7.761129600000001, "2013Q1": 9.959739200000001, "2013Q2": 9.23416032, "2014Q3": 8.41335864, "2014Q4": 8.402327880000001, "2014Q1": 6.9988758, "2014Q2": 7.596233880000001, "2012Q3": 6.64711712, "2012Q4": 6.801076360000001, "2012Q1": 6.9988758, "2012Q2": 4.47047476, "2017Q3": 10.415111600000001, "2017Q4": 10.476770720000001, "2017Q1": 11.562782040000002, "2017Q2": 10.86416724, "2009Q3": 14.087883280000002, "2009Q4": 14.57446236, "2009Q2": 14.557397680000001, "2021Q3": 9.42111756, "2021Q1": 9.08727208, "2021Q2": 9.521997160000002, "2011Q3": 8.45917872, "2011Q4": 9.39537912, "2011Q1": 11.211966160000001, "2011Q2": 9.65540336}