{"2022Q1": 23.50315548, "2020Q3": 18.405813000000002, "2020Q4": 19.008450760000002, "2020Q1": 18.33029472, "2020Q2": 17.865494320000003, "2008Q4": 10.71812752, "2010Q3": 11.34603232, "2010Q4": 12.107909000000001, "2010Q1": 11.37837036, "2010Q2": 10.84182288, "2023Q3": 27.76546, "2023Q1": 20.54059504, "2023Q2": 23.211736000000002, "2016Q3": 18.019453560000002, "2016Q4": 17.148400640000002, "2016Q1": 15.546866280000001, "2016Q2": 16.91732036, "2015Q3": 17.349594160000002, "2015Q4": 17.131618800000002, "2015Q1": 19.10593628, "2015Q2": 17.927342, "2019Q3": 17.79214448, "2019Q4": 17.53777704, "2019Q1": 15.78426332, "2019Q2": 17.587934, "2018Q3": 16.71103572, "2018Q4": 18.36593256, "2018Q1": 18.857319920000002, "2018Q2": 18.432965640000003, "2013Q3": 15.962452520000001, "2013Q4": 15.287690560000001, "2013Q1": 16.02203748, "2013Q2": 16.15572652, "2014Q3": 17.81128332, "2014Q4": 19.8728098, "2014Q1": 16.65607048, "2014Q2": 17.4045594, "2012Q3": 11.87522596, "2012Q4": 15.830837640000002, "2012Q1": 12.48559468, "2012Q2": 13.009791480000002, "2017Q3": 17.63535684, "2017Q4": 17.269739, "2017Q1": 18.62812524, "2017Q2": 17.00141812, "2009Q3": 11.046976160000002, "2009Q4": 11.911806600000002, "2009Q2": 11.082142600000001, "2021Q3": 16.97492544, "2021Q1": 18.232997760000003, "2021Q2": 18.2964482, "2011Q3": 11.228370880000002, "2011Q4": 12.410830640000002, "2011Q1": 11.12324868, "2011Q2": 11.893233440000001}