{"2022Q1": 29.844711120000003, "2020Q3": 61.019241640000004, "2020Q4": 61.25616728000001, "2020Q1": 48.001530640000006, "2020Q2": 46.63550772, "2008Q4": 17.125490600000003, "2010Q3": 15.796425440000002, "2010Q4": 16.84943876, "2010Q1": 18.27589516, "2010Q2": 16.06870608, "2023Q3": 27.76546, "2023Q1": 23.23370324, "2023Q2": 24.58351, "2016Q3": 40.61855812, "2016Q4": 33.822384320000005, "2016Q1": 35.47869536, "2016Q2": 40.27688740000001, "2015Q3": 33.14781092, "2015Q4": 33.94909664, "2015Q1": 30.396437680000002, "2015Q2": 29.7274268, "2019Q3": 39.43440132, "2019Q4": 43.55698288000001, "2019Q1": 34.83664856, "2019Q2": 36.516623880000004, "2018Q3": 40.5045736, "2018Q4": 43.66653624, "2018Q1": 33.29535912, "2018Q2": 37.70813452, "2013Q3": 20.98191972, "2013Q4": 23.22088116, "2013Q1": 20.83738848, "2013Q2": 21.06384904, "2014Q3": 24.636212520000004, "2014Q4": 29.390281520000002, "2014Q1": 23.01431368, "2014Q2": 25.718169800000002, "2012Q3": 18.66423448, "2012Q4": 24.89925372, "2012Q1": 19.78286668, "2012Q2": 20.9216748, "2017Q3": 26.597802200000004, "2017Q4": 28.38997072, "2017Q1": 35.154655000000005, "2017Q2": 28.36234668, "2009Q3": 18.89767176, "2009Q4": 19.6639796, "2009Q2": 15.68432652, "2021Q3": 26.41009072, "2021Q4": 24.832597760000002, "2021Q1": 48.78971144, "2021Q2": 43.95663580000001, "2011Q3": 19.40536956, "2011Q4": 19.50304364, "2011Q1": 17.085138760000003, "2011Q2": 20.19741584}