{"2022Q1": 14.975435200000002, "2020Q3": 13.314693, "2020Q4": 13.995488880000002, "2020Q1": 13.413309880000002, "2020Q2": 13.2717956, "2010Q3": 8.0175712, "2010Q4": 8.670271640000001, "2010Q1": 7.970902600000001, "2010Q2": 8.18388112, "2023Q3": 20.760456, "2023Q1": 21.855518200000002, "2023Q2": 22.372644, "2016Q3": 10.65448852, "2016Q4": 10.76922728, "2016Q1": 10.502320600000001, "2016Q2": 10.69314332, "2015Q3": 10.54088112, "2015Q4": 10.61649368, "2015Q1": 10.797605560000001, "2015Q2": 10.390881640000002, "2019Q3": 13.921761920000002, "2019Q4": 13.074750400000001, "2019Q1": 11.838456760000001, "2019Q2": 12.5637528, "2018Q3": 12.279404320000001, "2018Q4": 11.805647320000002, "2018Q1": 12.6787744, "2018Q2": 12.553853400000001, "2013Q3": 9.65295208, "2013Q4": 10.183842760000001, "2013Q1": 8.91455112, "2013Q2": 9.298082160000002, "2014Q3": 10.466871320000001, "2014Q4": 10.501754920000002, "2014Q1": 10.2557784, "2014Q2": 10.64920884, "2012Q3": 8.08799836, "2012Q4": 8.949529, "2012Q1": 8.90512312, "2012Q2": 8.26015364, "2017Q3": 11.916709160000002, "2017Q4": 12.03474772, "2017Q1": 10.76922728, "2017Q2": 11.28116768, "2009Q4": 8.06933092, "2021Q3": 13.33930008, "2021Q1": 13.498161880000001, "2021Q2": 13.53181984, "2011Q3": 8.98997512, "2011Q4": 8.83743008, "2011Q1": 8.80518632, "2011Q2": 9.564517440000001}