{"2022Q3": 21.668560960000004, "2022Q1": 19.4414788, "2022Q2": 20.74612544, "2008Q4": 2.4342153200000003, "2009Q3": 2.5507454000000003, "2009Q2": 3.0974751200000004, "2021Q4": 19.705179960000002}