{"2022Q3": 24.16189728, "2022Q4": 26.7700428, "2022Q1": 21.49141008, "2022Q2": 21.229009200000004, "2020Q3": 23.39207352, "2020Q4": 24.06459576, "2020Q1": 20.121004560000003, "2020Q2": 22.9103148, "2010Q3": 2.01786984, "2010Q4": 2.1160807200000002, "2010Q1": 2.0112012000000004, "2010Q2": 2.0298936000000003, "2023Q1": 26.69133264, "2023Q2": 25.350936, "2016Q3": 9.01569816, "2016Q4": 11.11924992, "2016Q1": 10.7061984, "2016Q2": 8.2857852, "2015Q3": 8.29295904, "2015Q4": 10.221105360000001, "2015Q1": 5.47414512, "2015Q2": 6.98075256, "2019Q3": 23.00852568, "2019Q4": 23.251122719999998, "2019Q1": 24.76662168, "2019Q2": 24.412577520000003, "2018Q3": 23.946378959999997, "2018Q4": 15.270983520000001, "2018Q1": 21.0203616, "2018Q2": 22.91526576, "2013Q3": 3.52589184, "2013Q4": 3.92550504, "2013Q1": 3.00432336, "2013Q2": 3.3523051199999996, "2014Q3": 4.8014208, "2014Q4": 4.77414, "2014Q1": 3.7854636, "2014Q2": 4.208316, "2012Q3": 2.30664216, "2012Q4": 2.41879656, "2012Q1": 2.37464208, "2012Q2": 2.30664216, "2017Q3": 21.08118768, "2017Q4": 23.30053128, "2017Q1": 11.918274239999999, "2017Q2": 17.41242528, "2009Q4": 2.02302288, "2021Q3": 29.266943280000003, "2021Q4": 25.45106664, "2021Q1": 20.48495064, "2021Q2": 23.18251656, "2011Q3": 2.19984288, "2011Q4": 2.26299288, "2011Q1": 2.15306136, "2011Q2": 2.1789276}