{"2022Q2": 33.24401439, "2022Q3": 34.1354295, "2022Q4": 35.503825049999996, "2022Q1": 34.73264784, "2020Q2": 34.301666669999996, "2020Q3": 35.560855319999995, "2020Q4": 38.30481656999999, "2020Q1": 36.04246878, "2010Q2": 12.5797524, "2010Q3": 11.34803094, "2010Q4": 10.27846518, "2010Q1": 13.777388069999999, "2023Q2": 37.805112269999995, "2023Q3": 42.49041920999999, "2023Q1": 37.310813159999995, "2016Q2": 26.237895359999996, "2016Q3": 22.645870829999996, "2016Q4": 22.686464909999998, "2016Q1": 26.342469239999996, "2015Q2": 23.10564291, "2015Q3": 26.57191404, "2015Q4": 24.1722303, "2015Q1": 20.955149459999998, "2019Q2": 36.12123012, "2019Q3": 32.36065191, "2019Q4": 33.44654355, "2019Q1": 30.84841212, "2018Q2": 36.304124099999996, "2018Q3": 36.93763443, "2018Q4": 37.605671789999995, "2018Q1": 39.94667061, "2013Q2": 17.308742099999996, "2013Q3": 18.458503229999998, "2013Q4": 18.929195999999997, "2013Q1": 13.570777439999999, "2014Q2": 19.97901627, "2014Q3": 20.76177603, "2014Q4": 21.138815609999998, "2014Q1": 17.29848327, "2012Q2": 14.178585539999998, "2012Q3": 13.89222078, "2012Q4": 13.200687389999999, "2012Q1": 12.728119349999998, "2017Q2": 27.389531759999997, "2017Q3": 28.914346889999997, "2017Q4": 32.74078017, "2017Q1": 26.04562503, "2009Q4": 12.515993219999999, "2021Q2": 36.677523449999995, "2021Q3": 34.72823543999999, "2021Q4": 34.42157364, "2021Q1": 35.51066427, "2011Q2": 12.11931846, "2011Q3": 12.54158514, "2011Q4": 15.85452537, "2011Q1": 11.346376289999998}