{"2022Q3": 1.3122249, "2022Q4": 1.37334654, "2022Q1": 1.57309458, "2022Q2": 1.49275428, "2020Q3": 1.20415932, "2020Q4": 1.14398286, "2020Q1": 0.5009454, "2020Q2": 0.8755517399999999, "2010Q4": 0.07624452, "2023Q1": 1.51890426, "2023Q2": 1.80403356, "2016Q3": 0.41241353999999997, "2016Q4": 0.50031528, "2016Q1": 0.37744188, "2016Q2": 0.5545056, "2015Q3": 0.49905504, "2015Q4": 0.33270336, "2015Q1": 1.01512332, "2015Q2": 0.61468206, "2019Q3": 0.45652194, "2019Q4": 0.58695678, "2019Q1": 0.34751118, "2019Q2": 0.36042863999999997, "2018Q3": 0.35727803999999996, "2018Q4": 0.33301842, "2018Q1": 0.38657862, "2018Q2": 0.3481413, "2013Q3": 0.98015166, "2013Q4": 0.98960346, "2013Q1": 0.48078156, "2013Q2": 1.0737244799999999, "2014Q3": 0.81978612, "2014Q4": 0.7955265, "2014Q1": 0.89224992, "2014Q2": 0.74133618, "2012Q3": 0.49810986, "2012Q4": 0.39918102, "2012Q1": 0.16414626, "2012Q2": 0.29647146, "2017Q3": 0.45809723999999996, "2017Q4": 0.41083823999999997, "2017Q1": 0.49432914, "2017Q2": 0.54001284, "2021Q3": 1.50724704, "2021Q4": 1.81443054, "2021Q1": 1.41524952, "2021Q2": 1.4382488999999998, "2011Q3": 0.1512288, "2011Q4": 0.14870831999999998, "2011Q1": 0.01374323226, "2011Q2": 0.10333967999999999}