{"2022Q3": 0.5263892045159999, "2022Q4": 0.497226400254, "2022Q1": 0.49275415506, "2022Q2": 0.425777471526, "2020Q3": 0.26205966162, "2020Q4": 0.31116308587200003, "2020Q1": 0.210067893312, "2020Q2": 0.240265134072, "2010Q4": 0.31042609751999994, "2023Q1": 0.562842780732, "2023Q2": 0.57596606943, "2016Q3": 0.328935116376, "2016Q4": 0.327751940052, "2016Q1": 0.34718588055, "2016Q2": 0.33214119844199996, "2015Q3": 0.36917432752799995, "2015Q4": 0.365702460846, "2015Q1": 0.492499145496, "2015Q2": 0.436019914596, "2019Q3": 0.31116308587200003, "2019Q4": 0.305911319226, "2019Q1": 0.331784424498, "2019Q2": 0.325452632172, "2018Q3": 0.36091052427, "2018Q4": 0.307723701876, "2018Q1": 0.318406000212, "2018Q2": 0.30503778387, "2013Q3": 0.605555937522, "2013Q4": 0.6762778022879999, "2013Q1": 0.40216000681799996, "2013Q2": 0.57247362933, "2014Q3": 0.464259561552, "2014Q4": 0.45183416226, "2014Q1": 0.764680204134, "2014Q2": 0.67075265808, "2012Q3": 0.37469005144199996, "2012Q4": 0.372492476436, "2012Q1": 0.33104031579, "2012Q2": 0.33634545359999996, "2017Q3": 0.33785058973800003, "2017Q4": 0.33906590218199995, "2017Q1": 0.37153103934, "2017Q2": 0.346683422862, "2021Q3": 0.374001771366, "2021Q4": 0.397206255426, "2021Q1": 0.313788921936, "2021Q2": 0.412258246926, "2011Q3": 0.305575654302, "2011Q4": 0.297087465312, "2011Q1": 0.31042609751999994, "2011Q2": 0.32982764984999996}