{"2022Q3": 13.392002600000001, "2022Q4": 17.70474692, "2022Q1": 12.432326480000002, "2022Q2": 12.523966640000001, "2020Q3": 6.85773864, "2020Q4": 7.69381368, "2020Q1": 6.09388208, "2020Q2": 6.599034320000001, "2010Q3": 1.57834148, "2010Q4": 2.0554925600000002, "2010Q1": 1.31105768, "2010Q2": 1.35734916, "2023Q1": 18.121841640000003, "2016Q3": 5.488321640000001, "2016Q4": 5.90315364, "2016Q1": 4.945645960000001, "2016Q2": 4.8172366, "2015Q3": 8.3239812, "2015Q4": 5.1538162000000005, "2015Q1": 6.83699704, "2015Q2": 5.62644184, "2019Q3": 7.0290454, "2019Q4": 5.35783812, "2019Q1": 7.576246520000001, "2019Q2": 6.52436456, "2018Q3": 6.687468960000001, "2018Q4": 8.005786200000001, "2018Q1": 8.98846664, "2018Q2": 8.94368364, "2013Q3": 3.97003652, "2013Q4": 4.05488852, "2013Q1": 3.5491706, "2013Q2": 4.05724552, "2014Q3": 6.079457240000001, "2014Q4": 7.44604584, "2014Q1": 4.22949508, "2014Q2": 6.904784360000001, "2012Q3": 2.9547352, "2012Q4": 4.35026776, "2012Q1": 2.62352956, "2012Q2": 2.48267524, "2017Q3": 11.761524280000001, "2017Q4": 9.35983556, "2017Q1": 6.18750212, "2017Q2": 8.52960588, "2009Q4": 1.46143428, "2021Q3": 11.67921784, "2021Q4": 11.821769200000002, "2021Q1": 9.961907640000002, "2021Q2": 10.01894704, "2011Q3": 2.180225, "2011Q4": 2.8547984000000004, "2011Q1": 2.5713927200000004, "2011Q2": 2.00354428}