{"2022Q3": 5.554977600000001, "2022Q4": 5.887408880000001, "2022Q1": 3.4942053600000005, "2022Q2": 5.369057440000001, "2020Q3": 2.33003592, "2020Q4": 2.6067477200000004, "2020Q1": 2.27488212, "2020Q2": 2.61212168, "2023Q1": 9.04201768, "2016Q3": 1.29795276, "2016Q4": 1.2311082400000002, "2016Q1": 1.02878336, "2016Q2": 1.0672496, "2015Q3": 1.48622992, "2015Q4": 1.20178716, "2015Q1": 1.67563844, "2015Q2": 1.2591094000000003, "2019Q3": 2.03295964, "2019Q4": 1.515551, "2019Q1": 1.34311288, "2019Q2": 1.52620464, "2018Q3": 3.43961724, "2018Q4": 1.0897825200000002, "2018Q1": 1.3753566400000001, "2018Q2": 1.2941815600000002, "2014Q4": 1.23063684, "2017Q3": 1.80763044, "2017Q4": 1.6029485600000002, "2017Q1": 1.2409133600000002, "2017Q2": 1.51451392, "2021Q3": 2.78616256, "2021Q4": 3.0485438000000005, "2021Q1": 2.9471928000000003, "2021Q2": 2.69159972}