{"2022Q3": 17.94204968, "2022Q4": 19.250938920000003, "2022Q1": 18.64273864, "2022Q2": 16.591394400000002, "2020Q3": 21.50658792, "2020Q4": 20.760738840000002, "2020Q1": 15.880900320000002, "2020Q2": 16.99397, "2010Q3": 4.65799768, "2010Q4": 5.171446560000001, "2010Q1": 4.77141652, "2010Q2": 4.57503128, "2023Q1": 20.25341816, "2016Q3": 11.258257640000002, "2016Q4": 11.631229320000001, "2016Q1": 8.30267392, "2016Q2": 8.93887536, "2015Q3": 10.434061880000002, "2015Q4": 9.145442840000001, "2015Q1": 10.716713320000002, "2015Q2": 9.26187864, "2019Q3": 17.562007, "2019Q4": 15.095830760000002, "2019Q1": 16.7615698, "2019Q2": 15.9479334, "2018Q3": 14.127575160000001, "2018Q4": 14.58954716, "2018Q1": 14.83788068, "2018Q2": 16.18702748, "2013Q3": 6.7777892, "2013Q4": 7.068454440000001, "2013Q1": 5.53338748, "2013Q2": 6.17288872, "2014Q3": 8.543747880000002, "2014Q4": 8.65339552, "2014Q1": 6.97822848, "2014Q2": 7.741425080000001, "2012Q3": 5.2191522400000006, "2012Q4": 5.43816468, "2012Q1": 4.9275442, "2012Q2": 5.118366920000001, "2017Q3": 13.747532480000002, "2017Q4": 14.735209760000002, "2017Q1": 11.853070160000001, "2017Q2": 13.040809600000001, "2009Q4": 5.53932712, "2021Q3": 21.519598560000002, "2021Q4": 18.660746120000002, "2021Q1": 19.726204400000004, "2021Q2": 25.12392296, "2011Q3": 4.566074680000001, "2011Q4": 5.34539316, "2011Q1": 4.89341484, "2011Q2": 5.04426284}