{"2022Q3": 1.776311556624, "2022Q4": 1.7100763037879998, "2022Q1": 2.03671151367, "2022Q2": 1.9488979589639999, "2020Q3": 1.850861652438, "2020Q4": 2.026091408178, "2020Q1": 1.3601299620360001, "2020Q2": 1.6838460780059998, "2023Q3": 1.7076252, "2023Q1": 1.776311556624, "2023Q2": 1.637819592726, "2016Q3": 2.6528300897399997, "2016Q4": 2.259643054734, "2016Q1": 2.234171808492, "2016Q2": 1.9931413936799998, "2015Q3": 2.0742570878459996, "2015Q4": 1.6872171885, "2015Q1": 1.70224366014, "2015Q2": 1.961526130872, "2019Q3": 2.0206152557999997, "2019Q4": 2.200747880742, "2019Q1": 1.8168864326999998, "2019Q2": 2.276183011602, "2018Q3": 1.537755623052, "2018Q4": 1.251012491214, "2018Q1": 2.012559455154, "2018Q2": 1.5567026698259998, "2013Q3": 0.750716051802, "2013Q4": 0.782222114814, "2013Q1": 0.405596681298, "2013Q2": 0.529909401402, "2014Q3": 0.8601403280519999, "2014Q4": 0.9649805443139999, "2014Q1": 0.79634549847, "2014Q2": 0.925629550314, "2012Q3": 0.40770370806, "2012Q4": 0.36977779345199996, "2012Q1": 0.448051677924, "2012Q2": 0.390832938192, "2017Q3": 3.3825548594640003, "2017Q4": 2.93397246297, "2017Q1": 2.46334245123, "2017Q2": 2.712045175656, "2021Q3": 2.3001526503779997, "2021Q4": 2.314316298702, "2021Q1": 2.225962416096, "2021Q2": 2.7927206679900003, "2011Q4": 0.455810156448}