{"2022Q3": 2.940835793022, "2022Q4": 3.198538048818, "2022Q1": 2.5510838887019998, "2022Q2": 2.393609654322, "2020Q3": 1.7522597186939999, "2020Q4": 1.886417307654, "2020Q1": 1.516175399316, "2020Q2": 1.724328294936, "2023Q3": 4.221804, "2023Q1": 3.66846522471, "2023Q2": 4.532525277234, "2016Q3": 1.875705866268, "2016Q4": 1.853716064532, "2016Q1": 1.720046188452, "2016Q2": 1.6906799814540001, "2015Q3": 1.5774081924839998, "2015Q4": 1.483015523352, "2015Q1": 2.06761921473, "2015Q2": 1.8688867391339998, "2019Q3": 1.798852177758, "2019Q4": 1.8014217441059999, "2019Q1": 1.7539116727919999, "2019Q2": 1.761189401262, "2018Q3": 1.921297411218, "2018Q4": 1.63989533403, "2018Q1": 2.05691741418, "2018Q2": 2.031494498142, "2013Q3": 1.438430437572, "2013Q4": 1.816862992236, "2013Q1": 0.990232382772, "2013Q2": 1.137205383798, "2014Q3": 2.388802941432, "2014Q4": 2.007397102536, "2014Q1": 2.5775896659599997, "2014Q2": 2.529320646612, "2012Q3": 0.884595348264, "2012Q4": 0.895618131942, "2012Q1": 0.94873466445, "2012Q2": 0.89181056883, "2017Q3": 1.897448314398, "2017Q4": 2.080028671986, "2017Q1": 1.770156008862, "2017Q2": 1.78554867474, "2021Q3": 2.49668367573, "2021Q4": 2.808769068246, "2021Q1": 2.6064862130160003, "2021Q2": 2.9569382890799996, "2011Q4": 0.83661142671}