{"2022Q3": 39.551090949999995, "2022Q4": 37.22398218, "2022Q1": 30.16158026, "2022Q2": 35.51007908, "2020Q3": 39.80999309, "2020Q4": 39.46046482, "2020Q1": 34.20497976, "2020Q2": 38.312326219999996, "2010Q3": 9.902851140000001, "2010Q4": 9.97603719, "2010Q1": 9.00115748, "2010Q2": 9.42189941, "2023Q1": 43.70619001, "2016Q3": 36.581917329999996, "2016Q4": 34.020405579999995, "2016Q1": 43.00204678, "2016Q2": 38.20976193999999, "2015Q3": 34.99248242, "2015Q4": 37.87414421, "2015Q1": 32.41924014, "2015Q2": 28.101470810000002, "2019Q3": 37.52617309, "2019Q4": 33.15099683, "2019Q1": 27.39940378, "2019Q2": 32.26020322, "2018Q3": 30.45380541, "2018Q4": 28.65851527, "2018Q1": 41.41634903, "2018Q2": 37.70701011, "2013Q3": 20.55656001, "2013Q4": 20.73926561, "2013Q1": 18.2954744, "2013Q2": 21.40852868, "2014Q3": 21.84048209, "2014Q4": 27.74976253, "2014Q1": 19.83757195, "2014Q2": 21.57493611, "2012Q3": 12.73302317, "2012Q4": 18.14339275, "2012Q1": 11.101129969999999, "2012Q2": 12.23639613, "2017Q3": 48.00662307, "2017Q4": 45.33662987, "2017Q1": 38.164812209999994, "2017Q2": 42.6929006, "2009Q4": 9.21708228, "2021Q3": 29.571939459999996, "2021Q4": 29.61408632, "2021Q1": 34.39391396, "2021Q2": 33.55751679, "2011Q3": 9.90253971, "2011Q4": 10.96835698, "2011Q1": 10.747345489999999, "2011Q2": 10.348403659999999}