{"2020Q2": 0, "2020Q4": 3.0391878863220003, "2020Q1": 0, "2020Q3": 3.364041970443, "2018Q4": 0, "2021Q2": 2.15415956, "2021Q4": 1.1670783599999999, "2021Q1": 2.229219101515, "2021Q3": 1.41965502, "2019Q2": 0, "2019Q4": 0, "2019Q1": 0, "2019Q3": 0}