{"2019Q4": 0.52104954, "2019Q2": 0.45767865, "2019Q3": 0.49992591, "2019Q1": 0, "2020Q4": 0.175326129, "2020Q2": 0.168284919, "2020Q3": 0.132374748, "2020Q1": 0.168284919, "2018Q4": 0}