{"2017Q2": 0, "2017Q4": 0, "2017Q1": 0, "2017Q3": 0, "2023Q2": 0.08814133199999999, "2023Q1": 0.09659513899999998, "2016Q2": 0, "2016Q4": 0, "2016Q1": 0, "2016Q3": 0, "2010Q4": 0, "2015Q2": 0, "2015Q4": 0, "2015Q1": 0, "2015Q3": 0, "2020Q2": 0, "2020Q4": 0, "2020Q1": 0, "2020Q3": 0, "2022Q2": 0.28548922, "2022Q4": 0.11558155799999999, "2022Q1": 0.37279903, "2022Q3": 0.21758159, "2018Q2": 0, "2018Q4": 0, "2018Q1": 0, "2018Q3": 0, "2012Q2": 0, "2012Q4": 0, "2012Q1": 0, "2012Q3": 0, "2021Q2": 0.9590220399999999, "2021Q4": 0.71926653, "2021Q1": 1.0768209899999999, "2021Q3": 0.7913317699999999, "2011Q2": 0, "2011Q4": 0, "2011Q1": 0, "2011Q3": 0, "2019Q2": 0, "2019Q4": 0, "2019Q1": 0, "2019Q3": 0, "2013Q2": 0, "2013Q4": 0, "2013Q1": 0, "2013Q3": 0, "2014Q2": 0, "2014Q4": 0, "2014Q1": 0, "2014Q3": 0}