{"2020Q2": 31.9375, "2020Q4": 25.5625, "2021Q4": 98.80000000000001, "2019Q2": 77.8625, "2019Q4": 38.3125, "2018Q4": 81.6375, "2022Q4": 129.46249999999998}