{"2021Q3": 31.602819, "2021Q1": 28.865044, "2021Q2": 32.199638, "2021Q4": 31.962803, "2011Q4": 13.865047, "2015Q3": 13.402221, "2015Q1": 15.491242, "2015Q2": 15.70187, "2015Q4": 13.508406, "2014Q3": 16.398617, "2014Q1": 18.255402, "2014Q2": 16.844988, "2014Q4": 15.403431, "2010Q3": 13.590921, "2010Q1": 13.704146, "2010Q2": 10.842841, "2010Q4": 14.717063, "2009Q3": 12.574682, "2009Q1": 8.514965, "2009Q2": 9.63889, "2009Q4": 13.25236, "2019Q3": 17.297588, "2019Q1": 15.955091, "2019Q2": 17.614168, "2019Q4": 19.71591, "2016Q3": 17.761484, "2016Q1": 14.729549, "2016Q2": 15.040521, "2016Q4": 17.864058, "2018Q3": 19.979797, "2018Q1": 19.378748, "2018Q2": 18.407118, "2018Q4": 15.785985, "2023Q1": 34.299999, "2023Q2": 37.34, "2012Q3": 12.824159, "2012Q1": 13.475509, "2012Q2": 11.191995, "2012Q4": 15.738741, "2020Q3": 23.442186, "2020Q1": 15.898317, "2020Q2": 20.780184, "2020Q4": 26.509478, "2022Q3": 24.939846, "2022Q1": 31.432369, "2022Q2": 25.979815, "2022Q4": 32.229355, "2013Q3": 16.698137, "2013Q1": 15.608439, "2013Q2": 15.331989, "2013Q4": 18.057205, "2017Q3": 20.203201, "2017Q1": 17.864058, "2017Q2": 20.325644, "2017Q4": 20.448088}