{"2017Q2": 1848.826416, "2017Q4": 1809.489624, "2017Q1": 1817.357056, "2017Q3": 1848.826416, "2023Q2": 3070, "2023Q1": 2792.618896, "2023Q3": 3940, "2016Q2": 2084.84668, "2016Q4": 1597.071289, "2016Q1": 2080.913086, "2016Q3": 1911.765259, "2015Q2": 2356.270264, "2015Q4": 2281.530273, "2015Q1": 2202.856934, "2015Q3": 2261.862061, "2020Q2": 1132.93689, "2020Q4": 615.022949, "2020Q1": 1150.336304, "2020Q3": 671.669739, "2022Q2": 1964.523804, "2022Q4": 2889.523682, "2022Q1": 1428.309814, "2022Q3": 3488.571289, "2018Q2": 1628.540649, "2018Q4": 1785.887695, "2018Q1": 1722.94873, "2018Q3": 1573.469238, "2012Q4": 2346.331055, "2021Q2": 647.392578, "2021Q4": 1149.121826, "2021Q1": 627.16156, "2021Q3": 971.088867, "2019Q2": 1603.256104, "2019Q4": 1226.490967, "2019Q1": 1715.081543, "2019Q3": 1635.321289, "2013Q2": 2277.865234, "2013Q4": 2356.412354, "2013Q1": 2952.466553, "2013Q3": 2160.044678, "2014Q2": 2336.602051, "2014Q4": 2399.540527, "2014Q1": 2631.327393, "2014Q3": 2222.525391}