{"2014Q4": 0, "2016Q4": 0, "2016Q2": 0, "2016Q3": 0, "2016Q1": 0, "2019Q4": 20.667625107136, "2019Q2": 23.799286279783, "2019Q3": 24.383152211915, "2019Q1": 25.603972798831, "2021Q4": 17.34143593, "2021Q2": 13.02326711, "2021Q3": 15.839714335704, "2021Q1": 14.397671484756, "2020Q4": 12.017411567965999, "2020Q2": 10.661707339584, "2020Q3": 10.366091553104, "2020Q1": 9.404931808783001, "2023Q2": 19.40425543, "2023Q1": 22.37471551, "2018Q4": 25.660370283960997, "2018Q2": 28.762168706313002, "2018Q3": 31.018026855123004, "2018Q1": 38.170446408325, "2017Q4": 35.247757102306004, "2017Q2": 28.592983126988, "2017Q3": 28.592983126988, "2017Q1": 0, "2015Q4": 0, "2015Q2": 0, "2015Q3": 0, "2015Q1": 0, "2022Q4": 18.002796489895, "2022Q2": 16.259780022619, "2022Q3": 13.617668548925, "2022Q1": 15.873980518025}