{"2021Q3": 0.0732, "2021Q1": 0.022, "2021Q2": 0.1218, "2021Q4": 0.0378, "2020Q2": 21, "2023Q3": 0.0002, "2023Q1": 0.0006, "2023Q2": 0.0003, "2022Q3": 0.0065, "2022Q1": 0.03244, "2022Q2": 0.009, "2022Q4": 0.00085}