{"2022Q4": 10.032618, "2022Q1": 10.984759, "2022Q3": 7.072857, "2022Q2": 9.231751, "2009Q4": 3.541278, "2009Q3": 2.072411, "2023Q1": 11.397131, "2023Q3": 7.774468, "2023Q2": 10.313516, "2021Q4": 10.755712, "2021Q1": 11.406992, "2021Q3": 13.119482, "2021Q2": 11.217194, "2010Q4": 2.806844, "2010Q1": 3.8176, "2010Q3": 4.108465, "2010Q2": 3.672167, "2020Q4": 9.364796, "2020Q1": 5.157358, "2020Q3": 5.725382, "2020Q2": 6.09201}