{"2015Q1": 13.086599799999998, "2015Q2": 13.83323596, "2015Q3": 13.086599799999998, "2015Q4": 17.28397216, "2020Q1": 15.416972419999999, "2020Q2": 16.45464932, "2020Q3": 15.416972419999999, "2020Q4": 21.005486769999997, "2016Q1": 22.525366189999996, "2016Q2": 22.194210130000002, "2016Q3": 22.525366189999996, "2016Q4": 20.61088301, "2013Q4": 9.43160294, "2017Q1": 21.41237073, "2017Q2": 22.879445289999996, "2017Q4": 18.75002337, "2021Q1": 17.22072913, "2021Q2": 19.46514035, "2021Q3": 17.22072913, "2021Q4": 16.25857546, "2019Q1": 14.84082637, "2019Q2": 18.45018182, "2019Q3": 14.84082637, "2019Q4": 16.00662669, "2018Q1": 15.534248329999999, "2018Q2": 15.7902905, "2018Q3": 15.534248329999999, "2018Q4": 14.605660539999999, "2014Q1": 13.47506346, "2014Q2": 14.342659589999998, "2014Q4": 14.458707480000001, "2022Q1": 20.89230426, "2022Q2": 28.120839319999998, "2022Q3": 24.17418771}