{"2015Q1": 10.44034645524, "2015Q2": 10.344590804880001, "2015Q3": 10.971260767512002, "2015Q4": 12.896678584896001, "2020Q1": 15.678912424472003, "2020Q2": 19.345172866776004, "2020Q3": 20.352617421736003, "2020Q4": 19.413090030696, "2016Q1": 12.215515927608001, "2016Q2": 10.378438112376001, "2016Q3": 10.625316407112, "2016Q4": 10.967151560520001, "2013Q1": 3.380686452712, "2013Q2": 5.351835425408, "2013Q3": 6.006737309192, "2013Q4": 7.115601914608001, "2017Q1": 12.116092194024, "2017Q2": 13.165638237256001, "2017Q3": 13.016817914528001, "2017Q4": 15.278887349872, "2023Q1": 15.672686353272, "2023Q2": 15.869858080000002, "2021Q1": 21.099707549552004, "2021Q2": 22.922823068944005, "2021Q3": 21.687887145208002, "2021Q4": 22.064250499855998, "2019Q1": 15.670521800008002, "2019Q2": 18.126036592232, "2019Q3": 19.836857631704, "2019Q4": 19.966794412952, "2018Q1": 13.671628394288, "2018Q2": 13.247675335840002, "2018Q3": 13.424450718256, "2018Q4": 12.48858478696, "2014Q1": 9.235233412552, "2014Q2": 9.348259124664, "2014Q3": 8.395960339488001, "2014Q4": 7.810602346312001, "2022Q1": 19.606131355296, "2022Q2": 17.550919823832, "2022Q3": 13.856643385824, "2022Q4": 16.07072173448}