{"2020Q4": 0.105444028752, "2020Q1": 0.06889385514, "2020Q3": 0.07450387651200001, "2020Q2": 0.071261342004, "2014Q4": 0.081866167086, "2014Q1": 0.06651628635599999, "2014Q3": 0.081866167086, "2014Q2": 0.06651628635599999, "2016Q4": 0.042712778718, "2016Q1": 0.02558318706, "2016Q3": 0.046307424282, "2016Q2": 0.049119712854, "2017Q4": 0.04452002589, "2017Q1": 0.042712778718, "2017Q3": 0.04452002589, "2017Q2": 0.042712778718, "2013Q4": 0.06180894339, "2015Q4": 0.038681775054, "2015Q1": 0.081866167086, "2015Q3": 0.040114415885999996, "2015Q2": 0.042979729056, "2018Q4": 0.085286773506, "2018Q1": 0.088158482394, "2018Q3": 0.085286773506, "2018Q2": 0.08264858709, "2019Q4": 0.066289632192, "2019Q1": 0.085286773506, "2019Q3": 0.06984083098199999, "2019Q2": 0.070503748728, "2022Q4": 0.11532125427, "2022Q1": 0.103760159076, "2022Q3": 0.11532125427, "2022Q2": 0.11532125427, "2021Q4": 0.244540246224, "2021Q1": 0.105444028752, "2021Q3": 0.244540246224, "2021Q2": 0.138173091672, "2023Q1": 0.08837433, "2023Q3": 0.1622559, "2023Q2": 0.09609329999999999}