{"2006Q3": 10.366667, "2006Q2": 11.77, "2006Q1": 13.916667, "2006Q4": 11.22, "2003Q3": 7.186667, "2003Q2": 3.833333, "2003Q1": 2.833333, "2003Q4": 7.223333, "2011Q3": 10.48, "2011Q2": 12.02, "2011Q1": 11.013333, "2011Q4": 12.37, "2012Q3": 14.42, "2012Q2": 15.246667, "2012Q1": 13.206667, "2012Q4": 15.283333, "2019Q3": 34, "2019Q2": 30.860001, "2019Q1": 32.169998, "2019Q4": 28.209999, "2007Q3": 4.996667, "2007Q2": 7.353333, "2007Q1": 9.86, "2007Q4": 5.09, "2009Q3": 5.383333, "2009Q2": 4.743333, "2009Q1": 4.71, "2009Q4": 6.08, "2021Q3": 31.59, "2021Q2": 32.369999, "2021Q1": 37.560001, "2021Q4": 33.580002, "2001Q3": 4.22, "2001Q2": 3.633333, "2001Q1": 4.166667, "2001Q4": 3.303333, "2014Q3": 19.200001, "2014Q2": 18.74, "2014Q1": 18.65, "2014Q4": 19.889999, "2023Q3": 23.03, "2023Q2": 23.8, "2023Q1": 23.950001, "2022Q3": 20.040001, "2022Q2": 27.190001, "2022Q1": 27.370001, "2022Q4": 25.799999, "2017Q3": 23.030001, "2017Q2": 24.040001, "2017Q1": 22.549999, "2017Q4": 24.24, "2020Q3": 32.740002, "2020Q2": 30.940001, "2020Q1": 26.870001, "2020Q4": 37.619999, "2018Q3": 29, "2018Q2": 26.549999, "2018Q1": 23.34, "2018Q4": 33.07, "2008Q3": 4.666667, "2008Q2": 6.993333, "2008Q1": 5.926667, "2008Q4": 5.933333, "2013Q3": 19.053333, "2013Q2": 16.25, "2013Q1": 15.41, "2013Q4": 20.01, "2002Q3": 2.333333, "2002Q2": 3.573333, "2002Q1": 3.39, "2002Q4": 1.973333, "2000Q3": 3.854167, "2000Q4": 3.5625, "2005Q3": 9.92, "2005Q2": 8.543333, "2005Q1": 7.266667, "2005Q4": 10.72, "2015Q3": 23.35, "2015Q2": 24.209999, "2015Q1": 23.030001, "2015Q4": 18.290001, "2010Q3": 8.123333, "2010Q2": 6.466667, "2010Q1": 6.443333, "2010Q4": 9.963333, "2016Q3": 17.209999, "2016Q2": 19.85, "2016Q1": 19.440001, "2016Q4": 19.709999, "2004Q3": 6.62, "2004Q2": 5.076667, "2004Q1": 6.156667, "2004Q4": 7.433333}