{"2021Q4": 0, "2023Q2": 0.003944, "2023Q1": 0.004148, "2022Q2": 0.005221257260000001, "2022Q4": 0.004556, "2022Q1": 0.006024528068, "2022Q3": 0.005508}