{"2014Q3": 88.24300393679201, "2014Q1": 124.71184242652001, "2014Q2": 120.23391954988001, "2014Q4": 82.71665438504, "2021Q3": 404.07994256208, "2021Q1": 404.329252998672, "2021Q2": 485.28953269819203, "2021Q4": 375.18007921887204, "2018Q3": 311.41525836672, "2018Q1": 305.754657498848, "2018Q2": 274.34171999752004, "2018Q4": 267.743566860344, "2020Q3": 411.093296491232, "2020Q1": 291.44197294336806, "2020Q2": 339.968667341568, "2020Q4": 468.22873449800807, "2015Q3": 98.23376049189599, "2015Q1": 93.75743387393601, "2015Q2": 93.57738384300801, "2015Q4": 119.874366587472, "2017Q3": 279.88548797697604, "2017Q1": 234.551337432696, "2017Q2": 238.61951858957602, "2017Q4": 248.79262749725603, "2023Q1": 232.18042302581603, "2023Q2": 259.574177225912, "2022Q3": 147.65884119746403, "2022Q1": 299.11080234967204, "2022Q2": 233.420486847768, "2022Q4": 181.338201085192, "2016Q3": 212.10097911441602, "2016Q1": 143.824932528184, "2016Q2": 178.67819694553603, "2016Q4": 195.099870391296, "2019Q3": 396.48917749105607, "2019Q1": 301.99834687185603, "2019Q2": 401.67751628675205, "2019Q4": 418.90778152152006, "2013Q4": 149.815444960768}