{"2012Q4": 1.61376455152, "2020Q1": 4.413371479316, "2020Q2": 4.185226346672, "2020Q3": 4.628699496778, "2020Q4": 5.1388221669680005, "2023Q1": 19.039109491156, "2021Q1": 11.527743416442, "2021Q2": 11.631134616230002, "2021Q3": 12.124168163368, "2019Q1": 5.705954262365999, "2019Q2": 5.158223802908, "2019Q3": 4.9323164985, "2019Q4": 3.168398982314, "2018Q4": 5.587848777654, "2022Q1": 11.384191768658, "2022Q2": 15.874750135118001, "2022Q3": 14.717524216728}