{"2014Q3": 17.60469282, "2014Q1": 21.1986333, "2014Q2": 20.440536480000002, "2014Q4": 19.34550774, "2021Q3": 43.53441183, "2021Q1": 35.34977394, "2021Q4": 45.02252781, "2018Q3": 27.796883400000002, "2018Q1": 27.937271699999997, "2018Q2": 29.03230044, "2018Q4": 30.68888238, "2011Q3": 11.315296980000001, "2011Q1": 12.74725764, "2011Q2": 13.09822839, "2011Q4": 13.12630605, "2020Q3": 37.52579259, "2020Q1": 28.47074724, "2020Q2": 33.74934732, "2020Q4": 35.756900009999995, "2015Q3": 21.7601865, "2015Q1": 21.39517692, "2015Q2": 21.07228383, "2015Q4": 23.613312060000002, "2017Q3": 21.98480778, "2017Q1": 24.511797180000002, "2017Q2": 22.532322150000002, "2017Q4": 25.915680180000003, "2023Q1": 46.30006133999999, "2023Q2": 47.044119329999994, "2012Q3": 12.648985829999999, "2012Q1": 13.44919914, "2012Q2": 12.578791680000002, "2012Q4": 13.80016989, "2022Q3": 34.50744414, "2022Q1": 42.158606490000004, "2022Q2": 34.87245372, "2022Q4": 38.92967559, "2016Q3": 25.88760252, "2016Q1": 25.05931155, "2016Q2": 25.354126979999997, "2016Q4": 23.99236047, "2019Q3": 30.422144610000004, "2019Q1": 32.33142549, "2019Q2": 27.31956318, "2019Q4": 30.53445525, "2013Q3": 18.22240134, "2013Q1": 15.5831013, "2013Q2": 15.709450769999998, "2013Q4": 18.99453699, "2010Q4": 12.4945587}