{"2017Q2": 7.801080711118001, "2017Q4": 4.75892254, "2017Q1": 9.36984818, "2017Q3": 5.919876, "2023Q2": 0.24337268, "2023Q1": 0.26639442, "2016Q2": 0, "2016Q4": 9.1593637, "2016Q1": 0, "2016Q3": 0, "2015Q4": 0, "2020Q2": 1.7628075200000002, "2020Q4": 1.5128572, "2020Q1": 1.5950776999999998, "2020Q3": 1.973292, "2022Q2": 0.59527642, "2022Q1": 0.75313978, "2022Q3": 0.36834784000000004, "2018Q2": 3.2559318000000004, "2018Q1": 2.4995032, "2018Q3": 3.2230436000000005, "2021Q2": 1.76938516, "2021Q4": 0.81233854, "2021Q1": 1.94698144, "2021Q3": 1.4470808000000002, "2019Q2": 2.7626088, "2019Q4": 1.82200628, "2019Q1": 2.52581376, "2019Q3": 2.59159016}