{"2015Q1": 2.1612864, "2015Q2": 2.4314472, "2015Q3": 2.37741504, "2015Q4": 2.52600348, "2010Q4": 0.6029989056, "2012Q2": 0.9368501142, "2012Q3": 0.9174525687599999, "2012Q4": 0.90663262872, "2011Q1": 0.67873848588, "2011Q2": 0.86662181424, "2011Q3": 0.78878848776, "2011Q4": 0.77013388452, "2020Q1": 31.068492, "2020Q2": 42.347705399999995, "2020Q3": 67.04040252, "2020Q4": 23.855198639999998, "2016Q1": 2.40443112, "2016Q2": 2.4584632799999997, "2016Q3": 3.37701, "2016Q4": 3.2419295999999997, "2013Q1": 0.9787925784, "2013Q2": 1.3913281199999998, "2013Q3": 1.6749969599999999, "2013Q4": 1.74253716, "2017Q1": 3.67418688, "2017Q2": 4.37660496, "2017Q3": 4.430637119999999, "2017Q4": 31.014459839999997, "2023Q1": 37.822511999999996, "2023Q2": 34.5805824, "2021Q1": 31.217080439999997, "2021Q2": 31.054983959999994, "2021Q3": 30.5281704, "2021Q4": 73.99704312, "2019Q1": 30.838855319999997, "2019Q2": 32.33824776, "2019Q3": 26.759427239999997, "2019Q4": 45.5220948, "2018Q1": 31.500749279999997, "2018Q2": 33.44590704, "2018Q3": 41.280570239999996, "2018Q4": 31.338652799999995, "2014Q1": 1.9991899199999998, "2014Q2": 2.2288265999999997, "2014Q3": 2.0126979599999997, "2014Q4": 1.8235854, "2022Q1": 59.097674999999995, "2022Q2": 44.59004003999999, "2022Q3": 34.634614559999996}