{"2019Q4": 23.69695724, "2021Q4": 12.0347304, "2020Q4": 25.702745640000003, "2022Q4": 2.7221414}