{"2020Q4": 12.5183772, "2020Q1": 9.180143280000001, "2020Q3": 10.49159232, "2020Q2": 10.8625072, "2014Q4": 6.83543136, "2014Q1": 8.478054400000001, "2014Q3": 7.3388158400000005, "2014Q2": 8.478054400000001, "2016Q4": 9.69677472, "2016Q1": 14.933298008000001, "2016Q3": 7.7229776800000005, "2016Q2": 10.001454800000001, "2017Q4": 11.96200488, "2017Q1": 12.571365040000002, "2017Q3": 12.253438000000001, "2017Q2": 13.193972160000001, "2013Q4": 6.37178776, "2015Q4": 14.933298008000001, "2015Q1": 6.83543136, "2015Q3": 7.63024896, "2015Q2": 7.23284016, "2018Q4": 9.59079904, "2018Q1": 13.154231280000001, "2018Q3": 12.452142400000001, "2018Q2": 9.48482336, "2019Q4": 13.5118992, "2019Q1": 10.21340616, "2019Q3": 10.769778480000001, "2019Q2": 10.730037600000001, "2022Q4": 7.617002, "2022Q3": 8.610524, "2022Q2": 11.008223760000002, "2021Q4": 10.147171360000002, "2021Q1": 12.266684960000001, "2021Q3": 11.967303664000001, "2021Q2": 12.982020800000003, "2023Q1": 7.648794704, "2023Q3": 7.484532400000001, "2023Q2": 7.617002}