{"2020Q1": 3074.564129074069, "2020Q2": 2317.2821070665564, "2020Q3": 2365.4959016290563, "2020Q4": 3150.292331359375, "2016Q1": 2383.579102071027, "2016Q2": 3139.1859945695983, "2016Q3": 4387.120334133528, "2016Q4": 3753.479468142653, "2017Q1": 3649.484894021709, "2017Q2": 3930.0284156769453, "2017Q3": 3854.4912320418052, "2017Q4": 3824.8599291970413, "2023Q1": 3100.3390000000004, "2023Q2": 2212.51465, "2023Q3": 3204.6231300000004, "2021Q1": 3971.250758646709, "2021Q2": 5593.912151773738, "2021Q3": 5265.6433920489035, "2021Q4": 5575.230297009542, "2019Q1": 4642.137254372972, "2019Q2": 4331.6514052737375, "2019Q3": 4427.574198330153, "2019Q4": 3607.185524568584, "2018Q1": 3824.8599291970413, "2018Q2": 3607.5667363331954, "2018Q3": 3750.7826357268623, "2018Q4": 4369.957821916805, "2022Q1": 6071.101775689529, "2022Q2": 4453.2142, "2022Q3": 5028.18616, "2022Q4": 4126.26936}