{"2006Q3": 14.78, "2006Q2": 14.15, "2006Q1": 15.71, "2006Q4": 15.61, "1994Q3": 1.7, "1994Q2": 1.7, "1994Q1": 1.52, "1994Q4": 2.03, "2003Q3": 11.42, "2003Q2": 10.18, "2003Q1": 10.53, "2003Q4": 12.63, "2011Q3": 16.63, "2011Q2": 15.2, "2011Q1": 19.95, "2011Q4": 17.39, "2012Q3": 19.14, "2012Q2": 16.73, "2012Q1": 16.29, "2012Q4": 19.14, "2019Q3": 47.62, "2019Q2": 47.94, "2019Q1": 43.83, "2019Q4": 46.55, "2007Q3": 20.07, "2007Q2": 18.88, "2007Q1": 17.41, "2007Q4": 20.93, "2009Q3": 14.76, "2009Q2": 14.49, "2009Q1": 12.97, "2009Q4": 17.51, "2021Q3": 52.09, "2021Q2": 52.03, "2021Q1": 50.43, "2021Q4": 58.65, "2001Q3": 7.84, "2001Q2": 8.61, "2001Q1": 9.57, "2001Q4": 9.23, "1990Q3": 0.49457, "1990Q2": 0.58403, "1990Q1": 0.5398, "1990Q4": 0.71157, "1991Q3": 0.93156, "1991Q2": 0.81557, "1991Q1": 0.8637, "1991Q4": 1.13, "2014Q3": 23.58, "2014Q2": 23.17, "2014Q1": 24.79, "2014Q4": 25.03, "1992Q3": 1.2, "1992Q2": 1.15, "1992Q1": 1.04, "1992Q4": 1.32, "1998Q3": 5.76, "1998Q2": 4.8, "1998Q1": 5, "1998Q4": 8, "1996Q3": 3.22, "1996Q2": 2.59, "1996Q1": 2.31, "1996Q4": 3.12, "2023Q3": 80.8, "2023Q2": 74.94, "2023Q1": 68.72, "2022Q3": 64.38, "2022Q2": 56.34, "2022Q1": 54.55, "2022Q4": 66.98, "2017Q3": 36.11, "2017Q2": 34.45, "2017Q1": 31.62, "2017Q4": 38.75, "2020Q3": 31.4, "2020Q2": 33.24, "2020Q1": 33.64, "2020Q4": 45.81, "1997Q3": 3.87, "1997Q2": 4.06, "1997Q1": 3.42, "1997Q4": 4.99, "1993Q3": 1.56, "1993Q2": 1.37, "1993Q1": 1.38, "1993Q4": 1.5, "2018Q3": 37.51, "2018Q2": 40.54, "2018Q1": 38.77, "2018Q4": 43.32, "2008Q3": 15.65, "2008Q2": 18.87, "2008Q1": 22.08, "2008Q4": 5.86, "2013Q3": 25.01, "2013Q2": 23.81, "2013Q1": 21.32, "2013Q4": 24.88, "2002Q3": 10.04, "2002Q2": 9.52, "2002Q1": 9.29, "2002Q4": 10.07, "2000Q3": 11.34, "2000Q2": 8.54, "2000Q1": 7.37, "2000Q4": 8.43, "2005Q3": 15.72, "2005Q2": 14.14, "2005Q1": 13.16, "2005Q4": 15.08, "1995Q3": 2.09, "1995Q2": 2.1, "1995Q1": 2, "1995Q4": 2.38, "2015Q3": 26.1, "2015Q2": 25.89, "2015Q1": 25.41, "2015Q4": 24.92, "2010Q3": 20.7, "2010Q2": 18.16, "2010Q1": 15.67, "2010Q4": 20.95, "2016Q3": 28.65, "2016Q2": 30.37, "2016Q1": 28.27, "2016Q4": 30.33, "1999Q3": 7.93, "1999Q2": 6.82, "1999Q1": 8.18, "1999Q4": 6.8, "2004Q3": 11.96, "2004Q2": 12.23, "2004Q1": 13.16, "2004Q4": 12.47, "1989Q3": 0.6482, "1989Q2": 0.57769, "1989Q1": 0.61139, "1989Q4": 0.65539}