{"2015Q4": 1164.928320345075, "2020Q1": 2538.061612324205, "2020Q2": 2285.7262225846403, "2020Q3": 2362.8605544986754, "2020Q4": 3737.2644001171598, "2016Q2": 1683.17707690429, "2016Q3": 1779.3585283560901, "2016Q4": 1866.4878084602751, "2017Q1": 2069.31774718427, "2017Q2": 2091.38295652341, "2017Q3": 2207.366504241525, "2017Q4": 2429.43276132161, "2023Q1": 2718.080035, "2023Q2": 3963.5684, "2021Q1": 3316.64454179036, "2021Q2": 4010.09897069661, "2021Q3": 4760.39383029947, "2021Q4": 5899.531, "2019Q1": 2837.355751842425, "2019Q2": 3253.19935703125, "2019Q4": 4059.427109016895, "2018Q1": 2444.14271434894, "2018Q2": 2346.82970650392, "2018Q3": 2546.26497633464, "2018Q4": 2365.5003864192804, "2022Q1": 5472.81735, "2022Q2": 4811.268, "2022Q3": 3639.9533500000002, "2022Q4": 2978.404}