{"2011Q4": 0, "2011Q1": 0, "2011Q3": 0, "2011Q2": 0, "2013Q4": 0, "2013Q1": 0, "2013Q3": 0, "2013Q2": 0, "2015Q1": 4.44150564, "2010Q4": 0, "2010Q1": 0, "2010Q3": 0, "2010Q2": 0, "2009Q4": 0, "2009Q3": 0, "2009Q2": 0, "2014Q4": 4.63050588, "2014Q1": 7.203021221682, "2014Q3": 5.89050748, "2014Q2": 5.592022550972, "2012Q4": 0, "2012Q1": 0, "2012Q3": 0, "2012Q2": 0}