{"2023Q1": 21.994226237047, "2023Q2": 19.300930036289, "2021Q4": 29.059775901098, "2022Q1": 21.652381421130002, "2022Q2": 16.539846834195, "2022Q3": 16.528066598615997, "2022Q4": 20.132904521586}