{"2015Q1": 1.6350883999999999, "2015Q2": 1.6173156999999998, "2015Q3": 1.46624775, "2015Q4": 1.2796344, "2010Q1": 3.106796989802, "2010Q2": 2.760355525972, "2010Q3": 3.195771746904, "2010Q4": 2.926248573677, "2012Q1": 1.925163568053, "2012Q2": 1.925163568053, "2012Q3": 1.796819259092, "2012Q4": 1.6043028845140002, "2011Q1": 2.990420994748, "2011Q2": 2.759401131982, "2011Q3": 1.886660257592, "2011Q4": 1.7326471934749998, "2020Q1": 0.35012219, "2020Q2": 0.42299025999999995, "2020Q3": 0.36611762, "2020Q4": 0.32257450499999996, "2016Q1": 1.19965725, "2016Q2": 1.34183885, "2016Q3": 1.59065665, "2016Q4": 1.7239518999999999, "2013Q1": 1.20643575778, "2013Q2": 1.200018568991, "2013Q3": 1.2174299499999999, "2013Q4": 1.1907709, "2017Q1": 2.0616331999999997, "2017Q2": 1.9016788999999998, "2017Q3": 1.6706338, "2017Q4": 1.26541624, "2023Q1": 0.35367673, "2021Q1": 0.33945856999999996, "2021Q2": 0.36256308, "2021Q3": 0.39810848000000004, "2021Q4": 0.35367673, "2019Q1": 0.7891078800000001, "2019Q2": 0.69135803, "2019Q3": 0.63626266, "2019Q4": 0.7144625399999999, "2018Q1": 1.25652989, "2018Q2": 1.19965725, "2018Q3": 1.03614841, "2018Q4": 0.8184328350000001, "2009Q4": 3.2297277343429998, "2014Q1": 1.64397475, "2014Q2": 1.6706338, "2014Q3": 1.5462249, "2014Q4": 1.599543, "2022Q1": 0.35900854, "2022Q2": 0.36611762, "2022Q3": 0.35189946, "2022Q4": 0.33234949}