{"2020Q1": 0.0043965060000000005, "2020Q2": 0.0043965060000000005, "2016Q4": 0.27844538, "2016Q1": 0.39568554000000006, "2016Q3": 0.3865994276, "2016Q2": 0.312151926, "2011Q4": 0, "2017Q1": 0.05129257000000001, "2017Q3": 0.014655020000000001, "2017Q2": 0.016120521999999998, "2013Q4": 4.148326167304001, "2015Q4": 0.19051526000000002, "2015Q1": 5.117680999702, "2015Q3": 1.465502, "2015Q2": 4.66029636, "2019Q4": 0.011724016, "2019Q1": 0.0196377268, "2019Q3": 0.013189517999999999, "2019Q2": 0.016120521999999998, "2018Q4": 0.0065947589999999995, "2014Q4": 3.005397278026, "2014Q1": 6.0849518882560005, "2014Q3": 7.768668601558, "2014Q2": 7.6694335991300004, "2012Q1": 0, "2012Q3": 0, "2012Q2": 0}