{"2021Q1": -0.739402448481, "2021Q4": -1.071729174656, "2021Q2": -0.915137777733, "2021Q3": -1.054851605024, "2016Q1": -0.8015482836310001, "2016Q4": -0.674208732235, "2016Q2": -0.737174775433, "2016Q3": -0.674208732235, "2012Q4": -0.253953851716, "2012Q3": -0.28151924140299994, "2020Q1": -0.40778155036499997, "2020Q4": -0.675503568758, "2020Q2": -0.538387859303, "2020Q3": -0.583002060197, "2011Q4": -0.25805933328999997, "2015Q1": -0.264272790833, "2015Q4": -0.654082420613, "2015Q2": -0.390957214187, "2015Q3": -0.38864393598999997, "2022Q1": 0.009820978, "2022Q2": 0.009820978, "2022Q3": 0.009820978, "2018Q1": -0.5609134295949999, "2018Q4": -0.642813786668, "2018Q2": -0.613170353101, "2018Q3": -0.5819156848789999, "2013Q1": -0.24437436343299998, "2013Q4": -0.25219430152699995, "2013Q2": -0.19940948481499998, "2013Q3": -0.20331948513899997, "2014Q1": -0.205274454024, "2014Q4": -0.22495950973, "2014Q2": -0.261823582794, "2014Q3": -0.296597069901, "2017Q1": -0.623516284269, "2017Q4": -0.536007929819, "2017Q2": -0.6194229068939999, "2017Q3": -0.665949289737, "2019Q1": -0.649580284125, "2019Q4": -0.556326344775, "2019Q2": -0.6642410338279999, "2019Q3": -0.61712085714, "2023Q1": 0.009820978, "2023Q2": 0.009820978}