{"2020Q1": 0.24662535406600003, "2020Q2": 0.13432275311, "2020Q3": 0.23708331483200001, "2020Q4": 0.171756958373, "2016Q4": 0.322430631705, "2017Q1": 0.300446731403, "2017Q2": 0.306309088995, "2017Q3": 0.46825720696300005, "2017Q4": 0.499767438352, "2023Q1": 0.525088229666, "2021Q1": 0.195979113876, "2021Q2": 0.22754127559800003, "2021Q3": 0.353055970813, "2021Q4": 0.3426423, "2019Q1": 1.257349118662, "2019Q2": 1.501038443541, "2019Q3": 1.175140672251, "2019Q4": 0.083676468421, "2018Q1": 0.544468152319, "2018Q2": 0.49912278133899995, "2018Q4": 1.055498005744, "2022Q1": 0.48578075000000004, "2022Q2": 0.539921229666, "2022Q3": 0.663035114833, "2022Q4": 0.46501455}