{"2017Q2": 0.34898776536000004, "2017Q4": 0.35162679708, "2017Q1": 0.41759568161999994, "2017Q3": 0.33576497291999996, "2016Q2": 0.35314665827999997, "2016Q4": 0.38923645332, "2016Q1": 0.4222312582799999, "2016Q3": 0.40470449526, "2010Q4": 0.11613812106, "2015Q2": 0.32337810414, "2015Q4": 0.37447998276, "2015Q1": 0.2934368385, "2015Q3": 0.32672870724, "2020Q2": 0.46587890855999997, "2020Q4": 0.31155772907999996, "2020Q1": 0.45475628795999995, "2020Q3": 0.47170274034, "2018Q2": 0.34329519431999994, "2018Q4": 0.35691867744, "2018Q1": 0.35427273725999997, "2018Q3": 0.35964061068000003, "2012Q4": 0.1997926632, "2012Q1": 0.17875640249999997, "2012Q3": 0.16073223036, "2011Q2": 0.12397922316, "2011Q4": 0.14055952716, "2011Q1": 0.11060444459999999, "2011Q3": 0.1470465711, "2019Q2": 0.37054216055999994, "2019Q4": 0.38176840806, "2019Q1": 0.34874596925999996, "2019Q3": 0.35088759185999996, "2013Q2": 0.22944377352, "2013Q4": 0.29072872217999995, "2013Q1": 0.19077712289999998, "2013Q3": 0.26401370735999996, "2014Q2": 0.27073563894, "2014Q4": 0.27073563894, "2014Q1": 0.28287380316, "2014Q3": 0.27155083721999995}