{"2017Q2": 0.50150268, "2017Q4": 0.68230314, "2017Q1": 0.33960023999999994, "2017Q3": 0.53393958, "2023Q2": 0.92064384, "2023Q1": 0.8081018999999999, "2016Q2": 0.22028885999999998, "2016Q4": 0.30265038, "2016Q1": 0.2129553, "2016Q3": 0.25357194, "2009Q4": 0.11254194, "2010Q2": 0.13792733999999998, "2010Q4": 0.21831444, "2010Q1": 0.11761901999999999, "2010Q3": 0.19405728, "2015Q2": 0.25272576, "2015Q4": 0.19123668, "2015Q1": 0.2580849, "2015Q3": 0.225648, "2020Q2": 0.18503135999999998, "2020Q4": 0.38501189999999996, "2020Q1": 0.15569711999999997, "2020Q3": 0.24426396, "2022Q2": 0.54663228, "2022Q4": 0.76099788, "2022Q1": 0.6191217, "2022Q3": 0.74830518, "2018Q2": 0.68427756, "2018Q4": 0.3906531, "2018Q1": 0.7144579799999999, "2018Q3": 0.62701938, "2012Q2": 0.19715994, "2012Q4": 0.28431648, "2012Q1": 0.19010844, "2012Q3": 0.30688128, "2021Q2": 0.53929872, "2021Q4": 0.66086658, "2021Q1": 0.51532362, "2021Q3": 0.5091183, "2011Q2": 0.17431307999999998, "2011Q4": 0.14046588000000002, "2011Q1": 0.18474929999999998, "2011Q3": 0.15146621999999998, "2019Q2": 0.408987, "2019Q4": 0.3201381, "2019Q1": 0.41321789999999997, "2019Q3": 0.38698632, "2013Q2": 0.33198461999999995, "2013Q4": 0.25582842, "2013Q1": 0.46624518, "2013Q3": 0.29080386, "2014Q2": 0.28685501999999996, "2014Q4": 0.24736661999999998, "2014Q1": 0.22649417999999996, "2014Q3": 0.29221415999999995}