{"2014Q3": 0.172343849428, "2014Q1": 0.14292848000000002, "2014Q2": 0.15339356, "2014Q4": 0.18035763057200002, "2021Q3": 0.17715212942800002, "2021Q1": 0.206850329428, "2021Q2": 0.20270200000000002, "2018Q3": 0.193556849428, "2018Q1": 0.238528390572, "2018Q2": 0.28576267057200005, "2018Q4": 0.19534815057200003, "2011Q3": 0.11360740000000001, "2011Q1": 0.12803224000000002, "2011Q2": 0.11247604, "2011Q4": 0.11700148, "2008Q4": 0.06844728, "2020Q3": 0.19449963057200004, "2020Q1": 0.15405352, "2020Q2": 0.16555567057200002, "2020Q4": 0.219672390572, "2015Q3": 0.12737228, "2015Q1": 0.15461919999999998, "2015Q2": 0.13236912, "2015Q4": 0.12671232000000002, "2017Q3": 0.24380808942800003, "2017Q1": 0.202984849428, "2017Q2": 0.23428580000000002, "2017Q4": 0.252670390572, "2023Q3": 0.14047720000000002, "2023Q1": 0.12718372, "2023Q2": 0.11954704000000001, "2012Q3": 0.11096756, "2012Q1": 0.10219952, "2012Q2": 0.09682556, "2012Q4": 0.12699516000000002, "2022Q1": 0.14339988, "2016Q3": 0.163764369428, "2016Q1": 0.12991784, "2016Q2": 0.1503766, "2016Q4": 0.184128849428, "2019Q3": 0.212507129428, "2019Q1": 0.20260772, "2019Q2": 0.18629728000000004, "2019Q4": 0.13227484, "2009Q3": 0.09390288000000001, "2009Q2": 0.09675013600000001, "2009Q4": 0.10078532, "2013Q3": 0.14886812, "2013Q1": 0.12463816000000001, "2013Q2": 0.14255136, "2013Q4": 0.12784368000000002, "2010Q3": 0.12303540000000002, "2010Q1": 0.09989908800000001, "2010Q2": 0.10351944, "2010Q4": 0.12624092}