{"2014Q3": 0.014, "2014Q1": 0.0145, "2014Q2": 0.0123, "2014Q4": 0.0132, "2006Q3": 0.13, "2006Q1": 0.245, "2006Q2": 0.055, "2006Q4": 0.095, "2008Q3": 0.044, "2008Q1": 0.0075, "2008Q2": 0.0495, "2008Q4": 0.035, "2017Q3": 0.0336, "2017Q1": 0.0108, "2017Q2": 0.0489, "2017Q4": 0.03992, "2022Q3": 0.0068, "2022Q1": 0.0104, "2022Q2": 0.0085, "2003Q1": 0.6, "2013Q3": 0.014, "2013Q1": 0.019, "2013Q2": 0.013, "2013Q4": 0.0127, "2018Q3": 0.01436, "2018Q1": 0.01935, "2018Q2": 0.0225, "2018Q4": 0, "2011Q3": 0.0011, "2011Q1": 0.006, "2011Q2": 0.01, "2011Q4": 0.0185, "2020Q3": 0.007, "2020Q1": 0.0023, "2020Q2": 0.0096, "2020Q4": 0.054, "2016Q3": 0.0133, "2016Q1": 0.0135, "2016Q2": 0.012, "2016Q4": 0.0157, "2002Q4": 0.5, "2007Q4": 0.0275, "2004Q3": 1.5, "2004Q2": 2.05, "2004Q4": 1.2, "2023Q3": 0.005, "2023Q1": 0.0071, "2023Q2": 0.0006, "2019Q3": 0.0025, "2019Q1": 0.0169, "2019Q2": 0.0064, "2019Q4": 0.002, "2021Q3": 0.01787, "2021Q1": 0.0146, "2021Q2": 0.0166, "2021Q4": 0.0172, "2005Q3": 0.5, "2005Q1": 0.7, "2005Q2": 0.55, "2005Q4": 0.3995, "2015Q3": 0.0171, "2015Q1": 0.013, "2015Q2": 0.0095, "2015Q4": 0.0115, "2012Q3": 0.0385, "2012Q1": 0.012, "2012Q2": 0.017, "2012Q4": 0.013, "2009Q3": 0.0325, "2009Q1": 0.035, "2009Q2": 0.0475, "2009Q4": 0.0375, "2010Q3": 0.015, "2010Q1": 0.025, "2010Q2": 0.0145, "2010Q4": 0.012}