{"2021Q3": 60.71492285, "2021Q1": 52.66247165000001, "2021Q2": 53.44534885, "2021Q4": 48.831965350000004, "2016Q3": 32.02806545, "2016Q1": 40.68165450000001, "2016Q2": 29.371874950000006, "2016Q4": 32.02806545, "2020Q3": 37.00492765, "2020Q1": 37.7738249, "2020Q2": 37.7738249, "2020Q4": 42.30332870000001, "2012Q3": 0, "2012Q1": 0, "2012Q2": 0, "2012Q4": 0, "2009Q4": 0, "2011Q3": 0, "2011Q1": 0, "2011Q2": 0, "2011Q4": 0, "2015Q3": 40.68165450000001, "2015Q1": 31.0914088, "2015Q2": 36.417769750000005, "2015Q4": 40.68165450000001, "2022Q3": 51.460195950000006, "2022Q1": 64.0002111, "2022Q2": 85.10993560000001, "2018Q3": 53.752907750000006, "2018Q1": 59.51264715000001, "2018Q2": 58.60395040000001, "2018Q4": 53.752907750000006, "2013Q3": 0, "2013Q1": 0, "2013Q2": 0, "2013Q4": 0, "2010Q3": 0, "2010Q1": 0, "2010Q2": 0, "2010Q4": 0, "2014Q3": 0, "2014Q1": 0, "2014Q2": 0, "2014Q4": 32.4055241, "2017Q3": 49.55892275000001, "2017Q1": 32.02806545, "2017Q2": 32.02806545, "2017Q4": 56.5069579, "2019Q3": 53.752907750000006, "2019Q1": 53.752907750000006, "2019Q2": 53.752907750000006, "2019Q4": 30.1407722, "2023Q3": 53.40340900000001, "2023Q1": 55.05304310000001, "2023Q2": 63.315193550000004}