{"2021Q1": 91.360313, "2021Q4": 92.614128, "2021Q2": 89.698715, "2021Q3": 89.868126, "2016Q1": 70.689316, "2016Q4": 70.886703, "2016Q2": 71.487251, "2016Q3": 73.024406, "2020Q1": 85.659294, "2020Q4": 87.844734, "2020Q2": 86.616402, "2020Q3": 86.866013, "2015Q1": 66.544235, "2015Q4": 69.900307, "2015Q2": 67.307045, "2015Q3": 69.649628, "2022Q1": 93.648949, "2022Q4": 73.950951, "2022Q2": 83.380936, "2022Q3": 71.976578, "2018Q1": 75.84639, "2018Q4": 77.68026, "2018Q2": 76.720375, "2018Q3": 78.404472, "2013Q4": 60.234005, "2014Q1": 62.516502, "2014Q4": 63.401299, "2014Q2": 63.244476, "2014Q3": 61.981514, "2017Q1": 71.712143, "2017Q4": 74.591415, "2017Q2": 73.869675, "2017Q3": 75.669693, "2019Q1": 78.584808, "2019Q4": 84.712761, "2019Q2": 79.499886, "2019Q3": 83.776672, "2023Q1": 78, "2023Q2": 0, "2023Q3": 0}