{"2006Q1": 15.78865, "2006Q2": 23.072943, "2006Q3": 25.702875, "2006Q4": 20.280329, "2003Q1": 4.066913, "2003Q2": 4.44649, "2003Q3": 3.615032, "2003Q4": 6.651658, "2011Q1": 16.312832, "2011Q2": 25.58539, "2011Q3": 24.428577, "2011Q4": 27.457134, "2012Q1": 15.865733, "2012Q2": 17.969221, "2012Q3": 17.456594, "2012Q4": 12.884246, "2019Q1": 45.672657, "2019Q2": 38.7272, "2019Q3": 32.920277, "2019Q4": 41.722092, "2007Q1": 21.898058, "2007Q2": 25.332342, "2007Q3": 24.99795, "2007Q4": 29.616152, "2009Q1": 15.535597, "2009Q2": 14.839712, "2009Q3": 11.730778, "2009Q4": 16.330904, "2021Q1": 17.83, "2021Q2": 35.18, "2021Q3": 39.98, "2021Q4": 37.389999, "2014Q1": 25.527351, "2014Q2": 27.537598, "2014Q3": 26.004196, "2014Q4": 25.992636, "2023Q1": 38.02, "2023Q2": 45.209999, "2023Q3": 52.619999, "2023Q4": 59.82, "2024Q1": 59.22, "2024Q2": 70.79, "2022Q1": 33.240002, "2022Q2": 37.150002, "2022Q3": 46.889999, "2022Q4": 43.529999, "2017Q1": 28.863281, "2017Q2": 33.35043, "2017Q3": 33.526726, "2017Q4": 36.467537, "2020Q1": 41.193966, "2020Q2": 51.793728, "2020Q3": 16.440001, "2020Q4": 19.17, "2018Q1": 38.172836, "2018Q2": 39.555737, "2018Q3": 43.097336, "2018Q4": 42.470036, "2008Q1": 29.354055, "2008Q2": 28.242437, "2008Q3": 23.10006, "2008Q4": 12.679728, "2013Q1": 14.797859, "2013Q2": 16.96649, "2013Q3": 17.179598, "2013Q4": 23.882545, "2002Q1": 7.998587, "2002Q2": 8.148395, "2002Q3": 11.78757, "2002Q4": 5.711751, "2005Q1": 11.333126, "2005Q2": 11.125264, "2005Q3": 12.047097, "2005Q4": 15.815768, "2015Q1": 23.478806, "2015Q2": 26.020433, "2015Q3": 29.338718, "2015Q4": 29.699322, "2010Q1": 18.608379, "2010Q2": 22.069775, "2010Q3": 21.44618, "2010Q4": 14.405904, "2016Q1": 18.164248, "2016Q2": 23.716564, "2016Q3": 22.273359, "2016Q4": 22.050909, "2004Q1": 9.390046, "2004Q2": 14.098626, "2004Q3": 11.405426, "2004Q4": 8.99239}