{"2016Q2": 0.9176633700000001, "2016Q4": 1.1449744800000001, "2013Q2": 1.47331275, "2013Q4": 1.44805596, "2012Q2": 1.47331275, "2012Q4": 1.36386666, "2011Q4": 1.25442057, "2015Q2": 0.9681769499999999, "2015Q4": 0.88398765, "2014Q2": 1.38912345, "2014Q4": 1.05236625}