{"2014Q3": 26500000, "2014Q1": 30000000, "2014Q2": 45000000, "2014Q4": 9050000, "2021Q3": 0.054, "2021Q1": 0.0083, "2021Q2": 0.0016, "2021Q4": 0.0602, "2016Q3": 200000, "2016Q1": 326000, "2016Q2": 610000, "2020Q3": 1, "2020Q1": 2, "2020Q2": 1, "2020Q4": 0.013, "2015Q4": 1500000, "2017Q3": 6500, "2017Q1": 120000, "2017Q2": 15100, "2023Q3": 0.00975, "2023Q1": 0.01315, "2023Q2": 0.007, "2023Q4": 0.0081, "2022Q3": 0.0197, "2022Q1": 0.05225, "2022Q2": 0.0452, "2022Q4": 0.0158, "2024Q3": 0.0033, "2024Q1": 0.0073, "2024Q2": 0.0033, "2019Q4": 3, "2013Q4": 30000000}