{"2017Q2": 0.31241329457399997, "2017Q4": 0.289479954978, "2017Q1": 0.31976183195999996, "2017Q3": 0.334768439376, "2023Q2": 0.2524437, "2023Q1": 0.30462480000000003, "2016Q2": 0.158738911452, "2016Q4": 0.26037751188599995, "2016Q1": 0.14492818202399999, "2016Q3": 0.1724430222, "2010Q4": 0.67123327221, "2015Q2": 0.17802205617599998, "2015Q4": 0.136940045382, "2015Q1": 0.180304372872, "2015Q3": 0.147210526926, "2020Q2": 0.33990960340799997, "2020Q4": 0.4893168136139999, "2020Q1": 0.19040051312999998, "2020Q3": 0.450275563332, "2022Q2": 0.44016013017, "2022Q4": 0.3582162, "2022Q1": 0.47592310989599995, "2022Q3": 0.3751398, "2018Q2": 0.253871854398, "2018Q4": 0.200879126748, "2018Q1": 0.347533290324, "2018Q3": 0.24647748226199998, "2012Q2": 0.263975384628, "2012Q4": 0.333917633592, "2012Q1": 0.34968171313799995, "2012Q3": 0.320380417746, "2021Q2": 0.560445294114, "2021Q4": 0.469085129316, "2021Q1": 0.509978639412, "2021Q3": 0.5504294281319999, "2011Q2": 0.563234416218, "2011Q4": 0.318299999598, "2011Q1": 0.5477264189459999, "2011Q3": 0.3362324436, "2019Q2": 0.227618217306, "2019Q4": 0.20574147447, "2019Q1": 0.19298068518599998, "2019Q3": 0.209482238808, "2013Q2": 0.21225706046999998, "2013Q4": 0.21111584570999997, "2013Q1": 0.309099428046, "2013Q3": 0.23279805176399998, "2014Q2": 0.235080424872, "2014Q4": 0.201986494308, "2014Q1": 0.22709223181799998, "2014Q3": 0.251056698156}