{"2017Q2": 0.6729080969600001, "2017Q4": 0.7704832600000001, "2017Q1": 0.62595949907, "2017Q3": 0.71071265767, "2016Q2": 0.54826425788, "2016Q4": 0.6037753961500001, "2016Q1": 0.5141522018500001, "2016Q3": 0.6114438852, "2015Q4": 0.47867362834000005, "2018Q2": 0.76321455, "2018Q4": 0.76321455, "2018Q1": 0.7922893900000001, "2018Q3": 0.7704832600000001, "2019Q2": 0.9594697200000001, "2019Q4": 1.2647555400000001, "2019Q1": 0.86497649, "2019Q3": 1.1484561800000002}