{"2020Q2": 0.09272934, "2020Q4": 0.09349824, "2023Q1": 0.0645876, "2021Q1": 0.19022585999999997, "2021Q2": 0.17177225999999998, "2021Q3": 0.22005918, "2019Q1": 0.042074208, "2019Q2": 0.026849987999999998, "2018Q3": 0.062834508, "2018Q4": 0.05494559399999999, "2022Q1": 0.12548448, "2022Q2": 0.12102486, "2022Q3": 0.09611249999999999}