{"2023Q2": 2.14502778, "2023Q3": 2.0276382, "2023Q1": 2.490082, "2018Q1": 24.90082, "2017Q4": 28.1912855, "2017Q2": 26.36818975, "2017Q3": 27.3019705, "2022Q4": 2.490082}