{"2010Q1": 0, "2010Q2": 0, "2010Q3": 0, "2010Q4": 0, "2012Q1": 0, "2012Q2": 0, "2012Q3": 0, "2012Q4": 0, "2011Q1": 0, "2011Q2": 0, "2011Q3": 0, "2011Q4": 0, "2020Q3": 13.820357999999999, "2020Q4": 17.461205, "2023Q1": 5.773342802787999, "2023Q2": 5.0600341513939995, "2021Q1": 14.563387999999998, "2021Q2": 10.981983697212, "2021Q3": 6.68727, "2021Q4": 8.069305651394, "2019Q4": 0, "2009Q4": 0, "2022Q1": 7.408008802787999, "2022Q2": 7.385718348606, "2022Q3": 6.664978802787999, "2022Q4": 5.6544581513939995}