{"2015Q1": 3.2970696200000003, "2015Q2": 3.3437892299999996, "2015Q3": 2.92331274, "2015Q4": 2.88994159, "2010Q3": 3.50397075, "2010Q4": 3.50397075, "2012Q1": 2.8231992900000002, "2012Q2": 2.7097373799999995, "2012Q3": 2.90996428, "2012Q4": 3.6040842, "2011Q1": 3.03010042, "2011Q2": 3.03010042, "2011Q3": 2.96335812, "2011Q4": 2.42941972, "2020Q1": 3.0701457999999997, "2020Q2": 3.33044077, "2020Q3": 2.8231992900000002, "2020Q4": 3.7976368700000003, "2016Q1": 3.52399344, "2016Q2": 3.61743266, "2016Q3": 3.53066767, "2016Q4": 3.43722845, "2013Q1": 3.9377957, "2013Q2": 3.2703727000000002, "2013Q3": 3.0968427199999997, "2013Q4": 2.7898281399999996, "2017Q1": 3.8443564799999996, "2017Q2": 4.41834026, "2017Q3": 4.23813605, "2017Q4": 4.43836295, "2023Q1": 10.83227529, "2023Q2": 12.92130928, "2021Q1": 2.63632085, "2021Q2": 2.96335812, "2021Q3": 2.99672927, "2021Q4": 4.04458338, "2019Q1": 3.46392537, "2019Q2": 3.72422034, "2019Q4": 4.44503718, "2018Q1": 4.49175679, "2018Q2": 3.5373419, "2018Q3": 3.25702424, "2018Q4": 3.22365309, "2009Q4": 2.8031766, "2014Q1": 2.87659313, "2014Q2": 3.2970696200000003, "2014Q3": 3.14356233, "2014Q4": 3.66415227, "2022Q1": 4.21143913, "2022Q2": 4.651938309999999, "2022Q3": 6.55409386, "2022Q4": 11.346191}