{"2014Q3": 3.0768200300000004, "2014Q1": 2.95668389, "2014Q2": 3.50397075, "2014Q4": 3.49729652, "2021Q3": 0.72749107, "2021Q1": 0.71414261, "2021Q2": 0.72749107, "2021Q4": 0.61238729942, "2018Q3": 1.15464179, "2018Q1": 2.52285894, "2018Q2": 1.68858019, "2018Q4": 1.27477793, "2011Q3": 3.52399344, "2011Q1": 4.47840833, "2011Q2": 4.22478759, "2011Q4": 2.88994159, "2020Q3": 0.7541879899999999, "2020Q1": 0.9210437399999999, "2020Q2": 0.9877860399999999, "2020Q4": 1.075072287363, "2015Q3": 2.1891474399999997, "2015Q1": 2.82987352, "2015Q2": 2.8031766, "2015Q4": 2.2291928199999997, "2017Q3": 2.66301777, "2017Q1": 2.37602588, "2017Q2": 2.8165250599999996, "2017Q4": 2.57625278, "2023Q1": 1.08122526, "2023Q2": 1.03450565, "2012Q3": 3.6708265, "2012Q1": 3.57738728, "2012Q2": 3.4038573, "2012Q4": 4.678635229999999, "2022Q3": 0.70079415, "2022Q1": 0.63744903307, "2022Q2": 0.54213435444, "2022Q4": 1.21470986, "2016Q3": 2.59627547, "2016Q1": 2.78315391, "2016Q2": 2.78315391, "2016Q4": 2.1357536, "2019Q1": 1.30147485, "2019Q2": 1.38823984, "2019Q4": 1.5617698199999999, "2009Q4": 4.31822681, "2013Q3": 3.50397075, "2013Q1": 4.92558174, "2013Q2": 3.85103071, "2013Q4": 2.94333543, "2010Q3": 5.5396109000000004, "2010Q4": 5.1057859500000005}