{"2015Q1": 0, "2015Q2": 0, "2015Q3": 0, "2015Q4": 0, "2012Q4": 0, "2020Q1": 1.5575864900699998, "2020Q2": 1.9558228430099998, "2020Q3": 2.00788317585, "2020Q4": 1.9308916251, "2016Q1": 0, "2016Q2": 0, "2016Q3": 0, "2016Q4": 0, "2013Q1": 0, "2013Q2": 0, "2013Q3": 0, "2013Q4": 0, "2017Q1": 0, "2017Q2": 0, "2017Q3": 0, "2017Q4": 0, "2023Q1": 2.6344459902299997, "2023Q2": 2.6119935599999997, "2021Q1": 1.8818284245599999, "2021Q2": 2.10195548493, "2021Q3": 2.1275425970099997, "2021Q4": 2.40069718074, "2019Q1": 0, "2019Q2": 0, "2019Q3": 0, "2019Q4": 2.1791931769799997, "2018Q1": 0, "2018Q2": 0, "2018Q3": 0, "2018Q4": 0, "2014Q1": 0, "2014Q2": 0, "2014Q3": 0, "2014Q4": 0, "2022Q1": 2.4908761136099997, "2022Q2": 2.5355189059799996, "2022Q3": 2.29770297348, "2022Q4": 2.59637661846}