{"2017Q2": 0.062412115332, "2017Q4": 0.056493724804, "2017Q1": 0.061328787272, "2017Q3": 0.067792476284, "2023Q2": 0.038137319999999995, "2023Q1": 0.064083279656, "2016Q2": 0.057780843056, "2016Q4": 0.060315084267999995, "2016Q1": 0.056923796428, "2016Q3": 0.066904137496, "2015Q2": 0.08538571094, "2015Q4": 0.057905261988, "2015Q1": 0.085908811548, "2015Q3": 0.064775357928, "2020Q2": 0.0298440827, "2020Q4": 0.031087587504, "2020Q1": 0.019705683628, "2020Q3": 0.025491832184, "2022Q2": 0.074336612224, "2022Q4": 0.066646629096, "2022Q1": 0.091468906844, "2022Q3": 0.056393296528, "2018Q2": 0.045203578668000004, "2018Q4": 0.055248818372, "2018Q1": 0.053265514752, "2018Q3": 0.051900394272, "2021Q2": 0.058350849308, "2021Q4": 0.066866912864, "2021Q1": 0.044766140348, "2021Q3": 0.063712826116, "2019Q2": 0.046656121620000005, "2019Q4": 0.03042787706, "2019Q1": 0.052458470388, "2019Q3": 0.040280735172, "2013Q4": 0.040848068552, "2014Q2": 0.055985520568, "2014Q4": 0.0849435462, "2014Q1": 0.04958438328, "2014Q3": 0.08735669327199999}