{"2015Q2": 3.2422912792650003, "2015Q4": 4.742455536981001, "2012Q4": 5.952265505055001, "2016Q2": 5.528831631120001, "2016Q4": 9.134066414286, "2013Q2": 4.7666519417340005, "2013Q4": 4.81504475124, "2017Q4": 13.3504488, "2018Q4": 13.79974275, "2014Q2": 4.839239872296, "2014Q4": 3.024524920185}