{"2020Q1": 48.419754, "2020Q2": 53.551121, "2020Q3": 51.521767, "2020Q4": 57.964455, "2023Q1": 64.289284, "2023Q2": 74.099998, "2021Q1": 65.195229, "2021Q2": 64.001305, "2021Q3": 75.125954, "2021Q4": 79.769463, "2022Q1": 72.814079, "2022Q2": 66.256721, "2022Q3": 57.770935, "2022Q4": 62.778942}