{"2021Q4": 1.8602607, "2022Q2": 1.133664756, "2022Q4": 0.785686578}