{"2010Q2": 7.676486500189999, "2010Q4": 10.052542308285, "2016Q2": 21.329021516549997, "2016Q4": 31.126084351025, "2017Q4": 45.12327696810999, "2021Q4": 56.160045390665005, "2019Q4": 23.419309335295, "2012Q2": 6.141224916595, "2012Q4": 8.516596766954999, "2020Q4": 38.915672920715004, "2018Q4": 23.668664775459998, "2011Q2": 9.08384069827, "2011Q4": 5.84347005163, "2013Q2": 12.361932282159998, "2013Q4": 19.209285855005, "2015Q2": 17.93471785996, "2015Q4": 18.642142755825, "2009Q4": 6.415349831464999, "2014Q2": 21.622845143095, "2014Q4": 16.83946463145, "2022Q4": 53.390079735855}