{"2020Q4": 20.571257671384, "2023Q1": 7.1173639600000005, "2023Q2": 7.771904, "2021Q1": 13.49639704, "2021Q2": 15.937261368616, "2021Q3": 14.050144714256, "2021Q4": 9.438006162872, "2022Q1": 8.638957040000001, "2022Q2": 5.791282597128, "2022Q3": 5.23267724}