{"2020Q4": 1.5273832359630002, "2020Q1": 1.4940665119260002, "2020Q3": 1.5273832359630002, "2020Q2": 1.4940665119260002, "2014Q4": 1.7505900576000002, "2014Q1": 2.167915377981, "2014Q3": 2.326652779017, "2014Q2": 2.5481166956370003, "2016Q4": 1.3299609101310002, "2016Q1": 1.7499500817720002, "2016Q3": 1.6462587460140001, "2016Q2": 1.4273550288540002, "2017Q4": 2.15476766541, "2017Q1": 1.724578934538, "2017Q3": 1.606519534338, "2017Q2": 1.708924773369, "2013Q4": 2.137192244091, "2015Q4": 1.154685568257, "2015Q1": 1.8568417408920002, "2015Q3": 1.394711671332, "2015Q2": 1.3147028469120001, "2018Q4": 1.7779290342570002, "2018Q1": 2.254482621972, "2018Q3": 1.9087579660320002, "2018Q2": 1.9150554051780002, "2019Q4": 1.4940665119260002, "2019Q1": 1.384100910603, "2019Q3": 1.4940665119260002, "2019Q2": 1.4940665119260002, "2022Q4": 1.5273832359630002, "2022Q1": 1.5273832359630002, "2022Q3": 1.5273832359630002, "2022Q2": 1.5273832359630002, "2021Q4": 1.5273832359630002, "2021Q1": 1.5273832359630002, "2021Q3": 1.5273832359630002, "2021Q2": 1.5273832359630002, "2023Q1": 1.5273832359630002, "2023Q2": 1.5273832359630002}