{"2017Q2": 4.687040095316, "2017Q4": 4.18731123284, "2017Q1": 3.6748278894719997, "2017Q3": 4.520587301128, "2023Q2": 0.61416456, "2023Q1": 0.577843, "2016Q2": 3.687905962444, "2016Q4": 3.9494591669839996, "2016Q1": 3.295575330144, "2016Q3": 3.844837885168, "2015Q2": 2.9817108243040003, "2015Q4": 2.9817108243040003, "2015Q1": 2.90324502804, "2015Q3": 2.850934056936, "2020Q2": 0.40944304, "2020Q4": 0.32095051199999997, "2020Q1": 0.263496408, "2020Q3": 0.263496408, "2022Q2": 0.42265088, "2022Q4": 0.52501164, "2022Q1": 0.50850184, "2022Q3": 0.42265088, "2018Q2": 2.4632621599999998, "2018Q4": 0.70661944, "2018Q1": 4.016400792652, "2018Q3": 0.7924703999999999, "2021Q2": 0.55638026, "2021Q4": 0.48538812, "2021Q1": 0.58444692, "2021Q3": 0.52666262, "2019Q2": 0.77265864, "2019Q4": 0.48736929599999995, "2019Q1": 0.8320939199999999, "2019Q3": 0.5514273199999999, "2014Q4": 2.4193705265039998}