{"2023Q2": 0.037231999999999994, "2023Q1": 0.034943999999999996, "2022Q4": 0.027663999999999998, "2022Q3": 0.03016}