{"2021Q4": 0.17371179, "2023Q2": 0.2083316, "2023Q1": 0.20649338, "2022Q2": 0.17861371, "2022Q4": 0.19638317000000002, "2022Q1": 0.1746309, "2022Q3": 0.19485132000000002}