{"2015Q1": 6.675409157655, "2015Q2": 6.323888550426999, "2015Q3": 5.6737702937579995, "2015Q4": 7.1513146966729995, "2010Q1": 5.13373802872, "2010Q2": 3.422491781996, "2010Q3": 2.58045063304, "2010Q4": 2.092512306346, "2012Q1": 1.6946404234549999, "2012Q2": 1.7388482721049998, "2012Q3": 2.166192231959, "2012Q4": 2.063040407246, "2011Q1": 1.6651683464919997, "2011Q2": 1.6651683464919997, "2011Q3": 1.046256153173, "2011Q4": 1.200984157037, "2020Q1": 7.558111567041, "2020Q2": 10.013659686960999, "2020Q3": 11.760791928290999, "2020Q4": 11.874033920994, "2016Q1": 7.09221242254, "2016Q2": 6.640379217667999, "2016Q3": 7.518815938724999, "2016Q4": 8.039921268344, "2013Q1": 2.9766728366060002, "2013Q2": 2.593536369676, "2013Q3": 2.888256605717, "2013Q4": 3.551376469823, "2017Q1": 8.412140148608, "2017Q2": 8.760695246037, "2017Q3": 9.364881450134, "2017Q4": 12.234764452225, "2023Q1": 2.226212990624, "2023Q2": 1.89957684, "2021Q1": 12.34087129282, "2021Q2": 7.7005789407259995, "2021Q3": 7.632732387923999, "2021Q4": 2.160911301626, "2019Q1": 8.719070323873, "2019Q2": 8.851911218409, "2019Q3": 8.225633184671, "2019Q4": 9.035212913222999, "2018Q1": 9.289358330252, "2018Q2": 9.524140869648999, "2018Q3": 8.3393201906, "2018Q4": 7.557033539398, "2009Q4": 4.943599991638, "2014Q1": 3.890304554514, "2014Q2": 4.170288663142, "2014Q3": 4.980768912063, "2014Q4": 4.818673111287, "2022Q1": 1.9607642020819998, "2022Q2": 1.807712734856, "2022Q3": 1.6149595780850001, "2022Q4": 1.9535801376489998}