{"2015Q4": 8.26692048, "2011Q4": 12.902665030163998, "2020Q4": 5.9300295599999995, "2013Q4": 8.604621479999999, "2021Q4": 37.484811, "2019Q4": 4.957450679999999, "2014Q4": 7.429422, "2022Q4": 59.96218956}