{"2006Q3": 19.26, "2006Q2": 12.57, "2006Q1": 16.15, "2006Q4": 18.24, "2011Q3": 8.11, "2011Q2": 8.44, "2011Q1": 9.56, "2011Q4": 12.39, "2012Q3": 16.73, "2012Q2": 17.870001, "2012Q1": 10.29, "2012Q4": 24.700001, "2019Q3": 86.739998, "2019Q2": 74.379997, "2019Q1": 82.540001, "2019Q4": 130.100006, "2007Q3": 31.24, "2007Q2": 25.98, "2007Q1": 17.559999, "2007Q4": 22.530001, "2009Q3": 17.43, "2009Q2": 21.32, "2009Q1": 19.959999, "2009Q4": 17.42, "2021Q3": 162.139999, "2021Q2": 178.809998, "2021Q1": 139.690002, "2021Q4": 150.860001, "2014Q3": 92.910004, "2014Q2": 58.150002, "2014Q1": 54.330002, "2014Q4": 95.540001, "2023Q3": 161.53, "2023Q2": 190.1, "2023Q1": 205.389999, "2022Q3": 194, "2022Q2": 143.520004, "2022Q1": 143.160004, "2022Q4": 196.240005, "2017Q3": 129.5, "2017Q2": 80.519997, "2017Q1": 55.07, "2017Q4": 121.739998, "2020Q3": 137.860001, "2020Q2": 144.119995, "2020Q1": 145.270004, "2020Q4": 165.380005, "2018Q3": 76.050003, "2018Q2": 95.220001, "2018Q1": 92.349998, "2018Q4": 83.029999, "2008Q3": 26.620001, "2008Q2": 34.799999, "2008Q1": 27.67, "2008Q4": 16.18, "2013Q3": 50.919998, "2013Q2": 48.220001, "2013Q1": 24.42, "2013Q4": 84.699997, "2005Q3": 10.73, "2005Q4": 16.889999, "2015Q3": 108.839996, "2015Q2": 106.190002, "2015Q1": 112.790001, "2015Q4": 59.549999, "2010Q3": 13.2, "2010Q2": 14.95, "2010Q1": 16.24, "2010Q4": 11.37, "2016Q3": 31.41, "2016Q2": 71.029999, "2016Q1": 57.450001, "2016Q4": 47.09, "2004Q4": 7.35}