{"2023Q2": 4.0312059, "2023Q1": 3.53272345, "2022Q3": 9.21975801, "2022Q2": 8.296481386537, "2022Q1": 11.300380409999999, "2022Q4": 6.53662204, "2017Q3": 5.182923159482, "2017Q2": 4.499277886309, "2017Q1": 4.010445623078, "2017Q4": 5.790215659057, "2020Q3": 16.375930883215, "2020Q2": 12.552022594482999, "2020Q1": 9.928443140294, "2020Q4": 18.004948989739, "2015Q3": 1.984707441212, "2015Q2": 2.417845777425, "2015Q1": 2.848447488162, "2015Q4": 2.233398601665, "2010Q3": 1.7641749041650001, "2010Q2": 1.439195556101, "2010Q1": 1.1659188077509999, "2010Q4": 2.0118504608089998, "2016Q3": 3.082004721433, "2016Q2": 3.3145129742440003, "2016Q1": 2.445603447556, "2016Q4": 3.240785686037, "2014Q3": 2.884198216013, "2014Q2": 3.200703362427, "2014Q1": 3.1737384961229997, "2014Q4": 2.0364239117419998, "2018Q3": 4.1946825692830005, "2018Q2": 4.1140311431139995, "2018Q1": 5.847484357153999, "2018Q4": 5.828040940826, "2011Q2": 2.3997786061219997, "2011Q1": 2.102168978804, "2011Q4": 2.487516285415, "2012Q3": 3.1848650578699997, "2012Q2": 2.9814885529, "2012Q1": 3.1804996519969997, "2012Q4": 3.388327821977, "2019Q3": 11.085947130826, "2019Q2": 8.736069218727, "2019Q1": 6.583083638581, "2019Q4": 14.210556930529, "2013Q3": 3.5645790793329994, "2013Q2": 3.587479363086, "2013Q1": 2.975693586053, "2013Q4": 3.7106257679229997, "2009Q4": 1.056498875735, "2021Q3": 22.634793300519, "2021Q2": 21.515914330991, "2021Q1": 15.79291231164, "2021Q4": 15.976133654036}