{"2015Q2": 0.400001618868, "2020Q1": 0.411322381132, "2020Q2": 0.5783041999999999, "2020Q3": 0.682078237736, "2020Q4": 0.679248, "2023Q1": 1.338684543396, "2021Q1": 1.058494762264, "2021Q2": 0.982079381132, "2021Q3": 1.498119237736, "2021Q4": 1.315099543396, "2019Q1": 0.3650958, "2019Q2": 0.29717099999999996, "2019Q3": 0.31886919999999996, "2019Q4": 0.2613218, "2018Q4": 0.5066058, "2022Q1": 1.112268618868, "2022Q2": 1.1330233811319999, "2022Q3": 1.1886839999999999, "2022Q4": 1.015098381132}