{"2023Q3": 51.47, "2023Q2": 49.21, "2023Q1": 47.900002, "2022Q3": 47.82, "2022Q2": 72.040001, "2022Q1": 60.16, "2022Q4": 50.889999, "2017Q3": 40.200001, "2017Q2": 41.470001, "2017Q1": 32.73, "2017Q4": 36.134998, "2020Q3": 65.120003, "2020Q2": 62.169998, "2020Q1": 47.630001, "2020Q4": 88.739998, "2015Q4": 19.950001, "2016Q3": 32.369999, "2016Q2": 32.93, "2016Q1": 22.6, "2016Q4": 31.450001, "2018Q3": 47.25, "2018Q2": 44.939999, "2018Q1": 40.98, "2018Q4": 59.310001, "2019Q3": 51.529999, "2019Q2": 50.290001, "2019Q1": 69.669998, "2019Q4": 48.029999, "2021Q3": 85.879997, "2021Q2": 85.410004, "2021Q1": 85.639999, "2021Q4": 69.050003}