{"2015Q2": 433242499.2, "2020Q4": 130298.496, "2016Q2": 314888032.0, "2016Q4": 358320864.0, "2017Q4": 435414140.79999995, "2021Q4": 86865.66399999999, "2019Q4": 814365.5728544799, "2018Q4": 17373132.8}