{"2014Q4": 12.8928096, "2008Q4": 638.12896, "2016Q4": 0.9116127999999999, "2011Q2": 37.115663999999995, "2021Q4": 1.1460275199999999, "2020Q4": 1.0418432, "2018Q4": 0.7631501439999999, "2015Q2": 11.720735999999999, "2015Q4": 3.5943590399999996, "2010Q2": 34.511055999999996, "2010Q4": 41.673728, "2009Q2": 416.73727999999994, "2009Q4": 76.83593599999999}