{"2017Q2": 0.03193594712, "2017Q4": 0.02770698772, "2017Q3": 0.029165248325, "2023Q2": 0.04163, "2023Q1": 0.041107498879999996, "2016Q2": 0.02617300571, "2016Q4": 0.026745092875, "2016Q1": 0.023098033245, "2016Q3": 0.02860437596, "2015Q2": 0.027460205195, "2015Q4": 0.02717416167, "2015Q1": 0.016411759595, "2015Q3": 0.02717416167, "2020Q2": 0.020459596065, "2020Q4": 0.01886859487, "2020Q1": 0.022102339900000004, "2020Q3": 0.016196934765, "2022Q2": 0.041572243780000004, "2022Q4": 0.03915000016, "2022Q1": 0.037686985915, "2022Q3": 0.0393674992, "2018Q2": 0.025811244230000002, "2018Q4": 0.024342441115000002, "2018Q1": 0.02654037367, "2018Q3": 0.026881221939999998, "2021Q2": 0.027718467365, "2021Q4": 0.03263615636, "2021Q1": 0.020538383025000002, "2021Q3": 0.03224762771, "2019Q2": 0.02359573956, "2019Q4": 0.022102339900000004, "2019Q1": 0.022401017670000002, "2013Q2": 0.01676046041, "2013Q4": 0.013073365830000001, "2013Q1": 0.018974103345, "2013Q3": 0.014525962915, "2014Q2": 0.015516368329999999, "2014Q4": 0.01613476887, "2014Q3": 0.015788529975}