{"2020Q1": 4.996438579025, "2020Q2": 5.430911001742, "2020Q3": 6.917265366476, "2020Q4": 7.443206767855, "2016Q4": 0, "2017Q1": 8.242154433687, "2017Q2": 9.590870041408001, "2017Q3": 8.566846104819, "2017Q4": 7.367986365939, "2023Q1": 4.326671414324999, "2023Q2": 4.313542285926, "2021Q1": 8.289285290846, "2021Q2": 7.413904193103001, "2021Q3": 7.46045909157, "2021Q4": 7.053101485909, "2019Q1": 8.061875182349, "2019Q2": 7.145935353871, "2019Q3": 8.117782277707, "2019Q4": 8.975295253031002, "2018Q1": 6.004285380371, "2018Q2": 7.301320745859001, "2018Q3": 8.609474794696, "2018Q4": 8.812288860229001, "2022Q1": 5.572649345175, "2022Q2": 5.578188090547, "2022Q3": 4.648490054962, "2022Q4": 5.246834284075001}