{"2022Q4": 1.90036396, "2022Q2": 2.8186228300000002, "2022Q1": 4.779077537783, "2022Q3": 1.87783, "2014Q4": 0, "2016Q4": 0, "2016Q2": 0, "2016Q1": 0, "2016Q3": 0, "2019Q4": 3.103404387518, "2019Q2": 4.140272633808, "2019Q1": 4.266281035864, "2019Q3": 2.457161962262, "2021Q4": 6.372829603166, "2021Q2": 8.276136122776, "2021Q1": 7.743210597738001, "2021Q3": 7.167075077702001, "2020Q4": 4.939156911793, "2020Q2": 4.3997707126400005, "2020Q1": 3.1571576468340004, "2020Q3": 6.259087750019001, "2023Q4": 1.9904998, "2023Q2": 2.61581719, "2023Q1": 2.276868875, "2023Q3": 2.69468605, "2018Q4": 5.173581641116, "2018Q2": 3.7970759162160004, "2018Q1": 3.1489802605330004, "2018Q3": 6.000788853425, "2017Q4": 2.366558542592, "2017Q2": 0, "2017Q1": 0, "2017Q3": 2.366558542592, "2015Q4": 0, "2015Q2": 0, "2015Q1": 0, "2015Q3": 0, "2024Q1": 2.9294148}