{"2014Q4": 1.9791069200000002, "2018Q2": 7.3099508, "2018Q1": 2.9298400000000004, "2018Q3": 7.266003200000001, "2018Q4": 9.1411008, "2011Q4": 206.76027372000001, "2015Q2": 5.9387856800000005, "2015Q3": 5.859680000000001, "2015Q4": 6.006172, "2017Q1": 6.5921400000000006, "2017Q4": 2.9298400000000004, "2012Q1": 323.77808332, "2022Q4": 0.4468006, "2016Q2": 4.7609900000000005, "2016Q1": 6.006172, "2016Q3": 6.5921400000000006, "2016Q4": 6.5921400000000006, "2019Q2": 3.67548428, "2019Q1": 9.1411008, "2019Q3": 2.0655372}