{"2023Q3": 6.58, "2023Q2": 7.6, "2023Q1": 6.46, "2022Q3": 10.21, "2022Q2": 6.18, "2022Q1": 7.62, "2022Q4": 9.71, "2017Q3": 13.746076, "2017Q2": 12.12154, "2017Q1": 15.087361, "2017Q4": 11.213466, "2020Q3": 0.68, "2020Q2": 1.32, "2020Q1": 1.07, "2020Q4": 3.32, "2015Q3": 3.523994, "2015Q2": 2.157717, "2015Q1": 8.997433, "2015Q4": 0.374893, "2016Q3": 16.070414, "2016Q2": 0.116633, "2016Q1": 0.116633, "2014Q3": 25.326105, "2014Q2": 53.81797, "2014Q1": 45.153778, "2014Q4": 6.664764, "2018Q3": 7.331241, "2018Q2": 10.655292, "2018Q1": 11.205135, "2018Q4": 7.197946, "2011Q3": 0, "2011Q4": 0, "2012Q3": 44.154064, "2012Q2": 61.149212, "2012Q1": 108.635658, "2012Q4": 73.229095, "2019Q3": 6.14622, "2019Q2": 3.632297, "2019Q1": 8.11435, "2019Q4": 2.594737, "2013Q3": 50.235661, "2013Q2": 40.321823, "2013Q1": 48.319542, "2013Q4": 42.071323, "2021Q3": 3.03, "2021Q2": 3.02, "2021Q1": 2.84, "2021Q4": 5.39}