{"2006Q3": 6.322119, "2006Q2": 5.334045, "2006Q1": 6.466532, "2006Q4": 5.833732, "1994Q3": 0.347663, "1994Q2": 0.496662, "1994Q1": 2.483309, "1994Q4": 0.39733, "2003Q3": 5.640794, "2003Q2": 5.04791, "2003Q1": 3.639809, "2003Q4": 6.109941, "2011Q3": 2.5, "2011Q2": 3.03, "2011Q1": 3.25, "2011Q4": 3.45, "2012Q3": 2.75, "2012Q2": 2.94, "2012Q1": 3.32, "2012Q4": 1.98, "2019Q3": 2.5, "2019Q2": 2.82, "2019Q1": 2.83, "2019Q4": 1.36, "2007Q3": 3.13, "2007Q2": 4.7, "2007Q1": 5.952787, "2007Q4": 2.4, "2009Q3": 3.7, "2009Q2": 2.71, "2009Q1": 2.3, "2009Q4": 2.89, "2021Q3": 2.67, "2021Q2": 2.65, "2021Q1": 2.36, "2021Q4": 2.36, "2001Q3": 2.528923, "2001Q2": 2.958675, "2001Q1": 2.272725, "2001Q4": 2.735846, "1990Q3": 1.191989, "1990Q2": 2.582642, "1990Q1": 2.979972, "1990Q4": 0.893991, "1991Q3": 2.582642, "1991Q2": 1.986648, "1991Q1": 1.489986, "1991Q4": 3.973295, "2014Q3": 2.53, "2014Q2": 2.54, "2014Q1": 2.46, "2014Q4": 2.38, "1992Q3": 3.377301, "1992Q2": 4.072627, "1992Q1": 5.463282, "1992Q4": 2.383977, "1998Q3": 0.943658, "1998Q1": 1.191989, "1998Q4": 1.191989, "1996Q3": 1.092656, "1996Q2": 1.191989, "1996Q1": 1.489986, "1996Q4": 1.092656, "2023Q3": 2.34, "2023Q2": 2.62, "2023Q1": 2.76, "2022Q3": 2.9, "2022Q2": 2.83, "2022Q1": 2.34, "2022Q4": 2.81, "2017Q3": 2.8, "2017Q2": 3.05, "2017Q1": 3.85, "2017Q4": 2.6, "2020Q3": 1.92, "2020Q2": 2.18, "2020Q1": 1.59, "2020Q4": 2.62, "1997Q3": 1.390653, "1997Q2": 1.390653, "1997Q1": 0.595994, "1997Q4": 1.340987, "1993Q3": 2.781307, "1993Q2": 3.079304, "1993Q1": 3.079304, "1993Q4": 2.08598, "2018Q3": 2.71, "2018Q2": 2.78, "2018Q1": 2.89, "2018Q4": 2.78, "2008Q3": 1.45, "2008Q2": 2.28, "2008Q1": 2.6, "2008Q4": 1.95, "2013Q3": 2.45, "2013Q2": 2.99, "2013Q1": 1.82, "2013Q4": 3.23, "2002Q3": 3.516292, "2002Q2": 3.687818, "2002Q1": 3.301883, "2002Q4": 3.188154, "2000Q3": 1.68865, "2000Q2": 2.08598, "2000Q1": 2.433644, "2000Q4": 1.983469, "2005Q3": 5.597179, "2005Q2": 5.571298, "2005Q1": 5.630744, "2005Q4": 6.495401, "1995Q3": 1.191989, "1995Q2": 2.08598, "1995Q1": 1.589318, "1995Q4": 0.993324, "2015Q3": 1.89, "2015Q2": 2.44, "2015Q1": 2.7, "2015Q4": 2.18, "2010Q3": 3.05, "2010Q2": 2.91, "2010Q1": 3, "2010Q4": 3.51, "2016Q3": 3.3, "2016Q2": 2.4, "2016Q1": 2.03, "2016Q4": 4.3, "1999Q3": 3.873962, "1999Q2": 2.234979, "1999Q1": 2.234979, "1999Q4": 3.575966, "2004Q3": 4.641665, "2004Q2": 4.508802, "2004Q1": 5.233219, "2004Q4": 5.232659, "1989Q3": 3.575966, "1989Q2": 3.675299, "1989Q4": 2.681975}