{"2015Q1": 0.89787772432, "2015Q2": 0.781685264968, "2015Q3": 0.9076235016159999, "2015Q4": 0.716544992176, "2020Q1": 0.21106155287199999, "2020Q2": 0.288870154696, "2020Q3": 0.602230930896, "2020Q4": 1.207795192136, "2016Q2": 1.209185413016, "2016Q3": 0.8613675882799999, "2016Q4": 1.0412733134, "2017Q1": 1.256070069576, "2017Q2": 1.204121724216, "2017Q3": 1.569736524312, "2017Q4": 1.0202193322320001, "2023Q1": 3.968383734256, "2021Q1": 1.327796964104, "2021Q2": 1.689264238344, "2021Q3": 1.7215360914720002, "2021Q4": 1.4666997432720001, "2019Q1": 0.6544903921599999, "2019Q2": 0.749786688272, "2019Q3": 0.753109322888, "2019Q4": 0.18450414975200002, "2018Q1": 0.861494191688, "2018Q2": 0.82168789184, "2018Q3": 0.799688233784, "2018Q4": 0.732589255456, "2022Q1": 1.136191455112, "2022Q2": 2.165077392536, "2022Q3": 2.500825960888, "2022Q4": 2.725030348248}