{"2021Q1": 0.140848, "2021Q4": 0.1223617, "2021Q2": 0.114439, "2021Q3": 0.18134180000000003, "2012Q4": 0.262691625844, "2020Q1": 0.0748255, "2020Q4": 0.0915512, "2020Q2": 0.0730649, "2020Q3": 0.123242, "2022Q1": 0.1188405, "2022Q4": 0, "2022Q2": 0.1003542, "2022Q3": 0.0924315, "2018Q4": 0.2156735, "2019Q1": 0.1135587, "2019Q4": 0.049296799999999995, "2019Q2": 0.08626940000000001, "2019Q3": 0.0933118, "2023Q1": 0}