{"2014Q4": 0.444341381132, "2014Q2": 0.608493, "2014Q1": 0.7566067622639999, "2014Q3": 0.4500018, "2016Q4": 0.2858502, "2016Q2": 0.3518882, "2016Q1": 0.4122658, "2016Q3": 0.2650954, "2019Q4": 0.0669814, "2019Q2": 0.09528339999999999, "2019Q1": 0.10849099999999999, "2019Q3": 0.0971702, "2013Q4": 0.34056738113199997, "2013Q2": 0.29717099999999996, "2013Q1": 0.34622780000000003, "2013Q3": 0.40566199999999997, "2011Q4": 0.664153618868, "2021Q4": 0.2518878, "2020Q2": 0.0745286, "2020Q1": 0.08679279999999999, "2023Q1": 0.1632082, "2018Q4": 0.21132159999999997, "2017Q4": 0.3698128, "2017Q2": 0.400945, "2017Q1": 0.5301908, "2017Q3": 0.500002, "2015Q4": 0.33019, "2015Q2": 0.316982381132, "2015Q1": 0.33396361886799997, "2015Q3": 0.44151119999999994, "2022Q4": 0.21226499999999998, "2022Q2": 0.404718618868, "2022Q1": 0.23585, "2022Q3": 0.30094459999999995, "2012Q4": 0.41792619999999997, "2012Q2": 0.547172, "2012Q3": 0.738682237736}