{"2006Q3": 25.379999, "2006Q2": 24.975, "2006Q4": 25.51, "2011Q3": 57.970001, "2011Q2": 51.040001, "2011Q1": 53.639999, "2011Q4": 63.080002, "2012Q3": 67.489998, "2012Q2": 66.559998, "2012Q1": 62.220001, "2012Q4": 75.800003, "2019Q4": 244.149994, "2007Q3": 40.130001, "2007Q2": 31.309999, "2007Q1": 27.35, "2007Q4": 38.419998, "2009Q3": 41.200001, "2009Q2": 36.490002, "2009Q1": 26.65, "2009Q4": 43.619999, "2021Q3": 384.859985, "2021Q2": 372.570007, "2021Q1": 355.48999, "2021Q4": 296.730011, "2014Q3": 77.059998, "2014Q2": 77.959999, "2014Q1": 72.489998, "2014Q4": 85.589996, "2023Q3": 278.75, "2023Q2": 325.37, "2023Q1": 307.98999, "2022Q3": 209.449997, "2022Q2": 282.140015, "2022Q1": 288.709991, "2022Q4": 266.779999, "2017Q3": 148.679993, "2017Q2": 123.389999, "2017Q1": 119.489998, "2020Q3": 329.25, "2020Q2": 312.269989, "2020Q1": 268.070007, "2020Q4": 385.369995, "2008Q3": 28.860001, "2008Q2": 48.459999, "2008Q1": 42.849998, "2008Q4": 20.17, "2013Q3": 84.18, "2013Q2": 88.93, "2013Q1": 73.93, "2013Q4": 83.199997, "2015Q3": 93.389999, "2015Q2": 94.019997, "2015Q1": 84.32, "2015Q4": 84.220001, "2010Q3": 45.75, "2010Q2": 43.959999, "2010Q1": 44.41, "2010Q4": 55.830002, "2016Q3": 83.489998, "2016Q2": 92.800003, "2016Q1": 83.760002, "2016Q4": 104.150002}