{"2021Q1": 0.06144267, "2021Q4": 0.05912616, "2021Q2": 0.0683922, "2021Q3": 0.06210452999999999, "2016Q1": 0.09916868999999999, "2016Q4": 0.10214705999999998, "2016Q2": 0.10104395999999999, "2016Q3": 0.09133667999999999, "2012Q1": 0, "2012Q4": 0.0805263, "2012Q2": 0.08284280999999999, "2012Q3": 0.08526963, "2020Q1": 0.041807489999999996, "2020Q4": 0.06552414, "2020Q2": 0.040483769999999995, "2020Q3": 0.044675549999999994, "2009Q4": 0, "2009Q2": 0, "2009Q3": 0, "2011Q1": 0, "2011Q4": 0, "2011Q2": 0, "2011Q3": 0, "2015Q1": 0.10534605, "2015Q4": 0.09552846, "2015Q2": 0.10104395999999999, "2015Q3": 0.09663155999999999, "2022Q1": 0.053831279999999995, "2022Q4": 0.049970429999999996, "2022Q2": 0.050521979999999994, "2022Q3": 0.05129415, "2018Q1": 0.08560055999999999, "2018Q4": 0.056147789999999996, "2018Q2": 0.07975412999999999, "2018Q3": 0.06717878999999999, "2013Q1": 0.08427683999999999, "2013Q4": 0.08030567999999999, "2013Q2": 0.08339435999999999, "2013Q3": 0.08339435999999999, "2010Q1": 0, "2010Q4": 0, "2010Q2": 0, "2010Q3": 0, "2014Q1": 0.09122636999999999, "2014Q4": 0.10391202, "2014Q2": 0.09166761, "2014Q3": 0.08890986, "2008Q4": 0, "2017Q1": 0.10909659, "2017Q4": 0.09034388999999998, "2017Q2": 0.10490480999999999, "2017Q3": 0.08637273, "2019Q1": 0.05493438, "2019Q4": 0.045006479999999995, "2019Q2": 0.06971592, "2019Q3": 0.07390769999999999, "2023Q1": 0.05129415}