{"2015Q1": 0.9866850832799999, "2015Q2": 1.267740984364, "2015Q3": 1.409607054196, "2015Q4": 1.228501482312, "2020Q1": 0.53727346846, "2020Q2": 1.015014909492, "2020Q3": 0.554831310564, "2020Q4": 0.5939958581239999, "2016Q1": 1.0504139018679999, "2016Q2": 1.068524492076, "2016Q3": 1.065664994716, "2016Q4": 1.068701146936, "2017Q1": 1.29337112808, "2017Q2": 1.2782052257999998, "2017Q3": 1.189737792696, "2017Q4": 0.906031078124, "2023Q1": 1.1226664, "2021Q1": 1.354441208476, "2021Q2": 1.2532658521159998, "2021Q3": 1.214101304556, "2021Q4": 1.02154222402, "2019Q1": 0.77790545444, "2019Q2": 0.613123782208, "2019Q3": 0.616284088124, "2019Q4": 0.632086278096, "2018Q1": 0.610121970372, "2018Q2": 0.729095551524, "2018Q3": 0.750449987236, "2018Q4": 0.6802859788040001, "2014Q4": 0.893996424512, "2022Q1": 1.122717250184, "2022Q2": 0.7594507999999999, "2022Q3": 0.8915292, "2022Q4": 1.01039976}