{"2020Q1": 3.88597252, "2020Q2": 3.68008296, "2020Q3": 4.59809728, "2020Q4": 3.1165876200000002, "2016Q4": 0, "2017Q3": 12.33886564, "2017Q4": 8.91344368, "2023Q1": 3.24854832, "2021Q1": 4.361494059999999, "2021Q2": 4.40779606, "2021Q3": 4.514445, "2021Q4": 4.21564276, "2019Q1": 3.7774715, "2019Q2": 3.59396124, "2019Q3": 5.13520048, "2019Q4": 2.5327194, "2018Q1": 5.98360746, "2018Q2": 5.55037508, "2018Q3": 5.5091662999999995, "2018Q4": 4.8326940800000004, "2022Q1": 3.9106669199999997, "2022Q2": 4.54901716, "2022Q3": 3.7583333399999996, "2022Q4": 2.94110304}