{"2023Q3": 27.5, "2023Q2": 28.46, "2023Q1": 21.75, "2022Q3": 17.01, "2022Q2": 16.969999, "2022Q1": 18.549999, "2022Q4": 23.66, "2020Q3": 15.62, "2020Q2": 14.47, "2020Q1": 11.84, "2020Q4": 18.9, "2019Q4": 0, "2021Q3": 24.02, "2021Q2": 21.719999, "2021Q1": 19.66, "2021Q4": 20.57}