{"2015Q4": 0.09146082, "2010Q1": 1.6338228300000002, "2010Q2": 1.1224737, "2010Q4": 1.52573277, "2012Q4": 0.53213568, "2011Q2": 1.1224737, "2011Q3": 0.8564058600000001, "2020Q1": 0.09146082, "2020Q2": 0.10393275, "2020Q3": 0.201213804, "2020Q4": 0.27022515, "2016Q2": 0.09146082, "2016Q3": 0.09146082, "2016Q4": 0.09146082, "2013Q1": 0.74415849, "2013Q2": 0.5404503, "2013Q3": 0.415731, "2013Q4": 0.32842749000000004, "2017Q1": 0.09146082, "2017Q2": 0.09146082, "2017Q3": 0.09146082, "2017Q4": 0.09146082, "2023Q1": 0.46977602999999996, "2023Q2": 0.415731, "2021Q1": 0.45730410000000005, "2021Q2": 0.26606784, "2021Q3": 0.37415790000000004, "2021Q4": 0.22865205000000002, "2019Q1": 0.09146082, "2019Q2": 0.09146082, "2019Q3": 0.09146082, "2019Q4": 0.09146082, "2018Q1": 0.09146082, "2018Q2": 0.09146082, "2018Q3": 0.09146082, "2018Q4": 0.09146082, "2009Q4": 1.2097772100000002, "2014Q1": 0.415731, "2014Q2": 0.30348363, "2022Q1": 0.38247252000000004, "2022Q2": 0.51966375, "2022Q3": 0.68595615, "2022Q4": 0.49471989}