{"2023Q2": 0.0878128, "2023Q1": 0.08750137376, "2020Q2": 0.04330590268, "2020Q4": 0.06078967852, "2020Q1": 0.032517605479999996, "2020Q3": 0.07477668064, "2022Q2": 0.09396121108, "2022Q4": 0.09454847463999999, "2022Q1": 0.11649450119999999, "2022Q3": 0.0910249242, "2018Q4": 0, "2021Q2": 0.10529308188, "2021Q4": 0.12209519540000001, "2021Q1": 0.08768775951999999, "2021Q3": 0.09745214092, "2019Q4": 0.05249269848, "2019Q3": 0}