{"2020Q4": 0.43944185, "2013Q1": 0.779521143611, "2013Q2": 0.5443895090019999, "2019Q4": 0.38439432999999995, "2012Q4": 0.854178779625, "2012Q3": 0.953810818646, "2012Q2": 0.8103406549319999}