{"2023Q3": 77.2, "2023Q2": 109.58, "2023Q1": 92.050003, "2022Q3": 91.620003, "2022Q2": 99.07, "2022Q1": 104.629997, "2017Q3": 81.5326, "2017Q2": 74.494049, "2017Q1": 70.976624, "2017Q4": 83.334541, "2020Q3": 98.32, "2020Q2": 80.459999, "2020Q1": 65.639999, "2020Q4": 148.770004, "2015Q3": 63.683979, "2015Q2": 61.468369, "2015Q1": 65.637772, "2015Q4": 45.496666, "2016Q3": 53.959644, "2016Q2": 51.581303, "2016Q1": 56.213173, "2016Q4": 60.143757, "2014Q3": 52.454727, "2014Q2": 52.278858, "2014Q1": 53.284035, "2014Q4": 60.863377, "2018Q3": 75.798134, "2018Q2": 96.790665, "2018Q1": 88.645973, "2018Q4": 77.564774, "2011Q4": 23.968445, "2012Q3": 24.94128, "2012Q2": 21.747011, "2012Q1": 23.455221, "2012Q4": 30.019915, "2019Q3": 91.973442, "2019Q2": 86.989548, "2019Q1": 78.960289, "2019Q4": 86.5, "2013Q3": 42.591812, "2013Q2": 41.46854, "2013Q1": 34.968613, "2013Q4": 48.602695, "2021Q3": 177.460007, "2021Q2": 159.649994, "2021Q1": 141.460007, "2021Q4": 130.839996}