{"2016Q4": 0.0493681, "2017Q4": 0.040481842, "2018Q4": 0.047393376}