{"2019Q4": 18, "2021Q4": 18.45, "2021Q2": 17.47, "2021Q3": 17.454544, "2021Q1": 16.82, "2020Q4": 15, "2020Q3": 11, "2023Q2": 15.2, "2023Q3": 16.15, "2023Q1": 16.809999, "2022Q4": 17, "2022Q2": 16.27, "2022Q3": 15.590909, "2022Q1": 18.71}