{"2006Q3": 26.69, "2006Q2": 24.52, "2006Q1": 28.27, "2006Q4": 27.49, "2011Q3": 4.08, "2011Q2": 3.27, "2011Q1": 7.38, "2011Q4": 4.31, "2012Q3": 2.54, "2012Q2": 3.24, "2012Q1": 4.66, "2012Q4": 2.28, "2019Q3": 1.08, "2019Q2": 1.38, "2019Q1": 1.82, "2019Q4": 0.81683, "2007Q3": 12.94, "2007Q2": 18.8, "2007Q1": 26.12, "2007Q4": 13.5, "2009Q3": 5.09, "2009Q2": 8.28, "2009Q1": 6.67, "2009Q4": 5.86, "2021Q3": 2.8, "2021Q2": 2, "2021Q1": 1.81, "2021Q4": 2.82, "2014Q3": 8.25, "2014Q2": 5.37, "2014Q1": 5.08, "2014Q4": 6.94, "2023Q3": 2.84, "2023Q2": 3.04, "2023Q1": 2.86, "2022Q3": 2.29, "2022Q2": 2.61, "2022Q1": 3.38, "2017Q3": 2.31, "2017Q2": 3.17, "2017Q1": 2.73, "2017Q4": 1.83, "2020Q3": 1.1, "2020Q2": 1.21, "2020Q1": 0.68623, "2020Q4": 1.88, "2018Q3": 2.26, "2018Q2": 2.23, "2018Q1": 1.78, "2018Q4": 1.8, "2008Q3": 8.85, "2008Q2": 13.03, "2008Q1": 15.71, "2008Q4": 3.19, "2013Q3": 5.88, "2013Q2": 3.94, "2013Q1": 2.7, "2013Q4": 6.03, "2005Q4": 28.33, "2015Q3": 4.15, "2015Q2": 5.9, "2015Q1": 6.92, "2015Q4": 2.94, "2010Q3": 6.27, "2010Q2": 6.96, "2010Q1": 7.87, "2010Q4": 7.57, "2016Q3": 2.87, "2016Q2": 2.78, "2016Q1": 3.46, "2016Q4": 3.39}