{"2015Q1": 0.703041409066, "2015Q2": 0.830960159066, "2015Q3": 1.225973340934, "2015Q4": 0.9322718295329999, "2012Q2": 0.184203, "2012Q3": 0.19136645, "2012Q4": 0.12791875, "2020Q1": 0.47790445, "2020Q2": 0.5096282999999999, "2020Q3": 0.720438420467, "2020Q4": 0.6027531704669999, "2016Q1": 0.994696159066, "2016Q2": 1.02335, "2016Q3": 1.1911794204669999, "2016Q4": 1.429619909066, "2013Q1": 0.16271265, "2017Q1": 1.802119411401, "2017Q2": 1.8051893385989999, "2017Q3": 2.3281212499999997, "2017Q4": 1.528884838599, "2023Q1": 1.6926208385989998, "2021Q1": 0.730671920467, "2021Q2": 0.6324302999999999, "2021Q3": 0.862684090934, "2021Q4": 0.796166340934, "2019Q1": 0.681551079533, "2019Q2": 0.54749225, "2019Q3": 0.561819170467, "2019Q4": 0.31519179999999997, "2018Q1": 1.1574088295329998, "2018Q2": 0.7777459999999999, "2018Q3": 0.883151090934, "2018Q4": 0.817656670467, "2022Q1": 1.039723579533, "2022Q2": 1.7089945, "2022Q3": 1.487950838599, "2022Q4": 1.037676920467}