{"2017Q2": 0.02034648269, "2017Q4": 0.01977328724, "2017Q1": 0.02177932087, "2017Q3": 0.022925410880000004, "2023Q2": 0.02715863229, "2023Q1": 0.0421246, "2016Q2": 0.024358249060000003, "2016Q4": 0.021492572700000004, "2016Q1": 0.022925410880000004, "2016Q3": 0.022065768149999998, "2015Q2": 0.030991670000000002, "2015Q4": 0.023785053610000002, "2015Q1": 0.03159345, "2015Q3": 0.028370316320000002, "2020Q2": 0.01002986726, "2020Q4": 0.01203590089, "2020Q1": 0.00773738635, "2020Q3": 0.01088950999, "2022Q2": 0.023785053610000002, "2022Q4": 0.02607783541, "2022Q1": 0.03249612, "2022Q3": 0.02493144451, "2018Q2": 0.01404193452, "2018Q4": 0.01117625816, "2018Q1": 0.01776725361, "2018Q3": 0.015188024530000002, "2021Q2": 0.02464499723, "2021Q4": 0.02808356815, "2021Q1": 0.020632929969999998, "2021Q3": 0.02550463996, "2019Q2": 0.01490157725, "2019Q4": 0.01117625816, "2019Q1": 0.014328381800000001, "2019Q3": 0.01232234817, "2013Q4": 0.028520460430000002, "2014Q2": 0.032195230000000005, "2014Q4": 0.03279701, "2014Q1": 0.02922995905, "2014Q3": 0.04031926}