{"2020Q4": 0.00385, "2020Q1": 0.00385, "2020Q3": 0.00385, "2020Q2": 0.00385, "2019Q4": 0.00385, "2019Q1": 0.024640000000000002, "2019Q3": 0.018788, "2019Q2": 0.020636, "2018Q4": 0.024486, "2021Q1": 0.00385, "2021Q3": 0.00385, "2021Q2": 0.00385}