{"2020Q1": 0, "2020Q2": 0, "2020Q3": 0, "2020Q4": 9.80254875, "2023Q1": 8.54811825, "2023Q2": 8.23019775, "2021Q1": 9.414390000000001, "2021Q2": 9.5893695, "2021Q3": 9.8308905, "2021Q4": 9.938096250000001, "2019Q4": 0, "2022Q1": 9.94548975, "2022Q2": 9.196281749999999, "2022Q3": 8.01825075, "2022Q4": 8.4409125}