{"2023Q2": 3.6844275, "2023Q1": 4.85506524645, "2020Q2": 0, "2020Q4": 0, "2020Q1": 0, "2020Q3": 0, "2022Q2": 6.6541500000000005, "2022Q4": 5.03990274645, "2022Q1": 7.122404876775, "2022Q3": 5.90247774645, "2021Q2": 6.9006, "2021Q4": 7.65227225355, "2021Q1": 0, "2021Q3": 6.777375, "2019Q4": 0}