{"2020Q4": 0, "2023Q1": 3.5405215, "2023Q2": 3.331082399466, "2021Q1": 0, "2021Q2": 5.040723537139001, "2021Q3": 4.750273016166, "2021Q4": 4.881443852426, "2022Q1": 4.497299563535, "2022Q2": 4.054624470269, "2022Q3": 3.686022372632, "2022Q4": 3.4823212107869996}