{"2006Q1": 295.402562567172, "2006Q3": 282.115194130944, "2010Q1": 262.061941450728, "2010Q3": 337.75867204851596, "2012Q1": 259.503101365104, "2012Q3": 218.99375035002, "2007Q1": 303.451710902076, "2007Q3": 265.66811489328, "2011Q1": 365.965486609572, "2011Q3": 228.62739121964398, "2008Q1": 221.733348310164, "2008Q3": 172.072107282144, "2013Q1": 228.785406055524, "2013Q3": 225.12734708998798, "2009Q1": 121.01005387360799, "2009Q3": 219.862497920388, "2014Q1": 249.88362469932, "2014Q3": 257.321372255016}