{"2020Q1": 0.51045312, "2020Q2": 1.8344409000000002, "2020Q3": 2.60012058, "2020Q4": 2.24918406, "2016Q4": 5.981872500000001, "2017Q1": 5.4235644, "2017Q2": 3.722054, "2017Q3": 2.4990934, "2017Q4": 2.1587913199999997, "2023Q1": 3.1105736999999998, "2023Q2": 3.6422957, "2021Q1": 3.987915, "2021Q2": 4.0942594, "2021Q3": 3.6688818000000003, "2021Q4": 2.5256795000000003, "2019Q1": 1.4462838400000002, "2019Q2": 1.08471288, "2019Q3": 0.90126879, "2019Q4": 0.78163134, "2018Q1": 2.32894236, "2018Q2": 1.89824754, "2018Q3": 1.9354680800000001, "2018Q4": 1.1166162000000002, "2022Q1": 2.53099672, "2022Q2": 2.0737158, "2022Q3": 1.6749243, "2022Q4": 1.44096662}