{"2014Q2": 4.77225606, "2014Q1": 4.1737553, "2014Q4": 4.53600576, "2014Q3": 4.63050588, "2013Q2": 4.63050588, "2013Q1": 4.47300568, "2013Q4": 3.6540046399999997, "2013Q3": 3.57525454, "2011Q2": 7.70175978, "2011Q1": 8.12701032, "2011Q4": 5.93775754, "2011Q3": 6.300008, "2015Q2": 2.39400304, "2015Q1": 3.1657540199999996, "2015Q4": 3.1657540199999996, "2015Q3": 2.94525374, "2010Q4": 8.37901064, "2012Q2": 10.01701272, "2012Q1": 4.92975626, "2012Q4": 4.5675058, "2012Q3": 7.465509480000001}