{"2022Q3": 0.152119575, "2022Q4": 0.12845653, "2022Q1": 0.22310871000000002, "2022Q2": 0.23325001499999998, "2021Q3": 0.41917393999999997, "2021Q4": 0.16902175, "2021Q1": 0.65580439, "2021Q2": 0.571293515}