{"2017Q2": 0.0041, "2017Q4": 0.0041, "2017Q1": 0.0041, "2017Q3": 0.0041, "2023Q2": 0.0041, "2023Q1": 0.0041, "2016Q2": 0.014022, "2016Q4": 0.0041, "2016Q1": 0.014186, "2016Q3": 0.005576, "2015Q2": 0.014596, "2015Q4": 0.013940000000000001, "2015Q1": 0.007626, "2015Q3": 0.017548, "2020Q2": 0.0041, "2020Q4": 0.0041, "2020Q1": 0.0041, "2020Q3": 0.0041, "2022Q4": 0.0041, "2018Q2": 0.0041, "2018Q4": 0.0041, "2018Q1": 0.0041, "2018Q3": 0.0041, "2021Q1": 0.0041, "2021Q3": 0.0041, "2019Q2": 0.0041, "2019Q4": 0.0041, "2019Q1": 0.0041, "2019Q3": 0.0041, "2013Q4": 0.014842000000000001, "2014Q4": 0.008282, "2014Q3": 0.011234000000000001}