{"2020Q2": 1.80620116, "2020Q3": 2.26155612, "2020Q4": 2.08721936, "2023Q1": 5.35350972, "2021Q1": 2.06235716, "2021Q2": 4.1052766, "2021Q3": 4.071524279999999, "2019Q1": 10.221980519999999, "2019Q2": 6.5364984, "2019Q3": 5.90936824, "2019Q4": 2.20128412, "2018Q4": 15.347963440000001, "2022Q1": 3.868709, "2022Q2": 4.87811432, "2022Q3": 5.19589844, "2022Q4": 4.20141044}