{"2017Q2": 0.05791213611, "2017Q4": 0.045070762284, "2017Q1": 0.051869113434, "2017Q3": 0.049099425264, "2023Q2": 0.3300102, "2023Q1": 0.380781, "2016Q2": 0.06725314533599999, "2016Q4": 0.07251607467, "2016Q1": 0.072893724804, "2016Q3": 0.063782002152, "2015Q2": 0.119320095654, "2015Q4": 0.084608776638, "2015Q1": 0.09675774957599999, "2015Q3": 0.091984955904, "2020Q2": 0.041042071097999996, "2020Q4": 0.146039300982, "2020Q1": 0.021150522954000002, "2020Q3": 0.15988782645, "2022Q2": 0.37370030679, "2022Q4": 0.4833088509959999, "2022Q1": 0.665568435582, "2022Q3": 0.47497598062199997, "2018Q2": 0.039279534569999996, "2018Q4": 0.019639753182, "2018Q1": 0.038524149684, "2018Q3": 0.029207848914000002, "2021Q2": 0.32147379512999996, "2021Q4": 0.608393068398, "2021Q1": 0.176547079818, "2021Q3": 0.44956485674999996, "2019Q2": 0.020143343105999998, "2019Q4": 0.031725770327999996, "2019Q1": 0.020143343105999998, "2019Q3": 0.019387986426, "2013Q4": 0.19091214176399998, "2014Q2": 0.129082671756, "2014Q4": 0.082439340354, "2014Q1": 0.16162446987, "2014Q3": 0.11389644853199998}