{"2015Q1": 0, "2015Q2": 0, "2015Q4": 0, "2012Q4": 0, "2011Q4": 0, "2020Q1": 4.754592339048, "2020Q2": 4.819250409, "2020Q3": 6.023360244287999, "2020Q4": 7.884342857999999, "2016Q1": 0, "2016Q2": 0, "2016Q3": 0, "2016Q4": 0, "2013Q1": 0, "2013Q4": 0, "2017Q1": 0, "2017Q2": 0, "2017Q3": 0, "2017Q4": 0, "2023Q1": 7.479451861084, "2021Q1": 9.063152931712, "2021Q2": 8.352436013384, "2021Q3": 9.540409463371999, "2021Q4": 8.88115458108, "2019Q1": 0, "2019Q2": 0, "2019Q3": 0, "2019Q4": 2.948743417568, "2018Q1": 0, "2018Q2": 0, "2018Q3": 0, "2018Q4": 0, "2014Q1": 0, "2014Q2": 0, "2014Q3": 0, "2014Q4": 0, "2022Q1": 8.435077947724, "2022Q2": 9.7978377761, "2022Q3": 8.027280278804, "2022Q4": 6.075054941632}