{"2016Q4": 0.1431, "2016Q3": 0.371, "2019Q2": 0.33574, "2019Q4": 0.198, "2019Q3": 0.3208, "2019Q1": 0.2495, "2021Q2": 0.5537, "2021Q4": 0.2748, "2021Q3": 0.4, "2021Q1": 0.6548, "2020Q2": 0.1853, "2020Q4": 0.31816, "2020Q3": 0.19482, "2020Q1": 0.1068, "2023Q2": 0.201, "2023Q3": 0.2755, "2023Q1": 0.2491, "2018Q2": 0.135, "2018Q4": 0.26, "2018Q3": 0.2843, "2018Q1": 0.0982, "2017Q2": 0.104, "2017Q4": 0.066, "2017Q3": 0.08, "2017Q1": 0.1369, "2022Q2": 0.336, "2022Q4": 0.3377, "2022Q3": 0.379, "2022Q1": 0.3645}