{"2023Q1": 2.31805144, "2023Q2": 2.6162944599999998, "2022Q3": 1.60760262, "2022Q1": 2.20530103, "2022Q2": 1.86462506, "2016Q3": 0.7116611899999999, "2016Q1": 0.60982211, "2016Q2": 0.7225725199999999, "2016Q4": 0.65710454}