{"2016Q2": 308.665314384336, "2016Q1": 338.996499729966, "2015Q2": 240.888941025642, "2015Q4": 285.404252082534, "2015Q1": 190.761253830459, "2015Q3": 264.10149385541996, "2022Q2": 7.901595, "2022Q4": 8.023158, "2022Q1": 8.995662000000001, "2022Q3": 7.536906, "2018Q2": 50.570208, "2018Q1": 124.602075, "2020Q2": 9.117225, "2020Q4": 7.050654000000001, "2020Q1": 7.050654000000001, "2020Q3": 6.07815, "2021Q2": 10.454418, "2021Q4": 8.266284, "2021Q1": 7.658469, "2021Q3": 9.603477, "2019Q2": 18.477576, "2019Q1": 51.664275, "2014Q4": 170.743098261411}