{"2017Q2": 0.020830990000000004, "2017Q4": 0.022093210000000002, "2017Q1": 0.017882540000000002, "2017Q3": 0.02329003, "2023Q2": 0.045685170000000004, "2023Q1": 0.044028370000000004, "2016Q2": 0.01684159, "2016Q4": 0.018738190000000002, "2016Q1": 0.01981402, "2016Q3": 0.017977370000000003, "2015Q2": 0.015190240000000002, "2015Q4": 0.01890605, "2015Q1": 0.01229738, "2015Q3": 0.01651132, "2020Q2": 0.030550519999999998, "2020Q4": 0.03004367, "2020Q1": 0.02718896, "2020Q3": 0.030381570000000004, "2022Q2": 0.04544864, "2022Q4": 0.0426081, "2022Q1": 0.04076055, "2022Q3": 0.044974490000000006, "2018Q2": 0.02616763, "2018Q4": 0.02903433, "2018Q1": 0.022093210000000002, "2018Q3": 0.02492176, "2021Q2": 0.031225230000000007, "2021Q4": 0.039319570000000005, "2021Q1": 0.031225230000000007, "2021Q3": 0.03684963, "2019Q2": 0.027289240000000003, "2019Q4": 0.0311958, "2019Q1": 0.02691537, "2019Q3": 0.02919238, "2014Q2": 0.009964780000000001, "2014Q4": 0.016637759999999998, "2014Q1": 0.00890639, "2014Q3": 0.01410569}