{"2015Q1": 2.033558606787, "2015Q2": 2.222653661304, "2015Q3": 2.418051531888, "2015Q4": 2.393626798065, "2012Q4": 1.8975417023370003, "2020Q1": 7.830309772209001, "2020Q2": 11.267253346806001, "2020Q3": 13.321181009655001, "2020Q4": 12.616975152495002, "2016Q1": 2.295927862773, "2016Q2": 2.3761116781350005, "2016Q3": 2.452760431611, "2016Q4": 2.358227161218, "2013Q1": 2.361614528385, "2013Q2": 1.9594184208810002, "2013Q3": 2.196214384329, "2013Q4": 2.079680047248, "2017Q1": 3.09150036429, "2017Q2": 3.212144202804, "2017Q3": 3.132504390984, "2017Q4": 3.451063638264, "2023Q1": 15.539695374279, "2023Q2": 15.442268120379001, "2021Q1": 11.94211440984, "2021Q2": 12.161190531177, "2021Q3": 12.281597929989003, "2021Q4": 15.532607950041003, "2019Q1": 3.9009382281690006, "2019Q2": 4.63485250962, "2019Q3": 5.728792371942001, "2019Q4": 7.139399643549, "2018Q1": 3.451063638264, "2018Q2": 2.9257039114110004, "2018Q3": 3.0371592802050005, "2018Q4": 3.2043420130170004, "2014Q1": 1.9922803356690002, "2014Q2": 1.736802111594, "2014Q3": 1.7998161755880002, "2014Q4": 1.940061762459, "2022Q1": 15.592812290205, "2022Q2": 11.90340621906, "2022Q3": 12.742549623819002}