{"2017Q2": 0.148497442302, "2017Q4": 0.122052687647, "2017Q1": 0.159197889598, "2017Q3": 0.141377694722, "2023Q2": 0.11803417999999999, "2023Q1": 0.108293641038, "2016Q2": 0.106457467963, "2016Q4": 0.148454492692, "2016Q1": 0.110397275857, "2016Q3": 0.13966440697000002, "2015Q4": 0.10567946204199999, "2020Q2": 0.094077227431, "2020Q4": 0.09090606306099999, "2020Q1": 0.060921179076999996, "2020Q3": 0.081921159144, "2022Q2": 0.117710482076, "2022Q4": 0.102408123114, "2022Q1": 0.12394253228499999, "2022Q3": 0.115944820519, "2018Q2": 0.097795736687, "2018Q4": 0.10296557197299999, "2018Q1": 0.119001349599, "2018Q3": 0.104688840102, "2021Q2": 0.126175726611, "2021Q4": 0.115009724082, "2021Q1": 0.13213092178000002, "2021Q3": 0.11165993259299999, "2019Q2": 0.11405540846699999, "2019Q4": 0.07695303253, "2019Q1": 0.118475016033, "2019Q3": 0.10672653645499999}