{"2011Q3": 8.84, "2011Q2": 9.83, "2011Q1": 9.46, "2011Q4": 11.18, "2012Q3": 19.02, "2012Q2": 15.79, "2012Q1": 17.469999, "2012Q4": 24.26, "2019Q3": 66.980003, "2019Q2": 62.169998, "2019Q1": 59.290001, "2019Q4": 50.93, "2007Q3": 6.57, "2007Q2": 10.62, "2007Q1": 11.6, "2007Q4": 5.49, "2009Q3": 5.85, "2009Q2": 3.91, "2009Q1": 2.71, "2009Q4": 7.15, "2021Q3": 127.459999, "2021Q2": 102.400002, "2021Q1": 107.040001, "2021Q4": 107.089996, "2014Q3": 30.16, "2014Q2": 29.639999, "2014Q1": 35.18, "2014Q4": 38.759998, "2023Q3": 87.08, "2023Q2": 79.89, "2023Q1": 64.559998, "2022Q3": 82.489998, "2022Q2": 102.699997, "2022Q1": 110.150002, "2022Q4": 88.949997, "2017Q3": 61.009998, "2017Q2": 48.41, "2017Q1": 51.950001, "2017Q4": 76.980003, "2020Q3": 78.589996, "2020Q2": 72.480003, "2020Q1": 53.889999, "2020Q4": 95.639999, "2018Q3": 68.870003, "2018Q2": 91.459999, "2018Q1": 84.75, "2018Q4": 64.919998, "2008Q3": 5.91, "2008Q2": 8.97, "2008Q1": 8.12, "2008Q4": 2.42, "2013Q3": 33.459999, "2013Q2": 30.59, "2013Q1": 25.299999, "2013Q4": 34.169998, "2015Q3": 46.919998, "2015Q2": 38.689999, "2015Q1": 32.84, "2015Q4": 33.009998, "2010Q3": 5.25, "2010Q2": 5.03, "2010Q1": 7.13, "2010Q4": 8.15, "2016Q3": 34.93, "2016Q2": 35.759998, "2016Q1": 36.080002, "2016Q4": 47.580002}