{"2021Q3": 0.72, "2021Q1": 0.95, "2021Q2": 1.5, "2021Q4": 0.13255, "2020Q4": 0.83, "2023Q3": 0.00055, "2023Q1": 0.0004, "2023Q2": 0.0005, "2022Q3": 0.00245, "2022Q1": 0.03, "2022Q2": 0.01795, "2022Q4": 0.0016}