{"2017Q2": 0.05274522, "2017Q4": 0.05979672, "2017Q1": 0.058950539999999996, "2017Q3": 0.0691047, "2023Q2": 0.04118076, "2023Q1": 0.0451296, "2016Q2": 0.061771139999999995, "2016Q4": 0.05471963999999999, "2016Q1": 0.07418177999999999, "2016Q3": 0.05697612, "2015Q2": 0.04456548, "2015Q4": 0.06289937999999999, "2015Q1": 0.03892427999999999, "2015Q3": 0.05443757999999999, "2020Q2": 0.031872779999999996, "2020Q4": 0.03553956, "2020Q1": 0.01875896442, "2020Q3": 0.031872779999999996, "2022Q2": 0.05246316, "2022Q4": 0.04738608, "2022Q1": 0.058950539999999996, "2022Q3": 0.05020668, "2018Q2": 0.05951465999999999, "2018Q4": 0.040616639999999996, "2018Q1": 0.06374555999999999, "2018Q3": 0.05725817999999999, "2021Q2": 0.07164324, "2021Q4": 0.05697612, "2021Q1": 0.06600204, "2021Q3": 0.06600204, "2019Q2": 0.04259106, "2019Q4": 0.0272568681, "2019Q1": 0.046257839999999995, "2019Q3": 0.03271896, "2013Q4": 0.02685577878, "2014Q2": 0.034129259999999995, "2014Q4": 0.03159072, "2014Q1": 0.03694986, "2014Q3": 0.034129259999999995}