{"2017Q2": 0.36357533999999997, "2017Q4": 0.39883283999999997, "2017Q1": 0.3469338, "2017Q3": 0.37034478, "2023Q2": 0.66227688, "2023Q1": 0.74830518, "2016Q2": 0.31280453999999996, "2016Q4": 0.36329328, "2016Q1": 0.29080386, "2016Q3": 0.32690754, "2015Q2": 0.28798326, "2015Q4": 0.28798326, "2015Q1": 0.29221415999999995, "2015Q3": 0.26429021999999996, "2020Q2": 0.35116469999999994, "2020Q4": 0.45862956, "2020Q1": 0.32239458, "2020Q3": 0.37203714, "2022Q2": 0.80274276, "2022Q4": 0.89751492, "2022Q1": 1.21342212, "2022Q3": 0.84702618, "2018Q2": 0.38162717999999995, "2018Q4": 0.41378202, "2018Q1": 0.38698632, "2018Q3": 0.4245003, "2021Q2": 0.86366772, "2021Q4": 1.0921363199999998, "2021Q1": 0.479502, "2021Q3": 0.85153914, "2019Q2": 0.46427076, "2019Q4": 0.48711762, "2019Q1": 0.43747505999999997, "2019Q3": 0.51109272, "2013Q4": 0.20816027999999998, "2014Q2": 0.29136797999999997, "2014Q4": 0.26203373999999996, "2014Q1": 0.22875065999999997, "2014Q3": 0.27472644}