{"2022Q4": 0.79508, "2020Q3": 3.4188440000000004, "2020Q1": 1.5226273504, "2020Q2": 4.62561281, "2019Q3": 0, "2019Q4": 0, "2019Q1": 0, "2019Q2": 0, "2018Q4": 0, "2021Q3": 5.486052}