{"2023Q2": 0.08004960000000001, "2023Q1": 0.09072288, "2020Q2": 0.10296133721600001, "2020Q4": 0.10439802000000001, "2020Q1": 0.126426958368, "2020Q3": 0.11014469184, "2022Q2": 0.113492336464, "2022Q4": 0.094086919968, "2022Q1": 0.13172167609600002, "2022Q3": 0.11055211465600001, "2018Q2": 0.079820094832, "2018Q4": 0.08364379739200001, "2018Q3": 0.093203113088, "2021Q2": 0.11462945585600001, "2021Q4": 0.09850067702399999, "2021Q1": 0.119813675488, "2021Q3": 0.100804800992, "2019Q2": 0.10706405710400001, "2019Q4": 0.15294869536000003, "2019Q1": 0.08173194611199999, "2019Q3": 0.13860973664}