{"2020Q2": 1.672988330288, "2020Q4": 2.515414913216, "2023Q1": 3.3477998819840002, "2021Q1": 2.5088232006160003, "2021Q2": 2.409692230384, "2021Q3": 2.017026596328, "2021Q4": 2.305652554704, "2019Q1": 1.8383300101120001, "2019Q2": 1.675175969216, "2019Q3": 1.789129167824, "2019Q4": 1.1403741147039999, "2018Q4": 2.12792990956, "2022Q1": 2.188188345192, "2022Q2": 3.595837461784, "2022Q3": 3.3031531830320002, "2022Q4": 2.675972112248}