{"2023Q2": 0.44226, "2023Q1": 0.40643074836000004, "2022Q4": 0.5816164138200001, "2022Q3": 0.72877237056}