{"2020Q1": 11.63501476, "2020Q2": 13.88121438, "2020Q3": 15.08495126, "2020Q4": 15.46901648, "2023Q1": 21.527603759999998, "2023Q2": 25.632612539999997, "2023Q3": 24.28755296, "2021Q1": 19.52913452, "2021Q2": 19.37949872, "2021Q3": 19.682095559999997, "2021Q4": 23.3016193, "2022Q1": 18.30877144, "2022Q2": 15.5039315, "2022Q3": 17.00195212, "2022Q4": 20.14596654}