{"2010Q2": 22.441218258899998, "2010Q4": 22.400429033325, "2016Q2": 41.933449693625, "2016Q4": 42.843225846855, "2017Q4": 47.47693299118, "2021Q4": 63.83254093005999, "2019Q4": 75.271010531185, "2012Q2": 20.972955754799997, "2012Q4": 25.032980488914998, "2020Q4": 61.573029790054996, "2018Q4": 56.538105783949995, "2011Q2": 24.078895379595, "2011Q4": 20.125645778874997, "2013Q2": 24.660971281065, "2013Q4": 29.648405731525, "2015Q2": 36.572155776695, "2015Q4": 39.51305083642, "2009Q4": 23.673428159569998, "2014Q2": 32.34423628128, "2014Q4": 35.032476282195, "2022Q4": 56.78858516803499}