{"2023Q2": 2.8259168, "2023Q1": 3.1803871999999997, "2022Q3": 2.0972831999999997, "2022Q2": 2.4517536, "2022Q1": 1.9988191999999998, "2022Q4": 2.3729824, "2017Q3": 1.1027968000000001, "2017Q2": 0.9944864, "2017Q1": 1.5064992, "2017Q4": 1.0535648, "2020Q3": 0.1280032, "2020Q2": 0.17723519999999998, "2020Q1": 0.13784960000000002, "2020Q4": 0.1673888, "2015Q3": 1.2504928, "2015Q2": 2.0086656, "2015Q1": 2.067744, "2015Q4": 1.5163456, "2010Q4": 14.8582176, "2016Q3": 1.2701856, "2016Q2": 1.4080351999999998, "2016Q1": 1.0141792, "2016Q4": 2.018512, "2014Q3": 5.6419872, "2014Q2": 7.5423424, "2014Q1": 7.8377343999999995, "2014Q4": 2.5502176, "2018Q3": 1.5655776000000001, "2018Q2": 1.772352, "2018Q1": 1.1717216, "2018Q4": 0.9747935999999999, "2011Q3": 10.5553408, "2011Q2": 14.966527999999998, "2011Q1": 16.581337599999998, "2011Q4": 12.2981536, "2012Q3": 12.9775552, "2012Q2": 11.027968, "2012Q1": 10.919657599999999, "2012Q4": 10.289487999999999, "2019Q3": 0.6301696, "2019Q2": 0.7286336, "2019Q1": 0.8369439999999999, "2019Q4": 0.5809375999999999, "2013Q3": 7.729423999999999, "2013Q2": 6.410006399999999, "2013Q1": 8.9503776, "2013Q4": 6.3804672, "2021Q3": 0.9058688, "2021Q2": 0.9649471999999999, "2021Q1": 0.5218592, "2021Q4": 1.1717216}