{"2021Q3": 1.97519256, "2021Q1": 2.0101075799999997, "2021Q2": 2.04335998, "2021Q4": 2.327668, "2020Q3": 1.59777782, "2020Q1": 1.09400396, "2020Q2": 1.41655224, "2020Q4": 1.7291248, "2023Q3": 1.93362706, "2023Q1": 1.88042322, "2023Q2": 2.06497404, "2022Q3": 1.3450595799999998, "2022Q1": 1.77401554, "2022Q2": 1.3450595799999998, "2022Q4": 1.73910052}