{"2021Q3": 2.09771192064, "2021Q1": 3.6868751088400002, "2021Q2": 3.2736366844, "2021Q4": 1.29222524348, "2020Q3": 1.50978323716, "2020Q1": 0.51299242812, "2020Q2": 0.80911037844, "2020Q4": 1.34295649976, "2023Q1": 1.43630499924, "2023Q2": 1.4827296, "2022Q3": 1.30527326396, "2022Q1": 1.44298458376, "2022Q2": 1.31535301704, "2022Q4": 1.2498371494, "2019Q4": 0.69650212008}