{"2015Q1": 16.543069, "2015Q2": 14.019211839999999, "2015Q3": 16.35851818, "2015Q4": 17.18484032, "2010Q1": 7.31885324, "2010Q2": 7.00461806, "2010Q3": 8.45109746, "2010Q4": 9.6182567, "2012Q1": 9.305684139999999, "2012Q2": 9.67811102, "2012Q3": 9.99068358, "2012Q4": 10.28662994, "2011Q1": 9.674785779999999, "2011Q2": 9.15106048, "2011Q3": 7.549957419999999, "2011Q4": 8.3796048, "2020Q1": 23.34152218, "2020Q2": 19.783515379999997, "2020Q3": 22.1045329, "2020Q4": 26.05658064, "2016Q1": 18.15414778, "2016Q2": 18.102606559999998, "2016Q3": 19.840044459999998, "2016Q4": 18.87239962, "2013Q1": 10.85358336, "2013Q2": 10.379736659999999, "2013Q3": 10.4661929, "2013Q4": 10.74717568, "2017Q1": 18.0893056, "2017Q2": 19.178321699999998, "2017Q3": 19.38282396, "2017Q4": 17.78670876, "2023Q1": 27.4415431, "2023Q2": 30.29958688, "2021Q1": 24.339094179999996, "2021Q2": 30.329514039999996, "2021Q3": 28.603714479999997, "2021Q4": 31.077693039999996, "2019Q1": 23.16694708, "2019Q2": 24.47875426, "2019Q3": 31.72944008, "2019Q4": 32.9697546, "2018Q1": 17.41261926, "2018Q2": 20.47017744, "2018Q3": 22.82112212, "2018Q4": 21.517628039999998, "2009Q4": 7.21078294, "2014Q1": 12.010766879999998, "2014Q2": 13.733241199999998, "2014Q3": 13.039928660000001, "2014Q4": 14.451493039999999, "2022Q1": 30.740181179999997, "2022Q2": 21.397919399999996, "2022Q3": 21.95822234, "2022Q4": 27.2919073}