{"2020Q1": 65.25346675, "2020Q2": 87.642682708576, "2020Q3": 92.199548361192, "2020Q4": 101.562031225472, "2023Q1": 100.909288177144, "2021Q1": 128.731823868096, "2021Q2": 135.97378965952, "2021Q3": 129.888926375, "2019Q1": 56.472430979288, "2019Q2": 56.929243225472, "2019Q3": 57.865363762264, "2019Q4": 57.189358142624, "2018Q4": 50.12646620476001, "2022Q1": 115.39999802761601, "2022Q2": 130.056700770712, "2022Q3": 119.124961597384}