{"2021Q3": 31.975617789999994, "2021Q1": 19.9782822936, "2021Q2": 26.19529047347, "2021Q4": 30.423196314945997, "2018Q3": 11.073559656999999, "2018Q1": 8.7728926292, "2018Q2": 10.048215155, "2018Q4": 9.85103352, "2020Q3": 14.3883036648, "2020Q1": 10.61220292048, "2020Q2": 11.669193062839998, "2020Q4": 18.9807041851, "2015Q4": 0, "2017Q3": 7.6296415577, "2017Q1": 9.147618218, "2017Q2": 8.049034823, "2017Q4": 7.9530194391, "2023Q1": 20.619566064822997, "2022Q3": 30.63961161, "2022Q1": 23.20304709, "2022Q2": 26.221134949646, "2022Q4": 24.74830725, "2016Q3": 0, "2016Q1": 0, "2016Q2": 0, "2016Q4": 9.60359068865, "2019Q3": 11.4586674625, "2019Q1": 10.710294747719999, "2019Q2": 10.2728412543, "2019Q4": 13.089593787442999}