{"2021Q4": 0.06465219600000001, "2021Q3": 0.10467498400000001, "2021Q2": 0.12391670900000001}