{"2023Q1": 22.469999, "2023Q2": 23.450001, "2023Q3": 15.14, "2021Q4": 34.785, "2022Q1": 32.23, "2022Q2": 14, "2022Q3": 12.02}