{"2020Q4": 0.017524690159, "2020Q1": 0.021405055681000002, "2020Q3": 0.017524690159, "2020Q2": 0.01664836035, "2014Q4": 0.06269416228500001, "2014Q1": 0.028497359822000003, "2014Q3": 0.079792636825, "2014Q2": 0.068393751543, "2016Q4": 0.045595834361999994, "2016Q1": 0.059274467377, "2016Q3": 0.045595834361999994, "2016Q2": 0.045595834361999994, "2017Q4": 0.043036781244000004, "2017Q1": 0.045595834361999994, "2017Q3": 0.041873668583, "2017Q2": 0.040710555922, "2013Q4": 0.028497359822000003, "2015Q4": 0.012538832457, "2015Q1": 0.06269416228500001, "2015Q3": 0.06269416228500001, "2015Q2": 0.10259055400599999, "2018Q4": 0.020215845194, "2018Q3": 0.023783476655, "2018Q2": 0.037221071322, "2019Q4": 0.021405055681000002, "2019Q1": 0.026161751012000002, "2019Q3": 0.020215845194, "2019Q2": 0.026161751012000002, "2022Q4": 0.019421181053999998, "2022Q3": 0.019421181053999998, "2022Q2": 0.018866235709000003, "2021Q4": 0.02304379389, "2021Q1": 0.017524690159, "2021Q3": 0.02304379389, "2021Q2": 0.022531660709, "2023Q1": 0.019421181053999998, "2023Q2": 0.02492489}