{"2020Q4": 3.516258312784, "2023Q1": 4.612999687216, "2021Q1": 4.671143687216, "2021Q2": 5.215516625568, "2021Q3": 4.761266625568, "2021Q4": 3.7808136872160003, "2022Q1": 4.066446, "2022Q2": 4.382604, "2022Q3": 4.455284, "2022Q4": 3.599840312784}