{"2021Q3": 51, "2021Q1": 56.5, "2021Q2": 46.5, "2021Q4": 30, "2016Q3": 14.549973, "2016Q1": 8.530477, "2016Q2": 12.318589, "2016Q4": 33.114876, "2020Q3": 28.5, "2020Q1": 45.099998, "2020Q2": 39.5, "2020Q4": 45, "2015Q3": 0.115034, "2015Q1": 0.012496, "2015Q2": 0.019864, "2015Q4": 3.113857, "2022Q1": 33.990002, "2022Q2": 24, "2018Q3": 550, "2018Q1": 415.83197, "2018Q2": 550, "2018Q4": 338, "2013Q4": 0.009718, "2014Q3": 0.009159, "2014Q1": 0.009908, "2014Q2": 0.011453, "2014Q4": 0.006126, "2017Q3": 180.072693, "2017Q1": 45.631222, "2017Q2": 71.553642, "2017Q4": 234.436646, "2019Q1": 369, "2019Q2": 321, "2019Q4": 166}