{"2011Q3": 1.274176, "2011Q2": 1.45491, "2011Q1": 1.545277, "2011Q4": 1.852525, "2012Q3": 3.309778, "2012Q2": 3.282604, "2012Q1": 3.072481, "2012Q4": 3.724404, "2019Q3": 2.77, "2019Q2": 2.71, "2019Q1": 3.47, "2019Q4": 3.33, "2009Q3": 1.084405, "2009Q2": 1.278694, "2009Q1": 1.021148, "2009Q4": 1.238029, "2021Q3": 3.58, "2021Q2": 3.67, "2021Q1": 3.69, "2021Q4": 3, "2014Q3": 4.3, "2014Q2": 5, "2014Q1": 4.107149, "2014Q4": 4.5, "2023Q3": 1.66, "2023Q2": 1.65, "2023Q1": 1.66, "2022Q3": 1.62, "2022Q2": 2.05, "2022Q1": 2.86, "2017Q3": 4.6, "2017Q2": 4.7, "2017Q1": 4.8, "2017Q4": 4.15, "2020Q3": 2.64, "2020Q2": 2.97, "2020Q1": 2.44, "2020Q4": 4.81, "2018Q3": 3.6, "2018Q2": 3.76, "2018Q1": 3.95, "2018Q4": 3.71, "2013Q3": 3.908416, "2013Q2": 3.709683, "2013Q1": 3.584555, "2013Q4": 4.813756, "2015Q3": 3.16, "2015Q2": 3.28, "2015Q1": 4.4, "2015Q4": 3.28, "2010Q3": 1.283213, "2010Q2": 1.106997, "2010Q1": 1.116033, "2010Q4": 1.635644, "2016Q3": 5.25, "2016Q2": 4.68, "2016Q1": 4.19, "2016Q4": 5.1}