{"2016Q1": 84.494205480094, "2016Q2": 91.855418195909, "2016Q3": 83.534000054897, "2016Q4": 81.933746287197, "2017Q1": 99.536799664691, "2017Q2": 101.137053432391, "2017Q3": 100.016838190788, "2017Q4": 94.864022355491, "2021Q1": 235.998854, "2021Q2": 213.955005, "2021Q3": 231.78458875, "2021Q4": 188.021065, "2019Q1": 150.42540890350298, "2019Q2": 128.02159292621198, "2019Q3": 134.76455218270002, "2019Q4": 92.132264302106, "2020Q1": 111.958249236791, "2020Q2": 118.566860310503, "2020Q3": 181.41373895301498, "2020Q4": 213.80912269740898, "2018Q1": 100.240904838994, "2018Q2": 126.357291403591, "2018Q3": 133.142385532397, "2018Q4": 147.2247729951, "2013Q2": 90.415184618191, "2013Q4": 128.02159292621198, "2015Q1": 89.615116085706, "2015Q2": 81.933746287197, "2015Q3": 86.574627443591, "2015Q4": 80.33349122279999, "2014Q2": 81.773731284003, "2014Q3": 76.172776965506, "2014Q4": 96.656310465406, "2022Q1": 142.31249575, "2022Q2": 83.24794350990899, "2022Q3": 81.0435625, "2022Q4": 82.988608}