{"2020Q4": 0.01240782564, "2020Q1": 0.019011990899999998, "2020Q3": 0.01240782564, "2020Q2": 0.01240782564, "2014Q4": 0.01072332637, "2014Q1": 0.010629271190000001, "2014Q3": 0.01072332637, "2014Q2": 0.010629271190000001, "2016Q4": 0.01350458362, "2016Q1": 0.014175814419999998, "2016Q3": 0.015626833099999998, "2016Q2": 0.01360112484, "2017Q4": 0.01643168855, "2017Q1": 0.013601746349999999, "2017Q3": 0.014671157889999998, "2017Q2": 0.01554479378, "2013Q4": 0.01053604469, "2015Q4": 0.014079894709999999, "2015Q1": 0.01608550748, "2015Q3": 0.014079894709999999, "2015Q2": 0.01608550748, "2018Q4": 0.01564713576, "2018Q1": 0.017116799739999997, "2018Q3": 0.0150529722, "2018Q2": 0.013968851590000001, "2019Q4": 0.01812468179, "2019Q1": 0.016835670049999998, "2019Q3": 0.01782594265, "2019Q2": 0.01980669502, "2022Q4": 0.00979789798, "2022Q1": 0.011785279789999999, "2022Q3": 0.009753356429999999, "2022Q2": 0.009698042039999999, "2021Q4": 0.01172437181, "2021Q1": 0.01568566938, "2021Q3": 0.011663670999999999, "2021Q2": 0.01407699433, "2023Q1": 0.00985963464, "2023Q2": 0.00824163694}