{"2020Q1": 0.9703469999999998, "2020Q2": 1.0342479, "2020Q3": 1.1241824999999999, "2020Q4": 1.538355, "2017Q4": 2.579702881665, "2023Q1": 0.33133799999999997, "2023Q2": 0.378672, "2021Q1": 1.5916057499999998, "2021Q2": 1.514688, "2021Q3": 1.52060475, "2021Q4": 1.4555205, "2019Q1": 1.7276909999999999, "2019Q2": 1.704024, "2019Q3": 1.48510425, "2019Q4": 1.22476725, "2018Q1": 3.6092174999999997, "2018Q2": 3.07671, "2018Q3": 3.2068785, "2018Q4": 2.0708625, "2022Q1": 1.18926675, "2022Q2": 0.60705855, "2022Q3": 0.44848964999999996}