{"2023Q2": 1.1064308, "2023Q1": 0.8480764000000001, "2022Q3": 1.1794440000000002, "2022Q2": 1.6793036000000001, "2022Q1": 2.2971076, "2022Q4": 0.814378, "2017Q3": 3.1149565352, "2017Q2": 3.1149565352, "2017Q1": 3.1149565352, "2017Q4": 3.1149565352, "2020Q3": 2.49950131368, "2020Q2": 3.5118619068, "2020Q1": 0.87922158456, "2020Q4": 3.257512, "2015Q3": 1.8131199464, "2015Q2": 2.9976917196, "2015Q1": 3.00535136592, "2015Q4": 1.8840460921600002, "2010Q4": 7.919124000000001e-05, "2016Q3": 3.14007700748, "2016Q2": 2.2608554229199997, "2016Q1": 1.8840460921600002, "2016Q4": 3.14007700748, "2014Q3": 3.0557495696800006, "2014Q2": 2.5346139232000002, "2014Q1": 2.3095782545600003, "2014Q4": 3.1015226680400003, "2018Q3": 3.1023960182400003, "2018Q2": 3.1023960182400003, "2018Q1": 3.1149565352, "2018Q4": 11.30427767624, "2011Q3": 11.855835114960001, "2011Q2": 11.855835114960001, "2011Q1": 7.919124000000001e-05, "2011Q4": 11.855835114960001, "2012Q3": 11.855835114960001, "2012Q2": 11.855835114960001, "2012Q1": 11.855835114960001, "2012Q4": 11.855835114960001, "2019Q3": 2.0096490152000004, "2019Q2": 1.2510064838800001, "2019Q1": 7.53618493028, "2019Q4": 1.68810506044, "2013Q3": 2.81887003672, "2013Q2": 2.81887003672, "2013Q4": 2.96099809348, "2021Q3": 2.5779276, "2021Q2": 3.9258636000000005, "2021Q1": 3.36984, "2021Q4": 2.7520360000000004}