{"2006Q1": 6.25, "2006Q2": 7.85, "2006Q3": 12.65, "2006Q4": 13.12, "2003Q1": 3, "2003Q2": 2.83, "2003Q3": 2.4, "2003Q4": 4.74, "2011Q1": 10.37, "2011Q2": 12.7, "2011Q3": 14.99, "2011Q4": 17.18, "2012Q1": 15.27, "2012Q2": 17.35, "2012Q3": 20.530001, "2012Q4": 23.15, "2019Q1": 113.910004, "2019Q2": 82.18, "2019Q3": 104.260002, "2019Q4": 124.279999, "2007Q1": 10.92, "2007Q2": 11.02, "2007Q3": 13, "2007Q4": 14, "2009Q1": 12.7, "2009Q2": 7.42, "2009Q3": 6.99, "2009Q4": 8.53, "2021Q1": 126.589996, "2021Q2": 130.25, "2021Q3": 144.330002, "2021Q4": 137.539993, "2001Q1": 45.125, "2001Q2": 33.25, "2001Q3": 23.875, "2001Q4": 24.200001, "2014Q1": 34.549999, "2014Q2": 41.799999, "2014Q3": 42.360001, "2014Q4": 46.400002, "1998Q1": 35.125, "1998Q2": 34.25, "1998Q3": 41.25, "1998Q4": 50.5, "1996Q4": 27.5, "2023Q1": 240.970001, "2023Q2": 195.710007, "2023Q3": 172.880005, "2024Q1": 171.79, "2024Q2": 193.32, "2022Q1": 122.800003, "2022Q2": 152.199997, "2022Q3": 166.300003, "2022Q4": 183.679993, "2017Q1": 46.790001, "2017Q2": 54.68, "2017Q3": 58.919998, "2017Q4": 55.259998, "2020Q1": 123.080002, "2020Q2": 120.93, "2020Q3": 95.07, "2020Q4": 103.610001, "1997Q1": 33.875, "1997Q2": 40.125, "1997Q3": 27.25, "1997Q4": 37.625, "2018Q1": 62.810001, "2018Q2": 66.199997, "2018Q3": 78.889999, "2018Q4": 92.739998, "2008Q1": 14.32, "2008Q2": 16.219999, "2008Q3": 12.75, "2008Q4": 13.3, "2013Q1": 25.84, "2013Q2": 27.639999, "2013Q3": 32.290001, "2013Q4": 28.790001, "2002Q1": 10, "2002Q2": 16.799999, "2002Q3": 22.9, "2002Q4": 8.34, "2000Q1": 9.75, "2000Q2": 26.4375, "2000Q3": 40.375, "2000Q4": 38.5, "2005Q1": 6.99, "2005Q2": 6.21, "2005Q3": 5.68, "2005Q4": 5.2, "2015Q1": 37.720001, "2015Q2": 35.02, "2015Q3": 38.490002, "2015Q4": 45.549999, "2010Q1": 10.2, "2010Q2": 9.8, "2010Q3": 10.25, "2010Q4": 10.89, "2016Q1": 37.91, "2016Q2": 37.759998, "2016Q3": 36.130001, "2016Q4": 40.240002, "1999Q1": 26.75, "1999Q2": 14.5, "1999Q3": 14.1875, "1999Q4": 11.75, "2004Q1": 4.07, "2004Q2": 10.26, "2004Q3": 8.17, "2004Q4": 7.26}