{"2020Q2": 4.832046968364001, "2020Q3": 10.943660000000001, "2020Q4": 10.707950063272001, "2017Q2": 0.9091656000000001, "2017Q3": 1.2627300000000001, "2017Q4": 1.1280388000000001, "2023Q1": 6.980371271636002, "2023Q2": 6.73456, "2021Q1": 12.290572000000001, "2021Q2": 15.514742936728002, "2021Q3": 14.622413063272, "2021Q4": 15.826216, "2018Q1": 1.0741623200000001, "2018Q2": 0.8923292, "2018Q3": 0.8081472000000001, "2018Q4": 0.59264128, "2022Q1": 12.972446705092002, "2022Q2": 13.283919936728001, "2022Q3": 12.189553936728002, "2022Q4": 12.063280936728}