{"2023Q2": 7.518671209999999, "2023Q1": 3.9268443499999997, "2022Q3": 4.47056126, "2022Q2": 3.8993838999999992, "2022Q1": 8.26559545, "2022Q4": 3.4655087899999995, "2017Q3": 15.075787599208999, "2017Q2": 11.577325719999997, "2017Q1": 0, "2017Q4": 16.970558099999998, "2020Q3": 7.227590439999999, "2020Q2": 6.7552707, "2020Q1": 4.89345219, "2020Q4": 11.687168069208997, "2016Q4": 0, "2014Q3": 0, "2014Q2": 0, "2014Q1": 0, "2014Q4": 0, "2018Q3": 10.555796430791, "2018Q2": 8.985059789209, "2018Q1": 19.085012749999997, "2018Q4": 14.257465090790998, "2019Q3": 20.128510948417997, "2019Q2": 21.990328909208998, "2019Q1": 16.51471463, "2019Q4": 5.25043804, "2013Q4": 0, "2021Q3": 11.017131990791, "2021Q2": 14.499117599999998, "2021Q1": 11.088530259208998, "2021Q4": 6.689365619999999}