{"2017Q2": 0.01665366858, "2017Q4": 0.02058558498, "2017Q1": 0.02220489144, "2017Q3": 0.02313004824, "2023Q2": 0.008461799999999998, "2023Q1": 0.00930262086, "2016Q2": 0.0277561143, "2016Q4": 0.02220489144, "2016Q1": 0.03046248, "2016Q3": 0.02220489144, "2015Q2": 0.0916695, "2015Q4": 0.05274522, "2015Q1": 0.10464425999999999, "2015Q3": 0.0916695, "2020Q2": 0.007358099219999999, "2020Q4": 0.01160310222, "2020Q1": 0.00396209682, "2020Q3": 0.00792419364, "2022Q2": 0.014884306199999997, "2022Q4": 0.012403588499999998, "2022Q1": 0.021396225419999998, "2022Q3": 0.014884306199999997, "2018Q2": 0.01295275932, "2018Q4": 0.00925213212, "2018Q1": 0.02058558498, "2018Q3": 0.015034644179999999, "2021Q2": 0.02065920264, "2021Q4": 0.025117442999999996, "2021Q1": 0.013301103419999998, "2021Q3": 0.024904205639999996, "2019Q2": 0.01225889172, "2019Q4": 0.006226192439999999, "2019Q1": 0.01063986732, "2019Q3": 0.00792419364, "2014Q2": 0.07982298, "2014Q4": 0.11113163999999999, "2014Q1": 0.06515586, "2014Q3": 0.07587413999999999}