{"2020Q4": 0.82082862232, "2020Q1": 0.39159845424, "2020Q3": 0.6947174304000001, "2020Q2": 0.41262674768, "2016Q4": 1.55337520184, "2016Q1": 0, "2016Q3": 1.39093104808, "2016Q2": 1.22848651968, "2017Q4": 2.1428024329600004, "2017Q1": 1.4315421489600002, "2017Q3": 1.9377494729600002, "2017Q2": 1.67118087472, "2015Q4": 0, "2018Q4": 1.281680904, "2018Q1": 2.00951813384, "2018Q3": 1.68806764784, "2018Q2": 1.7735127916800002, "2019Q4": 1.03763803528, "2019Q1": 1.26084043008, "2019Q3": 0.6770982360800001, "2019Q2": 1.01917652536, "2022Q4": 0.9296928872, "2022Q1": 1.0441722564, "2022Q3": 0.88474595272, "2022Q2": 0.8882944179200001, "2021Q4": 1.1619359696, "2021Q1": 0.96795836704, "2021Q3": 1.12725641896, "2021Q2": 1.08964456104, "2023Q1": 0.8622724230400001, "2023Q2": 0.8292032}