{"2015Q1": 2.843607, "2015Q2": 2.264592, "2015Q3": 2.31606, "2015Q4": 2.032986, "2020Q1": 3.3068189999999995, "2020Q2": 3.34542, "2020Q3": 4.091706, "2020Q4": 3.525558, "2016Q1": 2.534799, "2016Q2": 3.1781490000000003, "2016Q3": 3.34542, "2016Q4": 3.6027599999999995, "2017Q1": 4.722188999999999, "2017Q2": 4.143174, "2017Q3": 4.040238, "2017Q4": 4.696454999999999, "2023Q1": 1.569774, "2023Q2": 1.1683236, "2023Q3": 0.7642998, "2021Q1": 2.946543, "2021Q2": 3.268218, "2021Q3": 3.023745, "2021Q4": 1.8657149999999998, "2019Q1": 6.665106, "2019Q2": 9.482979, "2019Q3": 7.166919, "2019Q4": 5.494209, "2018Q1": 7.308456, "2018Q2": 6.176159999999999, "2018Q3": 7.166919, "2018Q4": 6.086091000000001, "2014Q4": 2.521932, "2022Q1": 1.4797049999999998, "2022Q2": 1.453971, "2022Q3": 1.7756459999999998, "2022Q4": 1.9171829999999999}