{"2023Q2": 7.617909, "2022Q4": 2.5802595}