{"2006Q3": 58.197079, "2006Q2": 57.285397, "2006Q1": 60.669807, "2006Q4": 65.937828, "2003Q3": 26.392853, "2003Q2": 21.972591, "2003Q1": 18.727238, "2003Q4": 29.530996, "2011Q3": 54.118176, "2011Q2": 57.040474, "2011Q1": 61.151241, "2011Q4": 62.471294, "2012Q3": 60.557968, "2012Q2": 61.289803, "2012Q1": 63.442528, "2012Q4": 63.578243, "2019Q3": 336.522217, "2019Q2": 354.992554, "2019Q1": 366.666138, "2019Q4": 316.387573, "2007Q3": 68.833313, "2007Q2": 78.039131, "2007Q1": 68.656837, "2007Q4": 62.733459, "2009Q3": 39.108284, "2009Q2": 32.133636, "2009Q1": 28.259954, "2009Q4": 45.418022, "2021Q3": 206.610001, "2021Q2": 231.570007, "2021Q1": 235.460007, "2021Q4": 200.240005, "2014Q3": 105.606712, "2014Q2": 109.517303, "2014Q1": 112.275444, "2014Q4": 130.32399, "2023Q3": 177.73, "2023Q2": 232.800003, "2023Q1": 203.029999, "2022Q3": 133.789993, "2022Q2": 156.089996, "2022Q1": 154.460007, "2022Q4": 211.169998, "2017Q3": 244.955612, "2017Q2": 219.974579, "2017Q1": 169.92038, "2017Q4": 329.256287, "2020Q3": 148.139999, "2020Q2": 166.009995, "2020Q1": 139, "2020Q4": 195.839996, "2018Q3": 343.028229, "2018Q2": 342.563934, "2018Q1": 328.356049, "2018Q4": 395.426361, "2008Q3": 31.945807, "2008Q2": 49.367226, "2008Q1": 60.457745, "2008Q4": 32.426979, "2013Q3": 109.869316, "2013Q2": 90.662552, "2013Q1": 76.6035, "2013Q4": 111.871452, "2002Q3": 22.52282, "2002Q2": 27.040173, "2002Q4": 18.950987, "2005Q3": 46.143875, "2005Q2": 47.101906, "2005Q1": 41.957878, "2005Q4": 51.938393, "2015Q3": 125.845818, "2015Q2": 129.72435, "2015Q1": 133.052094, "2015Q4": 105.321228, "2010Q3": 56.653088, "2010Q2": 53.122929, "2010Q1": 58.182781, "2010Q4": 58.347553, "2016Q3": 133.908127, "2016Q2": 124.065651, "2016Q1": 124.075577, "2016Q4": 153.181763, "2004Q3": 34.935139, "2004Q2": 34.037296, "2004Q1": 30.436537, "2004Q4": 38.659485}