{"2021Q3": 4.747841, "2021Q1": 4.248755, "2021Q2": 5.891171999999999, "2021Q4": 3.717049, "2016Q3": 0, "2016Q1": 0, "2016Q2": 0, "2016Q4": 0, "2018Q3": 0, "2018Q1": 0, "2018Q2": 0, "2018Q4": 0, "2020Q3": 4.344984, "2020Q1": 0, "2020Q2": 0, "2020Q4": 5.351311, "2015Q4": 0, "2017Q3": 0, "2017Q1": 0, "2017Q2": 0, "2017Q4": 0, "2023Q3": 1.87565, "2023Q1": 1.980034, "2023Q2": 1.69624, "2023Q4": 1.865864, "2022Q3": 2.121931, "2022Q1": 4.095441, "2022Q2": 2.877084, "2022Q4": 2.03875, "2024Q1": 1.9881889999999998, "2024Q2": 1.601642, "2019Q3": 0, "2019Q1": 0, "2019Q2": 0, "2019Q4": 0}