{"2023Q3": 0.303672915, "2023Q1": 0.8676369, "2023Q2": 0.6555478800000001}