{"2014Q2": 2.932757791964, "2014Q4": 2.947134362172, "2014Q3": 2.877948380307, "2014Q1": 2.8770501359600003, "2016Q2": 3.178793336719, "2016Q4": 3.3245258356310003, "2016Q3": 3.15420089985, "2016Q1": 3.26914432845, "2019Q2": 3.8945295989599997, "2019Q4": 3.8945295989599997, "2019Q3": 3.8945295989599997, "2019Q1": 3.814127845528, "2013Q2": 2.849805882924, "2013Q4": 3.2706003950620004, "2013Q3": 2.916598035351, "2013Q1": 2.173492653332, "2021Q2": 3.6129970416540003, "2021Q4": 6.4609552657650005, "2021Q3": 5.083251176003, "2021Q1": 3.566075304792, "2020Q2": 3.837284606155, "2020Q4": 3.659919555292, "2020Q3": 3.846669322496, "2020Q1": 3.847607570807, "2018Q2": 3.5350454339199997, "2018Q4": 3.767613916066, "2018Q3": 3.572256499812, "2018Q1": 3.499648237085, "2017Q2": 3.4536002761260005, "2017Q4": 3.5456961980440003, "2017Q3": 3.4628097323820004, "2017Q1": 3.3245258356310003, "2015Q2": 3.087525263823, "2015Q4": 3.26914432845, "2015Q3": 3.178334456297, "2015Q1": 2.875252967587, "2022Q2": 5.188428005761001, "2022Q3": 4.131526189791, "2022Q1": 5.812959113962, "2012Q4": 1.7300123981139999}