{"2020Q2": 0.07268, "2020Q4": 0.0901232, "2021Q2": 0.2311224, "2021Q4": 0.2064112, "2019Q2": 0.094484, "2019Q4": 0.038520399999999996, "2018Q4": 0.116288, "2022Q2": 0.15117440000000001, "2022Q4": 0.1875144}