{"2015Q1": 25.340586978951997, "2015Q2": 31.472298293001998, "2015Q3": 40.861408063133, "2015Q4": 39.329109069257, "2010Q1": 4.410942282306, "2010Q2": 4.264724133676999, "2010Q3": 4.9958198569859995, "2010Q4": 6.0315378052719995, "2012Q1": 5.121142482512, "2012Q2": 5.997128073566, "2012Q3": 6.320568559669, "2012Q4": 8.153398040207, "2011Q1": 6.518935606309, "2011Q2": 5.983651749782, "2011Q3": 4.881399344045, "2011Q4": 4.802667753505999, "2020Q1": 83.372146839786, "2020Q2": 103.804414020328, "2020Q3": 103.118668737581, "2020Q4": 105.004479159244, "2016Q1": 48.147358825600996, "2016Q2": 48.514532444006996, "2016Q3": 51.459954040061, "2016Q4": 52.863274078719996, "2013Q1": 8.9620007673, "2013Q2": 10.084416967758, "2013Q3": 11.401282604417998, "2013Q4": 13.168652275751, "2017Q1": 40.958234368114, "2017Q2": 50.067647456225, "2017Q3": 58.268940267209004, "2017Q4": 55.370622307308, "2023Q1": 118.420412407402, "2023Q2": 114.188046, "2021Q1": 116.147795849393, "2021Q2": 122.809657538064, "2021Q3": 125.05512348698599, "2021Q4": 100.80410496965199, "2019Q1": 70.055186703019, "2019Q2": 80.120903688546, "2019Q3": 90.519305056012, "2019Q4": 109.567114391182, "2018Q1": 68.317499698441, "2018Q2": 74.224355540713, "2018Q3": 81.479372548084, "2018Q4": 69.46428384135099, "2009Q4": 0, "2014Q1": 13.723122747677, "2014Q2": 17.353581198148998, "2014Q3": 20.11272669644, "2014Q4": 24.324057068968997, "2022Q1": 102.42774532931499, "2022Q2": 109.955570918305, "2022Q3": 75.537734351121, "2022Q4": 107.51211499230298}