{"2016Q2": 90.12658464, "2017Q4": 80.98336416000001, "2013Q1": 86.19377568000002, "2013Q3": 85.87394400000001, "2015Q4": 88.82031792000001, "2019Q2": 3.2655590400000003, "2018Q4": 19.266194880000004, "2018Q2": 45.71631792, "2014Q1": 125.38242384000002, "2014Q3": 100.89784320000001, "2012Q3": 150.8392152}