{"2020Q2": 0.520965, "2020Q4": 0.922301, "2023Q1": 1.0504198463080001, "2021Q1": 1.043473569128, "2021Q2": 1.170820569128, "2021Q3": 1.156156430872, "2021Q4": 1.260349430872, "2019Q3": 0.39362942264, "2019Q4": 0.35297146172, "2022Q1": 0.986360430872, "2022Q2": 1.067399430872, "2022Q3": 1.151525569128}