{"2021Q1": 34, "2021Q4": 26.049999, "2021Q2": 29, "2021Q3": 27, "2016Q1": 0, "2016Q2": 16.15, "2016Q3": 16.59, "2020Q1": 22.219999, "2020Q4": 31, "2020Q2": 18.6, "2020Q3": 31, "2022Q1": 26.049999, "2022Q4": 44, "2022Q2": 28, "2022Q3": 31.4, "2018Q1": 24, "2018Q4": 26, "2018Q2": 25.75, "2018Q3": 25.799999, "2017Q4": 24.5, "2019Q1": 30.5, "2019Q4": 33, "2019Q2": 30, "2019Q3": 31, "2023Q1": 53, "2023Q2": 60.75, "2023Q3": 45}