{"2023Q3": 39.32, "2023Q2": 46.2, "2023Q1": 39.43, "2022Q3": 30.790001, "2022Q2": 28.67, "2022Q1": 26, "2022Q4": 34.169998, "2017Q4": 23.32, "2020Q3": 22.25, "2020Q2": 20.26, "2020Q1": 19.959999, "2020Q4": 29.379999, "2016Q3": 17.190001, "2016Q2": 16.07, "2016Q1": 16.25, "2018Q3": 26, "2018Q2": 26.24, "2018Q1": 23.049999, "2018Q4": 27.76, "2019Q3": 28.549999, "2019Q2": 28.690001, "2019Q1": 27.360001, "2019Q4": 27.030001, "2021Q3": 30.68, "2021Q2": 26.139999, "2021Q1": 28.08, "2021Q4": 26}