{"2006Q3": 4.967562, "2006Q2": 4.776839, "2006Q1": 5.749638, "2006Q4": 6.491515, "2003Q3": 10.270366, "2003Q2": 9.139058, "2003Q1": 7.748776, "2003Q4": 12.328527, "2011Q3": 3.013321, "2011Q2": 3.304687, "2011Q1": 4.508482, "2011Q4": 2.767962, "2012Q3": 3.703395, "2012Q2": 3.496373, "2012Q1": 4.270788, "2012Q4": 3.939044, "2019Q3": 2.78044, "2019Q2": 3.094537, "2019Q1": 3.470682, "2019Q4": 3.781021, "2007Q3": 5.393324, "2007Q2": 5.467759, "2007Q1": 6.380434, "2007Q4": 3.672129, "2009Q3": 2.8063, "2009Q2": 2.361585, "2009Q1": 1.794192, "2009Q4": 3.059327, "2021Q3": 2.49, "2021Q2": 2.65, "2021Q1": 2.71, "2021Q4": 1.86, "2014Q3": 3.829324, "2014Q2": 4.862556, "2014Q1": 5.924838, "2014Q4": 4.169693, "2023Q3": 0.74, "2023Q2": 1.01, "2023Q1": 0.95, "2022Q3": 1.06, "2022Q2": 1.32, "2022Q1": 1.58, "2022Q4": 0.82, "2017Q3": 8.629373, "2017Q2": 9.611612, "2017Q1": 7.549348, "2017Q4": 10.389001, "2020Q3": 1.36, "2020Q2": 1.73, "2020Q1": 2.41, "2020Q4": 2.89, "2018Q3": 6.074291, "2018Q2": 6.584744, "2018Q1": 10.035248, "2018Q4": 4.149482, "2008Q3": 1.004441, "2008Q2": 3.106008, "2008Q1": 4.075869, "2008Q4": 1.456822, "2013Q3": 6.536474, "2013Q2": 6.138669, "2013Q1": 4.758053, "2013Q4": 6.953838, "2002Q3": 7.728334, "2002Q2": 7.496615, "2002Q4": 6.433461, "2005Q3": 9.684267, "2005Q2": 10.256735, "2005Q1": 11.551605, "2005Q4": 7.340047, "2015Q3": 2.896036, "2015Q2": 3.596676, "2015Q1": 4.060935, "2015Q4": 3.10135, "2010Q3": 3.212677, "2010Q2": 4.217117, "2010Q1": 4.301459, "2010Q4": 4.42414, "2016Q3": 4.603645, "2016Q2": 4.591546, "2016Q1": 3.65876, "2016Q4": 10.585818, "2004Q3": 11.449376, "2004Q2": 9.616117, "2004Q1": 10.06591, "2004Q4": 11.926438}