{"2014Q2": 0.14835288, "2014Q4": 0.151670225616, "2014Q3": 0.142190851608, "2014Q1": 0.16847584, "2016Q2": 0.148998509816, "2016Q4": 0.144658731464, "2016Q3": 0.15140947660799997, "2016Q1": 0.148538990184, "2019Q2": 0.158509025376, "2019Q4": 0.2756676, "2019Q3": 0.24120938868, "2019Q1": 0.14964871999999999, "2013Q4": 0.14694784, "2021Q2": 0.14871376, "2021Q4": 0.2009644, "2021Q3": 0.19543784, "2021Q1": 0.13291096, "2020Q2": 0.12405015999999999, "2020Q4": 0.14767896, "2020Q3": 0.15752464, "2023Q2": 0.20592, "2023Q1": 0.200275930712, "2018Q2": 0.13832619527999998, "2018Q4": 0.135864878864, "2018Q3": 0.13389581056799998, "2018Q1": 0.136394768536, "2017Q2": 0.144188738304, "2017Q4": 0.133959134816, "2017Q3": 0.119832540048, "2017Q1": 0.14948070311199999, "2015Q2": 0.153792780232, "2015Q4": 0.14901660061599997, "2015Q3": 0.14758374415199998, "2015Q1": 0.15072227934399998, "2022Q2": 0.20334184, "2022Q4": 0.21662471999999997, "2022Q3": 0.1992536, "2022Q1": 0.20598864}