{"2020Q1": 4.468483213025, "2020Q2": 4.68969568379, "2020Q3": 4.419816092965, "2020Q4": 3.76060431409, "2021Q1": 4.822421999655, "2021Q2": 5.474997714615, "2021Q3": 4.37999785353, "2021Q4": 4.47954331955, "2019Q2": 0, "2019Q3": 3.19651369349, "2019Q4": 1.41796902377, "2018Q4": 0, "2022Q1": 3.3579984074, "2022Q2": 2.52364401536, "2022Q3": 2.379983001825}