{"2013Q1": 0.7284060242479999, "2013Q4": 0.70672106336, "2013Q3": 0.6840375, "2013Q2": 0.621267, "2018Q1": 1.2350663545649998, "2018Q4": 0.933941780565, "2018Q3": 1.1168815346139997, "2018Q2": 1.123279585751, "2016Q1": 0.61134175, "2016Q4": 0.8031387971489999, "2016Q3": 0.764731304014, "2016Q2": 0.6454095, "2010Q4": 0.3610645, "2014Q1": 0.676419225752, "2014Q4": 0.6443365, "2014Q3": 0.599807, "2014Q2": 0.69288975, "2008Q1": 0.327211362876, "2008Q4": 0.193193653219, "2008Q3": 0.25827109678099996, "2008Q2": 0.33912163712399995, "2017Q1": 1.000036, "2017Q4": 1.243482567409, "2017Q3": 1.191684513905, "2017Q2": 1.114788057964, "2011Q1": 0.433161631884, "2011Q4": 0.3771595, "2011Q3": 0.3771595, "2011Q2": 0.433161631884, "2009Q1": 0.193193653219, "2009Q4": 0.3610645, "2009Q3": 0.3610645, "2009Q2": 0.193193653219, "2015Q1": 0.691012, "2015Q4": 0.5756645, "2015Q3": 0.5069925, "2015Q2": 0.6132194999999999, "2020Q1": 1.044072289112, "2020Q4": 1.9665407499999998, "2020Q3": 1.358418, "2020Q2": 1.183519, "2012Q1": 0.3771595, "2012Q4": 0.7339319999999999, "2012Q3": 0.651311, "2012Q2": 0.546157, "2019Q1": 1.050467, "2019Q4": 1.2993075148029998, "2019Q3": 1.0955305117129999, "2019Q2": 1.096606, "2022Q1": 1.522587, "2022Q4": 1.185665, "2022Q3": 0.987160850889, "2022Q2": 1.1706429999999999, "2007Q4": 0.306468224519, "2021Q1": 1.9507139999999998, "2021Q4": 1.7699135, "2021Q3": 1.687829, "2021Q2": 1.9104765, "2023Q1": 1.3181805}