{"2022Q3": 0.04936981000000001, "2022Q4": 0.030468225600000003, "2023Q1": 0.027435508699999996, "2023Q2": 0.0329367161}