{"2007Q2": 12.863657, "2007Q3": 16.659492, "2007Q1": 20.78, "2002Q4": 10.438542, "2006Q2": 12.02014, "2006Q4": 12.652778, "2006Q3": 11.809259, "2006Q1": 13.074536, "2016Q4": 10.85, "2019Q2": 14.57, "2019Q4": 14.9, "2019Q3": 13.97, "2019Q1": 14.420529, "2020Q2": 10.68, "2020Q4": 11.099213, "2020Q3": 9.297124, "2020Q1": 10.2, "2023Q2": 11, "2023Q3": 9.75, "2018Q2": 13.967064, "2018Q4": 14.24, "2018Q3": 13.8, "2018Q1": 13.83, "2017Q2": 12.09, "2017Q4": 13.366482, "2017Q3": 12.24, "2017Q1": 11.164636, "2005Q2": 23.5, "2005Q4": 21.78, "2005Q3": 22.31, "2005Q1": 24.68, "2022Q4": 13.494223, "2004Q2": 25.62, "2004Q4": 18.451971, "2004Q3": 16.870365, "2004Q1": 28.06, "2003Q2": 11.821913, "2003Q4": 13.045013, "2003Q3": 12.336459, "2003Q1": 16.71}