{"2021Q4": 1.188614130256, "2021Q3": 0, "2023Q2": 1.286754, "2023Q1": 1.594320528035, "2020Q4": 0, "2022Q2": 1.420268115869, "2022Q4": 1.698752012099, "2022Q1": 1.072163168989, "2022Q3": 1.6221689789320002}