{"2014Q3": 0, "2014Q1": 0, "2014Q2": 0, "2014Q4": 0, "2021Q3": 17.72875098896, "2021Q1": 15.742150762120001, "2021Q2": 17.127704621056, "2021Q4": 17.098284447592, "2018Q3": 0, "2018Q1": 0, "2018Q2": 0, "2018Q4": 0, "2020Q3": 15.366839216096, "2020Q1": 0, "2020Q2": 0, "2020Q4": 18.348464972896004, "2015Q3": 0, "2015Q1": 0, "2015Q2": 0, "2015Q4": 0, "2017Q3": 0, "2017Q1": 0, "2017Q2": 0, "2017Q4": 0, "2023Q1": 10.088512496424002, "2023Q2": 11.233422080000002, "2022Q3": 10.932280263016, "2022Q1": 14.185521687656001, "2022Q2": 10.177888410848, "2022Q4": 8.950403902112, "2016Q3": 0, "2016Q1": 0, "2016Q2": 0, "2016Q4": 0, "2019Q3": 0, "2019Q1": 0, "2019Q2": 0, "2019Q4": 0, "2013Q4": 0}