{"2023Q3": 0.08269591999999999, "2023Q1": 0.118875385, "2023Q2": 0.10853839499999998, "2022Q3": 0.2067398, "2022Q2": 0.24808775999999996, "2022Q4": 0.16539183999999998}