{"2021Q1": 0.009104913999999999, "2021Q2": 0.008404535999999999, "2016Q3": 0.21011339999999998, "2016Q1": 0, "2016Q2": 0.24863418999999998, "2016Q4": 0.15408316, "2020Q3": 0.011906426, "2020Q1": 0.011906426, "2020Q2": 0.011906426, "2020Q4": 0.010505669999999998, "2015Q4": 0, "2018Q4": 0.013307181999999999, "2017Q3": 0.11206047999999999, "2017Q1": 0.18209828, "2017Q2": 0.14707937999999998, "2019Q3": 0.006303401999999999, "2019Q1": 0.016108694, "2019Q2": 0.011206048, "2019Q4": 0.012606803999999997}