{"2023Q1": 13.022066169999999, "2023Q2": 10.62521068, "2022Q1": 17.481163029999998, "2022Q2": 11.07621232, "2022Q3": 8.63813625, "2022Q4": 8.63813625}