{"2017Q2": 0.19010844, "2017Q4": 0.19800611999999998, "2017Q1": 0.19236492, "2017Q3": 0.20703203999999997, "2023Q2": 0.23693039999999999, "2023Q1": 0.24539219999999998, "2016Q2": 0.1734669, "2016Q4": 0.18869814000000001, "2016Q1": 0.13764527999999998, "2016Q3": 0.17459514, "2009Q4": 0.045688586508, "2010Q2": 0.037591884972, "2010Q4": 0.04164023574, "2010Q1": 0.04164023574, "2010Q3": 0.04511025068399999, "2015Q2": 0.11593904243400001, "2015Q4": 0.131992148862, "2015Q1": 0.11177713431, "2015Q3": 0.10523698088399999, "2020Q2": 0.25413606, "2020Q4": 0.22226327999999998, "2020Q1": 0.20533968, "2020Q3": 0.22875065999999997, "2022Q2": 0.23946894, "2022Q4": 0.26823906, "2022Q1": 0.23805863999999996, "2022Q3": 0.25187958, "2018Q2": 0.19349316, "2018Q4": 0.25357194, "2018Q1": 0.18390311999999998, "2018Q3": 0.22734036, "2012Q2": 0.035278541675999996, "2012Q4": 0.041061899916, "2012Q1": 0.035856877499999995, "2012Q3": 0.035856877499999995, "2021Q2": 0.22085297999999998, "2021Q4": 0.22903271999999997, "2021Q1": 0.2341098, "2021Q3": 0.23721245999999999, "2011Q2": 0.037591884972, "2011Q4": 0.034700205852, "2011Q1": 0.038748584826, "2011Q3": 0.032386862556, "2019Q2": 0.3003939, "2019Q4": 0.28882944, "2019Q1": 0.26400816, "2019Q3": 0.2862909, "2013Q2": 0.06303871763999999, "2013Q4": 0.06005046117599999, "2013Q1": 0.06940043990999999, "2013Q3": 0.058412002841999995, "2014Q2": 0.082049166756, "2014Q4": 0.118911870216, "2014Q1": 0.052915753476, "2014Q3": 0.113560825338}