{"2019Q2": 15.212750735252, "2019Q4": 17.319609264748, "2019Q3": 17.443541290168, "2019Q1": 16.328146709832, "2021Q2": 5.515009290168, "2021Q4": 1.49339024, "2021Q3": 5.174194709832, "2021Q1": 5.824841290168, "2020Q2": 13.508674735251999, "2020Q4": 4.2756816, "2020Q3": 9.29496, "2020Q1": 17.319609264748, "2023Q2": 0.32997107999999997, "2023Q3": 0.34391352000000003, "2023Q1": 0.48953456, "2018Q2": 37.861469470504, "2018Q4": 16.328146709832, "2018Q3": 19.271550709832, "2018Q1": 31.912696, "2017Q4": 30.766318529496, "2022Q2": 0.73120352, "2022Q4": 0.45855135999999996, "2022Q3": 0.42756816, "2022Q1": 1.9984164}