{"2014Q4": 9.362897015464, "2014Q2": 18.439839853584, "2014Q3": 10.212583523784001, "2014Q1": 20.017013638312, "2016Q4": 6.52718122428, "2016Q2": 4.945095466784001, "2016Q3": 5.602136734608, "2016Q1": 7.203042448176, "2019Q4": 6.822082398408001, "2019Q3": 5.24341833068, "2013Q4": 17.809546847392003, "2013Q2": 15.058094968768001, "2013Q3": 16.38257504332, "2013Q1": 15.98460324752, "2021Q4": 7.192807846880001, "2020Q2": 3.981856017344, "2020Q3": 3.6143005664000003, "2020Q1": 2.922406546816, "2023Q2": 10.27964096, "2023Q1": 10.239594075224002, "2018Q4": 5.381010530112, "2018Q2": 9.384845903488001, "2018Q3": 8.664339775000002, "2018Q1": 8.312814470352, "2017Q4": 7.6200819182, "2017Q2": 6.6786734588400005, "2017Q1": 6.639569757616001, "2015Q4": 7.996744654144001, "2015Q2": 6.52882384732, "2015Q3": 6.136240914848001, "2015Q1": 9.403746666016001, "2022Q2": 7.935685441416001, "2022Q3": 6.46451648, "2022Q1": 7.895865079656001, "2012Q4": 12.733113070992001, "2012Q2": 15.120572930912001, "2012Q3": 12.733113070992001}