{"2011Q4": 2.611504, "2011Q1": 2.738099, "2011Q3": 2.096917, "2011Q2": 2.023396, "2017Q4": 6.832711, "2017Q1": 5.689244, "2017Q3": 7.721286, "2017Q2": 6.389947, "2013Q4": 2.782373, "2013Q1": 2.184329, "2013Q3": 2.165678, "2013Q2": 2.292387, "2019Q4": 4.519849, "2019Q1": 4.24819, "2019Q3": 5.252419, "2019Q2": 4.649091, "2018Q4": 5.265409, "2018Q1": 6.410486, "2018Q3": 6.226083, "2018Q2": 5.871275, "2022Q4": 4.53, "2022Q1": 3.227458, "2022Q3": 3.942184, "2022Q2": 4.101512, "2009Q4": 1.707772, "2009Q1": 0.796115, "2009Q3": 1.295698, "2009Q2": 1.222053, "2023Q1": 4.13, "2023Q3": 0, "2023Q2": 0, "2021Q4": 4.524024, "2021Q1": 5.430353, "2021Q3": 4.957839, "2021Q2": 5.58781, "2010Q4": 2.646524, "2010Q1": 1.80343, "2010Q3": 2.355594, "2010Q2": 1.596282, "2020Q4": 4.37005, "2020Q1": 2.783684, "2020Q3": 3.087715, "2020Q2": 2.813276, "2016Q4": 5.561063, "2016Q1": 4.223377, "2016Q3": 4.372687, "2016Q2": 4.318097, "2015Q4": 3.987975, "2015Q1": 4.153589, "2015Q3": 4.000954, "2015Q2": 4.330591, "2014Q4": 3.997342, "2014Q1": 3.01151, "2014Q3": 3.582568, "2014Q2": 3.194675, "2012Q4": 1.674149, "2012Q1": 2.253259, "2012Q3": 1.497308, "2012Q2": 1.703588}