{"2020Q1": 0.505852785464, "2020Q2": 0.497131214536, "2020Q3": 0.683918785464, "2020Q4": 0.634496429072, "2023Q1": 0.867072429072, "2021Q1": 0.975365570928, "2021Q2": 0.953561570928, "2021Q3": 1.247188843608, "2021Q4": 1.200673570928, "2019Q1": 0.733341214536, "2019Q2": 0.510213570928, "2019Q3": 0.516028, "2019Q4": 0.304529214536, "2018Q4": 0.921582429072, "2022Q1": 0.928850429072, "2022Q2": 1.0415044290720001, "2022Q3": 0.846722, "2022Q4": 0.678831214536}