{"2015Q1": 0.7601322103279999, "2015Q2": 0.942472656668, "2015Q3": 1.017118389212, "2015Q4": 0.726513151324, "2020Q1": 0.53901847682, "2020Q2": 0.5826735571, "2020Q3": 0.9604108793639999, "2020Q4": 0.88704618968, "2016Q1": 0.935065136472, "2016Q2": 1.410290150572, "2016Q3": 1.1709681932879998, "2016Q4": 1.3179801586920001, "2017Q1": 1.5863627416519999, "2017Q2": 1.624540233984, "2017Q3": 2.355042137112, "2017Q4": 1.9174248017439999, "2023Q1": 2.331141456604, "2021Q1": 1.286611127556, "2021Q2": 1.7152792950520002, "2021Q3": 1.8408878540879998, "2021Q4": 1.807554456604, "2019Q1": 1.148842859504, "2019Q2": 0.828839428552, "2019Q3": 0.969505727064, "2019Q4": 0.30922318028400003, "2018Q1": 1.7498994712679998, "2018Q2": 1.82511494194, "2018Q3": 1.9026097613519999, "2018Q4": 1.894632257744, "2022Q1": 1.761642310692, "2022Q2": 2.782086543396, "2022Q3": 2.368877456604, "2022Q4": 1.9518945433959998}