{"2021Q3": 1.00279282, "2021Q1": 0.99009924, "2021Q2": 1.00279282, "2021Q4": 1.00279282, "2020Q4": 0.82050031762, "2022Q3": 1.00279282, "2022Q1": 1.00279282, "2022Q2": 1.00279282, "2022Q4": 1.00279282, "2023Q3": 1.00279282, "2023Q1": 1.00279282, "2023Q2": 1.00279282}