{"2020Q1": 10.46304, "2020Q2": 15.67276232697, "2020Q3": 17.98335, "2023Q1": 5.9050782, "2023Q2": 4.251699682020001, "2021Q4": 30.27742069212, "2019Q1": 8.5829625, "2019Q2": 7.493062500000001, "2019Q3": 7.220587500000001, "2019Q4": 8.06526, "2018Q4": 4.4413425, "2022Q1": 18.19043034606, "2022Q2": 9.66959290899, "2022Q3": 3.23046349101, "2022Q4": 11.53114232697}