{"2015Q1": 0, "2015Q2": 0, "2015Q3": 0, "2015Q4": 2565.15491664, "2020Q1": 2609.8723007999997, "2020Q2": 2657.97296514, "2020Q3": 2890.1903931, "2020Q4": 3128.6726329499998, "2016Q1": 2429.3111240699996, "2016Q2": 2298.073014, "2016Q3": 2457.19555146, "2016Q4": 2831.1206185799997, "2017Q1": 2899.1633463, "2017Q2": 2871.40245957, "2017Q3": 2485.15692084, "2017Q4": 2654.4661443, "2021Q1": 3259.9400026499998, "2021Q2": 3338.8705637999997, "2021Q3": 3283.8505388099998, "2021Q4": 3167.89354143, "2019Q1": 3199.3075471499997, "2019Q2": 3280.37081022, "2019Q3": 2149.1750916899996, "2019Q4": 2864.8266286499997, "2018Q1": 2869.35970392, "2018Q2": 2578.25889612, "2018Q3": 2930.11678377, "2018Q4": 3018.51229338, "2014Q4": 0, "2022Q1": 2917.88625843, "2022Q2": 3451.8365767799996, "2022Q3": 4218.45513813, "2022Q4": 4375.1339546399995}