{"2020Q4": 13.362403599999999, "2021Q4": 8.571278625, "2019Q4": 20.658979249999998, "2022Q4": 4.879035525}