{"2021Q1": 29.47251220296, "2021Q4": 56.086441712384, "2021Q2": 52.208826023280004, "2021Q3": 52.208826023280004, "2020Q1": 32.668814219432, "2020Q4": 29.47251220296, "2020Q2": 29.47251220296, "2020Q3": 29.47251220296, "2022Q1": 54.85566136, "2022Q4": 54.90865052469601, "2022Q2": 54.90865052469601, "2022Q3": 54.90865052469601, "2019Q1": 32.998447597984004, "2019Q4": 32.668814219432, "2019Q2": 32.668814219432, "2019Q3": 32.668814219432, "2023Q1": 54.90865052469601, "2023Q2": 54.90865052469601, "2023Q3": 0}