{"2015Q1": 4.14556462266, "2015Q2": 3.75447380703, "2015Q3": 5.34490922574, "2015Q4": 5.29276491336, "2020Q1": 15.191513787360002, "2020Q2": 20.15588080857, "2020Q3": 25.283014169970002, "2020Q4": 26.77504248537, "2016Q1": 6.24442050231, "2016Q2": 7.039637505600001, "2016Q3": 9.12545660109, "2016Q4": 7.913075213850001, "2013Q2": 9.23468344446, "2013Q4": 9.88340184516, "2017Q1": 12.59312962938, "2017Q2": 13.16673118686, "2017Q3": 18.11333926119, "2017Q4": 16.66615737033, "2021Q1": 22.515992035260002, "2021Q2": 22.27051582884, "2021Q3": 22.38117880842, "2021Q4": 20.610602202000003, "2019Q1": 15.82642296879, "2019Q2": 18.094178069220003, "2019Q3": 21.75641719317, "2019Q4": 14.24204276352, "2018Q1": 16.40161458465, "2018Q2": 14.22509720352, "2018Q3": 10.68884125752, "2018Q4": 11.209270471980002, "2014Q2": 7.482874045740001, "2014Q3": 6.71372919864, "2014Q4": 4.61487331899, "2022Q1": 22.18752212448, "2022Q2": 14.770879800000003, "2022Q3": 8.9952681, "2022Q4": 7.484289}