{"2020Q1": 0.02629665, "2020Q3": 0.0175311, "2020Q2": 0.01460925, "2016Q4": 0.006330675, "2016Q1": 0.010713450000000001, "2016Q3": 0.00681765, "2016Q2": 0.007304625, "2017Q4": 0.0136353, "2017Q1": 0.007304625, "2017Q3": 0.015096225, "2017Q2": 0.00681765, "2013Q1": 0.05551515, "2013Q2": 0.042366825, "2015Q4": 0.0097395, "2015Q1": 0.00876555, "2015Q3": 0.011200424999999998, "2015Q2": 0.008278575, "2018Q4": 0.06135885, "2018Q1": 0.0097395, "2018Q3": 0.0097395, "2018Q2": 0.0097395, "2019Q4": 0.0097395, "2019Q1": 0.04382775, "2019Q3": 0.01850505, "2019Q2": 0.019479, "2012Q4": 0.065741625}