{"2006Q3": 78.059998, "2006Q2": 67.459999, "2006Q1": 71.279999, "2006Q4": 71.150002, "2011Q3": 98.769997, "2011Q2": 100.599998, "2011Q1": 123.059998, "2011Q4": 101.919998, "2012Q3": 101.510002, "2012Q2": 103.900002, "2012Q1": 103.529999, "2012Q4": 122.050003, "2019Q3": 352.329987, "2019Q2": 320.809998, "2019Q1": 311.100006, "2019Q4": 368.950012, "2007Q3": 106.510002, "2007Q2": 81.160004, "2007Q1": 70.25, "2007Q4": 94.440002, "2009Q3": 97.529999, "2009Q2": 84.199997, "2009Q1": 76.550003, "2009Q4": 93.389999, "2021Q3": 794.679993, "2021Q2": 739.51001, "2021Q1": 630.130005, "2021Q4": 629.799988, "2014Q3": 110.599998, "2014Q2": 121.279999, "2014Q1": 121.209999, "2014Q4": 132.470001, "2023Q3": 270.68, "2023Q2": 400, "2023Q1": 385.23999, "2022Q3": 354.299988, "2022Q2": 563.26001, "2022Q1": 512.059998, "2022Q4": 483.230011, "2017Q3": 267.269989, "2017Q2": 223.800003, "2017Q1": 223.119995, "2017Q4": 262.130005, "2020Q3": 586.419983, "2020Q2": 524.890015, "2020Q1": 456.350006, "2020Q4": 649.619995, "2018Q3": 276.23999, "2018Q2": 318.109985, "2018Q1": 278.820007, "2018Q4": 307.399994, "2008Q3": 70.010002, "2008Q2": 101.919998, "2008Q1": 87.889999, "2008Q4": 55.700001, "2013Q3": 121.849998, "2013Q2": 119.809998, "2013Q1": 117.57, "2013Q4": 128.270004, "2005Q3": 58.869999, "2005Q2": 55.75, "2005Q1": 52.580002, "2005Q4": 60.889999, "2015Q3": 140.970001, "2015Q2": 148.809998, "2015Q1": 142.990005, "2015Q4": 134.639999, "2010Q3": 96.379997, "2010Q2": 91.300003, "2010Q1": 97.449997, "2010Q4": 114.160004, "2016Q3": 165.639999, "2016Q2": 155.899994, "2016Q1": 141.630005, "2016Q4": 196.020004, "2004Q3": 52.349998, "2004Q4": 49.790001}