{"2023Q2": 2.5264851, "2023Q1": 1.68875583, "2022Q3": 3.2932954899999998, "2022Q2": 3.4838899800000003, "2022Q1": 5.36767273, "2022Q4": 3.00961997, "2020Q3": 7.3552004933370005, "2020Q2": 7.847024699108999, "2020Q1": 4.497306148181, "2020Q4": 7.184968586757, "2018Q4": 3.6009531157579997, "2019Q3": 3.5701007435000003, "2019Q2": 3.2615734749759997, "2019Q1": 2.983899021953, "2019Q4": 5.496213200000001, "2021Q3": 6.5954558400000005, "2021Q2": 6.84810435, "2021Q1": 7.1406451732430005, "2021Q4": 5.75329414}