{"2017Q2": 81, "2017Q4": 71, "2017Q1": 111, "2017Q3": 85, "2023Q2": 132, "2023Q1": 150, "2023Q3": 112, "2016Q2": 50, "2016Q4": 71, "2016Q1": 50, "2016Q3": 50, "2015Q2": 80, "2015Q4": 50, "2015Q1": 100, "2020Q2": 50, "2020Q4": 50, "2020Q1": 50, "2020Q3": 50, "2022Q2": 115, "2022Q4": 158, "2022Q1": 92, "2022Q3": 142, "2018Q2": 57, "2018Q4": 50, "2018Q1": 83, "2018Q3": 50, "2021Q2": 50, "2021Q4": 50, "2021Q1": 50, "2021Q3": 50, "2019Q2": 50, "2019Q4": 50, "2019Q1": 50, "2019Q3": 50, "2013Q2": 132.86441, "2013Q4": 110.059319, "2013Q1": 178.474579, "2013Q3": 119.974571, "2014Q2": 125.923729, "2014Q4": 119.974571, "2014Q1": 115.016945, "2014Q3": 123.940674}