{"2020Q4": 5779.55, "2020Q1": 4269.79, "2020Q3": 3492.69, "2020Q2": 3515.57, "2016Q4": 5077.12, "2016Q1": 3922.08, "2016Q3": 4230.94, "2016Q2": 4146.32, "2011Q4": 1.4776681152, "2011Q3": 1.385313858, "2017Q4": 4476.33, "2017Q1": 5356.37, "2017Q3": 4734.42, "2017Q2": 4937.5, "2013Q4": 3850.15, "2013Q1": 3109.74, "2013Q3": 3807.84, "2013Q2": 4019.39, "2015Q4": 3913.62, "2015Q1": 3575.14, "2015Q3": 4438.25, "2015Q2": 3812.07, "2018Q4": 5288.67, "2018Q1": 4489.02, "2018Q3": 4408.64, "2018Q2": 4527.1, "2019Q4": 4056.3, "2019Q1": 4878.27, "2019Q3": 4611.72, "2019Q2": 4658.26, "2022Q1": 6448.95, "2022Q3": 6655.6, "2022Q2": 6725.97, "2021Q4": 5366.45, "2021Q1": 5009.83, "2021Q3": 5498.28, "2021Q2": 5611.41, "2014Q4": 3638.61, "2014Q1": 4023.62, "2014Q3": 4611.72, "2014Q2": 4230.94, "2012Q4": 3067.43, "2012Q1": 1.5884932239, "2012Q3": 3245.13, "2012Q2": 1.6365174376}