{"2014Q4": 5.7226867200000004, "2014Q2": 5.7094397599999995, "2014Q3": 6.31879992, "2014Q1": 5.53722928, "2016Q4": 7.895188160000001, "2016Q2": 5.073585680000001, "2016Q3": 5.457747520000001, "2016Q1": 5.64320496, "2019Q4": 8.16012736, "2019Q2": 5.616711040000001, "2019Q3": 5.31203096, "2019Q1": 6.1333424800000005, "2013Q4": 4.67617688, "2021Q4": 6.08035464, "2021Q2": 5.961132, "2021Q3": 6.79569048, "2021Q1": 5.881650240000001, "2020Q4": 5.855156320000001, "2020Q2": 4.05356976, "2020Q3": 3.8018775200000006, "2020Q1": 2.95407208, "2023Q2": 8.18662128, "2023Q1": 7.12686448, "2018Q4": 8.650264880000002, "2018Q2": 10.306134880000002, "2018Q3": 9.868985200000001, "2018Q1": 10.239900080000002, "2017Q4": 9.431835520000002, "2017Q2": 8.90195712, "2017Q3": 9.246378080000001, "2017Q1": 8.332337840000001, "2015Q4": 6.543998240000001, "2015Q2": 7.047382720000001, "2015Q3": 6.385034720000001, "2015Q1": 6.954654000000001, "2022Q4": 8.06739864, "2022Q2": 7.80245944, "2022Q3": 7.060629680000001, "2022Q1": 7.060629680000001}