{"2021Q2": 164.225012064692, "2021Q4": 151.10271662938402, "2021Q1": 173.84242, "2021Q3": 167.16911756469202, "2023Q2": 52.461157782346, "2023Q1": 62.218761217654, "2020Q4": 0, "2022Q2": 119.530679935308, "2022Q4": 65.303062217654, "2022Q1": 163.103448064692, "2022Q3": 95.977835935308}