{"2020Q1": 0.113208, "2020Q2": 0.1245288, "2020Q3": 0.19811399999999998, "2020Q4": 0.349058, "2023Q1": 0.821701381132, "2021Q1": 0.472643381132, "2021Q2": 0.5264171999999999, "2021Q3": 0.548115381132, "2021Q4": 0.5009453811319999, "2019Q1": 0.1528308, "2019Q2": 0.18773659999999998, "2019Q3": 0.160378, "2019Q4": 0.0886796, "2018Q4": 0.373586381132, "2022Q1": 0.362265618868, "2022Q2": 0.449058381132, "2022Q3": 0.6094363811319999, "2022Q4": 0.584908}