{"2017Q4": 0.0012535, "2010Q4": 0.036351499999999995, "2015Q2": 0.005014, "2015Q1": 0.0037604999999999995, "2015Q3": 0.010028, "2020Q2": 0.007520999999999999, "2020Q1": 0.0062675, "2020Q3": 0.010028, "2018Q2": 0.002507, "2018Q1": 0.0062675, "2018Q3": 0.0188025, "2012Q4": 0.0112815, "2011Q4": 0.020056, "2019Q4": 0.002507, "2013Q2": 0.0087745, "2013Q4": 0.015041999999999998, "2013Q1": 0.0087745, "2013Q3": 0.005014, "2014Q2": 0.0137885, "2014Q4": 0.005014, "2014Q1": 0.015041999999999998, "2014Q3": 0.010028}