{"2014Q4": 0, "2021Q2": 10.86392384, "2021Q1": 9.93316632, "2021Q3": 11.38270672, "2021Q4": 9.75006648, "2018Q2": 5.5998034400000005, "2018Q1": 6.1338446399999995, "2018Q3": 3.8908716, "2018Q4": 5.43196192, "2020Q2": 7.735968240000001, "2020Q1": 5.24886208, "2020Q3": 8.78879232, "2020Q4": 9.71954984, "2015Q2": 5.2641204, "2015Q1": 5.44722024, "2015Q3": 5.27937872, "2015Q4": 5.27937872, "2017Q2": 5.2641204, "2017Q1": 4.69956256, "2017Q3": 5.706611680000001, "2017Q4": 6.454269360000001, "2023Q1": 10.741857280000001, "2022Q2": 4.8063708, "2022Q1": 6.19487792, "2022Q3": 6.92727728, "2022Q4": 8.45310928, "2016Q2": 3.9366465600000002, "2016Q1": 4.791112480000001, "2016Q3": 3.6619968, "2016Q4": 4.1197464, "2019Q2": 5.3251536800000006, "2019Q1": 4.68430424, "2019Q3": 6.24065288, "2019Q4": 3.95190488}