{"2021Q1": 103.28534562072801, "2021Q4": 114.3829293988, "2021Q2": 103.28534562072801, "2021Q3": 103.28534562072801, "2016Q1": 98.60636170990402, "2016Q4": 111.62803463527202, "2016Q2": 85.35917916097601, "2016Q3": 94.954047667088, "2012Q1": 0, "2012Q4": 0, "2012Q2": 0, "2012Q3": 0, "2020Q1": 121.56228363310402, "2020Q4": 91.262975668704, "2020Q2": 121.56228363310402, "2020Q3": 121.56228363310402, "2009Q4": 0, "2011Q1": 0, "2011Q4": 0, "2011Q2": 0, "2011Q3": 0, "2015Q1": 0, "2015Q4": 119.471878903008, "2015Q2": 116.443014486848, "2015Q3": 97.26019901122402, "2022Q1": 121.17289586738401, "2022Q2": 121.17289586738401, "2018Q1": 123.46055180596801, "2018Q4": 96.714420285136, "2018Q2": 108.60293897923202, "2018Q3": 107.44694169013601, "2013Q1": 0, "2013Q4": 0, "2013Q2": 0, "2013Q3": 0, "2010Q1": 0, "2010Q4": 0, "2010Q2": 0, "2010Q3": 0, "2014Q1": 0, "2014Q4": 0, "2014Q2": 0, "2014Q3": 0, "2017Q1": 106.42106928912, "2017Q4": 126.67300451607201, "2017Q2": 110.61072109511201, "2017Q3": 119.25028110673601, "2019Q1": 92.479813595688, "2019Q4": 138.71972105588, "2019Q2": 88.488585354144, "2019Q3": 82.74509428346401, "2023Q2": 135.11899200000002}