{"2015Q1": 69.6127748, "2015Q2": 64.15502728, "2015Q3": 51.093524720000005, "2015Q4": 64.47295432000001, "2010Q1": 17.57871592, "2010Q2": 19.6055008, "2010Q3": 23.221920880000003, "2010Q4": 26.136252080000002, "2012Q1": 31.20983776, "2012Q2": 28.666421440000004, "2012Q3": 29.487732960000002, "2012Q4": 35.991990320000006, "2011Q1": 27.156268, "2011Q2": 30.719700240000005, "2011Q3": 24.877790880000003, "2011Q4": 25.60637368, "2020Q1": 39.75412696000001, "2020Q2": 47.19891848000001, "2020Q3": 51.093524720000005, "2020Q4": 60.8035464, "2016Q1": 58.73702064000001, "2016Q2": 49.96753312, "2016Q3": 56.96192800000001, "2016Q4": 63.492679280000004, "2013Q1": 36.78680792, "2013Q2": 40.615179360000006, "2013Q3": 46.629299200000005, "2013Q4": 48.00698304000001, "2017Q1": 64.20801512, "2017Q2": 66.04934256, "2017Q3": 68.99016768, "2017Q4": 68.59275888, "2023Q2": 137.768384, "2023Q3": 116.9706568, "2021Q1": 74.50090304000001, "2021Q2": 85.45613896000002, "2021Q3": 75.74611728, "2021Q4": 82.1973868, "2019Q1": 56.73672968, "2019Q2": 55.8359364, "2019Q3": 52.15328152, "2019Q4": 56.39230872, "2018Q1": 70.2751228, "2018Q2": 66.18181216, "2018Q3": 64.97633880000001, "2018Q4": 59.53183824, "2009Q4": 15.432708400000001, "2014Q1": 53.014333920000006, "2014Q2": 56.23334520000001, "2014Q3": 51.755872720000006, "2014Q4": 54.49799344, "2022Q1": 81.41581616, "2022Q2": 82.23712768}