{"2015Q3": 0.0030602947760000002, "2015Q1": 0.003175649568, "2015Q2": 0.003175649568, "2014Q3": 0.002614385496, "2014Q4": 0.002614385496}