{"2014Q3": 1.22236566, "2014Q1": 2.54442781, "2014Q2": 1.9375796099999998, "2014Q4": 1.04898046, "2021Q3": 0.8365835899999999, "2021Q1": 1.03597657, "2021Q2": 1.1270038, "2021Q4": 0.72821784, "2018Q3": 1.1833539899999999, "2018Q1": 2.5530970699999997, "2018Q2": 1.22670029, "2018Q4": 1.13567306, "2011Q3": 3.10359508, "2011Q2": 3.9791903399999997, "2011Q4": 3.8144744000000004, "2020Q3": 0.84525285, "2020Q1": 0.58084042, "2020Q2": 0.9709571200000001, "2020Q4": 0.9622878600000001, "2015Q3": 0.7802334, "2015Q1": 0.9362800800000001, "2015Q2": 1.05764972, "2015Q4": 0.6848715400000001, "2017Q3": 1.9722566499999998, "2017Q1": 0.84525285, "2017Q2": 1.3654084499999999, "2017Q4": 2.1413072200000003, "2023Q1": 0.5201555999999999, "2023Q2": 0.7542256199999999, "2012Q3": 3.1946223099999997, "2012Q1": 3.46336937, "2012Q2": 3.24663787, "2012Q4": 3.3376651, "2022Q3": 0.57217116, "2022Q1": 0.64152524, "2022Q2": 0.56783653, "2022Q4": 0.53315949, "2016Q3": 1.0706536100000001, "2016Q1": 0.6935408000000001, "2016Q2": 0.6848715400000001, "2016Q4": 0.8799298899999999, "2019Q3": 0.79323729, "2019Q1": 0.98396101, "2019Q2": 0.94928397, "2019Q4": 0.88426452, "2013Q3": 2.7524900499999996, "2013Q1": 3.2509725, "2013Q2": 3.0342409999999997, "2013Q4": 2.76549394, "2010Q4": 4.091890719999999}