{"2017Q2": 0.047104019999999996, "2017Q4": 0.044001359999999996, "2017Q1": 0.03920633999999999, "2017Q3": 0.0507708, "2023Q2": 0.2778291, "2023Q1": 0.28600884, "2016Q2": 0.039770459999999994, "2016Q4": 0.0352575, "2016Q1": 0.03751398, "2016Q3": 0.03751398, "2015Q2": 0.04202694, "2015Q4": 0.0352575, "2015Q1": 0.040052519999999994, "2015Q3": 0.03892427999999999, "2020Q2": 0.09223362, "2020Q4": 0.16895394, "2020Q1": 0.0648738, "2020Q3": 0.13172202, "2022Q2": 0.2834703, "2022Q4": 0.2975733, "2022Q1": 0.33649757999999996, "2022Q3": 0.28403442, "2018Q2": 0.04428342, "2018Q4": 0.04541166, "2018Q1": 0.043719299999999996, "2018Q3": 0.04315518, "2021Q2": 0.23580215999999998, "2021Q4": 0.408987, "2021Q1": 0.22818654, "2021Q3": 0.30152214, "2019Q2": 0.058386419999999994, "2019Q4": 0.07079706, "2019Q1": 0.04879637999999999, "2019Q3": 0.07954091999999999, "2013Q4": 0.029616299999999998, "2014Q2": 0.031872779999999996, "2014Q4": 0.039770459999999994, "2014Q1": 0.0310266, "2014Q3": 0.03610368}