{"2015Q4": 0, "2020Q1": 4.198177205499, "2020Q2": 5.077949774628, "2020Q3": 7.709567915816001, "2020Q4": 8.144200167112, "2016Q1": 0, "2016Q2": 8.823897300484001, "2016Q3": 9.360252171932, "2016Q4": 12.215042933897, "2017Q1": 11.332652109416, "2017Q2": 12.644810082999001, "2017Q3": 11.56548170074, "2017Q4": 10.207818733226, "2023Q1": 2.53116646, "2023Q2": 2.112021943571, "2021Q1": 10.472594579286001, "2021Q2": 9.840267748854, "2021Q3": 8.319545501124, "2021Q4": 8.282499656188, "2019Q1": 10.934840063654, "2019Q2": 11.144079509572, "2019Q3": 10.656646706776002, "2019Q4": 9.732495128575, "2018Q1": 10.207818733226, "2018Q2": 9.596563805359, "2018Q3": 11.660146045625, "2018Q4": 10.682281694709, "2022Q1": 6.260828828768, "2022Q2": 3.2393216352680003, "2022Q3": 3.0527682635710005, "2022Q4": 3.42534118}