{"2023Q2": 16.818960639999997, "2023Q1": 10.505011199999998, "2022Q3": 13.054664959999998, "2022Q2": 11.58834048, "2022Q1": 13.525201919999999, "2022Q4": 12.70996928, "2017Q4": 2.1338304, "2020Q3": 9.24112704, "2020Q2": 9.72807808, "2020Q1": 4.240304, "2020Q4": 11.911150719999998, "2018Q3": 2.56606784, "2018Q2": 2.1557158399999996, "2018Q1": 2.6809664, "2018Q4": 2.8341644799999997, "2019Q3": 7.315208319999999, "2019Q2": 6.286592639999999, "2019Q1": 4.431801599999999, "2019Q4": 9.449038719999999, "2021Q3": 12.84675328, "2021Q2": 15.587904639999998, "2021Q1": 12.392630399999998, "2021Q4": 10.805935999999999}