{"2014Q2": 15.914447347360001, "2014Q4": 10.772377533552, "2014Q3": 12.730989583304002, "2014Q1": 18.756315026768, "2016Q2": 2.937921386368, "2016Q4": 1.6974654544000003, "2016Q3": 0, "2016Q1": 4.896534760816, "2019Q2": 0.33949309088, "2019Q4": 0.27633158560000004, "2019Q3": 0.36844167256800003, "2019Q1": 0.36560814782400003, "2013Q4": 14.777701865232002, "2021Q2": 0.25001385016800004, "2021Q4": 0.25001385016800004, "2021Q3": 0.2368556448, "2021Q1": 0.18422149863200002, "2020Q2": 0.17106196856800002, "2020Q4": 0.19737970400000002, "2020Q3": 0.14474555783200002, "2020Q1": 0.30264932103200004, "2023Q2": 0.275536768, "2023Q1": 0.29143312000000005, "2018Q2": 0.37866567629600006, "2018Q4": 0.32643556240800004, "2018Q3": 0.36560814782400003, "2018Q1": 0.496182107848, "2017Q2": 0.39172320476800004, "2017Q4": 0.44395199396000007, "2017Q3": 0.37866567629600006, "2017Q1": 0.27420544852000006, "2015Q2": 6.855148135264, "2015Q4": 6.855148135264, "2015Q3": 4.896534760816, "2015Q1": 10.772377533552, "2022Q2": 0.18545744000000003, "2022Q4": 0.15896352, "2022Q3": 0.17221048000000003, "2022Q1": 0.28948979096800004}