{"2020Q1": 4.3399980000000005, "2020Q2": 4.096881, "2020Q3": 4.422312, "2020Q4": 5.224491, "2023Q1": 5.2694730000000005, "2021Q1": 5.714702999999999, "2021Q2": 5.984901, "2021Q3": 5.400135, "2021Q4": 5.102397, "2019Q1": 4.21668, "2019Q2": 5.1720120000000005, "2019Q3": 5.407938, "2019Q4": 3.677355, "2018Q4": 4.2716069999999995, "2022Q1": 4.3788599999999995, "2022Q2": 4.403951999999999, "2022Q3": 4.775283}