{"2021Q1": 3.57, "2021Q4": 3.57, "2021Q2": 3.57, "2021Q3": 3.57, "2001Q1": 0, "2001Q4": 0, "2001Q2": 0, "2001Q3": 0, "2011Q1": 0, "2011Q4": 0, "2011Q2": 0, "2011Q3": 0, "2002Q1": 0, "2002Q4": 0, "2002Q2": 0, "2002Q3": 0, "2015Q1": 5.436428, "2015Q4": 4.57185, "2015Q2": 5.429347, "2015Q3": 4.261312, "2004Q1": 0, "2004Q4": 0, "2004Q2": 0, "2004Q3": 0, "2014Q1": 5.001745, "2014Q4": 4.735185, "2014Q2": 5.552113, "2014Q3": 5.034, "2010Q1": 0, "2010Q4": 0, "2010Q2": 0, "2010Q3": 0, "2009Q1": 0, "2009Q4": 0, "2009Q2": 0, "2003Q1": 0, "2003Q4": 0, "2003Q2": 0, "2003Q3": 0, "2005Q1": 0, "2005Q4": 0, "2005Q2": 0, "2005Q3": 0, "2019Q1": 6.45, "2019Q4": 5.64, "2019Q2": 6.2, "2019Q3": 5.82, "2016Q1": 4.290861, "2016Q4": 5.713947, "2016Q2": 4.970366, "2016Q3": 5.013617, "2018Q1": 5.5, "2018Q4": 5.6, "2018Q2": 6.525, "2018Q3": 6.65, "2007Q4": 0, "2007Q2": 0, "2006Q4": 0, "2006Q2": 0, "2006Q3": 0, "2023Q1": 3.57, "2023Q2": 3.57, "2023Q3": 0, "2012Q1": 0, "2012Q4": 0, "2012Q2": 0, "2012Q3": 0, "2020Q1": 3.86, "2020Q4": 3.07, "2020Q2": 3.5, "2020Q3": 2.52, "2000Q1": 0, "2000Q4": 0, "2000Q2": 0, "2000Q3": 0, "2022Q1": 3.57, "2022Q2": 3.57, "2022Q3": 3.57, "2013Q1": 0, "2013Q4": 0, "2013Q2": 0, "2013Q3": 0, "2008Q4": 0, "2008Q2": 0, "2017Q1": 5.41, "2017Q4": 5.795, "2017Q2": 5.156, "2017Q3": 5.415}