{"2017Q2": 1.164636935212, "2017Q4": 1.2377018528180002, "2017Q3": 1.956906935212, "2023Q1": 1.047557, "2016Q4": 1.292280435212, "2016Q1": 0.628534217606, "2015Q2": 0.546666282394, "2015Q4": 0.457756, "2015Q3": 0.6910355, "2020Q2": 0.322189782394, "2020Q4": 0.4005365, "2020Q1": 0.3934941, "2020Q3": 0.404057717606, "2022Q2": 1.197208, "2022Q4": 0.929596782394, "2022Q1": 1.101255282394, "2022Q3": 1.118861282394, "2018Q2": 0.705120282394, "2018Q4": 0.4603969, "2018Q1": 0.9375195000000001, "2018Q3": 0.7262475, "2012Q4": 0.2447234, "2021Q2": 2.1083185, "2021Q4": 1.103015935212, "2021Q1": 0.626773564788, "2021Q3": 1.3283726471819999, "2019Q2": 0.3917335, "2019Q4": 0.1945463, "2019Q1": 0.3846911, "2019Q3": 0.334514}