{"2023Q3": 55.22, "2023Q2": 54.3, "2023Q1": 58.41, "2022Q3": 48.240002, "2022Q2": 56.290001, "2022Q1": 62.82, "2022Q4": 44.709999, "2017Q3": 66.419998, "2017Q2": 49.290001, "2017Q1": 43.810001, "2017Q4": 87.489998, "2020Q3": 106.839996, "2020Q2": 73.889999, "2020Q1": 58.970001, "2020Q4": 100.25, "2016Q4": 36.23, "2018Q3": 60.799999, "2018Q2": 66.790001, "2018Q1": 83.059998, "2018Q4": 76.419998, "2019Q3": 70.5, "2019Q2": 93.82, "2019Q1": 82.300003, "2019Q4": 63.810001}