{"2017Q2": 0.61905024, "2017Q4": 0.60244736, "2017Q1": 0.578136, "2017Q3": 0.62616576, "2023Q2": 0.41270016, "2023Q1": 0.45272496, "2016Q4": 0.56449792, "2020Q2": 0.42663472, "2020Q4": 0.39402191999999997, "2020Q1": 0.29974128, "2020Q3": 0.34184144, "2022Q2": 0.3943184, "2022Q4": 0.46399120000000005, "2022Q1": 0.44827775999999997, "2022Q3": 0.40736352000000003, "2018Q2": 0.55263872, "2018Q4": 0.54018656, "2018Q1": 0.5742817600000001, "2018Q3": 0.6359496, "2021Q2": 0.4728856, "2021Q4": 0.46428768000000004, "2021Q1": 0.52447312, "2021Q3": 0.47792576000000003, "2019Q2": 0.52743792, "2019Q4": 0.44205168, "2019Q1": 0.5499704000000001, "2019Q3": 0.47703632}