{"2020Q4": 0.338484, "2020Q1": 0.25886448, "2020Q3": 0.28584216, "2020Q2": 0.29311704, "2014Q4": 0.26088528, "2014Q1": 0.24997296, "2014Q3": 0.2455272, "2014Q2": 0.2480532, "2016Q4": 0.3016044, "2016Q1": 0.27806208, "2016Q3": 0.25734888, "2016Q2": 0.25674264, "2017Q4": 0.37364591999999996, "2017Q1": 0.32019576, "2017Q3": 0.36576480000000006, "2017Q2": 0.34484952, "2013Q4": 0.27109032, "2015Q4": 0.26957472, "2015Q1": 0.30190752, "2015Q3": 0.27149448000000004, "2015Q2": 0.2869536, "2018Q4": 0.31918536000000003, "2018Q1": 0.34828488, "2018Q3": 0.3051408, "2018Q2": 0.32464152, "2019Q4": 0.34484952, "2019Q1": 0.32676336000000006, "2019Q3": 0.3440412, "2019Q2": 0.33474552, "2022Q1": 0.35778264, "2022Q2": 0.35030568, "2021Q4": 0.41648688, "2021Q1": 0.36455232, "2021Q3": 0.40749431999999997, "2021Q2": 0.41244528, "2023Q3": 0.39092376, "2023Q2": 0.39425808}