{"1992Q4": 0, "1992Q1": 0, "1992Q3": 0, "1992Q2": 0, "2011Q4": 83800, "2011Q1": 90250, "2011Q3": 82000, "2011Q2": 79200, "2004Q4": 0, "2004Q1": 0, "2004Q3": 0, "2004Q2": 0, "2003Q4": 0, "2003Q1": 0, "2003Q3": 0, "2003Q2": 0, "1999Q4": 0, "1999Q1": 0, "1999Q3": 0, "1999Q2": 0, "2017Q4": 229990.046875, "2017Q1": 251980, "2017Q3": 216694.65625, "2017Q2": 226600, "2013Q4": 128465, "2013Q1": 120108.046875, "2013Q3": 135000, "2013Q2": 131000, "1993Q2": 0, "1997Q4": 0, "1997Q1": 0, "1997Q3": 0, "1997Q2": 0, "2006Q4": 0, "2006Q1": 0, "2006Q3": 0, "2006Q2": 0, "2019Q4": 303000, "2019Q1": 267101.625, "2019Q3": 286500, "2019Q2": 267220, "2018Q4": 291000, "2018Q1": 255600.0625, "2018Q3": 277000, "2018Q2": 244000, "2022Q4": 0, "2022Q1": 0, "2022Q3": 0, "2022Q2": 0, "2009Q4": 68900, "2009Q1": 65550, "2009Q3": 82770, "2009Q2": 63500, "2023Q1": 0, "2023Q3": 0, "2023Q2": 0, "2002Q4": 0, "2002Q1": 0, "2002Q3": 0, "2002Q2": 0, "2008Q4": 82770, "2008Q1": 90900, "2008Q3": 83947, "2008Q2": 77000, "2007Q4": 79100, "2007Q1": 0, "2007Q3": 79100, "2007Q2": 0, "2005Q4": 0, "2005Q1": 0, "2005Q3": 0, "2005Q2": 0, "1995Q4": 0, "1995Q1": 0, "1995Q3": 0, "1995Q2": 0, "1996Q4": 0, "1996Q1": 0, "1996Q3": 0, "1996Q2": 0, "2021Q4": 360000, "2021Q1": 331000, "2021Q3": 354500, "2021Q2": 362000, "2000Q4": 0, "2000Q1": 0, "2000Q3": 0, "2000Q2": 0, "2010Q4": 87265.148438, "2010Q1": 90870.398438, "2010Q3": 96000, "2010Q2": 91800, "2020Q4": 271000, "2020Q1": 230000, "2020Q3": 250000, "2020Q2": 245000, "2016Q4": 236300, "2016Q1": 186960.90625, "2016Q3": 195000, "2016Q2": 187622, "2015Q4": 180600, "2015Q1": 201500, "2015Q3": 172376.203125, "2015Q2": 191000, "1998Q4": 0, "1998Q1": 0, "1998Q3": 0, "1998Q2": 0, "2001Q4": 0, "2001Q1": 0, "2001Q3": 0, "2001Q2": 0, "1990Q4": 0, "1990Q1": 0, "1990Q3": 0, "1990Q2": 0, "2014Q4": 176850, "2014Q1": 127700, "2014Q3": 164500, "2014Q2": 139000, "2012Q4": 100800, "2012Q1": 88653.648438, "2012Q3": 95710, "2012Q2": 95710}