{"2015Q1": 36.040467, "2015Q2": 41.611878000000004, "2015Q3": 42.010754999999996, "2015Q4": 40.621119, "2020Q1": 43.438992, "2020Q2": 43.786401, "2020Q3": 48.753063, "2020Q4": 57.888633, "2016Q1": 38.15065499999999, "2016Q2": 30.610592999999998, "2016Q3": 28.487538, "2016Q4": 26.879163, "2013Q4": 17.074509, "2017Q1": 33.042456, "2017Q2": 35.345648999999995, "2017Q3": 31.498416, "2017Q4": 37.378635, "2023Q1": 108.49454399999999, "2023Q2": 101.59783199999998, "2021Q1": 59.625678, "2021Q2": 63.884654999999995, "2021Q3": 78.089823, "2021Q4": 92.282124, "2019Q1": 34.432092, "2019Q2": 37.816113, "2019Q3": 43.052982, "2019Q4": 44.005140000000004, "2018Q1": 38.073453, "2018Q2": 37.159895999999996, "2018Q3": 34.058949, "2018Q4": 36.722418, "2014Q1": 32.978120999999994, "2014Q2": 27.072167999999998, "2014Q3": 29.864307, "2014Q4": 32.103165, "2022Q1": 115.10818199999999, "2022Q2": 104.81458199999999, "2022Q3": 100.87728, "2022Q4": 109.665441}