{"2014Q3": 3.8605592199999994, "2014Q1": 3.2622245699999994, "2014Q2": 3.2466158399999996, "2014Q4": 3.67845737, "2021Q3": 5.96253486, "2021Q1": 6.22268036, "2021Q2": 6.742971359999999, "2021Q4": 5.556707879999999, "2018Q3": 6.789797549999999, "2018Q1": 9.906340639999998, "2018Q2": 6.243492, "2018Q4": 8.699265519999999, "2011Q3": 3.35587695, "2011Q2": 3.2778332999999997, "2011Q4": 3.67845737, "2008Q4": 1.42559734, "2020Q3": 6.01976687, "2020Q1": 6.264303639999999, "2020Q2": 7.169609979999999, "2020Q4": 6.92507321, "2015Q3": 2.1540047399999995, "2015Q1": 3.0593110799999996, "2015Q2": 2.81477431, "2015Q4": 2.8876150499999995, "2017Q3": 6.899058659999999, "2017Q1": 6.7117539, "2017Q2": 6.26950655, "2017Q4": 9.313208899999998, "2023Q1": 5.556707879999999, "2023Q2": 7.601451509999999, "2012Q3": 3.7096748299999995, "2012Q1": 4.3184153, "2012Q2": 2.8459917699999995, "2012Q4": 3.4183118699999997, "2022Q3": 6.285115279999999, "2022Q1": 5.733606819999999, "2022Q2": 5.520287509999999, "2022Q4": 5.348591479999999, "2016Q3": 4.391256039999999, "2016Q1": 3.11654309, "2016Q2": 3.3038478499999995, "2016Q4": 3.8709650399999997, "2019Q3": 10.166486139999998, "2019Q1": 10.213312329999999, "2019Q2": 9.609774769999998, "2019Q4": 9.83870281, "2009Q3": 2.48699098, "2009Q4": 2.89802087, "2013Q3": 3.7773126599999993, "2013Q1": 3.9073854099999994, "2013Q2": 3.4131089599999993, "2013Q4": 3.5171671599999996, "2010Q1": 2.9084266899999998, "2010Q2": 2.6066579099999996, "2010Q4": 3.7044719199999996}