{"2020Q1": 25.46599, "2016Q4": 41.139775, "2016Q1": 38.1677, "2016Q3": 41.452625, "2016Q2": 37.85485, "2017Q4": 26.59225, "2017Q1": 36.9163, "2017Q3": 30.815725, "2017Q2": 32.22355, "2013Q4": 11.34706987542, "2013Q1": 16.89077225084, "2013Q3": 12.81746487542, "2013Q2": 14.860375, "2015Q4": 30.815725, "2015Q1": 25.028, "2015Q3": 31.285, "2015Q2": 25.59113, "2018Q4": 28.1565, "2018Q1": 24.245875, "2018Q3": 27.687225, "2018Q2": 26.748675, "2019Q4": 23.46375, "2019Q1": 27.249235, "2019Q2": 27.217950000000002, "2014Q4": 15.924065, "2014Q3": 10.10192631229, "2014Q2": 9.75779131229, "2012Q4": 20.6481, "2012Q3": 17.913790249159998}