{"2017Q2": 0.20496, "2017Q4": 0.19039999999999999, "2017Q1": 0.21053355859200001, "2017Q3": 0.19824, "2023Q2": 0.12264, "2023Q1": 0.10976, "2016Q2": 0.23566355859199997, "2016Q4": 0.196014, "2016Q1": 0.204384523392, "2016Q3": 0.24571555859199998, "2015Q2": 0.186006625056, "2015Q4": 0.200486179712, "2015Q1": 0.23596499606399998, "2015Q3": 0.15649060548799998, "2020Q2": 0.08288, "2020Q4": 0.1372, "2020Q1": 0.07504, "2020Q3": 0.08288, "2022Q2": 0.10192, "2022Q4": 0.10303999999999999, "2022Q1": 0.11424, "2022Q3": 0.10135999999999999, "2018Q2": 0.17528, "2018Q4": 0.14056, "2018Q1": 0.19936, "2018Q3": 0.12936, "2012Q2": 0.127022095648, "2012Q4": 0.12049101366399999, "2012Q3": 0.12266199803199998, "2021Q2": 0.10808, "2021Q4": 0.11312, "2021Q1": 0.12544, "2021Q3": 0.112, "2019Q2": 0.17192, "2019Q4": 0.14056, "2019Q1": 0.15904, "2019Q3": 0.15567999999999999, "2013Q2": 0.19705135352, "2013Q4": 0.141220132816, "2013Q1": 0.18996329296, "2013Q3": 0.15764106635199998, "2014Q2": 0.1641255, "2014Q4": 0.19949263084799998, "2014Q1": 0.178988304656, "2014Q3": 0.170756837888}