{"2015Q4": 99.66671357999999, "2016Q1": 108.54284202000001, "2016Q2": 114.21828474, "2016Q3": 118.06240728}