{"2020Q4": 0.346048733484, "2020Q1": 0.239572225008, "2020Q3": 0.23661454421699998, "2020Q2": 0.266930792559, "2014Q4": 0.5781731357519999, "2014Q1": 0.674451501291, "2014Q3": 0.7425003362220001, "2014Q2": 0.728780867226, "2016Q4": 0.45212905534500003, "2016Q1": 0.52128688905, "2016Q3": 0.517538291895, "2016Q2": 0.5345935793459999, "2011Q4": 0, "2017Q4": 0.471607677513, "2017Q1": 0.5678337577499999, "2017Q3": 0.645937800876, "2017Q2": 0.617129894466, "2013Q4": 0.74853694143, "2013Q1": 0.777924518634, "2013Q3": 0.707889408786, "2013Q2": 0.716416445484, "2015Q4": 0.50050469556, "2015Q1": 0.6094256633099999, "2015Q3": 0.41685606324899993, "2015Q2": 0.519650261973, "2018Q4": 0.589974559722, "2018Q1": 0.47491945767899996, "2018Q3": 0.5269532884199999, "2018Q2": 0.454293553536, "2019Q4": 0.20038293429299997, "2019Q1": 0.473799208662, "2019Q3": 0.45193925808, "2019Q2": 0.548783292312, "2022Q4": 0.48805011, "2022Q1": 0.398709906912, "2022Q3": 0.41277869999999994, "2022Q2": 0.40873184999999995, "2021Q4": 0.416971479411, "2021Q1": 0.40668123016799995, "2021Q3": 0.43133957752499996, "2021Q2": 0.47274225237899997, "2023Q1": 0.54794349, "2012Q4": 0.8157366662939999, "2012Q3": 0.6907042174499999}