{"2007Q4": 0, "2014Q3": 1.8416986, "2014Q1": 1.70464196, "2014Q2": 1.72177404, "2014Q4": 1.85883068, "2021Q3": 2.80109508, "2021Q1": 2.8353592400000003, "2021Q2": 2.783963, "2021Q4": 2.89532152, "2018Q3": 2.57837804, "2018Q1": 2.34709496, "2018Q2": 2.45845348, "2018Q4": 2.38992516, "2011Q3": 0, "2011Q1": 0, "2011Q2": 0, "2011Q4": 0, "2008Q3": 0, "2008Q1": 0, "2008Q2": 0, "2008Q4": 0, "2020Q3": 1.8845288000000002, "2020Q1": 1.9359250399999999, "2020Q2": 1.927359, "2020Q4": 2.32996288, "2015Q3": 1.74747216, "2015Q1": 2.0130194, "2015Q2": 1.8673967200000001, "2015Q4": 1.8416986, "2017Q3": 2.30426476, "2017Q1": 2.23573644, "2017Q2": 2.26143456, "2017Q4": 2.30426476, "2023Q1": 2.80966112, "2023Q2": 2.5869440800000003, "2012Q3": 1.40483056, "2012Q1": 1.27633996, "2012Q2": 1.31917016, "2012Q4": 1.4133966, "2022Q3": 2.3984912, "2022Q1": 3.0837744000000002, "2022Q2": 2.6554724000000003, "2022Q4": 2.80109508, "2016Q3": 2.06441564, "2016Q1": 1.9787552400000001, "2016Q2": 1.95305712, "2016Q4": 2.0472835600000003, "2019Q3": 2.783963, "2019Q1": 2.6811705200000002, "2019Q2": 2.70686864, "2019Q4": 3.1009064800000004, "2009Q3": 0, "2009Q1": 0, "2009Q2": 0, "2009Q4": 0, "2013Q3": 1.5847174000000002, "2013Q1": 1.56758532, "2013Q2": 1.64467968, "2013Q4": 1.6104155199999999, "2010Q3": 0, "2010Q1": 0, "2010Q2": 0, "2010Q4": 0}