{"2023Q2": 0.088160375, "2023Q1": 0.0834349789, "2022Q4": 0.0772284885}