{"2021Q4": 0.02623, "2021Q3": 0.05246, "2023Q2": 0.012931999999999999, "2023Q1": 0.015127999999999999, "2020Q4": 0, "2022Q2": 0.017202, "2022Q4": 0.015982, "2022Q1": 0.023302, "2022Q3": 0.016592}