{"2017Q2": 0.6608169259999999, "2017Q1": 0.6205546086999999, "2017Q3": 0.7499549963, "2023Q2": 1.2873056999999999, "2023Q1": 1.1407831, "2016Q2": 0, "2016Q4": 0.667515102, "2016Q1": 0, "2016Q3": 0.6321298941, "2015Q2": 0, "2015Q4": 0, "2015Q3": 0, "2020Q2": 0.7034550025999999, "2020Q4": 1.2140444, "2020Q1": 1.020215932, "2020Q3": 1.0287979699999998, "2022Q2": 1.3710328999999999, "2022Q4": 1.1721808, "2022Q1": 1.4128965, "2022Q3": 1.2873056999999999, "2018Q4": 0.8175333125999998, "2021Q2": 1.2768397999999999, "2021Q4": 1.3814988, "2021Q1": 1.2663738999999998, "2021Q3": 1.3082375, "2019Q2": 0.9001301953999999, "2019Q4": 1.0362496907999998, "2019Q1": 0.7992493852999999, "2019Q3": 0.9674677959999999}