{"2020Q2": 0.6024647999999999, "2020Q3": 1.0553816, "2020Q4": 1.789235, "2023Q2": 0.20317164, "2023Q3": 0.16022999999999998, "2021Q1": 2.9695958931799997, "2021Q2": 1.7027108, "2021Q3": 1.97617, "2021Q4": 1.7347567999999998, "2019Q4": 0.17838939999999998, "2022Q1": 0.9336068, "2022Q2": 0.41574343999999996}