{"2014Q3": 1.037559541788, "2014Q1": 0.938038434494, "2014Q2": 0.938038434494, "2014Q4": 1.6315095523719998, "2021Q3": 3.164182947863, "2021Q1": 2.81734992, "2021Q2": 2.3833642, "2021Q4": 2.39225735, "2018Q3": 1.403881730013, "2018Q1": 1.627804132493, "2018Q2": 1.4769345106879999, "2018Q4": 1.000027425117, "2011Q3": 0, "2011Q1": 0, "2011Q2": 0, "2011Q4": 0, "2020Q3": 1.956493, "2020Q1": 0.9960327999999999, "2020Q2": 1.5296218, "2020Q4": 1.91202725, "2015Q3": 2.351978317157, "2015Q1": 2.608440755487, "2015Q2": 2.498607862905, "2015Q4": 2.702419473838, "2017Q3": 2.35039017843, "2017Q1": 2.756944265803, "2017Q2": 3.147617143769, "2017Q4": 1.866019249927, "2023Q3": 1.32152209, "2023Q1": 1.68614124, "2023Q2": 1.6761809119999997, "2012Q3": 0, "2012Q1": 0, "2012Q2": 0, "2012Q4": 0, "2022Q3": 1.7172672649999998, "2022Q1": 1.4887133099999998, "2022Q2": 1.98139382, "2022Q4": 1.8053272363, "2016Q3": 2.064531966364, "2016Q1": 2.00894835596, "2016Q2": 1.8040832624779999, "2016Q4": 1.834257364702, "2019Q3": 1.418968781125, "2019Q1": 1.127551994583, "2019Q2": 1.222838183847, "2019Q4": 1.3244765722929999, "2013Q3": 0, "2013Q1": 0, "2013Q2": 2.814115659208, "2013Q4": 0, "2010Q4": 0}