{"2020Q4": 0.4341666932, "2020Q1": 0.323639783, "2020Q3": 0.40780533855, "2020Q2": 0.40542990505, "2017Q4": 0.36381216120000004, "2018Q4": 0.35958925105000006, "2018Q1": 0.36134215715, "2018Q3": 0.35916628985000004, "2018Q2": 0.35869716035, "2019Q4": 0.4207793755, "2019Q3": 0.40406719555, "2019Q2": 0.4228375881, "2022Q4": 0.32496600465000003, "2022Q1": 0.49301414875, "2022Q3": 0.35430372535000004, "2022Q2": 0.33163136680000005, "2021Q4": 0.5092274132, "2021Q1": 0.4460647109, "2021Q3": 0.5182786339500001, "2021Q2": 0.51813119325, "2023Q1": 0.23828800000000003, "2023Q2": 0.24201125}