{"2006Q4": 40.200001, "2011Q3": 4.6, "2011Q2": 9.5, "2011Q1": 16.299999, "2011Q4": 5.3, "2012Q3": 2.4, "2012Q2": 2.7, "2012Q1": 3.7, "2012Q4": 3.37, "2019Q3": 1.56, "2019Q2": 1.83, "2019Q1": 2.03, "2019Q4": 2.06, "2007Q3": 107.5, "2007Q2": 47.5, "2007Q1": 36, "2007Q4": 99.5, "2009Q3": 55.599998, "2009Q2": 96.300003, "2009Q1": 79.800003, "2009Q4": 44.700001, "2021Q3": 3.27, "2021Q2": 3.53, "2021Q1": 4.82, "2021Q4": 2.22, "2014Q3": 6.5, "2014Q2": 8.68, "2014Q1": 13.49, "2014Q4": 4.94, "2023Q3": 2.06, "2023Q2": 3.71, "2023Q1": 4.36, "2022Q3": 1.57, "2022Q2": 2.46, "2022Q1": 1.86, "2022Q4": 3.69, "2017Q3": 2.76, "2017Q2": 4.25, "2017Q1": 7.48, "2017Q4": 2.29, "2020Q3": 3.4, "2020Q2": 3.99, "2020Q1": 1.7, "2020Q4": 7.94, "2018Q3": 1.89, "2018Q2": 2.33, "2018Q1": 2.61, "2018Q4": 1.52, "2008Q3": 79, "2008Q2": 170, "2008Q1": 180.5, "2008Q4": 28.200001, "2013Q3": 7.3, "2013Q2": 4.94, "2013Q1": 4.08, "2013Q4": 9.75, "2015Q3": 2.25, "2015Q2": 3.43, "2015Q1": 3.97, "2015Q4": 1.81, "2010Q3": 19.299999, "2010Q2": 25, "2010Q1": 31.9, "2010Q4": 14.1, "2016Q3": 4.42, "2016Q2": 4.62, "2016Q1": 3.3, "2016Q4": 5.15}