{"2017Q2": 0.049906032246, "2017Q4": 0.041003880174, "2017Q1": 0.058120832303999996, "2017Q3": 0.048017696958, "2023Q2": 0.01776978, "2023Q1": 0.027641879999999997, "2016Q2": 0.063932904252, "2016Q4": 0.052572937752, "2016Q1": 0.0463495095, "2016Q3": 0.05653571151599999, "2009Q4": 0.007172419121999999, "2010Q2": 0.007218676962, "2010Q4": 0.007450078986, "2010Q1": 0.00620066601, "2010Q3": 0.007357506894, "2015Q2": 0.044289540701999995, "2015Q4": 0.03115719378, "2015Q1": 0.04764515211, "2015Q3": 0.03862459125, "2020Q2": 0.01438506, "2020Q4": 0.013820939999999999, "2020Q1": 0.0050770799999999994, "2020Q3": 0.013538879999999998, "2022Q2": 0.02510334, "2022Q4": 0.02059038, "2022Q1": 0.03271896, "2022Q3": 0.02228274, "2018Q2": 0.024823987776, "2018Q4": 0.028409675525999996, "2018Q1": 0.039924831438, "2018Q3": 0.033098669172, "2012Q2": 0.009685263456, "2012Q4": 0.01016953227, "2012Q1": 0.01161762831, "2012Q3": 0.009866853683999999, "2021Q2": 0.0225648, "2021Q4": 0.02623158, "2021Q1": 0.024539219999999997, "2021Q3": 0.01889802, "2011Q2": 0.008551043784, "2011Q4": 0.008845909308, "2011Q1": 0.007450078986, "2011Q3": 0.007371609893999999, "2019Q2": 0.026513639999999998, "2019Q4": 0.017205659999999998, "2019Q1": 0.031443710327999995, "2019Q3": 0.019744199999999996, "2013Q2": 0.014644950083999998, "2013Q4": 0.014644950083999998, "2013Q1": 0.015738553116, "2013Q3": 0.014029636193999998, "2014Q2": 0.03104535699, "2014Q4": 0.03453006726, "2014Q1": 0.021167502966, "2014Q3": 0.030285064259999998}