{"2014Q3": 0.9595226400000001, "2014Q1": 0.8979019200000001, "2014Q2": 0.8362812000000001, "2014Q4": 0.57072524, "2021Q3": 4.5408602, "2021Q1": 3.17346708, "2021Q2": 4.37653828, "2021Q4": 4.961935120000001, "2018Q1": 1.1649250400000002, "2018Q2": 0.9008362400000001, "2011Q3": 0.23621276000000002, "2011Q1": 0.5531193200000001, "2011Q2": 0.46949120000000005, "2011Q4": 0.30663644, "2020Q3": 2.3665290800000003, "2020Q1": 0.7746604800000001, "2020Q2": 1.11357444, "2020Q4": 3.8542293200000004, "2015Q3": 0.7658575200000001, "2015Q1": 0.7409158, "2015Q2": 0.8656244000000002, "2015Q4": 0.79079924, "2017Q1": 0.8025365200000001, "2017Q2": 0.8979019200000001, "2023Q3": 4.53205724, "2023Q1": 4.292910160000001, "2023Q2": 4.694912, "2012Q3": 0.2494172, "2012Q1": 0.403469, "2012Q2": 0.28022756, "2012Q4": 0.43868084000000007, "2022Q3": 3.6092136000000004, "2022Q1": 4.065500360000001, "2022Q2": 5.88037728, "2022Q4": 3.5872062000000002, "2016Q3": 0.9727270800000001, "2016Q1": 0.83334688, "2016Q2": 0.8685587200000001, "2016Q4": 0.7614560400000001, "2019Q3": 0.7321128400000001, "2019Q2": 0.8788288400000001, "2019Q4": 0.7247770400000001, "2013Q3": 0.6411489200000001, "2013Q1": 0.45775392000000004, "2013Q2": 0.4841628, "2013Q4": 0.7071711200000002, "2010Q4": 0.7658575200000001}