{"2015Q4": 0, "2020Q1": 4.199093296384, "2020Q3": 6.257920965688, "2020Q4": 6.868809819424, "2016Q3": 0, "2016Q4": 2.9567686878519996, "2017Q1": 3.3244095123679998, "2017Q2": 2.988015531676, "2017Q3": 2.75431574376, "2017Q4": 2.428805668884, "2023Q1": 3.626938, "2023Q2": 2.035842038916, "2021Q1": 8.962160349436, "2021Q2": 8.396030051108, "2021Q3": 9.540428760631999, "2021Q4": 9.97099481896, "2019Q1": 3.476044536272, "2019Q2": 3.5869243119079997, "2019Q3": 3.730401341464, "2019Q4": 4.667784656724, "2018Q1": 2.75431574376, "2018Q2": 2.805856078648, "2018Q3": 3.0292526275759997, "2018Q4": 2.752240778476, "2022Q1": 9.619743948892, "2022Q2": 5.707967999999999, "2022Q3": 4.3225963621679995, "2022Q4": 3.597209}