{"2015Q1": 37.435908960000006, "2015Q2": 32.0576432, "2015Q3": 30.322291440000004, "2015Q4": 30.110340080000004, "2010Q1": 26.056770320000005, "2010Q2": 26.3614504, "2010Q3": 28.62668056, "2010Q4": 33.1836348, "2012Q1": 27.47419504, "2012Q2": 28.4147292, "2012Q3": 30.24280968, "2012Q4": 32.11063104, "2011Q1": 30.25605664, "2011Q2": 27.765628160000002, "2011Q3": 28.242518720000003, "2011Q4": 26.295215600000002, "2020Q1": 29.924882640000003, "2020Q2": 34.018193280000006, "2020Q3": 34.49508384, "2020Q4": 40.50920368, "2016Q1": 31.382048240000003, "2016Q2": 29.05058328, "2016Q3": 31.580752640000004, "2016Q4": 33.23662264, "2013Q1": 36.23043560000001, "2013Q2": 36.91927752, "2013Q3": 37.07824104, "2013Q4": 37.83331776, "2017Q1": 33.43532704, "2017Q2": 34.61430648, "2017Q3": 37.422662, "2017Q4": 35.34288928, "2023Q1": 52.25925720000001, "2023Q2": 49.676100000000005, "2021Q1": 46.390853920000005, "2021Q2": 45.59603632, "2021Q3": 45.54304848000001, "2021Q4": 48.497120560000006, "2019Q1": 29.156558960000005, "2019Q2": 30.04410528, "2019Q3": 30.70645328, "2019Q4": 33.779748000000005, "2018Q1": 31.580752640000004, "2018Q2": 33.10415304, "2018Q3": 33.10415304, "2018Q4": 23.65907056, "2009Q4": 23.50010704, "2014Q1": 41.35700912, "2014Q2": 41.40999696000001, "2014Q3": 34.81301088000001, "2014Q4": 31.23633168, "2022Q1": 54.52448736, "2022Q2": 54.19331336, "2022Q3": 52.140034560000004}