{"2014Q2": 3.29935865, "2014Q1": 3.0218923699999998, "2014Q3": 2.7141893799999997, "2014Q4": 2.35134886, "2011Q2": 3.2299920799999997, "2011Q1": 3.2122057799999997, "2011Q3": 1.7590650700000001, "2011Q4": 2.09166888, "2015Q2": 2.81201403, "2015Q1": 2.55233405, "2015Q3": 2.36913516, "2015Q4": 2.7479833499999997, "2012Q2": 2.36913516, "2012Q1": 2.5256545999999997, "2012Q3": 2.6875099299999996, "2012Q4": 2.9578616899999997, "2009Q4": 2.17526449, "2013Q2": 2.71063212, "2013Q1": 2.9738693599999997, "2013Q3": 3.1232742799999995, "2013Q4": 3.34204577, "2010Q2": 2.145905000316, "2010Q1": 2.45984529, "2010Q3": 2.9153746658749995, "2010Q4": 2.812593507654}