{"2006Q1": 53.43, "2006Q2": 57.599998, "2006Q3": 63.380001, "2006Q4": 54.110001, "2003Q1": 40.27, "2003Q2": 33.220001, "2003Q3": 32, "2003Q4": 43.07, "2011Q1": 51.91, "2011Q2": 57.080002, "2011Q3": 61.139999, "2011Q4": 54.75, "2012Q1": 57.310001, "2012Q2": 59.040001, "2012Q3": 49.16, "2012Q4": 52.360001, "2019Q1": 172.619995, "2019Q2": 168.440002, "2019Q3": 202.710007, "2019Q4": 217.270004, "2007Q1": 58.369999, "2007Q2": 46.650002, "2007Q3": 46.650002, "2007Q4": 50.860001, "2009Q1": 40.810001, "2009Q2": 45.799999, "2009Q3": 39.709999, "2009Q4": 46.57, "2021Q1": 208.529999, "2021Q2": 246.600006, "2021Q3": 258.399994, "2021Q4": 260.019989, "2001Q1": 11.375, "2001Q2": 12.875, "2001Q3": 18.424999, "2001Q4": 27.450001, "2014Q1": 72.150002, "2014Q2": 71.800003, "2014Q3": 73.029999, "2014Q4": 71.470001, "2023Q1": 294.899994, "2023Q2": 303.809998, "2023Q3": 312.429993, "2023Q4": 343.11, "2024Q1": 327.07, "2024Q2": 334.14, "2022Q1": 277.73999, "2022Q2": 243.639999, "2022Q3": 268.369995, "2022Q4": 276, "2017Q1": 98.300003, "2017Q2": 130.199997, "2017Q3": 126.349998, "2017Q4": 123.849998, "2020Q1": 224.610001, "2020Q2": 280.070007, "2020Q3": 250.139999, "2020Q4": 229.550003, "2018Q1": 128.100006, "2018Q2": 150.449997, "2018Q3": 155.899994, "2018Q4": 188.949997, "2008Q1": 47.48, "2008Q2": 43.099998, "2008Q3": 51.07, "2008Q4": 51.41, "2013Q1": 53.529999, "2013Q2": 54.77, "2013Q3": 60.189999, "2013Q4": 67.220001, "2002Q1": 33.150002, "2002Q2": 37.540001, "2002Q3": 32.5, "2002Q4": 34.950001, "2000Q2": 13.9375, "2000Q3": 11.9375, "2000Q4": 11.15625, "2005Q1": 62.450001, "2005Q2": 54.799999, "2005Q3": 64.720001, "2005Q4": 59.970001, "2015Q1": 84.169998, "2015Q2": 84.589996, "2015Q3": 89.639999, "2015Q4": 80.459999, "2010Q1": 49.200001, "2010Q2": 47.07, "2010Q3": 47.849998, "2010Q4": 41.849998, "2016Q1": 97.040001, "2016Q2": 91.07, "2016Q3": 97.5, "2016Q4": 97.489998, "2004Q1": 49.869999, "2004Q2": 44, "2004Q4": 50.549999}