{"2015Q2": 3.8819721599999997, "2015Q4": 4.90563678, "2012Q2": 0.39632934, "2012Q4": 0.5024490899999999, "2011Q4": 0.4043721, "2020Q2": 9.132553979999999, "2020Q4": 13.48212327, "2016Q2": 6.96212583, "2016Q4": 9.08787198, "2013Q2": 0.48189537, "2013Q4": 0.7256356799999999, "2017Q2": 11.40910188, "2017Q4": 10.41157623, "2023Q1": 17.32209435, "2021Q2": 15.144963899999999, "2021Q4": 13.96290159, "2019Q2": 8.59145496, "2019Q4": 6.09663549, "2018Q2": 5.13418521, "2018Q4": 7.47418155, "2014Q2": 1.6476487499999999, "2014Q4": 2.55514017, "2022Q2": 10.635209640000001, "2022Q3": 11.8921143, "2022Q4": 11.76208968}