{"2020Q2": 23.299999, "2020Q3": 20.5, "2020Q4": 19.9, "2016Q4": 456.299988, "2017Q1": 360.799988, "2017Q2": 307.200012, "2017Q3": 302.700012, "2017Q4": 262, "2023Q1": 2.8, "2023Q2": 3.9, "2023Q3": 3.3, "2021Q1": 27.4, "2021Q2": 24.299999, "2021Q3": 18.299999, "2021Q4": 14.7, "2019Q1": 156.199997, "2019Q2": 35.599998, "2019Q3": 27.6, "2019Q4": 37.400002, "2018Q1": 252.300003, "2018Q2": 221.199997, "2018Q3": 232.899994, "2018Q4": 232.100006, "2022Q1": 12.1, "2022Q2": 10.6, "2022Q3": 9.9, "2022Q4": 8.4}