{"2015Q1": 64.189139521796, "2015Q2": 62.163354461378, "2015Q3": 66.363585210236, "2015Q4": 66.643600136402, "2010Q1": 19.94505738238, "2010Q2": 17.63037754219, "2010Q3": 18.947112448616, "2010Q4": 19.958919530066, "2012Q1": 25.641668164042002, "2012Q2": 26.88910118818, "2011Q1": 22.453783007204, "2011Q2": 24.948646770024002, "2011Q3": 22.190443910742, "2011Q4": 21.899369662992, "2020Q1": 41.067567697542, "2020Q2": 59.477160607016, "2020Q3": 65.42487901031, "2020Q4": 66.84100468431, "2016Q1": 63.84344916065, "2016Q2": 72.243897516994, "2016Q3": 80.652907477196, "2016Q4": 77.92937298566001, "2013Q1": 28.639657638659997, "2013Q2": 34.284176593078, "2013Q3": 45.781743506902, "2013Q4": 52.733119626914004, "2017Q1": 85.636684246776, "2017Q2": 86.965609489824, "2017Q3": 81.19604152468399, "2017Q4": 87.2470542544, "2023Q1": 162.042356001562, "2023Q2": 160.553284, "2021Q1": 93.74733992482199, "2021Q2": 107.455228472646, "2021Q3": 128.49142539946598, "2021Q4": 134.461166171094, "2019Q1": 60.116876310972, "2019Q2": 57.21136438521, "2019Q3": 58.344266924184, "2019Q4": 58.061039218246, "2018Q1": 73.737830112104, "2018Q2": 69.854113878778, "2018Q3": 71.970909510982, "2018Q4": 58.987919040418, "2009Q4": 22.176577477826, "2014Q1": 55.610985534172, "2014Q2": 51.083333788067996, "2014Q3": 59.736800978624, "2014Q4": 62.667805166292, "2022Q1": 125.932972537312, "2022Q2": 113.82905472031199, "2022Q3": 99.850043669936, "2022Q4": 131.516770639676}