{"2022Q3": 13.842419840000002, "2022Q4": 14.89592504, "2022Q1": 11.518323520000001, "2022Q2": 12.712296080000002, "2020Q3": 10.10088016, "2020Q4": 11.390625920000002, "2020Q1": 11.563017680000002, "2020Q2": 11.192694640000001, "2016Q3": 5.6059246400000005, "2016Q1": 5.899629120000001, "2016Q2": 5.158983040000001, "2015Q3": 5.7144676, "2015Q1": 4.673732160000001, "2015Q2": 5.66338856, "2019Q3": 6.49342296, "2019Q4": 9.800790800000001, "2019Q1": 8.306728880000001, "2019Q2": 9.36661896, "2018Q3": 6.76158792, "2018Q4": 7.2340690400000005, "2018Q1": 7.604392080000001, "2018Q2": 6.633890320000001, "2013Q3": 4.92274248, "2013Q1": 5.1270586400000004, "2013Q2": 4.03524416, "2014Q3": 4.84612392, "2014Q1": 4.55241944, "2014Q2": 4.756735600000001, "2012Q3": 4.150172, "2012Q1": 3.3712166400000005, "2012Q2": 3.8564675200000003, "2017Q3": 6.9914436, "2017Q4": 7.8278628800000005, "2017Q1": 6.5445020000000005, "2017Q2": 7.6554711200000005, "2021Q3": 12.310048640000002, "2021Q4": 11.135230720000001, "2021Q1": 14.736303040000001, "2021Q2": 14.589450800000002, "2011Q4": 2.5411822400000004}