{"2022Q4": 1.6362565599999999, "2022Q1": 3.71684141, "2022Q3": 1.5798339200000002, "2022Q2": 1.69973203, "2021Q4": 5.14151307, "2023Q1": 2.53196597, "2023Q2": 2.1863773}