{"2020Q4": 4.489888185332, "2020Q1": 4.448496826664001, "2020Q3": 4.489889204284, "2020Q2": 4.489889204284, "2014Q4": 4.952576456872, "2014Q1": 4.946622720336001, "2014Q3": 4.952576456872, "2014Q2": 4.952576456872, "2016Q4": 6.862363036628, "2016Q1": 4.941630874488001, "2016Q3": 6.862363036628, "2016Q2": 5.2959530913520005, "2011Q4": 2.228111260364, "2011Q1": 1.9376223104920003, "2011Q3": 2.228111260364, "2011Q2": 1.9376223104920003, "2017Q4": 6.867180641684, "2017Q1": 6.862363036628, "2017Q3": 6.867180641684, "2017Q2": 6.867180641684, "2013Q4": 4.946622720336001, "2013Q1": 4.946622720336001, "2013Q3": 4.946622720336001, "2013Q2": 4.946622720336001, "2015Q4": 4.941630874488001, "2015Q1": 4.952576456872, "2015Q3": 4.941630874488001, "2015Q2": 4.941630874488001, "2010Q4": 2.1023195980600002, "2010Q3": 4.359649307024, "2010Q2": 4.359649307024, "2018Q4": 5.981414838652001, "2018Q1": 5.97146120604, "2018Q3": 5.981414838652001, "2018Q2": 5.97146120604, "2019Q4": 5.981414838652001, "2019Q1": 5.981414838652001, "2019Q3": 5.981414838652001, "2019Q2": 5.981414838652001, "2022Q4": 3.9065463169480004, "2022Q1": 4.1713668469880005, "2022Q3": 3.9065463169480004, "2022Q2": 4.189460377652001, "2021Q4": 4.1713668469880005, "2021Q1": 4.489888185332, "2021Q3": 4.1713668469880005, "2021Q2": 4.506586770708, "2009Q4": 1.7438599266, "2023Q1": 3.9065463169480004, "2023Q2": 3.93099963652, "2012Q4": 4.9433911140680005, "2012Q1": 2.22946952338, "2012Q3": 4.9433911140680005, "2012Q2": 4.9433911140680005}