{"2015Q4": 2199.846940263665, "2020Q1": 868.70135300784, "2020Q2": 687.40042069171, "2020Q3": 629.79557401695, "2020Q4": 1275.0211190592152, "2016Q2": 2017.14491658856, "2016Q3": 2682.7626676497352, "2016Q4": 2635.57234867839, "2017Q1": 3128.709978925795, "2017Q2": 2831.8271787695453, "2017Q3": 3000.4173298372352, "2017Q4": 2807.393839837235, "2023Q1": 1095.13624, "2023Q2": 1056.18788, "2021Q1": 1401.803115338505, "2021Q2": 2084.0602822330497, "2021Q3": 2530.4975802018553, "2021Q4": 3085.97261106123, "2019Q1": 1750.517964550795, "2019Q2": 1463.008260205085, "2019Q3": 1357.82805508141, "2019Q4": 1074.43282799314, "2018Q1": 2346.580518046875, "2018Q2": 2743.9441803125, "2018Q3": 2661.651562539035, "2018Q4": 1921.7894790917899, "2022Q1": 3008.82345671875, "2022Q2": 2414.516409765625, "2022Q3": 2415.94386, "2022Q4": 1317.371}