{"2006Q3": 9.84, "2006Q2": 9.8, "2006Q1": 9.03, "2006Q4": 9.85, "2011Q3": 12.9, "2011Q2": 13.67, "2011Q1": 12.42, "2011Q4": 13.43, "2012Q3": 14.84, "2012Q2": 15.25, "2012Q1": 15.17, "2012Q4": 13.61, "2019Q3": 14.93, "2019Q2": 13.1, "2019Q1": 10.22, "2019Q4": 9.79, "2007Q3": 6.4, "2007Q2": 8.74, "2007Q1": 9.08, "2007Q4": 6.97, "2009Q3": 9.12, "2009Q2": 8.45, "2009Q1": 8.91, "2009Q4": 10.13, "2021Q3": 12.58, "2021Q2": 13.96, "2021Q1": 12.53, "2021Q4": 12.5, "1990Q3": 0.13273, "1990Q2": 0.26546, "1990Q1": 0.26546, "1990Q4": 0.11199, "2014Q3": 22.77, "2014Q2": 19.83, "2014Q1": 16.32, "2014Q4": 23.16, "2023Q3": 6.47, "2023Q2": 7.19, "2023Q1": 7.61, "2022Q3": 9, "2022Q2": 10.11, "2022Q1": 11.05, "2022Q4": 7.82, "2017Q3": 10.57, "2017Q2": 8.84, "2017Q1": 13.67, "2017Q4": 10.15, "2020Q3": 7.11, "2020Q2": 6.2, "2020Q1": 8.27, "2020Q4": 9.54, "2018Q3": 10.75, "2018Q2": 14.34, "2018Q1": 15.78, "2018Q4": 11.19, "2008Q3": 6.34, "2008Q2": 8.02, "2008Q1": 6.9, "2008Q4": 8.35, "2013Q3": 18.29, "2013Q2": 14.04, "2013Q1": 13.87, "2013Q4": 16.03, "2005Q3": 9.45, "2005Q2": 7.99, "2005Q1": 7.92, "2005Q4": 8.98, "2015Q3": 23.18, "2015Q2": 20.36, "2015Q1": 22.27, "2015Q4": 22.53, "2010Q3": 12.7, "2010Q2": 11.09, "2010Q1": 11.23, "2010Q4": 11.81, "2016Q3": 19.98, "2016Q2": 21.36, "2016Q1": 23.04, "2016Q4": 13.59, "2004Q3": 7.55, "2004Q2": 5.46, "2004Q4": 6.84, "1989Q3": 0.52442, "1989Q2": 0.67316, "1989Q4": 0.39529}