{"2020Q4": 0, "2023Q1": 4.480988642872, "2023Q2": 4.420270642872, "2021Q3": 5.828928, "2021Q4": 5.38690096, "2022Q1": 5.09788328, "2022Q2": 5.294609357128, "2022Q3": 4.736004, "2022Q4": 4.8817272}