{"2015Q2": 6.784575118233, "2015Q4": 5.365445459285, "2012Q4": 3.367334150724, "2020Q1": 13.247918622929, "2020Q2": 10.963796053804998, "2020Q3": 9.935937968661, "2020Q4": 16.103074497096, "2016Q2": 6.657147311341999, "2016Q4": 9.873851678488, "2013Q2": 4.932578880278999, "2013Q4": 9.46693105241, "2017Q1": 10.081720194017999, "2017Q2": 10.904152847766998, "2017Q4": 9.173503999677, "2023Q1": 23.903940662345, "2023Q2": 24.497410399999996, "2021Q1": 15.760454247794, "2021Q2": 16.731354522377, "2021Q3": 23.732416185353, "2021Q4": 25.782142472521997, "2019Q1": 13.600905004696997, "2019Q2": 15.931763041063999, "2019Q3": 16.217280359276, "2019Q4": 16.331486221456, "2018Q2": 14.368699113586999, "2018Q3": 14.807435751422, "2018Q4": 14.862279328955, "2014Q2": 9.718977452282, "2014Q4": 8.090512095942, "2022Q1": 25.782142472521997, "2022Q2": 25.457903269305998, "2022Q3": 23.470943608001, "2022Q4": 22.310345505776}