{"2014Q2": 20.560992070968002, "2014Q4": 19.65919815936, "2014Q3": 19.65919815936, "2014Q1": 20.560258569456, "2008Q4": 12.479603650224, "2016Q2": 16.354271019, "2016Q4": 19.388854140648, "2016Q3": 14.428911888216, "2016Q1": 19.835247321744, "2019Q2": 13.323905373912, "2019Q4": 12.002425404383999, "2019Q3": 11.941808764008, "2019Q1": 13.587265729128, "2013Q2": 23.806621239480002, "2013Q4": 23.265556708992, "2013Q3": 23.265556708992, "2013Q1": 18.217958197464, "2011Q2": 22.59718598292, "2011Q4": 32.757156783456, "2011Q3": 20.84546872164, "2011Q1": 20.450413732488, "2021Q2": 15.591884506584, "2021Q4": 14.40214191144, "2021Q3": 14.40214191144, "2021Q1": 10.019587284936, "2020Q2": 9.963541358352, "2020Q4": 12.392154179472, "2020Q3": 9.963541358352, "2020Q1": 9.0927474708, "2023Q2": 9.06348912, "2023Q1": 8.346958079999999, "2018Q2": 12.815937663576, "2018Q4": 15.367257053832, "2018Q3": 11.92000924992, "2018Q1": 13.539799947479999, "2017Q2": 20.516110200816, "2017Q4": 15.307925769575998, "2017Q3": 27.054211440312, "2017Q1": 20.741563549872, "2015Q2": 18.937948699608, "2015Q4": 16.052166447672, "2015Q3": 18.757587151728, "2015Q1": 18.757397962391998, "2010Q4": 23.569975549872, "2009Q4": 23.496606542591998, "2022Q2": 12.074175931464, "2022Q4": 8.47895064, "2022Q3": 9.742308, "2022Q1": 13.77596292144, "2012Q2": 25.400038566480003, "2012Q4": 19.794508132367998, "2012Q3": 25.575212806752, "2012Q1": 31.530957214704}