{"2017Q4": 3.87488834464, "2018Q4": 3.4523375795839994, "2014Q4": 2.881382762208, "2012Q2": 2.0143517350399995, "2012Q4": 2.3876675950719997, "2009Q4": 3.561038289856, "2010Q2": 2.923977219136, "2010Q4": 3.1817591798079996, "2013Q2": 2.2393416809919997, "2013Q4": 2.6823763856639995, "2016Q2": 3.1605641822079997, "2016Q4": 3.3797940375679993, "2015Q2": 2.972161164832, "2015Q4": 2.745544641184, "2011Q2": 3.040400592128, "2011Q4": 2.214612230336}