{"2017Q2": 40.72360673472, "2017Q4": 29.993260120823997, "2017Q1": 30.459537399564, "2017Q3": 35.164510654728, "2023Q2": 17.830612799999997, "2023Q1": 17.560451999999998, "2016Q2": 28.781680787495997, "2016Q4": 27.749153225976, "2016Q1": 31.621128880067996, "2016Q3": 32.266455229008, "2015Q2": 36.461096083776, "2015Q4": 32.13739131002399, "2015Q1": 36.847609737119996, "2015Q3": 34.46057697264, "2020Q2": 24.989873999999997, "2020Q4": 28.772123849195996, "2020Q1": 20.397140399999998, "2020Q3": 27.286242150803997, "2022Q2": 22.558428150803998, "2022Q4": 18.235854, "2022Q1": 16.479808799999997, "2022Q3": 20.0594394, "2018Q2": 30.510385714535996, "2018Q4": 17.898152999999997, "2018Q1": 27.924761798387998, "2018Q3": 29.759091493403997, "2012Q2": 28.123782505728, "2012Q4": 30.820582994291996, "2012Q1": 28.738869756323997, "2012Q3": 24.271213852703998, "2021Q2": 31.8789744, "2021Q4": 27.01608, "2021Q1": 29.717688, "2021Q3": 29.8527684, "2011Q4": 17.576899389504, "2019Q2": 17.222751, "2019Q4": 25.1249544, "2019Q1": 15.736866599999999, "2019Q3": 17.4253716, "2013Q2": 34.606095035148, "2013Q4": 40.39522222990799, "2013Q1": 37.883635881, "2013Q3": 40.266573007751994, "2014Q2": 43.354107061356, "2014Q4": 33.49782519174, "2014Q1": 37.307685474696, "2014Q3": 33.49782519174}