{"2023Q3": 1.35, "2023Q2": 1.23, "2023Q1": 1.13, "2022Q3": 1.2, "2022Q2": 1.18, "2022Q1": 1.27, "2022Q4": 1.37, "2017Q3": 3.92, "2017Q2": 3.58, "2017Q1": 4.54, "2017Q4": 5.91, "2020Q3": 0.72762, "2020Q2": 0.94414, "2020Q1": 0.42711, "2020Q4": 1.76, "2015Q3": 8.02, "2015Q2": 8.2, "2015Q1": 11.07, "2015Q4": 3.56, "2010Q3": 0, "2010Q4": 0, "2016Q3": 6.47, "2016Q2": 5.7, "2016Q1": 4.53, "2016Q4": 7.58, "2014Q3": 11.28, "2014Q2": 11.73, "2014Q1": 11.43, "2014Q4": 9.06, "2018Q3": 4.81, "2018Q2": 4.82, "2018Q1": 5.45, "2018Q4": 2.8, "2011Q3": 5.98, "2011Q2": 6.24, "2011Q1": 0, "2011Q4": 6.98, "2012Q3": 7.12, "2012Q2": 6.41, "2012Q1": 5.47, "2012Q4": 9.03, "2019Q3": 2.31, "2019Q2": 2.94, "2019Q1": 2.86, "2019Q4": 0.46157, "2013Q3": 9.98, "2013Q2": 8.77, "2013Q1": 9.26, "2013Q4": 12.19, "2009Q4": 0, "2021Q3": 1.37, "2021Q2": 1.45, "2021Q1": 1.55, "2021Q4": 1.32}