{"2006Q3": 6.635155, "2006Q2": 5.079417, "2006Q1": 5.938397, "2006Q4": 7.419672, "2011Q3": 2.925318, "2011Q2": 2.96255, "2011Q1": 3.874717, "2011Q4": 3.244444, "2012Q3": 3.058972, "2012Q2": 2.163888, "2012Q1": 3.238912, "2012Q4": 3.506514, "2019Q3": 2.59, "2019Q2": 2.92, "2019Q1": 4.99, "2019Q4": 2.14, "2007Q3": 6.74685, "2007Q2": 7.052679, "2007Q1": 7.712205, "2007Q4": 6.119235, "2009Q3": 1.994536, "2009Q2": 1.747213, "2009Q1": 1.340328, "2009Q4": 3.138069, "2021Q3": 3.49, "2021Q2": 2.67, "2021Q1": 2.21, "2021Q4": 4.01, "2014Q3": 3.623957, "2014Q2": 3.802223, "2014Q1": 3.979071, "2014Q4": 5.320389, "2023Q3": 1.3, "2023Q2": 1.62, "2023Q1": 1.1, "2022Q3": 1.08, "2022Q2": 1.5, "2022Q1": 1.94, "2022Q4": 1.77, "2017Q3": 3.784229, "2017Q2": 4.375502, "2017Q1": 4.75598, "2017Q4": 4.75, "2020Q3": 1.15, "2020Q2": 0.95, "2020Q1": 0.76, "2020Q4": 1.82, "2018Q3": 6.2, "2018Q2": 4.45, "2018Q1": 4.5, "2018Q4": 5.47, "2008Q3": 0.949399, "2008Q2": 4.720401, "2008Q1": 4.800182, "2008Q4": 0.715373, "2013Q3": 4.106312, "2013Q2": 3.455761, "2013Q1": 3.363485, "2013Q4": 4.853485, "2005Q4": 6.236248, "2015Q3": 3.156519, "2015Q2": 5.07354, "2015Q1": 5.976903, "2015Q4": 2.834564, "2010Q3": 3.419963, "2010Q2": 3.156685, "2010Q1": 2.853515, "2010Q4": 4.028962, "2016Q3": 4.535303, "2016Q2": 5.507154, "2016Q1": 4.551501, "2016Q4": 4.251847}