{"2015Q1": 27.130565979999997, "2015Q2": 27.504677479999998, "2015Q3": 21.33183773, "2015Q4": 22.90310603, "2010Q1": 7.79648366, "2010Q2": 8.56715335, "2010Q3": 10.90909134, "2010Q4": 12.5701464, "2012Q1": 14.021699019999998, "2012Q2": 17.26150461, "2012Q3": 20.71081264, "2012Q4": 22.813319269999997, "2007Q4": 8.14066624, "2011Q1": 11.92667462, "2011Q2": 14.73251087, "2011Q3": 15.780023069999999, "2011Q4": 13.87205442, "2020Q1": 23.52413112, "2020Q2": 29.93640223, "2020Q3": 31.036290039999997, "2020Q4": 46.05312565, "2016Q1": 25.32734855, "2016Q2": 21.65357362, "2016Q3": 22.5215123, "2016Q4": 20.41152344, "2008Q1": 6.329966580000001, "2008Q2": 6.69659585, "2008Q3": 6.329966580000001, "2008Q4": 3.8683129099999998, "2013Q1": 32.21100015, "2013Q2": 34.216237789999994, "2013Q3": 31.74710189, "2013Q4": 31.90422872, "2017Q1": 21.97530951, "2017Q2": 25.03554158, "2017Q3": 23.09016178, "2017Q4": 21.21212205, "2023Q1": 150.64721882, "2023Q2": 196.70782669999997, "2021Q1": 48.69435283999999, "2021Q2": 56.42349642999999, "2021Q3": 61.616164049999995, "2021Q4": 64.26487347, "2019Q1": 19.13206211, "2019Q2": 19.805462809999998, "2019Q3": 22.783390349999998, "2019Q4": 26.08305378, "2018Q1": 22.34193878, "2018Q2": 21.45903564, "2018Q3": 21.38421334, "2018Q4": 19.37149347, "2009Q1": 4.47437354, "2009Q2": 5.41713452, "2009Q3": 6.576880169999999, "2009Q4": 8.888889240000001, "2014Q1": 31.74710189, "2014Q2": 32.2484113, "2014Q3": 30.3030315, "2014Q4": 31.133559029999997, "2022Q1": 85.05050840999999, "2022Q2": 95.55555933, "2022Q3": 99.54358792, "2022Q4": 151.17097492}