{"2006Q3": 22.85, "2006Q2": 15.99, "2006Q1": 18.139999, "2006Q4": 18.209999, "2003Q3": 13.05, "2003Q2": 14.04, "2003Q1": 12.6, "2003Q4": 16.66, "2011Q3": 5.31, "2011Q2": 6.17, "2011Q1": 7.14, "2011Q4": 4.74, "2012Q3": 4.06, "2012Q2": 4.14, "2012Q1": 4.42, "2012Q4": 5.93, "2019Q3": 12.37, "2019Q2": 9.63, "2019Q1": 7.38, "2019Q4": 9.33, "2007Q3": 15.14, "2007Q2": 18.6, "2007Q1": 18.76, "2007Q4": 11.9, "2009Q3": 8.41, "2009Q2": 8.4, "2009Q1": 8.71, "2009Q4": 9.65, "2021Q3": 26.530001, "2021Q2": 20.5, "2021Q1": 16.110001, "2021Q4": 22.33, "2001Q4": 27, "2014Q3": 9.62, "2014Q2": 7.26, "2014Q1": 5.47, "2014Q4": 11.01, "2023Q3": 19.91, "2023Q2": 22, "2023Q1": 22.459999, "2022Q3": 36.779999, "2022Q2": 23.16, "2022Q1": 17.709999, "2022Q4": 24.809999, "2017Q3": 12.11, "2017Q2": 12.01, "2017Q1": 12.14, "2017Q4": 10.91, "2020Q3": 7.85, "2020Q2": 7.07, "2020Q1": 5.75, "2020Q4": 11.32, "2018Q3": 9.52, "2018Q2": 8.11, "2018Q1": 11, "2018Q4": 8.39, "2008Q3": 9.75, "2008Q2": 13.93, "2008Q1": 15.26, "2008Q4": 6.5, "2013Q3": 6.04, "2013Q2": 5.61, "2013Q1": 5.21, "2013Q4": 8.47, "2002Q3": 15.87, "2002Q2": 13.49, "2002Q1": 31.91, "2002Q4": 11.6, "2005Q3": 18.48, "2005Q2": 18.049999, "2005Q1": 17.02, "2005Q4": 16.75, "2015Q3": 16.629999, "2015Q2": 13.13, "2015Q1": 10.39, "2015Q4": 11.46, "2010Q3": 7.27, "2010Q2": 8.56, "2010Q1": 9.17, "2010Q4": 7.01, "2016Q3": 13.09, "2016Q2": 12.75, "2016Q1": 14.07, "2016Q4": 15.44, "2004Q3": 16.700001, "2004Q2": 13.92, "2004Q1": 16.690001, "2004Q4": 15.82}