{"2006Q3": 49.099998, "2006Q2": 50.5, "2006Q1": 63.200001, "2006Q4": 47, "2011Q4": 29.32, "2012Q3": 24.1, "2012Q2": 18.389999, "2012Q1": 19.01, "2012Q4": 19.32, "2019Q3": 5.6, "2019Q2": 5.18, "2019Q1": 3.42, "2019Q4": 6.24, "2007Q3": 39.299999, "2007Q2": 39.599998, "2007Q1": 37.700001, "2007Q4": 48.200001, "2009Q3": 22.549999, "2009Q2": 16.07, "2009Q1": 15.8, "2021Q3": 6.59, "2021Q2": 7.56, "2021Q1": 9.61, "2021Q4": 5.34, "2014Q3": 3.4, "2014Q2": 7.87, "2014Q1": 8.19, "2014Q4": 5.84, "2022Q1": 3.9, "2022Q4": 3.12, "2017Q3": 8.34, "2017Q2": 7.97, "2017Q1": 9.36, "2017Q4": 7.87, "2020Q4": 8.94, "2018Q3": 4.78, "2018Q2": 8.03, "2018Q1": 8.41, "2018Q4": 5.55, "2008Q3": 6.6, "2008Q2": 20.9, "2008Q1": 33.700001, "2008Q4": 6.6, "2013Q3": 12.1, "2013Q2": 13.29, "2013Q1": 14.45, "2013Q4": 10.81, "2015Q3": 2.7, "2015Q2": 3.25, "2015Q1": 5.45, "2015Q4": 2.5, "2010Q1": 17.040001, "2010Q4": 32.860001, "2016Q3": 10.99, "2016Q2": 14.14, "2016Q1": 7.18, "2016Q4": 9.39}