{"2017Q2": 8.384966845968, "2017Q4": 6.472146701103999, "2017Q1": 7.2897288371, "2017Q3": 7.087916674056, "2023Q2": 5.448234, "2023Q1": 5.893998600000001, "2016Q2": 0, "2016Q4": 0, "2016Q1": 0, "2016Q3": 0, "2015Q4": 0, "2020Q2": 3.73820339834, "2020Q4": 4.850609618032, "2020Q1": 3.360183130484, "2020Q3": 3.416185692868, "2022Q2": 6.521370999999999, "2022Q4": 5.8114496, "2022Q1": 7.713287425903999, "2022Q3": 6.257214530196, "2018Q2": 6.735022010428, "2018Q4": 6.302249632440001, "2018Q1": 8.070530770851999, "2018Q3": 5.571945893752, "2021Q2": 6.259808549972, "2021Q4": 9.051956492244, "2021Q1": 5.0731148342, "2021Q3": 7.238829784092, "2019Q2": 6.972379442676, "2019Q4": 6.580357873832, "2019Q1": 7.9521947981759995, "2019Q3": 5.292288372728}