{"2014Q3": 43, "2014Q1": 95, "2014Q2": 67.75, "2014Q4": 45.25, "2017Q1": 13.45, "2017Q2": 13.95, "2013Q3": 35.25, "2013Q1": 54.5, "2013Q2": 30.25, "2013Q4": 37.5, "2000Q3": 1500, "2000Q1": 1886.71875, "2000Q2": 1687.5, "2011Q3": 58, "2011Q1": 215, "2011Q2": 118.75, "2011Q4": 70, "2016Q3": 18.049999, "2016Q1": 18, "2016Q2": 8.25, "2016Q4": 10.75, "1998Q4": 820.3125, "2015Q3": 38.25, "2015Q1": 45.5, "2015Q2": 46, "2015Q4": 23.5, "1999Q3": 2250, "1999Q1": 621.09375, "1999Q2": 656.25, "1999Q4": 1312.5, "2012Q3": 70.25, "2012Q1": 100.75, "2012Q2": 49.75, "2012Q4": 54.25, "2009Q3": 256.5, "2009Q1": 270, "2009Q2": 255, "2009Q4": 216, "2010Q3": 112.5, "2010Q1": 241.5, "2010Q2": 162, "2010Q4": 237.25}