{"2021Q3": 19.657400000000003, "2021Q1": 22.128616, "2021Q2": 21.679304000000002, "2021Q4": 5.5433867999999995, "2018Q3": 3.5776468, "2018Q1": 2.8082000000000003, "2018Q2": 3.257512, "2018Q4": 3.4597024000000003, "2011Q3": 2.021904, "2011Q1": 3.032856, "2011Q2": 2.4599832, "2011Q4": 2.2914912000000003, "2020Q3": 11.79444, "2020Q1": 6.290368, "2020Q2": 7.638304, "2020Q4": 16.399888, "2017Q4": 2.8082000000000003, "2023Q1": 6.1724236, "2023Q2": 7.357484, "2012Q3": 2.078068, "2012Q1": 2.2353272, "2012Q2": 1.68492, "2012Q4": 1.7972480000000002, "2022Q3": 5.0603764, "2022Q1": 6.543106000000001, "2022Q2": 6.2229712, "2022Q4": 4.661612000000001, "2019Q3": 5.05476, "2019Q1": 3.482168, "2019Q2": 3.93148, "2019Q4": 6.015164400000001, "2013Q1": 1.853412, "2010Q4": 2.3588880000000003}