{"2014Q4": 3.8324664, "2016Q2": 3.649968, "2016Q4": 2.737476, "2016Q3": 3.18459708, "2016Q1": 3.649968, "2019Q2": 2.737476, "2019Q4": 4.106214, "2019Q3": 4.3799616, "2019Q1": 2.737476, "2021Q2": 4.6308969, "2021Q4": 3.28040874, "2021Q3": 3.3534081, "2021Q1": 4.78145808, "2020Q2": 6.2961948, "2020Q4": 5.265078839999999, "2020Q3": 4.0605894000000005, "2020Q1": 4.106214, "2023Q2": 5.17382964, "2023Q1": 2.6006022, "2018Q2": 4.106214, "2018Q4": 3.1024727999999997, "2018Q3": 2.9519116199999997, "2018Q1": 4.4255862, "2017Q2": 2.2356054000000003, "2017Q4": 5.018706, "2017Q3": 2.2857924599999997, "2017Q1": 2.28123, "2015Q2": 4.10165154, "2015Q4": 3.649968, "2015Q3": 3.649968, "2022Q2": 3.0659731199999998, "2022Q4": 2.8971620999999996, "2022Q3": 2.737476, "2022Q1": 3.08878542}