{"2012Q2": 0.064293739377, "2012Q3": 0.05958944089, "2012Q4": 0.05958944089, "2013Q1": 0.062725699169}