{"2010Q2": 20.434115965123, "2010Q4": 22.351674196091, "2016Q2": 66.18538423911, "2016Q4": 81.32229088138101, "2008Q2": 16.695275759639, "2008Q4": 8.760942252989, "2017Q4": 85.242879212115, "2021Q4": 75.907067312662, "2019Q4": 87.57054213561301, "2012Q2": 12.768704424193, "2012Q4": 16.294792949905, "2020Q4": 75.932415465915, "2018Q4": 60.379774833705, "2007Q4": 19.792857676714, "2011Q2": 23.187925708314, "2011Q4": 14.949894673652, "2013Q2": 18.696127492288, "2013Q4": 39.838882334444996, "2015Q2": 49.400317727036004, "2015Q4": 54.986602500721006, "2009Q4": 19.82109161169, "2014Q2": 47.864884766257, "2014Q4": 42.425692633286005, "2022Q4": 75.988403024843}