{"2006Q4": 11.491288561012, "2010Q1": 12.082616297544, "2010Q2": 12.930164899704, "2010Q3": 12.137049128893, "2010Q4": 11.761522191535999, "2016Q1": 8.791424449431, "2016Q2": 10.422267917996999, "2016Q3": 10.779401246107, "2016Q4": 10.814610923986999, "2008Q1": 14.943347483428001, "2008Q2": 17.019168767549, "2008Q3": 13.564722607917, "2008Q4": 9.983738205857, "2017Q1": 10.965514191021, "2017Q2": 10.961415830079, "2017Q3": 12.003154883876, "2017Q4": 13.504572540186, "2021Q1": 17.839234327148, "2021Q2": 20.693512145683, "2021Q3": 25.160626334363, "2021Q4": 29.203982704117, "2019Q1": 15.669686023042997, "2019Q2": 15.611861319729998, "2019Q3": 15.808524612230999, "2019Q4": 15.415200616048999, "2012Q1": 12.668191201418999, "2012Q2": 11.776326358706, "2012Q3": 12.333966557224, "2012Q4": 11.323454022855, "2020Q1": 12.338211747407, "2020Q2": 15.309306918710998, "2020Q3": 14.174081820925, "2020Q4": 16.704010523772, "2023Q1": 38.869284659166, "2023Q2": 38.8323, "2018Q1": 13.980564203606, "2018Q2": 15.236021005711999, "2018Q3": 16.406910119288, "2018Q4": 15.467308082979999, "2007Q1": 11.323004992026, "2007Q2": 13.471094351416, "2007Q3": 14.612090748775, "2007Q4": 16.734585264618, "2011Q1": 13.290667792779, "2011Q2": 13.691480080252, "2011Q3": 11.264134793755998, "2011Q4": 12.469875378818, "2013Q1": 9.944565821203, "2013Q2": 8.775978384342, "2013Q3": 8.995836123339, "2013Q4": 9.472195183463999, "2015Q1": 12.310641806787999, "2015Q2": 11.909204017256, "2015Q3": 10.613448305473, "2015Q4": 9.315596382989, "2009Q1": 9.249825080951, "2009Q2": 11.189845540419, "2009Q3": 12.351118438957998, "2009Q4": 11.599314065325999, "2014Q1": 10.461553563526, "2014Q2": 11.084483802443998, "2014Q3": 12.987481374503998, "2014Q4": 11.594564616153999, "2022Q1": 32.699987838413996, "2022Q2": 37.53789, "2022Q3": 31.805503972801}