{"2014Q3": 6.82010208, "2014Q1": 7.24283568, "2014Q2": 6.79191984, "2014Q4": 5.46735456, "2021Q3": 1.5030528, "2021Q1": 1.65335808, "2021Q2": 1.82245152, "2021Q4": 1.75669296, "2018Q3": 3.50399184, "2018Q1": 5.22310848, "2018Q2": 4.99765056, "2018Q4": 1.4560824, "2011Q4": 6.15896551776, "2020Q3": 0.96759024, "2020Q1": 0.39926718816, "2020Q2": 0.5776701614399999, "2020Q4": 1.21183632, "2015Q3": 2.92155888, "2015Q1": 6.065519785776, "2015Q2": 5.52371904, "2015Q4": 1.95396864, "2017Q3": 3.8327846400000003, "2017Q1": 2.6303424, "2017Q2": 2.6491305599999997, "2017Q4": 4.66885776, "2023Q1": 1.409112, "2023Q2": 1.08971328, "2012Q3": 7.135904746176, "2012Q1": 5.8191609771840005, "2012Q2": 5.946586975344, "2012Q4": 5.946586975344, "2022Q3": 1.5969936, "2022Q1": 1.5969936, "2022Q2": 1.55941728, "2022Q4": 1.5500232, "2016Q3": 2.9902840904640002, "2016Q1": 1.95396864, "2016Q2": 2.8839825599999998, "2016Q4": 2.5739779200000004, "2019Q3": 0.5776701614399999, "2019Q1": 1.37153568, "2019Q2": 0.92596507152, "2019Q4": 0.59465465808, "2013Q3": 6.8388902400000005, "2013Q1": 7.348282349184, "2013Q2": 6.447800598480001, "2013Q4": 7.47768768}