{"2017Q2": 2.6780853736, "2017Q4": 2.4346229231999996, "2017Q1": 2.521573756, "2017Q3": 2.66069518, "2023Q2": 5.771999999999999, "2023Q1": 3.0606687696, "2016Q2": 2.1042098064, "2016Q4": 2.0868197584, "2016Q1": 2.3476722568, "2016Q3": 2.2259410264, "2015Q4": 2.391147512, "2020Q2": 1.7911868728, "2020Q4": 2.0346491672, "2020Q1": 1.6085901936, "2020Q3": 1.6781508327999999, "2022Q4": 2.6085245888, "2022Q3": 2.5737443472, "2018Q2": 2.5389639496, "2018Q4": 2.7302558088, "2018Q1": 2.782426244, "2018Q3": 2.2259410264, "2021Q2": 2.4694033207999997, "2021Q4": 2.1737705912, "2021Q1": 2.1389901935999998, "2021Q3": 2.2607214239999998, "2019Q2": 2.6954754111999994, "2019Q4": 2.521573756}