{"2014Q2": 7.409270822548001, "2014Q4": 8.146754613704001, "2014Q3": 6.435541644420001, "2014Q1": 6.780373580848, "2016Q2": 5.990277172012, "2016Q4": 5.3960621130640005, "2016Q3": 5.938008052536, "2016Q1": 6.256191038524, "2019Q2": 7.126394483628, "2019Q4": 5.403930020804, "2019Q3": 5.9248394792440005, "2019Q1": 10.47775741096, "2013Q4": 6.143004525588, "2021Q2": 5.353775000000001, "2021Q4": 4.42864268, "2021Q3": 4.48860496, "2021Q1": 6.06475632, "2020Q2": 3.426416, "2020Q4": 4.93403904, "2020Q3": 2.998114, "2020Q1": 2.45845348, "2023Q2": 1.3363022400000002, "2023Q1": 1.9016608800000003, "2018Q2": 13.986051047696002, "2018Q4": 9.798066978476001, "2018Q3": 14.067969801424, "2018Q1": 9.604298014052, "2017Q2": 6.633294674048001, "2017Q4": 7.636746297768, "2017Q3": 7.985221371008, "2017Q1": 6.496302279348, "2015Q2": 8.034896693572001, "2015Q4": 6.937609241276, "2015Q3": 6.328687148252, "2015Q1": 7.338512762336, "2022Q2": 3.5206424400000005, "2022Q4": 2.55267992, "2022Q3": 2.9552838, "2022Q1": 3.64913304}