{"2015Q1": 1.1258896699999998, "2015Q2": 1.18319727, "2015Q3": 1.3319923599999999, "2015Q4": 0.99183082, "2012Q2": 0.85449725, "2012Q3": 0.78818417, "2012Q4": 0.63795639, "2011Q4": 0.93247652, "2020Q1": 0.17356016, "2020Q2": 0.48629592, "2020Q3": 0.91057683, "2020Q4": 1.35819012, "2016Q1": 1.49736572, "2016Q2": 1.52376815, "2016Q3": 1.20407361, "2016Q4": 1.57657301, "2013Q1": 0.59170097, "2013Q2": 0.58781224, "2013Q3": 0.88192303, "2013Q4": 1.10398998, "2017Q1": 1.6668324799999998, "2017Q2": 1.5988820400000001, "2017Q3": 1.88419202, "2017Q4": 1.57554966, "2023Q1": 7.724245799999999, "2021Q1": 1.6060454899999999, "2021Q2": 2.4963599899999998, "2021Q3": 3.94992633, "2021Q4": 3.84636331, "2019Q1": 0.5796254399999999, "2019Q2": 0.28735668, "2019Q4": 0.10253966999999999, "2018Q1": 1.1359185, "2018Q2": 0.9095534799999999, "2018Q4": 0.86698212, "2014Q1": 1.3813178299999997, "2014Q2": 1.3870485899999998, "2014Q3": 1.29985917, "2014Q4": 1.1502454, "2022Q1": 3.89118604, "2022Q2": 4.78538927, "2022Q3": 5.488021379999999}