{"2023Q1": 41.43677, "2022Q2": 34.753420000000006, "2022Q4": 35.020754000000004, "2022Q3": 42.639773000000005}