{"2014Q3": 5.3751093, "2014Q1": 5.242887359999999, "2014Q2": 5.392355640000001, "2014Q4": 5.5188288, "2021Q3": 21.07502748, "2021Q1": 14.12475246, "2021Q2": 15.76890354, "2021Q4": 17.602764360000002, "2018Q3": 8.95659924, "2018Q1": 10.45128204, "2018Q2": 8.87611632, "2018Q4": 9.66944796, "2011Q3": 3.4205241, "2011Q1": 4.00689966, "2011Q2": 3.7654509, "2011Q4": 3.9206679600000003, "2020Q3": 11.80224534, "2020Q1": 11.18712588, "2020Q2": 11.48606244, "2020Q4": 15.85513524, "2015Q3": 3.5929875, "2015Q2": 3.8976728400000002, "2015Q4": 3.1445826599999998, "2017Q3": 10.07186256, "2017Q1": 7.162979880000001, "2017Q2": 8.54268708, "2017Q4": 10.663986900000001, "2023Q1": 14.61914754, "2023Q2": 16.29204252, "2012Q3": 5.16240444, "2012Q1": 4.24834842, "2012Q2": 4.07013624, "2012Q4": 4.74849228, "2022Q3": 17.4188034, "2022Q1": 19.269910560000003, "2022Q2": 14.26272318, "2022Q4": 13.95228906, "2016Q3": 5.44984344, "2016Q1": 3.54124848, "2016Q2": 4.886463, "2016Q4": 6.17418972, "2019Q3": 9.8879016, "2019Q1": 9.86490648, "2019Q2": 10.24432596, "2019Q4": 12.67031112, "2013Q3": 5.32911906, "2013Q1": 5.88100194, "2013Q2": 4.60477278, "2013Q4": 5.35786296, "2010Q4": 4.27709232}