{"2022Q3": 8.21439825, "2022Q4": 8.15234425, "2022Q1": 8.4238305, "2022Q2": 8.94353275, "2020Q3": 9.083154250000002, "2020Q4": 11.076639, "2020Q1": 8.656533, "2020Q2": 10.370774749999999, "2008Q4": 0.7728670565, "2010Q4": 0.9230532499999999, "2016Q3": 3.31213225, "2016Q4": 3.38969975, "2016Q1": 2.97083525, "2016Q2": 2.81570025, "2015Q3": 2.62953825, "2015Q4": 2.947565, "2015Q1": 2.389079, "2015Q2": 2.5131870000000003, "2019Q3": 4.69283375, "2019Q4": 6.748372499999999, "2019Q1": 7.84207425, "2019Q2": 8.78839775, "2018Q3": 6.810426499999999, "2018Q4": 7.291345000000001, "2018Q1": 4.64629325, "2018Q2": 5.45299525, "2013Q3": 2.0322685000000003, "2013Q4": 2.22618725, "2013Q1": 1.8228362500000002, "2013Q2": 1.8848902500000002, "2014Q3": 2.730376, "2014Q4": 2.48991675, "2014Q1": 2.13310625, "2014Q2": 2.5907545, "2012Q3": 1.8383497500000001, "2012Q4": 1.9081605, "2012Q1": 1.34191775, "2012Q2": 1.6289175, "2017Q3": 3.62240225, "2017Q4": 4.2274287500000005, "2017Q1": 3.31213225, "2017Q2": 3.7309967499999996, "2009Q4": 0.95408025, "2021Q3": 11.8988545, "2021Q4": 7.942912000000001, "2021Q1": 12.2401515, "2021Q2": 14.830906, "2011Q4": 1.054918}