{"2023Q3": 8.87, "2023Q2": 10.03, "2023Q1": 17.6, "2022Q3": 21.110001, "2022Q2": 21.629999, "2022Q1": 24.98, "2022Q4": 15.66, "2017Q3": 16.299999, "2017Q2": 13.85, "2017Q1": 9.16, "2017Q4": 20.190001, "2020Q3": 86.690002, "2020Q2": 85.93, "2020Q1": 43.790001, "2020Q4": 103.779999, "2015Q3": 7.52, "2015Q2": 8.45, "2015Q1": 8.5, "2015Q4": 4.4, "2016Q3": 7.06, "2016Q2": 6.3, "2016Q1": 4.54, "2016Q4": 8.28, "2014Q3": 6.72, "2014Q2": 7.03, "2014Q4": 8.3, "2018Q3": 22.99, "2018Q2": 25.469999, "2018Q1": 21.690001, "2018Q4": 39.5, "2019Q3": 29.33, "2019Q2": 42.029999, "2019Q1": 39.709999, "2019Q4": 40.57, "2021Q3": 62.759998, "2021Q2": 79.779999, "2021Q1": 83.010002, "2021Q4": 28.030001}