{"2014Q4": 6.167571840000001, "2021Q3": 12.14119488, "2021Q1": 11.25872784, "2021Q2": 12.024825600000002, "2021Q4": 13.10124144, "2018Q3": 8.75678832, "2018Q1": 8.17494192, "2018Q2": 8.65981392, "2018Q4": 8.49495744, "2020Q3": 10.38595824, "2020Q1": 10.19200944, "2020Q2": 10.20170688, "2020Q4": 10.64778912, "2015Q3": 7.069433760000001, "2015Q1": 6.75911568, "2015Q2": 6.545772, "2015Q4": 7.36035696, "2017Q3": 9.08650128, "2017Q1": 9.202870560000001, "2017Q2": 9.32893728, "2017Q4": 9.25135776, "2023Q1": 13.37276976, "2023Q2": 12.664856640000002, "2022Q3": 11.2975176, "2022Q1": 13.537626240000002, "2022Q2": 12.43211808, "2022Q4": 13.421256960000001, "2016Q3": 8.950737120000001, "2016Q1": 7.825834080000001, "2016Q2": 9.08650128, "2016Q4": 8.84406528, "2019Q3": 11.09387136, "2019Q1": 10.51202496, "2019Q2": 10.36656336, "2019Q4": 10.83204048}