{"2018Q4": 0.0175311, "2020Q1": 0.01850505, "2020Q2": 0.01460925, "2020Q3": 0.0175311, "2019Q4": 0.0097395, "2019Q2": 0.0097395, "2019Q3": 0.0097395}