{"2023Q2": 0.0190636, "2023Q3": 0.01525088, "2023Q1": 0.06481624000000001, "2022Q4": 0.06862896}