{"2014Q2": 0.1467444, "2014Q4": 0.18409752, "2014Q3": 0.15741671999999998, "2014Q1": 0.15741671999999998, "2016Q2": 0.13019163168, "2016Q4": 0.130936026, "2016Q3": 0.13019163168, "2016Q1": 0.14274228, "2019Q2": 0.13740612, "2019Q4": 0.14941248000000001, "2019Q3": 0.1400742, "2013Q4": 0.1734252, "2021Q2": 0.933828, "2021Q4": 0.70970928, "2021Q3": 0.5803073999999999, "2021Q1": 0.47358419999999996, "2020Q2": 0.1101049914, "2020Q4": 0.45890976, "2020Q3": 0.18142944, "2020Q1": 0.10415383896, "2023Q2": 0.57763932, "2023Q3": 0.63233496, "2023Q1": 0.5843095199999999, "2018Q2": 0.166755, "2018Q1": 0.19610387999999998, "2017Q2": 0.16942308, "2017Q1": 0.15875076, "2015Q2": 0.24279528, "2015Q4": 0.16141883999999998, "2015Q3": 0.26547396, "2015Q1": 0.18276348, "2022Q2": 0.54562236, "2022Q4": 0.52427772, "2022Q3": 0.46157783999999996, "2022Q1": 0.65501364}