{"2006Q3": 27.65, "2006Q2": 31.43, "2006Q1": 31.85, "2006Q4": 28.84, "2003Q3": 42.279999, "2003Q2": 34.790001, "2003Q1": 37.869999, "2003Q4": 43.259998, "2011Q3": 13.09, "2011Q2": 19, "2011Q1": 23.629999, "2011Q4": 12, "2012Q3": 13.95, "2012Q2": 13.89, "2012Q1": 14.79, "2012Q4": 15.88, "2019Q3": 40.43, "2019Q2": 43.009998, "2019Q1": 40.23, "2019Q4": 42.389999, "2007Q3": 37.880001, "2007Q2": 34.919998, "2007Q1": 27.1, "2007Q4": 33.799999, "2009Q3": 13, "2009Q2": 11.63, "2009Q1": 5.93, "2009Q4": 10.9, "2021Q3": 56.25, "2021Q2": 60.080002, "2021Q1": 50.849998, "2021Q4": 74.120003, "2001Q3": 137.339996, "2001Q2": 397.25, "2001Q1": 623, "2001Q4": 104.580002, "2014Q3": 19.42, "2014Q2": 22.42, "2014Q1": 24.049999, "2014Q4": 19.360001, "1998Q4": 60.8125, "2023Q3": 48.74, "2023Q2": 43.279999, "2023Q1": 51.02, "2022Q3": 43.540001, "2022Q2": 48.470001, "2022Q1": 59.369999, "2022Q4": 48.419998, "2017Q3": 21.65, "2017Q2": 26.6, "2017Q1": 23.969999, "2017Q4": 21.690001, "2020Q3": 41.970001, "2020Q2": 54.93, "2020Q1": 38.830002, "2020Q4": 51.360001, "2018Q3": 31.34, "2018Q2": 24.469999, "2018Q1": 26.440001, "2018Q4": 31.709999, "2008Q3": 12.64, "2008Q2": 28.23, "2008Q1": 27.799999, "2008Q4": 6.4, "2013Q3": 24.76, "2013Q2": 20.02, "2013Q1": 16.85, "2013Q4": 22.690001, "2002Q3": 28.84, "2002Q2": 42.560001, "2002Q1": 53.200001, "2002Q4": 43.400002, "2000Q3": 627.15625, "2000Q2": 480.59375, "2000Q1": 397.46875, "2000Q4": 669.375, "2005Q3": 15.05, "2005Q2": 16.870001, "2005Q1": 13.86, "2005Q4": 24.15, "2015Q3": 22.709999, "2015Q2": 25.190001, "2015Q1": 20.83, "2015Q4": 20.32, "2010Q3": 14.12, "2010Q2": 14.16, "2010Q1": 16.01, "2010Q4": 20.809999, "2016Q3": 22.75, "2016Q2": 21.68, "2016Q1": 17.450001, "2016Q4": 24.809999, "1999Q3": 118.78125, "1999Q2": 105.21875, "1999Q1": 73.0625, "1999Q4": 251.5625, "2004Q3": 13.79, "2004Q2": 23.450001, "2004Q1": 43.189999, "2004Q4": 20.16}