{"2017Q4": 0.20457649415200002, "2019Q4": 0.22247033578, "2019Q2": 0.17014276094800002, "2019Q3": 0.199492135304, "2019Q1": 0.17014276094800002, "2021Q4": 0.282284493536, "2021Q2": 0.22829197020800002, "2021Q3": 0.295726618036, "2021Q1": 0.22829197020800002, "2020Q4": 0.235901815448, "2020Q2": 0.19676596963600002, "2020Q3": 0.19676596963600002, "2020Q1": 0.23659143121200002, "2023Q2": 0.19983252799999998, "2023Q1": 0.247757497088, "2018Q4": 0.17014276094800002, "2018Q2": 0.450675816728, "2018Q3": 0.200525409792, "2018Q1": 0.227869805848, "2022Q4": 0.22539246312800001, "2022Q2": 0.262570627564, "2022Q3": 0.189492404316, "2022Q1": 0.253159991256}