{"2015Q1": 0.10092349582999999, "2015Q2": 0.10125387555, "2015Q3": 0.09795758697999998, "2015Q4": 0.10092349582999999, "2012Q1": 0.0019394791289999997, "2012Q2": 0.004656101463, "2012Q3": 0.004411320125, "2012Q4": 0.005090851139999999, "2020Q1": 0.37601717314, "2020Q2": 0.5907940256599999, "2020Q3": 0.8785097099999999, "2020Q4": 1.0587168299999998, "2016Q1": 0.28431427494999995, "2016Q2": 0.27365952898, "2016Q3": 0.2689591266, "2016Q4": 0.28521531055, "2013Q1": 0.006181855079, "2013Q2": 0.013508776233, "2013Q3": 0.013251981087, "2013Q4": 0.011711210210999998, "2017Q1": 0.68641642871, "2023Q1": 7.80146657, "2023Q2": 14.161276179999998, "2023Q3": 31.160814499999997, "2021Q1": 1.20888943, "2021Q2": 1.2539412099999998, "2021Q3": 1.63688134, "2021Q4": 1.83210572, "2019Q1": 0.39505155019, "2019Q2": 0.37125670171999997, "2019Q3": 0.44324944615999995, "2019Q4": 0.5396302208399999, "2018Q1": 0.80342341, "2018Q2": 0.65029240978, "2018Q3": 0.5360636215899999, "2018Q4": 0.44860309935, "2014Q1": 0.0331130583, "2014Q2": 0.040686262518, "2014Q3": 0.043804596556999996, "2014Q4": 0.047516112366, "2022Q1": 2.8457707699999997, "2022Q2": 2.82324488, "2022Q3": 4.850574979999999, "2022Q4": 8.37963108}