{"2011Q4": 38.560822, "2011Q1": 41.030548, "2011Q3": 33.142681, "2011Q2": 33.329746, "1999Q4": 12.360455, "2017Q4": 43.080002, "2017Q1": 66.562607, "2017Q3": 49.858986, "2017Q2": 51.98624, "2013Q4": 70.485229, "2013Q1": 46.981785, "2013Q3": 72.927788, "2013Q2": 55.335575, "2019Q4": 11.63, "2019Q1": 31.25, "2019Q3": 41.810001, "2019Q2": 38.93, "2018Q4": 33.630001, "2018Q1": 48.66, "2018Q3": 35.119999, "2018Q2": 44.73, "2022Q1": 19.049999, "2022Q3": 24.9, "2022Q2": 16.49, "2009Q4": 31.048521, "2009Q1": 24.93149, "2009Q3": 27.360661, "2009Q2": 23.776329, "2023Q1": 29.540001, "2023Q2": 55.82, "2021Q4": 15.34, "2021Q1": 33.900002, "2021Q3": 32.5, "2021Q2": 31.940001, "2000Q3": 9.971469, "2000Q2": 7.848728, "2010Q4": 38.010921, "2010Q1": 31.972448, "2010Q3": 38.520321, "2010Q2": 31.118446, "2020Q4": 42.049999, "2020Q1": 20.93, "2020Q3": 28.129999, "2020Q2": 32.299999, "2016Q4": 62.182301, "2016Q1": 56.179321, "2016Q3": 53.883591, "2016Q2": 56.706547, "2015Q4": 37.302269, "2015Q1": 54.557789, "2015Q3": 42.511639, "2015Q2": 42.511639, "2014Q4": 51.039787, "2014Q1": 79.391121, "2014Q3": 74.440147, "2014Q2": 64.410042, "2012Q4": 41.111828, "2012Q1": 31.753242, "2012Q3": 36.937916, "2012Q2": 30.736528}