{"2015Q1": 0.5263223636, "2015Q2": 0.497216944, "2015Q3": 0.3880718512, "2015Q4": 0.27286288579999995, "2020Q1": 0.19224999999999998, "2020Q2": 0.41526, "2020Q3": 0.6090479999999999, "2020Q4": 0.464476, "2016Q1": 0.248608472, "2016Q2": 0.245655512, "2016Q3": 0.2955348514, "2016Q4": 0.3379322822, "2013Q4": 0.6063621906, "2017Q1": 0.32670949619999995, "2017Q2": 0.3067576374, "2017Q3": 0.24066762419999999, "2017Q4": 0.197023183, "2023Q1": 0.13072999999999999, "2023Q2": 0.1516468, "2021Q1": 0.4244879999999999, "2021Q2": 0.39988, "2021Q3": 0.2294696, "2021Q4": 0.22916199999999998, "2019Q1": 0.0796684, "2019Q2": 0.119195, "2019Q3": 0.101508, "2019Q4": 0.11304299999999999, "2018Q1": 0.1745774572, "2018Q2": 0.0900320592, "2018Q3": 0.0721322, "2018Q4": 0.0642884, "2014Q1": 0.5129823668, "2014Q2": 0.5457259254, "2014Q3": 0.5457259254, "2014Q4": 0.5457259254, "2022Q1": 0.174563, "2022Q2": 0.143034, "2022Q3": 0.12304}