{"2015Q1": 12.112545436256, "2015Q2": 12.185507243664, "2015Q3": 10.436542377288, "2015Q4": 12.090111546296, "2012Q1": 7.411840886248, "2012Q2": 5.54698374904, "2011Q4": 5.51426582308, "2013Q1": 8.053519678775999, "2013Q2": 8.151138686784, "2013Q3": 9.304256301639999, "2013Q4": 9.950977210104, "2014Q1": 10.704401358376, "2014Q2": 10.816554157832, "2014Q3": 10.193480655576, "2014Q4": 10.417786254488}