{"2020Q4": 0.072190000369, "2020Q1": 0.030388562942999995, "2020Q3": 0.059484139325, "2020Q2": 0.06062802913699999, "2014Q4": 0, "2014Q1": 0, "2014Q3": 0, "2014Q2": 0, "2016Q4": 0, "2016Q1": 0, "2016Q3": 0, "2016Q2": 0, "2017Q4": 0, "2017Q1": 0, "2017Q3": 0, "2017Q2": 0, "2013Q4": 0, "2015Q4": 0, "2015Q1": 0, "2015Q3": 0, "2015Q2": 0, "2018Q4": 0, "2018Q1": 0, "2018Q3": 0, "2018Q2": 0, "2019Q4": 0.044613140438, "2019Q1": 0.03344037354499999, "2019Q3": 0.037238386777, "2019Q2": 0.04241479010799999, "2022Q4": 0.079876175012, "2022Q1": 0.07108967498799999, "2022Q3": 0.127002968741, "2022Q2": 0.127002968741, "2021Q4": 0.126005587692, "2021Q1": 0.07953398575199999, "2021Q3": 0.126005587692, "2021Q2": 0.091401051778, "2023Q1": 0.15975220624699998, "2023Q2": 0.28180291999999996}