{"2023Q3": 4.57, "2023Q2": 11.37, "2023Q1": 14.095, "2022Q3": 22.940001, "2022Q2": 19.08, "2022Q1": 13.62, "2022Q4": 20.41, "2020Q3": 25.325001, "2020Q2": 12.84, "2020Q1": 4.52, "2020Q4": 46.5, "2019Q4": 5.45, "2021Q3": 29.17, "2021Q2": 42.75, "2021Q1": 58.610001, "2021Q4": 28.76}