{"2017Q4": 0, "2023Q2": 0.03741387, "2023Q1": 0.040314169999999996, "2020Q2": 0.01855437922, "2020Q4": 0.020587489520000002, "2020Q1": 0.014917112989999998, "2020Q3": 0.01830002291, "2022Q2": 0.046114770000000006, "2022Q4": 0.04089423, "2022Q1": 0.04756492, "2022Q3": 0.044374590000000005, "2018Q2": 0, "2018Q4": 0.036543780000000005, "2018Q3": 0, "2021Q2": 0.03567369, "2021Q4": 0.03973411, "2021Q1": 0.030453150000000002, "2021Q3": 0.04263441, "2019Q2": 0.03422354, "2019Q4": 0.02005238417, "2019Q1": 0.04089423, "2019Q3": 0.02469866477}