{"2020Q1": 63.607921, "2020Q2": 74.05496, "2020Q3": 79.15945942621599, "2020Q4": 83.787894426216, "2017Q4": 584.7697019999999, "2023Q1": 95.716034213108, "2023Q2": 172.46870585243198, "2023Q3": 178.52535, "2021Q1": 86.82943742621599, "2021Q2": 136.15533042621598, "2021Q3": 157.684171573784, "2021Q4": 158.31891885243198, "2019Q1": 250.728936, "2019Q2": 202.249388573784, "2019Q3": 194.949675852432, "2019Q4": 116.345630213108, "2018Q1": 529.757446, "2018Q2": 479.50586599999997, "2018Q3": 403.33504999999997, "2018Q4": 298.86466, "2022Q1": 191.696550426216, "2022Q2": 169.506520147568, "2022Q3": 143.03186242621598, "2022Q4": 145.782481573784}