{"2017Q2": 0, "2017Q4": 0, "2017Q1": 0, "2017Q3": 0, "2023Q2": 0.053857794, "2023Q1": 0.0626496485, "2016Q4": 0, "2020Q2": 0, "2020Q4": 0, "2020Q1": 0, "2020Q3": 0, "2022Q2": 0.0942511395, "2022Q1": 0.10746966200000001, "2022Q3": 0.0979400295, "2018Q2": 0, "2018Q4": 0, "2018Q1": 0, "2018Q3": 0, "2021Q2": 0, "2021Q4": 0, "2021Q1": 0, "2021Q3": 0, "2019Q2": 0, "2019Q4": 0, "2019Q1": 0, "2019Q3": 0}