{"2006Q4": 24.889999, "2011Q1": 42.07, "2011Q2": 49.450001, "2011Q3": 54.400002, "2011Q4": 27.17, "2012Q1": 35.25, "2012Q2": 37.700001, "2012Q3": 39, "2012Q4": 39.650002, "2019Q1": 111.510002, "2019Q2": 83.169998, "2019Q3": 85.800003, "2019Q4": 116.580002, "2007Q1": 31.280001, "2007Q2": 43.09, "2007Q3": 37.380001, "2007Q4": 32.93, "2009Q1": 16.92, "2009Q2": 22.9, "2009Q3": 38.869999, "2009Q4": 41.439999, "2021Q1": 77.150002, "2021Q2": 109.839996, "2021Q3": 96.150002, "2021Q4": 96.139999, "2014Q1": 53.330002, "2014Q2": 48.880001, "2014Q3": 39.470001, "2014Q4": 47.279999, "2023Q1": 19.290001, "2023Q2": 29.74, "2023Q3": 52.490002, "2023Q4": 71.69, "2024Q1": 61.49, "2024Q2": 91.53, "2022Q1": 89.650002, "2022Q2": 67.139999, "2022Q3": 53.439999, "2022Q4": 37.5, "2017Q1": 82.540001, "2017Q2": 85.57, "2017Q3": 85.160004, "2017Q4": 88.129997, "2020Q1": 132.119995, "2020Q2": 123.669998, "2020Q3": 71.970001, "2020Q4": 97.419998, "2018Q1": 119.120003, "2018Q2": 153.009995, "2018Q3": 140.679993, "2018Q4": 144.139999, "2008Q1": 47.57, "2008Q2": 37.209999, "2008Q3": 34.029999, "2008Q4": 33.240002, "2013Q1": 29.98, "2013Q2": 33.970001, "2013Q3": 42.389999, "2013Q4": 53.330002, "2015Q1": 64.239998, "2015Q2": 80.550003, "2015Q3": 83.940002, "2015Q4": 70.480003, "2010Q1": 51.049999, "2010Q2": 56.009998, "2010Q3": 51.580002, "2010Q4": 30.66, "2016Q1": 78.900002, "2016Q2": 78.519997, "2016Q3": 89.209999, "2016Q4": 92.480003}