{"2020Q4": 101.27918095866401, "2020Q1": 37.63697794236, "2020Q3": 101.27918095866401, "2020Q2": 91.280288120728, "2014Q4": 26.460398567720002, "2014Q1": 26.460398567720002, "2014Q3": 26.460398567720002, "2014Q2": 26.460398567720002, "2016Q4": 35.903615875752, "2016Q1": 35.416354270768004, "2016Q3": 35.903615875752, "2016Q2": 35.903615875752, "2017Q4": 36.364983648024, "2017Q1": 35.903615875752, "2017Q3": 36.364983648024, "2017Q2": 36.364983648024, "2013Q4": 26.460398567720002, "2015Q4": 35.416354270768004, "2015Q1": 34.963406266272, "2015Q3": 35.416354270768004, "2015Q2": 35.416354270768004, "2018Q4": 36.909841710392, "2018Q1": 36.364983648024, "2018Q3": 36.909841710392, "2018Q2": 36.909841710392, "2019Q4": 37.63697794236, "2019Q1": 36.909841710392, "2019Q3": 37.63697794236, "2019Q2": 37.63697794236, "2022Q4": 52.734638931256, "2022Q1": 76.75733589386401, "2022Q3": 53.062184588912004, "2022Q2": 80.864149160192, "2021Q4": 98.72327408008, "2021Q1": 101.27918095866401, "2021Q3": 102.62023827896002, "2021Q2": 102.62023827896002, "2023Q1": 65.508866592, "2023Q2": 74.18297600000001}