{"2014Q3": 13.520929, "2014Q1": 12.235105, "2014Q2": 14.084714, "2014Q4": 14.707843, "2017Q3": 20.679695, "2017Q1": 19.593973, "2017Q2": 21.769983, "2017Q4": 17.440369, "2022Q3": 10.78, "2022Q1": 10.63, "2022Q2": 11.05, "2013Q3": 10.880045, "2013Q1": 8.783164, "2013Q2": 9.04033, "2013Q4": 12.858235, "2018Q3": 7.21, "2018Q1": 14.946959, "2018Q2": 9.93, "2018Q4": 7.28, "2011Q3": 8.8524, "2011Q1": 9.287602, "2011Q2": 8.555671, "2011Q4": 9.248039, "2020Q3": 9.95, "2020Q1": 3.5, "2020Q2": 6.21, "2020Q4": 12.4, "2016Q3": 14.242969, "2016Q1": 12.106523, "2016Q2": 13.461583, "2016Q4": 15.222173, "2023Q3": 17.48, "2023Q1": 19.98, "2023Q2": 24.92, "2019Q3": 2.86, "2019Q1": 7.84, "2019Q2": 6.52, "2019Q4": 2.35, "2021Q3": 10, "2021Q1": 13.98, "2021Q2": 15.14, "2021Q4": 10.23, "2015Q3": 14.836426, "2015Q1": 22.848095, "2015Q2": 20.484159, "2015Q4": 12.304342, "2012Q3": 6.913774, "2012Q1": 7.902869, "2012Q2": 7.418213, "2012Q4": 8.743601, "2009Q3": 3.01674, "2009Q1": 2.423283, "2009Q2": 3.165104, "2009Q4": 3.550851, "2010Q3": 4.549837, "2010Q1": 5.301549, "2010Q2": 4.945475, "2010Q4": 7.616031}