{"2019Q4": 15.83, "2021Q2": 14.96, "2021Q3": 13.66, "2021Q1": 19.54, "2020Q2": 17.799999, "2020Q4": 29.02, "2020Q3": 18.93, "2020Q1": 15.93, "2023Q2": 1.93, "2023Q3": 1.95, "2023Q1": 2, "2018Q2": 30, "2018Q4": 15.99, "2018Q3": 29.01, "2018Q1": 31.209999, "2017Q2": 24.49, "2017Q4": 28.030001, "2017Q3": 27.58, "2017Q1": 23, "2022Q4": 2.08}