{"2008Q4": 42.37559053, "2016Q4": 104.78019517, "2016Q2": 142.23803152999997, "2011Q4": 59.446415349999995, "2011Q2": 73.14452754, "2013Q4": 153.80700111, "2013Q2": 82.39593480999999, "2015Q4": 152.97795442999998, "2015Q2": 203.09759463, "2007Q2": 134.38093003999998, "2010Q4": 75.89545516, "2010Q2": 71.67485388, "2018Q4": 97.67677248, "2009Q4": 82.52782859999999, "2009Q2": 92.8909121, "2014Q4": 188.77769743, "2014Q2": 203.39906614999998, "2012Q4": 65.13669028999999, "2012Q2": 37.872359700000004}