{"2023Q3": 17.8, "2023Q2": 19.79, "2023Q1": 18.26, "2022Q3": 21.92, "2022Q2": 23.799999, "2022Q1": 19.700001, "2022Q4": 22.129999, "2017Q3": 18.450001, "2017Q2": 0, "2017Q1": 0, "2017Q4": 18.98, "2020Q3": 40.25, "2020Q2": 37.990002, "2020Q1": 33.310001, "2020Q4": 37.349998, "2016Q4": 0, "2018Q3": 17.200001, "2018Q2": 18.15, "2018Q1": 20.83, "2018Q4": 23.6, "2019Q3": 33.790001, "2019Q2": 30.879999, "2019Q1": 26.389999, "2019Q4": 39.540001, "2021Q3": 35.849998, "2021Q2": 33.73, "2021Q1": 36.939999, "2021Q4": 26.370001}