{"2006Q3": 6.020719, "2006Q2": 5.230324, "2006Q1": 4.798827, "2006Q4": 6.702811, "2011Q3": 9.782389, "2011Q2": 9.006299, "2011Q1": 9.221035, "2011Q4": 10.284634, "2012Q3": 8.607007, "2012Q2": 9.009341, "2012Q1": 9.900111, "2012Q4": 9.97366, "2019Q3": 3.79, "2019Q2": 5.13, "2019Q1": 5.7, "2019Q4": 6.22, "2007Q3": 5.970668, "2007Q2": 5.960259, "2007Q1": 6.666077, "2007Q4": 5.524971, "2009Q3": 6.25977, "2009Q2": 6.022178, "2009Q1": 5.055188, "2009Q4": 8.108077, "2021Q3": 7.4, "2021Q2": 8.38, "2021Q1": 7.2, "2021Q4": 4.71, "2014Q3": 17.446907, "2014Q2": 14.795496, "2014Q1": 12.853596, "2014Q4": 14.582576, "2023Q3": 4.16, "2023Q2": 3.97, "2023Q1": 3.8, "2022Q3": 4.85, "2022Q2": 7.08, "2022Q1": 6.07, "2022Q4": 3.01, "2017Q3": 12.840343, "2017Q2": 15.828351, "2017Q1": 17.929443, "2017Q4": 10.221857, "2020Q3": 4.67, "2020Q2": 7.3, "2020Q1": 5.66, "2020Q4": 5.26, "2018Q3": 11.715055, "2018Q2": 9.800979, "2018Q1": 10.138713, "2018Q4": 9.434947, "2008Q3": 4.248887, "2008Q2": 5.788176, "2008Q1": 5.281964, "2008Q4": 3.653175, "2013Q3": 11.623249, "2013Q2": 10.639678, "2013Q1": 10.595689, "2013Q4": 12.646448, "2005Q3": 3.793295, "2005Q2": 3.942195, "2005Q4": 4.72031, "2015Q3": 15.573903, "2015Q2": 14.059843, "2015Q1": 13.629957, "2015Q4": 17.121593, "2010Q3": 8.899871, "2010Q2": 8.065976, "2010Q1": 7.910211, "2010Q4": 8.764635, "2016Q3": 17.98266, "2016Q2": 19.568506, "2016Q1": 18.557861, "2016Q4": 17.834692}