{"2012Q2": 9.11475344, "2012Q3": 12.014199, "2011Q4": 8.444562079999999, "2020Q1": 24.38198432, "2020Q2": 24.846514479999996, "2020Q3": 27.45086452, "2020Q4": 27.70728064, "2023Q1": 31.51823928, "2021Q1": 29.954270759999996, "2021Q2": 29.66464696, "2021Q3": 26.648785840000002, "2021Q4": 27.74520532, "2019Q1": 19.17215216, "2019Q2": 25.56878152, "2019Q3": 25.06462856, "2019Q4": 21.463104719999997, "2022Q1": 27.10067444, "2022Q2": 29.69879804, "2022Q3": 28.31558496}