{"2017Q4": 30.015801, "2016Q2": 103.4755245, "2016Q4": 99.526077, "2015Q4": 0, "2020Q4": 4.18641435, "2022Q4": 8.29383975, "2018Q4": 15.79779, "2021Q4": 8.8467624, "2019Q4": 12.677726475}