{"2017Q2": 0.14957136000000001, "2017Q4": 0.21204664, "2017Q1": 0.13572216, "2017Q3": 0.176962, "2023Q2": 0.78663456, "2023Q1": 0.9054299200000001, "2016Q2": 0.10740824000000002, "2016Q4": 0.16649816, "2016Q1": 0.08709608, "2016Q3": 0.12956696, "2015Q2": 0, "2015Q4": 0.06401408, "2015Q1": 0, "2015Q3": 0.03877776, "2020Q2": 0.39885696000000004, "2020Q4": 0.5508904, "2020Q1": 0.21204664, "2020Q3": 0.55796888, "2022Q2": 0.90204456, "2022Q4": 0.98513976, "2022Q1": 1.2932075200000002, "2022Q3": 0.8401848000000001, "2018Q2": 0.22004840000000003, "2018Q4": 0.20558368, "2018Q1": 0.24713127999999998, "2018Q3": 0.29821944, "2021Q2": 0.99837344, "2021Q4": 1.17010352, "2021Q1": 0.90389112, "2021Q3": 0.9626732800000001, "2019Q2": 0.29637288000000006, "2019Q4": 0.36038696000000003, "2019Q1": 0.23728296000000001, "2019Q3": 0.33176528, "2014Q4": 0}