{"2006Q3": 36.75, "2006Q2": 23.879999, "2006Q1": 19.09, "2011Q3": 4.46, "2011Q2": 4.55, "2011Q1": 7.41, "2011Q4": 4.67, "2012Q3": 11.75, "2012Q2": 8.02, "2012Q1": 5.72, "2012Q4": 17.469999, "2019Q3": 24.790001, "2019Q2": 35.599998, "2019Q1": 31.950001, "2019Q4": 24.629999, "2021Q3": 11.62, "2021Q2": 11.52, "2021Q1": 8.89, "2021Q4": 19.450001, "2014Q3": 72.989998, "2014Q2": 60.360001, "2014Q1": 53.959999, "2014Q4": 39.02, "2023Q3": 9.1, "2023Q2": 10.86, "2023Q1": 12.53, "2023Q4": 6.26, "2024Q3": 2.85, "2024Q2": 4.12, "2024Q1": 4.13, "2022Q3": 22.35, "2022Q2": 26.16, "2022Q1": 30.57, "2022Q4": 18.959999, "2017Q3": 12.2, "2017Q2": 8.05, "2017Q1": 8.63, "2017Q4": 10.9, "2020Q3": 13.65, "2020Q2": 23.85, "2020Q1": 17.950001, "2020Q4": 4.67, "2018Q3": 33.450001, "2018Q2": 21.75, "2018Q1": 17.15, "2018Q4": 30.73, "2013Q3": 27.65, "2013Q2": 26.09, "2013Q1": 17.059999, "2013Q4": 43.720001, "2005Q3": 17.73, "2005Q2": 15.25, "2005Q1": 17.15, "2005Q4": 18.370001, "2015Q3": 18.219999, "2015Q2": 31, "2015Q1": 49.869999, "2015Q4": 30.09, "2010Q3": 5.81, "2010Q2": 12.39, "2010Q1": 13.22, "2010Q4": 7.19, "2016Q3": 25.43, "2016Q2": 28.49, "2016Q1": 38.07, "2016Q4": 11.81, "2004Q4": 16.98}