{"2006Q3": 12.92, "2006Q2": 11.18, "2006Q1": 12.44, "2006Q4": 10.86, "1994Q4": 0.80577, "2003Q3": 10.31, "2003Q2": 7.77, "2003Q1": 6.62, "2003Q4": 11.11, "2011Q3": 17.91, "2011Q2": 18.11, "2011Q1": 17.22, "2011Q4": 16.82, "2012Q3": 23.04, "2012Q2": 19.43, "2012Q1": 20.2, "2012Q4": 22.9, "2019Q3": 77.23, "2019Q2": 74.22, "2019Q1": 70.47, "2019Q4": 79.56, "2007Q3": 12.41, "2007Q2": 12.74, "2007Q1": 11.43, "2007Q4": 9, "2009Q3": 6.25, "2009Q2": 7.02, "2009Q1": 4.45, "2009Q4": 9.14, "2021Q3": 113.83, "2021Q2": 95.33, "2021Q1": 96.88, "2021Q4": 99.76, "2001Q3": 5.79, "2001Q2": 5.42, "2001Q1": 4.81, "2001Q4": 5.51, "1991Q3": 1.61, "1991Q2": 1.7, "1991Q1": 1.48, "1991Q4": 1.06, "2014Q3": 40.25, "2014Q2": 33.02, "2014Q1": 33.8, "2014Q4": 40.36, "1992Q3": 0.89059, "1992Q2": 1.19, "1992Q1": 1.48, "1992Q4": 0.4665, "1998Q3": 2.08, "1998Q2": 4.44, "1998Q1": 5.09, "1998Q4": 1.43, "1996Q3": 1.47, "1996Q2": 1.44, "1996Q1": 0.90472, "1996Q4": 1.94, "2023Q3": 92.5, "2023Q2": 89.09, "2023Q1": 87.93, "2022Q3": 74.98, "2022Q2": 85.48, "2022Q1": 106.02, "2022Q4": 77.32, "2017Q3": 58.78, "2017Q2": 59.28, "2017Q1": 48.37, "2017Q4": 54.7, "2020Q3": 80.71, "2020Q2": 79.45, "2020Q1": 83.26, "2020Q4": 84.62, "1997Q3": 3.8, "1997Q2": 2.6, "1997Q1": 2.33, "1997Q4": 5.26, "1993Q3": 0.14843, "1993Q2": 0.14843, "1993Q1": 0.38168, "1993Q4": 0.16964, "2018Q3": 63.72, "2018Q2": 57.82, "2018Q1": 62.61, "2018Q4": 58.94, "2008Q3": 8.18, "2008Q2": 9.25, "2008Q1": 7.98, "2008Q4": 3.46, "2013Q3": 32.39, "2013Q2": 29.66, "2013Q1": 26.75, "2013Q4": 31.42, "2002Q3": 6.08, "2002Q2": 5.66, "2002Q1": 5.4, "2002Q4": 5.63, "2000Q3": 3.87, "2000Q2": 4.31, "2000Q1": 2.93, "2000Q4": 4.58, "2005Q3": 17.68, "2005Q2": 14.58, "2005Q1": 19.65, "2005Q4": 12.58, "1995Q4": 0.79163, "2015Q3": 37.44, "2015Q2": 43.49, "2015Q1": 44.71, "2015Q4": 33.68, "2010Q3": 10.83, "2010Q2": 9.1, "2010Q1": 9.41, "2010Q4": 14.31, "2016Q3": 46.22, "2016Q2": 41.09, "2016Q1": 37.92, "2016Q4": 43.03, "1999Q3": 3.14, "1999Q2": 2.54, "1999Q1": 1.65, "1999Q4": 3.54, "2004Q3": 15.38, "2004Q2": 13.05, "2004Q1": 12.56, "2004Q4": 16.89}