{"2015Q1": 0.43585080000000004, "2015Q2": 0.716040618868, "2015Q3": 1.076419381132, "2015Q4": 0.838682618868, "2020Q1": 0.715097237736, "2020Q2": 0.724531237736, "2020Q3": 0.861324237736, "2020Q4": 0.745286, "2016Q1": 1.103778, "2016Q2": 0.971702, "2016Q3": 1.373590456604, "2016Q4": 1.4424585433959998, "2017Q1": 2.1726502377359997, "2017Q2": 1.932083237736, "2017Q3": 2.339632, "2017Q4": 1.518874, "2023Q1": 1.691516237736, "2021Q1": 1.2820805433959999, "2021Q2": 1.008494618868, "2021Q3": 1.141514, "2021Q4": 0.947173618868, "2019Q1": 1.028306, "2019Q2": 0.8122673811319999, "2019Q3": 0.783965381132, "2019Q4": 0.462266, "2018Q1": 1.0971742377359999, "2018Q2": 1.139627237736, "2018Q3": 1.2188727622639999, "2018Q4": 1.257552237736, "2022Q1": 0.99057, "2022Q2": 1.117929, "2022Q3": 1.2047217622639999, "2022Q4": 1.182080237736}