{"2014Q2": 0, "2014Q4": 12.800006, "2014Q3": 0, "2014Q1": 0, "2016Q2": 14.550038, "2016Q4": 15.323078, "2016Q3": 13.899773, "2016Q1": 12.372213, "2019Q2": 18.921829, "2019Q4": 18.682533, "2019Q3": 19.075676, "2019Q1": 18.120321, "2013Q2": 0, "2013Q4": 0, "2013Q3": 0, "2013Q1": 0, "2011Q4": 0, "2011Q3": 0, "2021Q2": 20.701788, "2021Q4": 16.978138, "2021Q3": 22.030735, "2021Q1": 19.22201, "2020Q2": 13.350371, "2020Q4": 16.813078, "2020Q3": 12.341943, "2020Q1": 11.308551, "2023Q2": 7.2, "2023Q3": 4.27, "2023Q1": 5.77, "2018Q2": 17.102766, "2018Q4": 17.700243, "2018Q3": 16.683313, "2018Q1": 16.534321, "2017Q2": 15.5564, "2017Q4": 16.616035, "2017Q3": 17.088331, "2017Q1": 15.423738, "2015Q2": 13.007589, "2015Q4": 9.689767, "2015Q3": 12.4187, "2015Q1": 12.836222, "2010Q4": 0, "2022Q2": 18.398842, "2022Q4": 7.04, "2022Q3": 13.314795, "2022Q1": 16.371119, "2012Q2": 0, "2012Q4": 0, "2012Q3": 0, "2012Q1": 0}