{"2019Q3": 14.6, "2019Q2": 10.96, "2019Q1": 11.41, "2019Q4": 13.29, "2009Q3": 2.1, "2009Q2": 1.11, "2009Q1": 0.88, "2009Q4": 2.81, "2021Q3": 18.24, "2021Q2": 20.290001, "2021Q1": 21.709999, "2021Q4": 20.309999, "2014Q3": 3.01, "2014Q2": 2.54, "2014Q1": 1.85, "2014Q4": 4, "2023Q3": 28.09, "2023Q2": 25.01, "2023Q1": 23.1, "2022Q3": 28.52, "2022Q2": 28.33, "2022Q1": 21.32, "2022Q4": 20.83, "2017Q3": 17.32, "2017Q2": 13.38, "2017Q1": 9.07, "2017Q4": 15.19, "2020Q3": 17.799999, "2020Q2": 15.69, "2020Q1": 12.69, "2020Q4": 26.629999, "2018Q3": 12.59, "2018Q2": 13.98, "2018Q1": 17.030001, "2018Q4": 12, "2013Q4": 3.76, "2015Q3": 4.54, "2015Q2": 5.31, "2015Q1": 5.5, "2015Q4": 3.91, "2010Q3": 3.51, "2010Q2": 3.09, "2010Q1": 3.8, "2016Q3": 7.51, "2016Q2": 5.87, "2016Q1": 4.75, "2016Q4": 9.27}