{"2022Q3": 0.5716012974, "2022Q4": 0.5265122814, "2022Q1": 0.4081746186, "2022Q2": 0.5103600516, "2020Q3": 0.48772452539999994, "2020Q4": 0.409686921, "2021Q3": 0.461707323, "2021Q4": 0.3713682588, "2021Q1": 0.4521994218, "2021Q2": 0.42249248159999997}