{"2020Q1": 0.032075599999999996, "2020Q2": 0.0207548, "2020Q3": 0.066038, "2020Q4": 0.037736, "2023Q1": 0.07264179999999999, "2021Q1": 0.05283039999999999, "2021Q2": 0.0537738, "2021Q3": 0.10943439999999999, "2021Q4": 0.10566079999999999, "2019Q1": 0.050000199999999995, "2019Q2": 0.043396399999999995, "2019Q3": 0.0311322, "2019Q4": 0.014151, "2018Q1": 0.043396399999999995, "2018Q2": 0.050000199999999995, "2018Q3": 0.043396399999999995, "2018Q4": 0.0415096, "2022Q1": 0.0783022, "2022Q2": 0.0745286, "2022Q3": 0.09150979999999999, "2022Q4": 0.0669814}