{"2021Q3": 34.483253907949994, "2021Q1": 33.085437944475, "2021Q2": 32.596508474275, "2021Q4": 31.010840741524998, "2018Q3": 38.387937008674996, "2018Q1": 45.44612031919999, "2018Q2": 42.295967739675, "2018Q4": 23.713820093799995, "2020Q3": 24.328107541699996, "2020Q1": 14.431282132399998, "2020Q2": 18.1173577199, "2020Q4": 30.091057933724997, "2017Q3": 39.749195463274994, "2017Q1": 34.70465021055, "2017Q2": 33.655244472599996, "2017Q4": 47.920634250625, "2023Q3": 29.10088175, "2023Q1": 22.375296499999997, "2023Q2": 28.115327916974998, "2022Q3": 15.476427249999997, "2022Q1": 25.250251344, "2022Q2": 18.931276999999998, "2022Q4": 21.064837333024997, "2016Q4": 31.450809900549995, "2019Q3": 23.519367287149997, "2019Q1": 26.165827682699998, "2019Q2": 24.150153537899996, "2019Q4": 21.602340474475}