{"2021Q4": 0.12048463999999999, "2022Q1": 0.06777261, "2022Q2": 0.041416595, "2022Q3": 0.018825725}