{"2009Q4": 0.16501688523, "2020Q2": 0, "2020Q4": 0, "2020Q1": 0, "2020Q3": 0, "2014Q2": 0, "2014Q4": 0, "2014Q1": 0, "2014Q3": 0, "2016Q2": 0, "2016Q4": 0, "2016Q1": 0, "2016Q3": 0, "2010Q2": 0.17316585018, "2010Q4": 0.17733854052, "2010Q1": 0.16501688523, "2010Q3": 0.17316585018, "2022Q2": 0, "2022Q4": 1.6243293498299998, "2022Q1": 0, "2022Q3": 1.35368074836, "2021Q2": 0, "2021Q4": 0, "2021Q1": 0, "2021Q3": 0, "2007Q4": 0.09729689111999999, "2017Q2": 0, "2017Q4": 0, "2017Q1": 0, "2017Q3": 0, "2023Q2": 1.56401713152, "2023Q1": 1.5041314934099999, "2015Q2": 0, "2015Q4": 0, "2015Q1": 0, "2015Q3": 0, "2004Q4": 0, "2005Q4": 0, "2018Q2": 0, "2018Q4": 0, "2018Q1": 0, "2018Q3": 0, "2008Q4": 0.10899881883, "2013Q2": 0, "2013Q4": 0, "2013Q3": 0, "2019Q2": 0, "2019Q4": 0, "2019Q1": 0, "2019Q3": 0, "2006Q4": 0}