{"2021Q4": 0.5219937800000001, "2020Q4": 0.59766364, "2022Q4": 0.7323303400000001, "2019Q4": 0.9272764200000001}