{"2023Q2": 0.016114836860000002, "2023Q1": 0.01543774318, "2022Q4": 0.01489606844, "2022Q3": 0.0147606495}