{"2021Q4": 0.6773752999999999, "2022Q3": 0.4838395, "2022Q4": 0.4838395, "2023Q1": 0.4838395, "2023Q2": 0.4838395}