{"2015Q1": 0.92655891576, "2015Q2": 0.57658923576, "2015Q3": 0.52653096, "2015Q4": 0.7188566399999999, "2010Q4": 1.726899532344, "2012Q1": 3.485354033592, "2012Q2": 3.112435485936, "2012Q3": 3.0636692604, "2012Q4": 3.7091050991280006, "2011Q1": 3.6574700680800003, "2011Q2": 4.592635085088, "2011Q3": 4.231191128904, "2011Q4": 4.8135176604, "2020Q1": 0.39095712, "2020Q2": 0.38465136, "2020Q3": 0.51391944, "2020Q4": 0.3625812, "2016Q1": 0.630576, "2016Q2": 0.7188566399999999, "2016Q3": 0.7062451200000001, "2016Q4": 0.65579904, "2013Q1": 3.843929499552, "2013Q2": 3.427981706808, "2013Q3": 3.2042306412720003, "2013Q4": 2.323569145536, "2017Q1": 0.82920744, "2017Q2": 0.8765006399999999, "2017Q3": 0.6621048, "2017Q4": 0.47923776, "2023Q1": 0.230790816, "2023Q2": 0.231421392, "2023Q3": 0.200523168, "2021Q1": 0.43825031999999997, "2021Q2": 0.401676912, "2021Q3": 0.385281936, "2021Q4": 0.3625812, "2019Q1": 0.38465136, "2019Q2": 0.309297528, "2019Q3": 0.29321784, "2019Q4": 0.315918576, "2018Q1": 0.315288, "2018Q2": 0.25538328000000005, "2018Q3": 0.3310524, "2018Q4": 0.34996968000000006, "2014Q1": 2.022365691072, "2014Q2": 1.534703120424, "2014Q3": 1.138835705112, "2014Q4": 0.854843822568, "2022Q4": 0.279660456}