{"2023Q3": 29.52, "2023Q2": 17.3, "2023Q1": 23.6, "2022Q3": 18.43, "2022Q2": 20.549999, "2022Q1": 17.709999, "2022Q4": 19.639999, "2021Q4": 19}