{"2023Q1": 0.63478712, "2020Q2": 0.11512512, "2020Q4": 0.12035807999999999, "2020Q1": 0.11512512, "2022Q2": 0.5294011200000001, "2022Q4": 0.51253936, "2022Q1": 0.45744792, "2022Q3": 0.5059981600000001, "2018Q4": 0.11032824, "2021Q2": 0.35627736000000004, "2021Q4": 0.46965816000000005, "2021Q1": 0.23461104000000002, "2019Q2": 0.10073448, "2019Q4": 0.12079416000000001, "2019Q1": 0.09971696000000001, "2019Q3": 0.12515495999999998}