{"2023Q2": 11.20438032, "2023Q1": 12.2922674, "2022Q3": 11.18724824, "2022Q2": 12.4635882, "2022Q1": 13.99690936, "2022Q4": 12.61777692, "2017Q3": 8.07777572, "2017Q2": 8.180568200000002, "2017Q1": 8.00068136, "2017Q4": 8.31762484, "2020Q3": 9.268455280000001, "2020Q2": 8.85728536, "2020Q1": 8.44611544, "2020Q4": 10.253549880000001, "2015Q3": 6.69007724, "2015Q2": 6.3902658400000005, "2015Q1": 6.79286972, "2015Q4": 6.79286972, "2010Q3": 4.7969824, "2010Q2": 4.17166148, "2010Q1": 4.31728416, "2010Q4": 4.84837864, "2016Q3": 7.95785116, "2016Q2": 8.41185128, "2016Q1": 7.58951144, "2016Q4": 7.675171840000001, "2014Q3": 6.31317148, "2014Q2": 6.4416620799999995, "2014Q1": 6.27890732, "2014Q4": 6.40739792, "2018Q3": 8.25766256, "2018Q2": 7.93215304, "2018Q1": 7.709436, "2018Q4": 8.08634176, "2011Q3": 5.122491920000001, "2011Q2": 5.19958628, "2011Q1": 4.985435280000001, "2011Q4": 5.704982640000001, "2012Q3": 6.518756440000001, "2012Q2": 6.201812960000001, "2012Q1": 5.79064304, "2012Q4": 6.41596396, "2019Q3": 10.673285840000002, "2019Q2": 10.03083284, "2019Q1": 9.3369836, "2019Q4": 10.673285840000002, "2013Q3": 5.8506053200000006, "2013Q2": 6.14185068, "2013Q1": 6.53588852, "2013Q4": 6.27890732, "2009Q3": 3.56347264, "2009Q2": 2.74969884, "2009Q1": 2.17577416, "2009Q4": 3.8290198799999997, "2021Q3": 12.9347204, "2021Q2": 13.037512880000001, "2021Q1": 11.4784936, "2021Q4": 14.022607480000001}