{"2021Q1": 0.07515264, "2021Q2": 0.00939408, "2021Q3": 0.00234852, "2016Q4": 0.0236730816, "2020Q1": 0.0939408, "2020Q4": 0.00939408, "2020Q2": 0.0080789088, "2020Q3": 0.0033818688, "2018Q1": 0.0116486592, "2018Q4": 0.0030342878399999998, "2018Q2": 0.01409112, "2018Q3": 0.010897132799999999, "2019Q4": 0.01878816, "2019Q2": 0.0010333488000000002, "2019Q3": 0.0234852}