{"2019Q2": 7.287412430758, "2019Q4": 6.894019527239, "2019Q3": 6.748149127705, "2019Q1": 8.260446510524998, "2021Q2": 5.325585039999999, "2021Q4": 7.0320225, "2021Q3": 6.04753935, "2021Q1": 5.14744047, "2020Q2": 3.19722623, "2020Q4": 4.62238279, "2020Q3": 4.0316928999999995, "2020Q1": 3.9848127499999997, "2023Q2": 7.3601835499999995, "2023Q1": 7.45394385, "2018Q2": 8.325158931982, "2018Q4": 8.78739346057, "2018Q3": 8.44941570716, "2018Q1": 7.92312976723, "2017Q2": 8.287804828461999, "2017Q4": 7.887434283416999, "2017Q3": 7.885335927902999, "2017Q1": 7.767454853125001, "2022Q2": 7.688344599999999, "2022Q4": 8.438426999999999, "2022Q3": 7.969625499999999, "2022Q1": 7.6320884200000005}