{"2023Q2": 9.099241869476002, "2023Q1": 7.266091688592001, "2022Q3": 8.36876486072, "2022Q2": 8.763610289148, "2022Q1": 10.906330315056001, "2022Q4": 8.24357132324, "2017Q3": 3.7776397183800006, "2017Q2": 3.608584882584, "2017Q1": 3.9534155615680002, "2017Q4": 4.330720240792, "2020Q3": 7.655247798528001, "2020Q2": 7.945412212188001, "2020Q1": 5.897332957516, "2020Q4": 8.484295166908, "2015Q4": 2.39098105752, "2016Q3": 3.7624023101720003, "2016Q2": 3.323405691584, "2016Q1": 3.06654368614, "2016Q4": 3.8811835827160004, "2018Q3": 3.479245229416, "2018Q2": 3.77660802948, "2018Q1": 4.331763138164001, "2018Q4": 3.591964247036, "2011Q3": 1.8414052205120002, "2011Q2": 1.846187671724, "2011Q1": 1.9062268709440002, "2011Q4": 2.07417359644, "2012Q3": 2.909573621064, "2012Q2": 2.3806906612720002, "2012Q1": 2.6088498078280002, "2012Q4": 3.280440052076, "2019Q3": 5.835901869864, "2019Q2": 5.062535643, "2019Q1": 4.578519687148, "2019Q4": 7.631649379684001, "2013Q3": 3.4238896430640002, "2013Q2": 3.402228251972, "2013Q1": 3.62852118794, "2021Q3": 10.418528952524001, "2021Q2": 10.862834820508, "2021Q1": 10.242099451628, "2021Q4": 10.002466396076}