{"2021Q1": 0.08126936, "2021Q2": -0.23673708000000002, "2021Q3": -0.18601444, "2016Q1": -4.779996e-05, "2016Q2": 0.0007982121920000001, "2016Q3": 0.000574438612, "2012Q1": 1.8856e-08, "2012Q4": 1.8856e-08, "2012Q2": 1.8856e-08, "2012Q3": 1.8856e-08, "2020Q1": 0.02771832, "2020Q4": 0.08126936, "2020Q2": -0.04167176, "2020Q3": -0.044783, "2009Q4": 1.8856e-08, "2009Q2": -9.428e-09, "2009Q3": -9.428e-09, "2011Q1": 1.8856e-08, "2011Q4": 1.8856e-08, "2011Q2": 1.8856e-08, "2011Q3": 1.8856e-08, "2015Q1": 7.82524e-07, "2015Q4": -5.066607200000001e-05, "2015Q2": 6.307332000000001e-06, "2015Q3": 6.335616e-06, "2022Q1": 0.17281524, "2013Q1": 1.8856e-08, "2013Q4": -2.8284000000000004e-08, "2013Q2": 1.8856e-08, "2013Q3": 1.8856e-08, "2010Q1": 1.8856e-08, "2010Q4": 1.8856e-08, "2010Q2": 1.8856e-08, "2010Q3": 1.8856e-08, "2014Q1": -2.8284000000000004e-08, "2014Q4": 6.788160000000001e-07, "2014Q2": -1.8856000000000002e-07, "2014Q3": -1.6970400000000002e-07, "2023Q1": 0.07740388000000001, "2023Q2": 0.07740388000000001, "2023Q3": 0.07532972}