{"2006Q2": 2.16, "2006Q3": 2.49, "2006Q1": 2.17, "2006Q4": 2.75, "1994Q4": 2.11, "2003Q2": 0.85014, "2003Q3": 1.19, "2003Q1": 0.8408, "2003Q4": 1.85, "2011Q2": 1.43, "2011Q3": 1.21, "2011Q1": 1.36, "2011Q4": 1.07, "2012Q2": 1.4, "2012Q3": 1.47, "2012Q1": 1.27, "2012Q4": 1.94, "2019Q2": 6.03, "2019Q3": 6.38, "2019Q1": 4.39, "2019Q4": 6.19, "2007Q2": 2.83, "2007Q3": 2.57, "2007Q1": 3.26, "2007Q4": 2.06, "2009Q2": 0.94982, "2009Q3": 1.11, "2009Q1": 0.94045, "2009Q4": 1.14, "2021Q2": 4.84, "2021Q3": 4.85, "2021Q1": 5.3, "2021Q4": 4.34, "2001Q2": 1.25, "2001Q3": 1.2, "2001Q1": 1.17, "2001Q4": 2.25, "2014Q2": 2.59, "2014Q3": 2.76, "2014Q1": 2.68, "2014Q4": 2.87, "1992Q3": 2.25, "1992Q4": 3.74, "1998Q2": 2.78, "1998Q3": 2.41, "1998Q1": 2.05, "1998Q4": 4.39, "1996Q2": 2.31, "1996Q4": 1.87, "2023Q2": 5.63, "2023Q3": 6.76, "2023Q1": 5.34, "2022Q2": 3.44, "2022Q3": 4.15, "2022Q1": 3.88, "2022Q4": 4.63, "2017Q2": 4.72, "2017Q3": 4.43, "2017Q1": 4.33, "2017Q4": 5.69, "2020Q2": 3.9, "2020Q3": 3.72, "2020Q1": 6.47, "2020Q4": 3.87, "1997Q2": 3.16, "1997Q4": 3.63, "1993Q2": 2.28, "1993Q3": 2.34, "1993Q4": 2.34, "2018Q2": 4.25, "2018Q3": 4.89, "2018Q1": 5.77, "2018Q4": 4.16, "2008Q2": 1.81, "2008Q3": 1.83, "2008Q1": 1.97, "2008Q4": 0.88439, "2013Q2": 2.9, "2013Q3": 2.36, "2013Q1": 2.27, "2013Q4": 2.92, "2002Q2": 1.06, "2002Q3": 0.97751, "2002Q1": 1.14, "2002Q4": 0.78786, "2000Q2": 2.51, "2000Q3": 2.14, "2000Q1": 2.37, "2000Q4": 1.21, "2005Q2": 2.61, "2005Q3": 2.39, "2005Q1": 2.55, "2005Q4": 1.84, "1995Q4": 2.11, "2015Q2": 2.77, "2015Q3": 2.46, "2015Q1": 2.69, "2015Q4": 2.54, "2010Q2": 1.33, "2010Q3": 1.33, "2010Q1": 1.13, "2010Q4": 1.25, "2016Q2": 2.98, "2016Q3": 3.87, "2016Q1": 2.26, "2016Q4": 4.47, "1999Q2": 2.12, "1999Q3": 2.1, "1999Q1": 2.19, "1999Q4": 1.56, "2004Q2": 2.48, "2004Q3": 2.11, "2004Q1": 1.94, "2004Q4": 2.76}