{"2014Q2": 14.455155881963796, "2014Q1": 12.470002747996247, "2016Q2": 13.671303099999998, "2016Q1": 15.547349999999998, "2019Q4": 23.144821699999998, "2013Q2": 12.470002747996247, "2013Q1": 12.470002747996247, "2021Q2": 37.0959771, "2021Q1": 37.2307208, "2021Q3": 31.903162199999997, "2021Q4": 25.497654, "2020Q2": 29.643614, "2020Q1": 29.083909399999996, "2020Q3": 26.876185699999997, "2020Q4": 29.9752908, "2018Q2": 13.920060699999999, "2018Q1": 19.216524599999996, "2017Q2": 20.315204, "2017Q1": 17.962371699999995, "2017Q3": 18.9263074, "2015Q2": 14.873631499999998, "2015Q1": 11.328835699999999, "2022Q2": 28.2028929, "2022Q1": 24.492258699999997, "2022Q3": 30.2758729, "2022Q4": 32.1830145}