{"2022Q3": 15.551013600000001, "2022Q4": 15.392599199999998, "2022Q1": 14.354104799999998, "2022Q2": 12.629147999999999, "2020Q4": 18.3760704, "2020Q1": 14.732539199999998, "2020Q2": 14.9701608, "2016Q3": 15.9910536, "2016Q4": 18.3144648, "2016Q1": 13.940467199999999, "2016Q2": 13.7908536, "2015Q3": 10.4993544, "2015Q4": 10.9657968, "2015Q1": 7.507082399999999, "2015Q2": 9.2584416, "2019Q3": 7.2430584, "2019Q4": 8.052732, "2019Q1": 15.691826399999998, "2019Q2": 14.8029456, "2018Q3": 20.893099199999998, "2018Q4": 18.4640784, "2018Q1": 24.8886624, "2018Q2": 19.1153376, "2013Q3": 4.8228384, "2013Q4": 4.8756432, "2013Q1": 3.476316, "2013Q2": 4.0395672, "2014Q3": 9.047222399999999, "2014Q4": 7.938321599999999, "2014Q1": 5.5973088, "2014Q2": 7.4806799999999996, "2012Q3": 3.2826983999999997, "2012Q4": 2.9658696, "2012Q1": 1.9889807999999998, "2012Q2": 2.8690607999999997, "2017Q3": 19.0185288, "2017Q4": 22.1164104, "2017Q1": 17.601599999999998, "2017Q2": 16.299081599999997, "2021Q3": 20.3122464, "2021Q4": 15.841439999999999, "2011Q4": 1.3553232}