{"2009Q4": 280.12021616000004, "2010Q1": 208.42766864, "2010Q4": 176.9793856, "2010Q2": 181.19191888, "2010Q3": 202.85069848, "2012Q1": 65.91687296, "2012Q2": 15.3664736, "2011Q1": 201.31405112000002, "2011Q4": 64.96309184, "2011Q2": 200.87690143999998, "2011Q3": 104.0548708}