{"2015Q1": 0.27200949999999996, "2015Q2": 0.233151, "2015Q3": 0.39986649999999996, "2015Q4": 0.2143485, "2010Q4": 0.34345899999999996, "2012Q2": 0.18426449999999997, "2012Q3": 0.17548999999999998, "2012Q4": 0.11532199999999998, "2011Q4": 0.20056, "2020Q1": 0.288305, "2020Q2": 0.2770235, "2020Q3": 0.44499249999999996, "2020Q4": 0.42493652506999996, "2016Q1": 0.3196425, "2016Q2": 0.3196425, "2016Q3": 0.2895585, "2016Q4": 0.30084, "2013Q1": 0.107801, "2013Q2": 0.09526599999999999, "2013Q3": 0.1291105, "2013Q4": 0.1441525, "2017Q1": 0.47758347493, "2017Q2": 0.45878097493, "2017Q3": 0.7107345, "2017Q4": 0.48635799999999996, "2023Q1": 0.9037734749299999, "2021Q1": 0.7282834749299999, "2021Q2": 0.55279347493, "2021Q3": 0.70697402507, "2021Q4": 0.58162402507, "2019Q1": 0.2820375, "2019Q2": 0.27200949999999996, "2019Q3": 0.310868, "2019Q4": 0.2143485, "2018Q1": 0.36852899999999994, "2018Q2": 0.32591, "2018Q3": 0.3672755, "2018Q4": 0.378557, "2014Q1": 0.22563, "2014Q2": 0.2619815, "2014Q3": 0.2795305, "2014Q4": 0.25571399999999994, "2022Q1": 0.6079475, "2022Q2": 0.6806504999999999, "2022Q3": 0.9802369498599999, "2022Q4": 0.679397}