{"2014Q1": 0.7148185776, "2014Q3": 0.6118756200000001, "2016Q3": 0.4668032328, "2019Q3": 0.5600741112, "2013Q1": 0.8698798728, "2013Q3": 0.9064824, "2021Q2": 0.7134896568, "2020Q2": 0.8888808, "2020Q1": 0.7055425343999999, "2020Q3": 0.9152832, "2018Q3": 0.3465138984, "2017Q3": 0.3993186984, "2015Q1": 0.5766636192, "2015Q3": 0.3913803768, "2022Q2": 0.5407739568, "2022Q1": 0.58701336}