{"2016Q4": 30.5, "2016Q2": 24.309999, "2016Q3": 27.200001, "2016Q1": 19.6, "2019Q4": 17.25, "2019Q2": 24, "2019Q3": 21.389999, "2019Q1": 27.75, "2013Q2": 8.3, "2013Q3": 7.35, "2013Q1": 7, "2021Q4": 14.37, "2021Q2": 13.91, "2021Q3": 13.55, "2021Q1": 11.1, "2020Q4": 9, "2020Q2": 13.6, "2020Q3": 10.5, "2020Q1": 18.1, "2023Q3": 26.4, "2018Q4": 27.9, "2018Q2": 30.01, "2018Q3": 30.9, "2018Q1": 23.889999, "2017Q4": 26.639999, "2017Q2": 21.91, "2017Q3": 24, "2017Q1": 27.030001, "2015Q4": 23.58, "2022Q2": 17.82, "2022Q3": 17.200001, "2022Q1": 12.93, "2012Q4": 6.65}