{"2006Q3": 26.774019, "2006Q2": 30.158676, "2006Q1": 29.199827, "2006Q4": 31.469921, "2003Q3": 20.389887, "2003Q2": 18.136181, "2003Q1": 15.866086, "2003Q4": 22.537056, "2011Q3": 14.677769, "2011Q2": 19.963732, "2011Q1": 25.184134, "2011Q4": 20.234177, "2012Q3": 24.380995, "2012Q2": 20.45545, "2012Q1": 20.152224, "2012Q4": 34.471073, "2019Q3": 3.82, "2019Q2": 2.19, "2019Q1": 3.45, "2019Q4": 6.72, "2007Q3": 26.388842, "2007Q2": 31.879688, "2007Q1": 29.87184, "2007Q4": 25.462774, "2009Q3": 25.634874, "2009Q2": 23.209068, "2009Q1": 18.316477, "2009Q4": 28.085266, "2021Q3": 11.97, "2021Q2": 13.48, "2021Q1": 10.38, "2021Q4": 12.29, "2001Q4": 18.152573, "2014Q3": 43.157024, "2014Q2": 39.041321, "2014Q1": 30.578512, "2014Q4": 39.42149, "2023Q3": 2.38, "2023Q2": 4.92, "2023Q1": 3.81, "2022Q3": 2.9, "2022Q2": 2.96, "2022Q1": 8.48, "2022Q4": 7.94, "2017Q3": 4.54, "2017Q2": 6.59, "2017Q1": 10.32, "2017Q4": 5.12, "2020Q3": 5.71, "2020Q2": 4.5, "2020Q1": 3.36, "2020Q4": 8.5, "2018Q3": 2.81, "2018Q2": 3.12, "2018Q1": 5.09, "2018Q4": 4.49, "2008Q3": 16.800348, "2008Q2": 27.175589, "2008Q1": 29.609592, "2008Q4": 13.407498, "2013Q3": 36.05785, "2013Q2": 38.066116, "2013Q1": 37.661156, "2013Q4": 34.041321, "2002Q3": 16.431561, "2002Q2": 21.250393, "2002Q1": 22.823889, "2002Q4": 16.390587, "2005Q3": 30.011162, "2005Q2": 31.642025, "2005Q1": 29.87184, "2005Q4": 31.756756, "2015Q3": 22.628099, "2015Q2": 48.917355, "2015Q1": 40.809917, "2015Q4": 12.338843, "2010Q3": 24.65144, "2010Q2": 26.577333, "2010Q1": 32.98605, "2010Q4": 32.740192, "2016Q3": 5.32, "2016Q2": 12.39, "2016Q1": 14.87, "2016Q4": 9.23, "2004Q3": 22.987795, "2004Q2": 19.176983, "2004Q1": 20.906191, "2004Q4": 27.36408}