{"2013Q3": 0.31802674999999997, "2013Q1": 0.3257835, "2013Q2": 0.33354025, "2012Q3": 0.2016755, "2012Q1": 0.3878375, "2012Q2": 0.29475650000000003, "2009Q4": 1.334161, "2011Q4": 0.07756750000000001}