{"2018Q4": 3427.2720000000004, "2019Q4": 345.68904000000003}