{"2017Q4": 0.143931, "2017Q3": 0.197266, "2017Q2": 0.226491, "2017Q1": 0.213966, "2018Q4": 0.099364, "2018Q3": 0.09498, "2018Q2": 0.127858, "2018Q1": 0.138817, "2014Q4": 0.275395, "2012Q4": 0.447905, "2012Q3": 0.302642, "2012Q2": 0.236209, "2012Q1": 0.223006, "2009Q4": 0.193388, "2009Q3": 0.181265, "2010Q4": 0.223537, "2010Q3": 0.200213, "2010Q2": 0.177461, "2010Q1": 0.168361, "2020Q4": 0.306463, "2020Q3": 0.184779, "2020Q2": 0.11267, "2020Q1": 0.100217, "2022Q4": 0.235, "2022Q3": 0.315, "2022Q2": 0.295, "2022Q1": 0.355, "2019Q4": 0.081857, "2019Q3": 0.113223, "2019Q2": 0.094862, "2019Q1": 0.114753, "2013Q3": 0.377972, "2013Q2": 0.477757, "2013Q1": 0.438397, "2021Q4": 0.356095, "2021Q1": 0.384208, "2016Q4": 0.231221, "2016Q3": 0.234672, "2016Q2": 0.238123, "2016Q1": 0.236052, "2015Q4": 0.19671, "2015Q3": 0.229495, "2015Q2": 0.19671, "2015Q1": 0.249166, "2011Q4": 0.23755, "2011Q3": 0.233015, "2011Q2": 0.211832, "2011Q1": 0.214222}