{"2017Q2": 9.930752799999999, "2017Q4": 12.0867715, "2017Q1": 9.15327939, "2017Q3": 10.1267545, "2023Q2": 20.00524018, "2023Q1": 20.364576630000002, "2016Q2": 7.154062049999999, "2016Q4": 8.18633767, "2016Q1": 6.7947256000000005, "2016Q3": 7.265129679999999, "2009Q2": 4.28590384, "2009Q4": 5.62524879, "2009Q1": 2.94655889, "2009Q3": 4.71057419, "2010Q2": 5.12871115, "2010Q4": 5.468447429999999, "2010Q1": 5.3181794600000005, "2010Q3": 5.35084641, "2015Q2": 9.02914498, "2015Q4": 7.56566562, "2015Q1": 8.85274345, "2015Q3": 7.271663070000001, "2020Q2": 11.70130149, "2020Q1": 9.754351269999999, "2020Q3": 11.4334325, "2022Q2": 17.58788588, "2022Q4": 20.932981559999998, "2022Q1": 20.75004664, "2022Q3": 20.39071019, "2018Q2": 13.15824746, "2018Q4": 11.98223726, "2018Q1": 13.373849329999999, "2018Q3": 13.20398119, "2012Q2": 5.6187154, "2012Q4": 6.121786429999999, "2012Q1": 5.631782179999999, "2012Q3": 5.82778388, "2008Q4": 3.0053593999999997, "2021Q4": 19.312700839999998, "2011Q2": 5.677515909999999, "2011Q4": 4.573373, "2011Q1": 5.5403147200000005, "2011Q3": 4.69750741, "2019Q2": 13.97492121, "2019Q4": 13.837720019999999, "2019Q1": 13.00797949, "2019Q3": 13.413049670000001, "2013Q2": 6.396188809999999, "2013Q4": 7.284729850000001, "2013Q1": 6.45498932, "2013Q3": 6.89925984, "2014Q2": 7.18019561, "2014Q4": 9.07487871, "2014Q1": 6.87312628, "2014Q3": 7.99033597}