{"2020Q4": 0.9154182399999999, "2019Q4": 1.10455424, "2018Q4": 0.8624601599999999}