{"2014Q2": 0, "2014Q4": 0.10182240000000001, "2014Q3": 0.10182240000000001, "2014Q1": 0, "2008Q4": 0, "2016Q2": 0.16008744000000003, "2016Q4": 0.23570000000000002, "2016Q3": 0.16008744000000003, "2016Q1": 0.16065312, "2019Q2": 0.46197200000000005, "2019Q4": 0.49497, "2019Q3": 0.5798220000000001, "2019Q1": 0.5161830000000001, "2013Q2": 0, "2013Q4": 0, "2013Q3": 0, "2013Q1": 0, "2011Q2": 0, "2011Q4": 0, "2011Q3": 0, "2011Q1": 0, "2021Q2": 0.9343148, "2021Q4": 0.6957864, "2021Q3": 0.75914256, "2021Q1": 0.8687902000000001, "2020Q2": 0.8362636000000001, "2020Q4": 0.921587, "2020Q3": 1.1035474, "2020Q1": 0.79826876, "2023Q2": 0.17809492000000002, "2023Q3": 0.18752292, "2023Q1": 0.05081692, "2018Q2": 0.47611400000000004, "2018Q4": 0.48318500000000003, "2018Q3": 0.41266356000000004, "2018Q1": 0.4270884, "2017Q2": 0.44924420000000004, "2017Q4": 0.5454098000000001, "2017Q3": 0.490256, "2017Q1": 0.27341200000000004, "2015Q2": 0.10182240000000001, "2015Q4": 0.1470768, "2015Q3": 0.13764880000000002, "2015Q1": 0.10182240000000001, "2010Q2": 0, "2010Q4": 0, "2010Q3": 0, "2010Q1": 0, "2009Q2": 0, "2009Q4": 0, "2009Q3": 0, "2022Q1": 0.54361848, "2012Q2": 0, "2012Q4": 0, "2012Q3": 0, "2012Q1": 0}