{"2015Q4": 1959.51015629114, "2020Q1": 5496.241639946676, "2020Q2": 7246.848497091455, "2020Q3": 8986.389663368549, "2020Q4": 12106.9027304375, "2016Q1": 2001.7414796649928, "2016Q2": 2259.200447262184, "2016Q3": 2446.3983471516617, "2016Q4": 2716.5835013628157, "2017Q1": 3092.270578157397, "2017Q2": 3148.011689943235, "2017Q3": 3291.9905580392788, "2017Q4": 3829.7272236672866, "2023Q1": 6523.625761986668, "2023Q2": 6621.447399999999, "2021Q1": 12649.867932792286, "2021Q2": 15887.215902442087, "2021Q3": 14765.743788801463, "2021Q4": 16615.72616025, "2019Q1": 4165.418278408544, "2019Q2": 5047.156620120412, "2019Q3": 5201.6113185625, "2019Q4": 7131.579811207712, "2018Q1": 3489.0541893749996, "2018Q2": 3260.603542746559, "2018Q3": 3978.1942172309336, "2018Q4": 3794.3656815399927, "2022Q1": 13918.03227449541, "2022Q2": 10608.866399645212, "2022Q3": 9141.322173542285, "2022Q4": 6821.281896803756}