{"2017Q4": 0.19324965, "2023Q1": 0.554056777659, "2020Q2": 0.19548375, "2020Q4": 0.19101555, "2020Q3": 0.2323464, "2022Q2": 0.5607591000000001, "2022Q4": 0.503789527659, "2022Q3": 0.537301027659, "2018Q2": 0.19548375, "2018Q4": 0.1697916, "2018Q3": 0.19660080000000002, "2021Q2": 0.379797, "2021Q4": 0.5719296, "2019Q2": 0.18431324999999998, "2019Q4": 0.156387, "2019Q3": 0.21559065}