{"2021Q3": 92.489998, "2021Q1": 54, "2021Q2": 73.360001, "2021Q4": 84.870003, "2020Q3": 49.490002, "2020Q1": 13.85, "2020Q2": 35.98, "2020Q4": 82.75, "2023Q3": 55.08, "2023Q1": 55.02, "2023Q2": 52.439999, "2022Q3": 37.299999, "2022Q1": 64.620003, "2022Q2": 36.970001, "2022Q4": 44.740002}