{"2023Q3": 40.52, "2023Q2": 39.43, "2023Q1": 40.740002, "2022Q3": 27.01, "2022Q2": 28.67, "2022Q1": 51.82, "2022Q4": 33.139999, "2020Q3": 0, "2020Q2": 0, "2020Q1": 0, "2020Q4": 65.089996, "2021Q3": 72.790001, "2021Q2": 59.029999, "2021Q1": 42.889999, "2021Q4": 67.360001}