{"2017Q2": 0.012818780819999999, "2017Q4": 0.01260159462, "2017Q1": 0.01260159462, "2017Q3": 0.01303624908, "2023Q2": 0.01111090752, "2023Q1": 0.01246592376, "2016Q2": 0.0137165778, "2016Q4": 0.013073763059999998, "2016Q1": 0.013073763059999998, "2016Q3": 0.0139309434, "2015Q2": 0.0366678, "2015Q4": 0.014093409959999999, "2015Q1": 0.040334579999999995, "2015Q3": 0.02905218, "2020Q2": 0.007350201539999999, "2020Q4": 0.007603773479999999, "2020Q1": 0.006336477899999999, "2020Q3": 0.00887106906, "2022Q2": 0.01080092358, "2022Q4": 0.01080092358, "2022Q1": 0.013435363979999998, "2022Q3": 0.0102740355, "2018Q2": 0.0123062778, "2018Q4": 0.011609871659999998, "2018Q1": 0.01462847778, "2018Q3": 0.01323510138, "2021Q2": 0.0131454063, "2021Q4": 0.014691941279999999, "2021Q1": 0.012372279839999998, "2021Q3": 0.01494974412, "2019Q2": 0.010053746639999998, "2019Q4": 0.0081388413, "2019Q1": 0.0117294651, "2019Q3": 0.00861749712, "2013Q4": 0.01814548392, "2014Q2": 0.026225938799999998, "2014Q4": 0.03271896, "2014Q1": 0.02209432392, "2014Q3": 0.031872779999999996}