{"2011Q4": 19.50355, "2011Q1": 16.40624, "2011Q3": 17.118053, "2011Q2": 14.48561, "2017Q4": 23.443195, "2017Q1": 22.29261, "2017Q3": 22.138418, "2017Q2": 19.74876, "2013Q4": 22.779337, "2013Q1": 21.356974, "2013Q3": 21.472588, "2013Q2": 22.752182, "2006Q4": 10.393921, "2006Q1": 6.877036, "2006Q3": 8.77037, "2006Q2": 7.464259, "2019Q4": 15.195983, "2019Q1": 22.753704, "2019Q3": 18.061384, "2019Q2": 18.249655, "2018Q4": 22.935846, "2018Q1": 24.566051, "2018Q3": 26.410549, "2018Q2": 30.034851, "2022Q4": 41.252052, "2022Q1": 33.223038, "2022Q3": 38.332111, "2022Q2": 34.238956, "2009Q4": 11.69553, "2009Q1": 6.293103, "2009Q3": 8.825962, "2009Q2": 7.691458, "2023Q1": 41.470001, "2023Q2": 0, "2008Q4": 3.192022, "2008Q1": 8.755816, "2008Q3": 3.16707, "2008Q2": 7.812422, "2007Q4": 9.506748, "2007Q1": 11.683657, "2007Q3": 11.357005, "2007Q2": 11.714436, "2005Q4": 7.075485, "2021Q4": 28.759817, "2021Q1": 22.771149, "2021Q3": 28.25746, "2021Q2": 24.760971, "2010Q4": 15.803322, "2010Q1": 11.00112, "2010Q3": 13.496626, "2010Q2": 12.489752, "2020Q4": 18.881794, "2020Q1": 6.316047, "2020Q3": 12.10218, "2020Q2": 12.301303, "2016Q4": 24.56197, "2016Q1": 19.450502, "2016Q3": 18.234415, "2016Q2": 18.9751, "2015Q4": 9.217051, "2015Q1": 18.589911, "2015Q3": 14.414905, "2015Q2": 13.526335, "2014Q4": 19.257084, "2014Q1": 25.338915, "2014Q3": 24.77338, "2014Q2": 24.132565, "2012Q4": 18.002253, "2012Q1": 17.567829, "2012Q3": 18.468134, "2012Q2": 17.651537}