{"2010Q1": 2.95994120313, "2010Q2": 2.133573736064, "2010Q3": 2.071851282918, "2010Q4": 2.520649991504, "2012Q1": 1.3620280734339998, "2012Q2": 1.1478331373400001, "2012Q3": 0.8922231673879999, "2012Q4": 1.1120086145399999, "2011Q1": 2.054636942644, "2011Q3": 1.423766810454, "2011Q4": 1.058375247224, "2020Q1": 3.4466233446900003, "2020Q2": 4.87894004604, "2020Q3": 6.586569633518, "2020Q4": 7.757515016022, "2016Q1": 1.59806511252, "2016Q2": 1.20409392201, "2016Q3": 1.519010903798, "2016Q4": 1.7579770404300001, "2013Q1": 0.9916499308939999, "2013Q2": 1.291238073608, "2013Q3": 1.575720209208, "2013Q4": 1.78124869615, "2017Q1": 1.9728616128719998, "2017Q2": 2.113290599746, "2017Q3": 2.039524650526, "2017Q4": 2.033543612174, "2023Q1": 10.027438771364, "2023Q2": 10.978550140775999, "2021Q1": 7.928277717656, "2021Q2": 10.192130159134, "2021Q3": 9.551921939409999, "2021Q4": 8.706845158164, "2019Q1": 3.4821801834559998, "2019Q2": 4.236712911622, "2019Q3": 4.12220699511, "2019Q4": 4.328317130604, "2018Q1": 1.9777213493739998, "2018Q2": 2.009033524984, "2018Q3": 2.245518227764, "2018Q4": 3.276070047962, "2009Q4": 2.416278643942, "2014Q1": 1.24413368272, "2014Q2": 1.09615326354, "2014Q3": 0.912560011922, "2014Q4": 0.86772764998, "2022Q1": 8.937321682802, "2022Q2": 9.646992909462, "2022Q3": 7.717594384706, "2022Q4": 8.668706896846}