{"2021Q3": 42.09, "2021Q1": 47.389999, "2021Q2": 42.209999, "2021Q4": 31.5, "2016Q3": 0, "2016Q1": 0, "2016Q2": 0, "2020Q3": 0, "2020Q4": 43.57, "2015Q4": 0, "2022Q3": 14.85, "2022Q1": 27.620001, "2022Q2": 18.33, "2022Q4": 12.17, "2018Q3": 0, "2018Q1": 0, "2018Q2": 0, "2017Q4": 0, "2023Q1": 19.030001}