{"2006Q3": 6.416667, "2006Q2": 4.86, "2006Q1": 7.58, "2006Q4": 6.416667, "2003Q3": 2.99, "2003Q2": 2.666667, "2003Q1": 2.5, "2003Q4": 4.183333, "2011Q3": 10.746667, "2011Q2": 15.033333, "2011Q1": 14.23, "2011Q4": 15.54, "2012Q3": 27.233334, "2012Q2": 22.786667, "2012Q1": 19.366667, "2012Q4": 34.549999, "2019Q3": 8.75, "2019Q2": 8.15, "2019Q1": 10.59, "2019Q4": 10.24, "2007Q3": 7.02, "2007Q2": 6.686667, "2007Q1": 6.883333, "2007Q4": 4.363333, "2009Q3": 2.783333, "2009Q2": 2.473333, "2009Q1": 2.14, "2009Q4": 4.633333, "2021Q3": 33.880001, "2021Q2": 28.35, "2021Q1": 17.77, "2021Q4": 17.26, "2001Q3": 4.03, "2001Q2": 4.116667, "2001Q1": 5.393333, "2001Q4": 5.216667, "2014Q3": 36.220001, "2014Q2": 50.130001, "2014Q1": 44.799999, "2014Q4": 30.059999, "2023Q3": 4.14, "2023Q2": 7.4, "2023Q1": 8.6, "2022Q3": 8.17, "2022Q2": 11.26, "2022Q1": 10.15, "2022Q4": 10.55, "2017Q3": 12.38, "2017Q2": 17.01, "2017Q1": 16.6, "2017Q4": 12.15, "2020Q3": 6.54, "2020Q2": 7.06, "2020Q1": 8.72, "2020Q4": 24.75, "2018Q3": 16.959999, "2018Q2": 13.57, "2018Q1": 10.22, "2018Q4": 14.12, "2008Q3": 3.236667, "2008Q2": 3.693333, "2008Q1": 4.706667, "2008Q4": 1.61, "2013Q3": 59.529999, "2013Q2": 48.16, "2013Q1": 38.240002, "2013Q4": 75.959999, "2002Q3": 2.03, "2002Q2": 2.95, "2002Q1": 4.916667, "2002Q4": 2.28, "2000Q4": 3.333333, "2005Q3": 6.033333, "2005Q2": 7.01, "2005Q1": 5.49, "2005Q4": 7.333333, "2015Q3": 11.49, "2015Q2": 13.6, "2015Q1": 22.9, "2015Q4": 14.45, "2010Q3": 8.09, "2010Q2": 4.616667, "2010Q1": 4.926667, "2010Q4": 16.453333, "2016Q3": 13.48, "2016Q2": 14.35, "2016Q1": 13.58, "2016Q4": 15.2, "2004Q3": 4.663333, "2004Q2": 3.753333, "2004Q1": 4.05, "2004Q4": 6.01}