{"2020Q1": 1.5448569500000002, "2020Q2": 2.1255689, "2020Q3": 2.19394903, "2020Q4": 3.1594290000000003, "2016Q4": 3.2543602000000003, "2017Q1": 3.36189945, "2017Q2": 4.69108458, "2017Q3": 5.41582496, "2017Q4": 3.6622677, "2023Q1": 8.057285600000002, "2021Q1": 5.4926599000000005, "2021Q2": 5.77789849, "2021Q3": 5.2835146, "2019Q1": 1.39904856, "2019Q2": 1.31316549, "2019Q3": 1.30634231, "2019Q4": 0.97927466, "2018Q1": 3.39883362, "2018Q2": 2.4947622700000003, "2018Q3": 1.9309599400000002, "2018Q4": 1.76275372, "2022Q1": 8.43300549, "2022Q2": 12.584168870000001, "2022Q3": 10.24455978}