{"2015Q1": 1.414313540314, "2015Q2": 1.5051714653939998, "2015Q3": 1.570741531893, "2015Q4": 1.291824705881, "2012Q2": 1.372623468867, "2012Q3": 1.424072512919, "2012Q4": 0.797946458259, "2011Q4": 1.332140111273, "2020Q1": 1.7467803479279997, "2020Q2": 2.224729886729, "2020Q3": 3.2329521539529997, "2020Q4": 3.2631382977759995, "2016Q1": 1.878039005323, "2016Q2": 3.2905343392249997, "2016Q3": 2.155799773307, "2016Q4": 3.5492303218459997, "2013Q1": 1.02024556544, "2013Q2": 1.190967668885, "2013Q3": 2.027179128009, "2013Q4": 1.9316677439409997, "2017Q1": 3.042617424956, "2017Q2": 3.8118691287479995, "2017Q3": 6.051084657529, "2017Q4": 4.913315776993, "2023Q1": 5.172056111603, "2021Q1": 3.567013402268, "2021Q2": 5.328645403608999, "2021Q3": 5.24566999564, "2021Q4": 6.679526757909, "2019Q1": 3.378152747545, "2019Q2": 3.3498507138739995, "2019Q3": 3.927993176455, "2019Q4": 1.315116233749, "2018Q1": 4.261478872263, "2018Q2": 4.130819979836, "2018Q3": 4.997977624828, "2018Q4": 5.164030284558, "2014Q1": 1.81276607873, "2014Q2": 1.7397913381689998, "2014Q3": 1.774978204569, "2014Q4": 1.5716767100570002, "2022Q1": 3.368602558807, "2022Q2": 4.040700667852, "2022Q3": 4.33397750947, "2022Q4": 3.6802146395729998}