{"2015Q1": 2.6726520867919996, "2015Q2": 2.283971456604, "2015Q3": 2.118876456604, "2015Q4": 1.628308456604, "2020Q1": 1.4198169999999999, "2020Q2": 1.352835543396, "2020Q3": 1.171702762264, "2020Q4": 0.929249, "2016Q1": 1.7254785433959998, "2016Q2": 1.3537789999999998, "2016Q3": 1.269816456604, "2016Q4": 1.5603835433959998, "2017Q1": 1.471704, "2017Q2": 1.693403, "2017Q3": 1.998121237736, "2017Q4": 1.908498237736, "2023Q1": 0.642455381132, "2021Q1": 1.058494762264, "2021Q2": 0.905664, "2021Q3": 0.7933993811319999, "2021Q4": 0.696229237736, "2019Q1": 1.0415136188679999, "2019Q2": 0.916041381132, "2019Q3": 0.913211237736, "2019Q4": 0.571700381132, "2018Q1": 1.523591, "2018Q2": 0.9603812377359999, "2018Q3": 1.326420456604, "2018Q4": 1.310382543396, "2022Q1": 0.6311346188679999, "2022Q2": 0.61321, "2022Q3": 0.657549762264, "2022Q4": 0.505662381132}