{"2023Q2": 0.007412, "2023Q1": 0.022848, "2022Q4": 0.014144, "2022Q3": 0.016048}