{"2006Q4": 0.72816, "2022Q4": 1.58, "2017Q4": 1.6, "2020Q4": 1.55, "2015Q4": 1.08, "2007Q4": 0.64876, "2010Q4": 0.79281, "2016Q4": 1.25, "2014Q4": 1.26, "2018Q4": 1.45, "2008Q4": 0.40047, "2011Q4": 0.89137, "2012Q4": 1.06, "2019Q4": 1.72, "2013Q4": 1.17, "2009Q4": 0.63906, "2021Q4": 2.02}