{"2017Q4": 2.60965112, "2023Q2": 7.64349592, "2016Q2": 3.5501852800000004, "2016Q4": 3.23225824, "2016Q1": 3.2190112800000006, "2016Q3": 3.2719991200000007, "2009Q4": 1.3776838400000002, "2010Q2": 2.1327605600000004, "2010Q4": 2.0797727200000002, "2010Q1": 2.1460075200000004, "2010Q3": 2.23873624, "2015Q2": 2.1062666400000003, "2015Q4": 3.41771568, "2015Q1": 2.06652576, "2015Q3": 2.68913288, "2020Q4": 8.96819192, "2018Q4": 3.2190112800000006, "2012Q2": 1.06898993112, "2012Q4": 1.1918157442400001, "2012Q1": 1.3776838400000002, "2012Q3": 1.2600508352000002, "2011Q2": 1.51015344, "2011Q4": 1.0659961181600002, "2011Q1": 1.8545744, "2011Q3": 1.1276607169600001, "2019Q4": 4.623189040000001, "2013Q2": 1.4041777600000003, "2013Q4": 1.84132744, "2013Q1": 1.3909308000000002, "2013Q3": 1.7750926400000002, "2014Q2": 1.82808048, "2014Q4": 1.2792854211200002, "2014Q1": 1.9473031200000002, "2014Q3": 1.49690648}