{"2020Q1": 220.46613471174598, "2020Q2": 271.480318231276, "2020Q3": 355.458245877086, "2020Q4": 351.35588134840594, "2023Q1": 344.88656399999996, "2023Q2": 279.700553730994, "2023Q3": 276.39845199999996, "2021Q1": 424.559314249466, "2021Q2": 482.22299266404997, "2021Q3": 584.736149134896, "2021Q4": 583.1645866728879, "2019Q1": 135.484617739746, "2019Q2": 166.445689976016, "2019Q3": 154.085235589714, "2019Q4": 177.246031645034, "2022Q1": 453.3960051056919, "2022Q2": 364.29910841772795, "2022Q3": 385.96477107502596, "2022Q4": 368.19406770623397}