{"2015Q1": 4.05, "2015Q2": 4.35, "2015Q3": 5.21, "2015Q4": 5.15, "2020Q1": 0.78215, "2020Q2": 0.78957, "2020Q3": 0.80534, "2020Q4": 0.84431, "2016Q1": 3.23, "2016Q2": 2.95, "2016Q3": 2.6, "2016Q4": 2.64, "2013Q2": 3.66, "2013Q3": 3.97, "2013Q4": 4.69, "2017Q1": 2.48, "2017Q2": 2.4, "2017Q3": 2.21, "2017Q4": 2.11, "2023Q1": 4.33, "2023Q2": 3.45, "2023Q3": 4.47, "2021Q1": 1.04, "2021Q2": 0.95565, "2021Q3": 0.91947, "2021Q4": 0.87679, "2019Q1": 0.80534, "2019Q2": 0.87122, "2019Q3": 0.84524, "2019Q4": 1.28, "2018Q1": 1.76, "2018Q2": 1.46, "2018Q3": 1.47, "2018Q4": 1.01, "2014Q1": 4.87, "2014Q2": 4.02, "2014Q3": 3.06, "2014Q4": 3.41, "2022Q1": 1.03, "2022Q2": 1.75, "2022Q3": 2.21, "2022Q4": 3.46}