{"2023Q1": 0.020561118399999998, "2023Q2": 0.02843075, "2021Q4": 0.11918170400000001, "2022Q2": 0.064594664, "2022Q3": 0.052198857}