{"2015Q4": 95.49166755, "2016Q4": 117.5306229, "2013Q4": 88.2186552, "2014Q4": 96.21425625}