{"2021Q1": 1.13, "2021Q4": 1.94, "2021Q2": 1.09, "2021Q3": 1.11, "2016Q1": 1.58, "2016Q4": 1.59, "2016Q2": 1.6, "2016Q3": 1.6, "2020Q1": 0.56508, "2020Q4": 0.79652, "2020Q2": 0.55958, "2020Q3": 0.57521, "2015Q1": 1.54, "2015Q4": 1.58, "2015Q2": 1.54, "2015Q3": 1.54, "2022Q1": 2.67, "2022Q4": 2.11, "2022Q2": 2.16, "2022Q3": 2.34, "2018Q1": 1.71, "2018Q4": 1.58, "2018Q2": 1.57, "2018Q3": 1.64, "2013Q4": 1.77, "2014Q1": 1.77, "2014Q4": 1.54, "2014Q2": 1.85, "2014Q3": 1.85, "2017Q1": 1.77, "2017Q4": 2.1, "2017Q2": 2.1, "2017Q3": 2.1, "2019Q1": 1.93, "2019Q4": 1.5, "2019Q2": 1.72, "2019Q3": 1.44, "2023Q1": 2.79, "2023Q2": 2.69, "2023Q3": 2.87}