{"2021Q2": 0.4891055999999999, "2021Q4": 0.4488830999999999, "2021Q3": 0.5078761, "2023Q2": 0.32285259999999993, "2023Q1": 0.35556689999999996, "2020Q4": 0, "2022Q2": 0.31373549999999994, "2022Q1": 0.42743109999999995, "2022Q3": 0.30676359999999997}