{"2021Q1": 0.00412, "2021Q2": 0.00412, "2021Q3": 0.0047, "2020Q1": 0.0018, "2020Q4": 0.0046, "2020Q2": 0.0012, "2020Q3": 0.0024, "2018Q4": 0.0006, "2019Q1": 0.0007, "2019Q4": 0.0007, "2019Q2": 0.0017, "2019Q3": 0.0006}