{"2006Q1": 6039.5757786, "2006Q2": 5859.94180905, "2006Q3": 6736.5562005, "2006Q4": 6940.69084485, "2010Q1": 9258.1149843, "2010Q2": 9104.44765545, "2010Q3": 11369.9429424, "2010Q4": 10964.173767749999, "2016Q1": 9644.875320149999, "2016Q2": 11461.8913353, "2016Q3": 12036.50789355, "2016Q4": 12958.000328700002, "2008Q1": 5373.03740085, "2008Q2": 5224.65153525, "2008Q3": 3057.4800427500004, "2008Q4": 129395.0169918, "2017Q1": 13696.34446215, "2017Q2": 12521.2266396, "2017Q3": 11299.37063535, "2017Q4": 9696.7045224, "2021Q1": 3218.9156622, "2021Q2": 4186.506303, "2021Q3": 4378.1093748, "2021Q4": 4887.77168565, "2019Q1": 11883.684270149999, "2019Q2": 11653.2419598, "2019Q3": 7773.2996859, "2019Q4": 10057.1948379, "2012Q1": 9251.50042215, "2012Q2": 7371.4700178, "2012Q3": 8557.4940066, "2012Q4": 11500.36297515, "2020Q1": 179550.36299025, "2020Q2": 155197.72860165, "2020Q3": 127664.50182255, "2020Q4": 191602.1284443, "2023Q1": 8188.061742, "2023Q2": 8903.9181357, "2018Q1": 10237.71458745, "2018Q2": 8735.717371499999, "2018Q3": 11016.77138415, "2018Q4": 9935.50859595, "2005Q4": 5906.9390814, "2007Q1": 7814.5172437500005, "2007Q2": 9855.27464355, "2007Q3": 9577.77748515, "2007Q4": 8819.8930449, "2011Q1": 11300.05711485, "2011Q2": 9430.0803135, "2011Q3": 7465.93624035, "2011Q4": 9144.39633345, "2013Q1": 13457.7308313, "2013Q2": 12942.6984792, "2013Q3": 15875.657783999999, "2013Q4": 18473.880826800003, "2015Q1": 14734.4099742, "2015Q2": 16353.819543599999, "2015Q3": 12734.363023200001, "2015Q4": 11675.92457115, "2009Q1": 3713.8452371999997, "2009Q2": 5044.16943135, "2009Q3": 6800.7973950000005, "2009Q4": 8320.437134099999, "2014Q1": 19407.3246486, "2014Q2": 19976.5667367, "2014Q3": 19812.78822915, "2014Q4": 14121.19112355, "2022Q1": 8919.080474850001, "2022Q2": 8715.97997865, "2022Q3": 10729.72108845, "2022Q4": 7415.001675900001}