{"2020Q1": 5.26115218, "2020Q2": 4.64564134, "2020Q3": 4.88012166, "2020Q4": 5.334427280000001, "2016Q4": 3.8103052, "2017Q1": 4.1034056, "2017Q2": 4.1034056, "2017Q3": 3.94220038, "2017Q4": 4.1180606200000005, "2023Q1": 3.1508293, "2023Q2": 2.96031404, "2021Q1": 5.612872660000001, "2021Q2": 5.964593140000001, "2021Q3": 5.70080278, "2021Q4": 5.87666302, "2019Q1": 5.2758072, "2019Q2": 4.968051780000001, "2019Q3": 5.3490823, "2019Q4": 5.73011282, "2018Q1": 4.73357146, "2018Q2": 4.57236624, "2018Q3": 4.58702126, "2018Q4": 4.630986320000001, "2022Q1": 6.12579836, "2022Q2": 4.6163313, "2022Q3": 3.1508293, "2022Q4": 3.53185982}