{"2015Q1": 3.7179168, "2015Q2": 4.4255203199999995, "2015Q3": 2.7344678399999998, "2015Q4": 3.1062595199999996, "2010Q1": 0.58392282, "2010Q2": 0.6776203199999999, "2010Q3": 0.9294792, "2010Q4": 1.31326416, "2012Q1": 1.0194288, "2012Q2": 1.21731792, "2012Q3": 1.32525744, "2012Q4": 1.87694832, "2011Q1": 1.15735152, "2011Q2": 0.90549264, "2011Q3": 0.8335329599999999, "2011Q4": 0.5898594936, "2020Q1": 2.7044846399999996, "2020Q2": 6.110576159999999, "2020Q3": 6.0865896, "2020Q4": 11.26768656, "2016Q1": 3.55001088, "2016Q2": 3.34612512, "2016Q3": 3.17222256, "2016Q4": 2.7704476799999997, "2013Q1": 2.53058208, "2013Q2": 2.33269296, "2013Q3": 2.08683072, "2013Q4": 1.59510624, "2017Q1": 2.6685048, "2017Q3": 2.65051488, "2017Q4": 2.59654512, "2023Q1": 64.5538296, "2023Q2": 96.58788048, "2021Q1": 11.13576048, "2021Q2": 11.021824319999999, "2021Q3": 15.441348, "2021Q4": 20.676414719999997, "2019Q1": 1.52314656, "2019Q2": 1.88294496, "2019Q3": 2.6864947200000002, "2019Q4": 3.55001088, "2018Q1": 2.57255856, "2018Q2": 2.398656, "2018Q3": 1.8589584, "2018Q4": 1.49316336, "2009Q4": 0.48296938559999997, "2014Q1": 1.88294496, "2014Q2": 2.25473664, "2014Q3": 2.38666272, "2014Q4": 3.22019568, "2022Q1": 29.07770736, "2022Q2": 38.654341439999996, "2022Q3": 49.862061600000004, "2022Q4": 103.45403328}