{"2015Q1": 59.427778292415, "2015Q2": 67.646419632558, "2015Q3": 81.921648087045, "2015Q4": 90.681146584002, "2010Q4": 19.345562491437, "2012Q1": 42.108371344611, "2012Q2": 33.823903334481, "2012Q3": 32.691854199771, "2012Q4": 36.500795149572, "2011Q1": 23.565311896347, "2011Q2": 23.649787748106, "2011Q3": 36.844825102019996, "2011Q4": 37.340217507879, "2020Q1": 116.882856694188, "2020Q2": 117.672980297067, "2020Q3": 119.62258771624201, "2020Q4": 49.99360731885, "2016Q1": 110.380150659519, "2016Q2": 95.61800082919501, "2016Q3": 131.886909604242, "2016Q4": 139.80011794725598, "2024Q1": 174.350964534084, "2024Q2": 94.695416653617, "2013Q1": 36.901074482181, "2013Q2": 41.90356306539, "2013Q3": 42.551163062226, "2013Q4": 45.33839306170201, "2017Q1": 104.05876734536399, "2017Q2": 97.23339986139, "2017Q3": 83.510896990599, "2017Q4": 81.3596526639, "2023Q1": 110.71007439558299, "2023Q2": 94.695416653617, "2023Q3": 123.382552803705, "2023Q4": 149.841567994014, "2021Q1": 63.362372386248005, "2021Q2": 48.601029788649, "2021Q3": 93.02432137116301, "2021Q4": 95.80947783544799, "2019Q1": 68.829109634844, "2019Q2": 103.512989578635, "2019Q3": 111.36950491446001, "2019Q4": 101.03199840513, "2018Q1": 82.58893473519, "2018Q2": 56.174304709809, "2018Q3": 63.978552077661, "2018Q4": 69.777537892569, "2014Q1": 43.167024072198, "2014Q2": 42.727416361227, "2014Q3": 47.890284538356, "2014Q4": 48.483265063194, "2022Q1": 105.97531191600599, "2022Q2": 97.48057311790201, "2022Q3": 103.19014562454001, "2022Q4": 106.393085034678}