{"2015Q1": 0.36496033209, "2015Q2": 0.35897932125, "2015Q3": 0.30513440091, "2015Q4": 0.34102837734, "2010Q3": 0.6282197457300001, "2010Q4": 0.670094733, "2012Q1": 0.50257104975, "2012Q2": 0.478639095, "2012Q3": 0.4307751855, "2012Q4": 0.55043495925, "2011Q1": 0.7179586425, "2011Q2": 0.53847293757, "2011Q3": 0.382911276, "2011Q4": 0.31709642259000004, "2020Q1": 1.00474653, "2020Q2": 1.43987298, "2020Q3": 1.62183495, "2020Q4": 2.11234113, "2016Q1": 0.32308534482, "2016Q2": 0.27522143532000004, "2016Q3": 0.478639095, "2016Q4": 0.45470714025000003, "2008Q4": 0.33693818871000003, "2013Q1": 0.64616277825, "2013Q2": 0.5803558362300001, "2013Q3": 0.5265030045, "2013Q4": 0.4307751855, "2017Q1": 0.40684323075, "2017Q2": 0.44274511857, "2017Q3": 0.52052199366, "2017Q4": 0.52052199366, "2023Q1": 7.033225710000001, "2023Q2": 7.697782470000001, "2023Q3": 10.56961704, "2021Q1": 2.2151891999999997, "2021Q2": 2.0411386200000003, "2021Q3": 1.8275310900000001, "2021Q4": 1.9778475000000002, "2019Q1": 0.67608365523, "2019Q2": 0.74640800094, "2019Q3": 0.9968351400000001, "2019Q4": 1.20253128, "2018Q1": 0.8069617800000001, "2018Q2": 0.58633684707, "2018Q3": 0.65215170048, "2018Q4": 0.61624981266, "2009Q3": 0.61026880182, "2014Q1": 0.40086221991, "2014Q2": 0.49060902807, "2014Q3": 0.39488120907, "2014Q4": 0.45470714025000003, "2022Q4": 7.96676973}