{"2020Q1": 1491.441634253144, "2020Q2": 1221.991169556736, "2020Q3": 1401.56863609375, "2020Q4": 1741.8553357442358, "2016Q4": 928.6187081215941, "2017Q1": 1018.950094317216, "2017Q2": 1109.862036752096, "2017Q3": 998.382550819574, "2017Q4": 906.457363560666, "2023Q1": 1866.686965347418, "2023Q2": 1823.338908, "2021Q1": 1787.695180368188, "2021Q2": 2123.545607589558, "2021Q3": 2050.335750097942, "2021Q4": 2286.246978899962, "2019Q1": 1177.118337245284, "2019Q2": 1227.5204963692358, "2019Q3": 1431.256611526534, "2019Q4": 1756.000990212986, "2018Q1": 872.720798968488, "2018Q2": 862.168703221894, "2018Q3": 1133.566623468226, "2018Q4": 1027.9019319369759, "2022Q1": 2873.166888351086, "2022Q2": 3047.305814960366, "2022Q3": 2860.637053601086, "2022Q4": 2251.418522058308}