{"2014Q4": 3.85864808, "2016Q4": 4.02598741, "2016Q2": 4.28191815, "2016Q3": 3.9570829799999996, "2016Q1": 3.6814652600000004, "2019Q4": 7.93385294, "2019Q2": 6.998721390000001, "2019Q3": 7.64839173, "2019Q1": 6.713260180000001, "2021Q4": 11.861405450000001, "2021Q2": 10.52269081, "2021Q3": 11.04439578, "2021Q1": 9.10522825, "2020Q4": 8.72133214, "2020Q2": 6.349051050000001, "2020Q3": 6.988877899999999, "2020Q1": 5.29579762, "2023Q2": 9.95176839, "2023Q1": 10.119107719999999, "2018Q4": 5.33517158, "2018Q2": 5.55172836, "2018Q3": 5.82734608, "2018Q1": 5.34501507, "2017Q4": 5.00049292, "2017Q2": 4.40988352, "2017Q3": 5.16783225, "2017Q1": 4.01614392, "2015Q4": 3.04163841, "2015Q2": 3.6224043200000002, "2015Q3": 3.5042824400000003, "2015Q1": 4.08504835, "2022Q4": 7.99291388, "2022Q2": 8.3669665, "2022Q3": 7.27433911, "2022Q1": 11.447978870000002}