{"2015Q1": 105.644506, "2015Q2": 97.93477528000001, "2015Q3": 82.84648784000001, "2015Q4": 78.27628664000001, "2010Q4": 60.6710768, "2012Q1": 89.04606512000001, "2012Q2": 86.1714748, "2012Q3": 82.10465808000001, "2012Q4": 70.69902552, "2011Q1": 68.03638656000001, "2011Q2": 75.6401416, "2011Q3": 70.71227248000001, "2011Q4": 60.472372400000005, "2016Q1": 65.94336688, "2016Q2": 64.08879248000001, "2016Q3": 72.9907496, "2016Q4": 84.40962912, "2013Q1": 104.5847492, "2013Q2": 111.88382416, "2013Q3": 97.23268640000002, "2013Q4": 96.67631408000001, "2017Q1": 93.23210448, "2017Q2": 91.25830744000001, "2017Q3": 90.13231584000002, "2017Q4": 78.66044848000001, "2023Q1": 52.166528480000004, "2023Q2": 50.33844800000001, "2023Q3": 50.8683264, "2021Q4": 71.34812656000001, "2019Q1": 50.987549040000005, "2019Q2": 52.92160520000001, "2019Q3": 43.01287912, "2019Q4": 51.8618484, "2018Q1": 76.92509672, "2018Q2": 67.71845952, "2018Q3": 67.46676728, "2018Q4": 51.90158928, "2014Q1": 93.94744032000001, "2014Q2": 92.41079296000001, "2014Q3": 80.85944384000001, "2014Q4": 81.30984048, "2022Q1": 64.83062224, "2022Q2": 55.13384752, "2022Q3": 49.517136480000005, "2022Q4": 48.391144880000006}