{"2023Q2": 0.007696, "2023Q1": 0.00832, "2022Q4": 0.009464, "2022Q3": 0.009464}