{"2022Q3": 0.0534872, "2022Q4": 0.061438000000000006, "2022Q1": 0.101192, "2022Q2": 0.093964, "2020Q3": 0.820378, "2020Q4": 0.599924, "2020Q1": 1.431144, "2020Q2": 1.1275680000000001, "2019Q3": 0.46982, "2019Q4": 0.946868, "2019Q1": 0, "2019Q2": 0.7806240000000001, "2018Q4": 0, "2021Q3": 0.137332, "2021Q4": 0.079508, "2021Q1": 0.654134, "2021Q2": 0.24575200000000003}