{"2021Q1": 0.858012106734, "2021Q4": 0.7749786916079999, "2021Q2": 0.788817542418, "2021Q3": 0.802656506052, "2016Q1": 0.685621886166, "2016Q4": 0.7237120019219999, "2016Q2": 0.685621886166, "2016Q3": 0.711015183846, "2020Q1": 0.525864568878, "2020Q4": 0.7646456209499999, "2020Q2": 0.805608799866, "2020Q3": 0.805608799866, "2015Q1": 0.8846806540859999, "2015Q4": 0.6532453188, "2015Q2": 0.970535853864, "2015Q3": 0.7465661108639999, "2022Q1": 0.8363078999999999, "2022Q4": 0.8502463744019999, "2022Q2": 0.7387386638039999, "2022Q3": 0.8154002307059999, "2018Q1": 0.743370624918, "2018Q4": 0.743370624918, "2018Q2": 0.7898314352939999, "2018Q3": 0.79646861736, "2013Q4": 0.348837648588, "2014Q1": 0.346448346534, "2014Q4": 0.6990834535199999, "2014Q2": 0.366245432784, "2014Q3": 0.9774794377079999, "2017Q1": 0.753421353516, "2017Q4": 0.779401420614, "2017Q2": 0.73393633845, "2017Q3": 0.73393633845, "2019Q1": 0.7078945848299999, "2019Q4": 0.809022374604, "2019Q2": 0.7483457684339999, "2019Q3": 0.6607015749, "2023Q1": 0.8363078999999999, "2023Q2": 1.0154159999999999}