{"2014Q3": 76.45176296876001, "2014Q1": 81.28574713911924, "2014Q2": 83.32493871477615, "2014Q4": 76.45176296876001, "2021Q3": 61.476507864352, "2021Q1": 52.048741810464, "2021Q2": 55.46181575568, "2021Q4": 57.677755302216006, "2018Q3": 50.066812461720005, "2018Q1": 125.919757201248, "2018Q2": 54.800656007992, "2018Q4": 40.342613885128, "2020Q3": 36.402726886456, "2020Q1": 21.326209370416002, "2020Q2": 32.522615470088006, "2020Q4": 41.400408810352005, "2015Q3": 79.96578139856801, "2015Q1": 76.45176296876001, "2015Q2": 104.78646330931201, "2015Q4": 90.31756132864001, "2017Q3": 129.72689376436801, "2017Q1": 91.329912557584, "2017Q2": 119.61240265468801, "2017Q4": 143.478063529976, "2023Q3": 0, "2023Q1": 45.01653480784, "2023Q2": 43.5162636, "2022Q3": 27.947977863184, "2022Q1": 45.585053265464005, "2022Q2": 32.62535624245601, "2022Q4": 45.01653480784, "2016Q3": 93.89820799316, "2016Q1": 80.342021556488, "2016Q2": 76.694978479056, "2016Q4": 94.78383217926401, "2019Q3": 31.550837030232, "2019Q1": 46.638855556944, "2019Q2": 41.44796274736, "2019Q4": 40.458247923664004, "2013Q4": 81.28574713911924}