{"2014Q4": 104.41027832580001, "2014Q1": 106.51249135224, "2014Q3": 102.0277694682, "2014Q2": 112.95930512736, "2016Q4": 88.99399531944, "2016Q1": 82.89755462592001, "2016Q3": 85.20999325740001, "2016Q2": 81.49607547012, "2011Q4": 60.57897898464, "2011Q1": 74.06823287124, "2011Q3": 55.95409908756, "2011Q2": 74.2083803478, "2017Q4": 101.5372348614, "2017Q1": 106.93294870860001, "2017Q3": 107.7738300558, "2017Q2": 110.08628097984001, "2013Q4": 109.73590175196001, "2013Q1": 82.54718154432, "2013Q3": 95.30065371564001, "2013Q2": 80.30481401700001, "2015Q4": 84.08880905472, "2015Q1": 101.11679769996002, "2015Q3": 79.88437685556, "2015Q2": 91.23636284676, "2010Q4": 88.15310694792001, "2010Q1": 59.35268197944, "2010Q3": 65.79948873024, "2010Q2": 57.040244226, "2018Q4": 66.91482430848001, "2018Q1": 87.6976210638, "2018Q3": 79.5116629242, "2018Q2": 90.82940359932, "2019Q4": 72.11714721156, "2019Q1": 74.62526759352, "2019Q3": 62.698816908000005, "2019Q2": 62.09796447756, "2009Q4": 49.12188019092, "2012Q4": 83.80851322356, "2012Q1": 82.68732989892001, "2012Q3": 78.97341211164, "2012Q2": 80.23473676656}