{"2023Q2": 0.16008340999999998, "2023Q3": 0.13030044999999998, "2023Q1": 0.19731210999999999, "2022Q2": 0.23081794, "2022Q4": 0.18242063, "2022Q3": 0.17869775999999998, "2022Q1": 0.30527533999999995}