{"2020Q4": 0.1543328952, "2020Q1": 0.128182824, "2020Q3": 0.1065768, "2020Q2": 0.09628729439999999, "2016Q4": 0.204336792, "2016Q1": 0, "2016Q3": 0, "2016Q2": 0, "2017Q4": 0.25965984000000003, "2017Q1": 0.204336792, "2017Q3": 0.24076667999999998, "2017Q2": 0.211894056, "2015Q4": 0, "2018Q4": 0.15066084, "2018Q1": 0.24366363119999998, "2018Q3": 0.19116002399999998, "2018Q2": 0.24222, "2019Q4": 0.1636147656, "2019Q1": 0.15066084, "2019Q3": 0.15066084, "2019Q2": 0.15066084, "2022Q4": 1.0165779624, "2022Q1": 1.0165779624, "2022Q3": 1.0165779624, "2022Q2": 1.0165779624, "2021Q4": 1.0165779624, "2021Q1": 0.1495563168, "2021Q3": 1.41553368, "2021Q2": 0.141553368, "2023Q1": 0.2615976}