{"2015Q2": 50.76143472, "2015Q3": 49.19816526, "2015Q4": 35.367180669999996, "2012Q2": 12.21982235, "2012Q3": 18.359922349999998, "2012Q4": 13.53585045, "2020Q1": 12.358179269999999, "2020Q2": 14.412452059999998, "2020Q3": 17.27066861, "2020Q4": 19.30959115, "2016Q1": 50.76041137, "2016Q2": 62.55390610999999, "2016Q3": 58.32010249, "2016Q4": 55.508141359999996, "2013Q1": 13.734380349999999, "2017Q1": 51.23667846, "2017Q2": 43.81432091, "2017Q3": 44.341550829999996, "2017Q4": 34.655747749999996, "2023Q1": 77.28666672, "2021Q1": 28.838002999999997, "2021Q2": 60.860466530000004, "2021Q3": 46.7323011, "2019Q1": 28.05861964, "2019Q2": 25.963412849999997, "2019Q3": 19.83845843, "2019Q4": 9.446953189999999, "2018Q1": 33.25232556, "2018Q2": 31.434446619999996, "2018Q3": 30.630502859999996, "2018Q4": 32.85792647, "2022Q1": 37.05407081, "2022Q2": 46.577979920000004, "2022Q3": 49.5669806}