{"2014Q2": 78808.19182488, "2014Q1": 88436.33404512, "2014Q4": 63046.54816112001, "2014Q3": 74564.67390544001, "2016Q2": 66683.851245625, "2016Q1": 75777.102747375, "2016Q4": 67896.28443388757, "2016Q3": 80626.83550175, "2019Q2": 5819.681245929641, "2019Q1": 9238.74426098428, "2013Q1": 100998.32023744001, "2011Q2": 137931.29511408, "2011Q1": 155964.71293608, "2011Q4": 115511.35843944001, "2011Q3": 110637.47068144001, "2018Q2": 34796.845449125, "2018Q1": 44132.583588262576, "2018Q4": 16852.82779010928, "2018Q3": 20611.371968481137, "2017Q2": 67290.065252625, "2017Q1": 70321.15081173743, "2017Q4": 53953.2950035, "2017Q3": 63652.765686512575, "2010Q2": 108454.58362480001, "2010Q1": 142398.3952244, "2010Q4": 170159.3869484, "2010Q3": 135654.84477896, "2009Q4": 146297.21399768002, "2012Q2": 143709.04944680003, "2012Q1": 163808.21145816002, "2012Q4": 95471.0394244, "2012Q3": 124614.84156192001}