{"2017Q2": 0.087480373086, "2017Q4": 0.09878404041, "2017Q1": 0.09996948217799999, "2017Q3": 0.08404014367799999, "2023Q2": 0.03328308, "2023Q1": 0.034610821038, "2016Q2": 0.08272436198399999, "2016Q4": 0.100454766408, "2016Q1": 0.056707006553999996, "2016Q3": 0.12738828092399998, "2015Q2": 0.053140498884, "2015Q4": 0.054210465288, "2015Q1": 0.052070560686, "2015Q3": 0.051000622488, "2020Q2": 0.03156886035, "2020Q4": 0.034699641732, "2020Q1": 0.020871960497999997, "2020Q3": 0.030525238349999997, "2022Q2": 0.034699641732, "2022Q4": 0.034610821038, "2022Q1": 0.041222138202, "2022Q3": 0.03487911651, "2018Q2": 0.0823713921, "2018Q4": 0.054577368935999994, "2018Q1": 0.090429169356, "2018Q3": 0.06872704986599999, "2021Q2": 0.049049105759999996, "2021Q4": 0.041743920995999995, "2021Q1": 0.034960547232, "2021Q3": 0.045135636084, "2019Q2": 0.052179915348, "2019Q4": 0.039917638908, "2019Q1": 0.057104090621999996, "2019Q3": 0.042265731996, "2013Q4": 0.056118855041999996, "2014Q2": 0.056653810038000005, "2014Q4": 0.050130044298, "2014Q1": 0.057683893157999995, "2014Q3": 0.056653810038000005}