{"2017Q2": 31.405539880000003, "2017Q4": 41.45405264, "2017Q1": 32.114290780000005, "2017Q3": 35.09104456, "2016Q2": 29.57853756, "2016Q4": 28.38153604, "2016Q1": 30.933039280000003, "2016Q3": 28.964286780000002, "2009Q4": 46.55705912, "2010Q2": 44.98205712, "2010Q4": 49.47081282, "2010Q1": 45.5175578, "2010Q3": 44.24180618, "2015Q2": 35.15404464, "2015Q4": 28.99578682, "2015Q1": 34.272043520000004, "2015Q3": 30.2400384, "2020Q2": 73.88334382, "2020Q4": 83.55385609999999, "2020Q1": 70.04033894, "2020Q3": 80.4826022, "2022Q2": 140.0176778, "2022Q1": 129.21316408, "2022Q3": 112.01414224000001, "2018Q2": 44.47805648, "2018Q4": 42.87155444, "2018Q1": 37.453547560000004, "2018Q3": 47.5650604, "2012Q2": 40.13105096, "2012Q4": 39.15454972, "2012Q1": 40.25705112, "2012Q3": 41.17055228, "2021Q2": 120.89715352, "2021Q4": 116.89664843999999, "2021Q1": 110.89589081999999, "2021Q3": 116.89664843999999, "2011Q2": 49.75431318, "2011Q4": 48.99831222, "2011Q1": 50.17956372, "2011Q3": 42.47780394, "2019Q2": 46.10030854, "2019Q4": 75.58434598000001, "2019Q1": 46.68305928, "2019Q3": 58.36957412, "2013Q2": 37.29604736, "2013Q4": 35.87854556, "2013Q1": 40.68230166, "2013Q3": 34.53979386, "2014Q2": 37.81579802, "2014Q4": 35.05954452, "2014Q1": 36.65029654, "2014Q3": 36.7762967}