{"2015Q1": 22.890746880000002, "2015Q2": 25.301693600000004, "2015Q3": 26.070017280000002, "2015Q4": 28.79889104, "2010Q1": 28.057061280000003, "2010Q2": 23.765046240000004, "2010Q3": 27.30198456, "2010Q4": 32.759732080000006, "2012Q1": 16.33350168, "2012Q2": 13.975542800000001, "2012Q3": 16.54545304, "2012Q4": 22.745030320000005, "2011Q1": 32.79947296, "2011Q2": 33.09090608, "2011Q3": 18.307298720000002, "2011Q4": 12.862798160000002, "2020Q1": 19.26107984, "2020Q2": 23.420625280000003, "2020Q3": 20.214860960000003, "2020Q4": 28.547198800000004, "2016Q1": 24.29492464, "2016Q2": 20.34733056, "2016Q3": 26.414438240000003, "2016Q4": 28.480964000000004, "2013Q1": 20.74473936, "2013Q2": 19.71147648, "2013Q3": 22.42710328, "2013Q4": 24.26843072, "2017Q1": 31.024380320000006, "2017Q2": 34.23014464, "2017Q3": 37.83331776, "2017Q4": 38.07176304, "2023Q1": 37.99228128, "2023Q2": 42.07234496, "2021Q1": 32.77297904, "2021Q2": 35.55484064, "2021Q3": 43.383794, "2021Q4": 48.5501084, "2019Q1": 35.104444, "2019Q2": 36.78680792, "2019Q3": 34.336120320000006, "2019Q4": 38.111503920000004, "2018Q1": 42.85391560000001, "2018Q2": 38.84008672, "2018Q3": 38.8135928, "2018Q4": 31.3952952, "2009Q4": 23.672317520000004, "2014Q1": 23.75179928, "2014Q2": 22.625807679999998, "2014Q3": 17.43299936, "2014Q4": 18.58548488, "2022Q1": 40.323746240000006, "2022Q2": 30.388526240000004, "2022Q3": 27.89809776, "2022Q4": 37.32993328}