{"2015Q2": 80.307205, "2015Q4": 42.429848, "2012Q2": 88.237595, "2012Q4": 99.874954, "2011Q4": 84.401497, "2016Q2": 43.279305, "2016Q4": 53.322395, "2013Q2": 121.281006, "2013Q4": 131.053406, "2017Q4": 51.933254, "2014Q2": 131.272644, "2014Q4": 91.993546}