{"2015Q2": 235.94091899999998, "2015Q4": 212.01694965000002, "2016Q2": 180.47438205, "2021Q4": 333.3961428, "2014Q4": 0, "2022Q4": 215.15863965}