{"2017Q2": 7.24271264, "2017Q4": 7.54893027, "2017Q1": 7.02969168, "2017Q3": 7.37585074, "2023Q2": 20.1038531, "2023Q1": 21.0358198, "2016Q2": 6.656905, "2016Q4": 7.24271264, "2016Q1": 7.9882859999999996, "2016Q3": 7.495675029999999, "2015Q2": 7.0163778699999995, "2015Q4": 8.720545549999999, "2015Q1": 6.563708329999999, "2015Q3": 9.585943199999999, "2020Q2": 16.86859727, "2020Q4": 27.0270343, "2020Q1": 11.556387079999999, "2020Q3": 21.36866505, "2022Q2": 23.512188459999997, "2022Q4": 24.64386231, "2022Q1": 24.75037279, "2022Q3": 24.257761819999995, "2018Q2": 7.53561646, "2018Q4": 6.63027738, "2018Q1": 7.495675029999999, "2018Q3": 7.2826540699999995, "2012Q4": 3.76780823, "2021Q2": 20.99587837, "2021Q4": 20.47663978, "2021Q1": 20.95593694, "2021Q3": 19.93077357, "2019Q2": 8.61403507, "2019Q4": 11.809349469999999, "2019Q1": 7.562244079999999, "2019Q3": 10.704303239999998, "2013Q2": 4.034084429999999, "2013Q4": 3.87431871, "2013Q1": 3.7944358499999997, "2013Q3": 4.44681254, "2014Q2": 3.98082919, "2014Q4": 5.21901352, "2014Q1": 3.94088776, "2014Q3": 4.11396729}