{"2006Q3": 29.48, "2006Q2": 26.889999, "2006Q1": 36.669998, "2006Q4": 27.33, "2003Q3": 15, "2003Q2": 9.99, "2003Q1": 11.81, "2003Q4": 17.299999, "2011Q3": 18.379999, "2011Q2": 16.73, "2011Q1": 18.35, "2011Q4": 19.290001, "2012Q3": 20.290001, "2012Q2": 17.459999, "2012Q1": 21.52, "2019Q3": 146.570007, "2019Q2": 155.559998, "2019Q1": 150.919998, "2019Q4": 127.150002, "2007Q3": 31.110001, "2007Q2": 26.66, "2007Q1": 28.129999, "2007Q4": 21.6, "2009Q3": 22.43, "2009Q2": 22.41, "2009Q1": 15.42, "2009Q4": 18.530001, "2021Q3": 114.099998, "2021Q2": 132.75, "2021Q1": 138.770004, "2021Q4": 130.970001, "2014Q3": 52.419998, "2014Q2": 50.330002, "2014Q1": 46.380001, "2023Q3": 80.86, "2023Q2": 86, "2023Q1": 111.830002, "2022Q3": 82.68, "2022Q2": 98.330002, "2022Q1": 119.779999, "2022Q4": 107.559998, "2017Q3": 98.279999, "2017Q2": 96.610001, "2017Q1": 84.629997, "2017Q4": 82.900002, "2020Q3": 91.790001, "2020Q2": 101, "2020Q1": 90, "2020Q4": 152.059998, "2018Q3": 111.199997, "2018Q2": 93.699997, "2018Q1": 83.699997, "2018Q4": 134.320007, "2008Q3": 9.8, "2008Q2": 15.89, "2008Q1": 17.700001, "2008Q4": 9.52, "2013Q3": 43.400002, "2013Q2": 38.32, "2013Q1": 31.33, "2002Q3": 6.23, "2002Q4": 8.01, "2005Q3": 28.790001, "2005Q2": 29.52, "2005Q1": 29.190001, "2005Q4": 35.02, "2015Q3": 80.889999, "2015Q2": 68.5, "2015Q1": 58.48, "2010Q3": 18.110001, "2010Q2": 15.36, "2010Q1": 15.24, "2010Q4": 18.059999, "2016Q3": 79.980003, "2016Q2": 76.669998, "2016Q1": 77.099998, "2004Q3": 22.98, "2004Q2": 16.49, "2004Q1": 20.219999, "2004Q4": 25}