{"2015Q1": 106.58389514984299, "2015Q2": 101.55966081554499, "2015Q3": 107.10330690926298, "2015Q4": 139.34521032342198, "2012Q3": 21.711917241005995, "2012Q4": 22.254714464055, "2020Q1": 283.92684487297896, "2020Q2": 366.64404612530296, "2020Q3": 430.963443360753, "2020Q4": 1058.195529729635, "2016Q1": 141.20785983813298, "2016Q2": 109.22276634409899, "2016Q3": 97.60918896022099, "2016Q4": 103.415972258056, "2013Q1": 23.249843043443, "2013Q2": 21.506516503316, "2013Q3": 20.510839748109, "2013Q4": 20.212138542056998, "2017Q1": 119.822449060773, "2017Q2": 113.755471042553, "2017Q3": 131.51619361829898, "2017Q4": 155.40627365371, "2023Q1": 3025.4552841352875, "2023Q2": 3608.0488053777735, "2023Q3": 5124.601078899999, "2021Q1": 992.1801446107619, "2021Q2": 759.7497864202859, "2021Q3": 726.383891979231, "2021Q4": 1104.656464573385, "2019Q1": 234.57825399307396, "2019Q2": 282.437284629795, "2019Q3": 270.005478307209, "2019Q4": 332.336450356454, "2018Q1": 184.94313100574098, "2018Q2": 152.18824560412997, "2018Q3": 223.90381573758998, "2018Q4": 178.04522767652296, "2014Q1": 26.624265047347, "2014Q2": 41.397184652073996, "2014Q3": 60.539657537145, "2014Q4": 85.480289896281, "2022Q1": 1176.4416867490079, "2022Q2": 1474.6255274297928, "2022Q3": 1476.588725740116, "2022Q4": 4052.7005616924503}