{"2015Q1": 0.16283084, "2015Q2": 0.15075532, "2015Q3": 0.31452956000000004, "2015Q4": 0.27830299999999997, "2012Q2": 0.6537761999999999, "2012Q3": 0.514153, "2012Q4": 0.37283168, "2011Q4": 0.53000212, "2020Q1": 0.34717119999999996, "2020Q2": 0.51830396, "2020Q3": 0.9679283999999999, "2020Q4": 1.4575529999999999, "2016Q1": 0.30811443999999993, "2016Q2": 0.49226612, "2016Q3": 0.6198138, "2016Q4": 0.68321028, "2013Q1": 0.28377472, "2013Q2": 0.14886851999999998, "2013Q3": 0.27547279999999996, "2013Q4": 0.31094464, "2017Q1": 0.61434208, "2017Q2": 0.61339868, "2017Q3": 1.3011372799999998, "2017Q4": 0.7864182399999999, "2023Q1": 2.31529228, "2021Q1": 1.73472392, "2021Q2": 2.0905744, "2021Q3": 4.473036759999999, "2019Q1": 0.45509616, "2019Q2": 0.50528504, "2019Q3": 0.5445304799999999, "2019Q4": 0.20283099999999998, "2018Q1": 0.6477384399999999, "2018Q2": 0.53981348, "2018Q3": 0.58811556, "2018Q4": 0.50264352, "2014Q1": 0.37698264, "2014Q2": 0.273586, "2014Q3": 0.2009442, "2014Q4": 0.17301956, "2022Q1": 3.37133424, "2022Q2": 2.03849872, "2022Q3": 1.8960453199999998}