{"2017Q2": 0.10364652514999999, "2017Q4": 0.10563972649999999, "2017Q1": 0.126453989725, "2017Q3": 0.11959216342500001, "2023Q2": 0.21842625, "2023Q1": 0.204469581925, "2016Q4": 0.13723691065, "2020Q2": 0.10266017264999999, "2020Q4": 0.11725862925, "2020Q1": 0.0866608757, "2020Q3": 0.10454385865, "2022Q2": 0.19932568495, "2022Q4": 0.218615250525, "2022Q1": 0.178656489725, "2022Q3": 0.2006116798, "2021Q2": 0.1689016833, "2021Q4": 0.17744116057499998, "2021Q1": 0.136566273375, "2021Q3": 0.18959464439999998}