{"2017Q2": 12.21176485, "2017Q4": 14.68140668, "2017Q1": 11.597765500000001, "2017Q3": 10.42434452, "2023Q2": 3.62941838, "2023Q1": 3.7522182500000003, "2016Q2": 11.03834387, "2016Q4": 14.067407330000002, "2016Q1": 22.29499862, "2016Q3": 10.151455920000002, "2015Q4": 29.45832437, "2020Q2": 1.7601314700000001, "2020Q4": 5.3759054200000005, "2020Q1": 1.73284261, "2020Q3": 2.7152415700000003, "2022Q2": 4.966572520000001, "2022Q4": 4.20248444, "2022Q1": 7.57265865, "2022Q3": 3.06999675, "2018Q2": 10.983766150000001, "2018Q4": 1.8692869100000002, "2018Q1": 10.71087755, "2018Q3": 2.3195531000000003, "2021Q2": 11.7342098, "2021Q4": 8.8688795, "2021Q1": 10.30154465, "2021Q3": 8.39132445, "2019Q2": 1.098376615, "2019Q4": 1.95115349, "2019Q1": 2.23768652, "2019Q3": 0.96875453}