{"2015Q1": 1.2467016, "2015Q2": 1.13910384, "2015Q3": 1.3368105600000002, "2015Q4": 0.86677824, "2020Q1": 0.42905856000000003, "2020Q2": 0.41923152, "2020Q3": 0.70021824, "2020Q4": 1.0438315200000001, "2016Q1": 1.0271755200000001, "2016Q2": 0.93623376, "2016Q3": 0.91924464, "2016Q4": 0.8521209599999999, "2017Q1": 0.92157648, "2017Q2": 0.93823248, "2017Q3": 1.67609328, "2017Q4": 1.2640238400000001, "2023Q1": 9.72077472, "2021Q1": 2.24872656, "2021Q2": 2.76273072, "2021Q3": 3.03788784, "2019Q1": 0.7565155200000001, "2019Q2": 0.55730976, "2019Q3": 0.60328032, "2019Q4": 0.3114672, "2018Q1": 0.93823248, "2018Q2": 0.87577248, "2018Q3": 1.14543312, "2018Q4": 1.0293408, "2014Q4": 1.0458302400000001, "2022Q1": 4.328894399999999, "2022Q2": 5.6675371199999995, "2022Q3": 6.04379616}