{"2015Q1": 1.307791291884, "2015Q2": 1.275827799774, "2015Q3": 1.358021031345, "2015Q4": 1.3632561755339998, "2012Q4": 0.765213766845, "2011Q4": 0.756109518912, "2020Q1": 1.602733241868, "2020Q2": 2.673425220048, "2020Q3": 3.370696319628, "2020Q4": 4.202355191825999, "2016Q1": 1.814533830582, "2016Q2": 1.9923668054399999, "2016Q3": 1.918653547239, "2016Q4": 2.259841099131, "2013Q1": 0.7999034865029999, "2013Q2": 0.796771255962, "2013Q3": 0.877790088186, "2013Q4": 1.071822298734, "2017Q1": 2.4335944063199997, "2017Q2": 2.265954401007, "2017Q3": 3.2691084638189998, "2017Q4": 2.669965805562, "2023Q1": 12.056652547896, "2021Q1": 4.558151367231, "2021Q2": 4.561499300126999, "2021Q3": 6.6407620282740005, "2019Q1": 2.7586865188079996, "2019Q2": 3.239483515884, "2019Q3": 2.7442212574919997, "2019Q4": 1.234269853509, "2018Q1": 2.845530789123, "2018Q2": 2.646639768531, "2018Q3": 2.7746174837699997, "2018Q4": 2.572296203697, "2014Q1": 1.254501818427, "2014Q2": 1.2979150730370002, "2014Q3": 1.5219443208749999, "2014Q4": 1.542736106571, "2022Q1": 7.959588053900999, "2022Q2": 9.404234235033, "2022Q3": 9.338563222989}