{"2014Q2": 0, "2014Q4": 0, "2014Q3": 0, "2014Q1": 0, "2016Q2": 0, "2016Q4": 0, "2016Q3": 0, "2016Q1": 0, "2019Q2": 0, "2019Q4": 0, "2019Q3": 0, "2019Q1": 0, "2013Q4": 0, "2021Q2": 13.140549819712001, "2021Q4": 8.267064769296, "2021Q3": 9.249415607928, "2021Q1": 10.805871147216001, "2020Q2": 0, "2020Q4": 12.119924539552, "2020Q3": 0, "2020Q1": 0, "2023Q2": 6.8884192, "2023Q3": 5.603464080000001, "2023Q1": 6.5572452000000006, "2018Q2": 0, "2018Q4": 0, "2018Q3": 0, "2018Q1": 0, "2017Q2": 0, "2017Q4": 0, "2017Q3": 0, "2017Q1": 0, "2015Q2": 0, "2015Q4": 0, "2015Q3": 0, "2015Q1": 0, "2022Q2": 5.382356421248, "2022Q4": 5.108678201736001, "2022Q3": 4.5482867540720004, "2022Q1": 6.251329178632}