{"2022Q3": 0.9646146015000001, "2022Q1": 0.9879120571870001, "2022Q2": 0.9646146015000001, "2022Q4": 0.9646146015000001, "2021Q3": 0.9879120571870001, "2021Q1": 0, "2021Q2": 0, "2021Q4": 0.9879120571870001, "2020Q4": 0, "2023Q1": 0.9646146015000001, "2023Q2": 1.9132350215}