{"2015Q1": 4.008973663001999, "2015Q2": 4.267669783376999, "2015Q3": 5.690227125891, "2015Q4": 6.579324455087999, "2010Q3": 3.071982262041, "2010Q4": 3.283414023351, "2012Q1": 2.526662734365, "2012Q2": 2.527085086218, "2012Q3": 2.063046970677, "2012Q4": 2.541863361576, "2011Q1": 3.3331631219039997, "2011Q2": 2.76021971841, "2011Q3": 2.033007924486, "2011Q4": 1.8366075803459998, "2020Q1": 1.2603230639999998, "2020Q2": 2.633752044, "2020Q3": 2.3429082599999997, "2020Q4": 2.46409317, "2016Q1": 6.0067455039899995, "2016Q2": 6.533627869692, "2016Q3": 5.1166962, "2016Q4": 4.671937257141, "2013Q1": 2.710335521124, "2013Q2": 2.47838401272, "2013Q3": 2.816201760834, "2013Q4": 2.841458940243, "2017Q1": 5.62442955459, "2017Q2": 5.412925531167, "2017Q3": 4.100089006167, "2017Q4": 3.534559875, "2023Q1": 4.20107688, "2023Q2": 6.075403039167, "2021Q1": 3.393177031167, "2021Q2": 2.6983839959999996, "2021Q3": 2.54488311, "2021Q4": 2.2459603319999997, "2019Q1": 1.906642584, "2019Q2": 1.5996408119999999, "2019Q3": 1.57540383, "2019Q4": 1.73698371, "2018Q1": 3.538599372, "2018Q2": 2.7872529299999997, "2018Q3": 1.676391255, "2018Q4": 1.882405602, "2009Q4": 2.934804085752, "2014Q1": 3.536037882069, "2014Q2": 3.182800027407, "2014Q3": 2.79341540709, "2014Q4": 3.436746596976, "2022Q1": 3.1346496719999997, "2022Q2": 2.66606802, "2022Q3": 2.286355302}