{"2023Q1": 0.21088578, "2023Q2": 0.13054834, "2022Q4": 0.13054834}