{"2021Q1": 12.898589687948, "2021Q4": 13.77509626019, "2021Q2": 13.512803975324, "2021Q3": 13.512803975324, "2016Q1": 0, "2016Q4": 0, "2016Q2": 0, "2016Q3": 0, "2020Q1": 9.588634623704001, "2020Q4": 10.093224720654002, "2020Q2": 9.720594091256, "2020Q3": 9.720594091256, "2015Q1": 0, "2015Q4": 0, "2015Q2": 0, "2015Q3": 0, "2022Q4": 14.370597622178002, "2022Q3": 14.370597622178002, "2018Q4": 0, "2013Q1": 0, "2014Q1": 0, "2014Q4": 0, "2014Q2": 0, "2014Q3": 0, "2017Q1": 0, "2017Q4": 0, "2017Q2": 0, "2017Q3": 0, "2019Q1": 0, "2019Q4": 9.588634623704001, "2019Q2": 7.0963276749399995, "2019Q3": 9.455709850688, "2023Q2": 15.97175262, "2023Q3": 0}