{"2022Q3": 0.133718, "2022Q4": 0.09035, "2022Q1": 0.159016, "2022Q2": 0.12287600000000001, "2020Q4": 0.133718, "2021Q3": 0.24213800000000002, "2021Q4": 0.137332, "2021Q1": 0.166244, "2021Q2": 0.278278}