{"2016Q1": 0.155206244, "2016Q2": 0.096267164, "2016Q3": 0.7779958560000001, "2015Q4": 0.09823180000000001}