{"2015Q1": 35.726673826624, "2015Q2": 34.189591982752, "2015Q3": 32.3493585044, "2015Q4": 37.416373088892, "2010Q1": 27.261245587263996, "2010Q2": 24.420085399264, "2010Q3": 24.083519010604, "2010Q4": 24.760469941632, "2012Q1": 18.385289398188, "2012Q2": 18.331362507476, "2012Q3": 16.429053697296002, "2012Q4": 19.161460324356, "2011Q1": 25.919321350603997, "2011Q2": 24.30658238918, "2011Q3": 19.992899143632002, "2011Q4": 19.519835729656, "2020Q1": 32.816490622231996, "2020Q2": 38.679112000756, "2020Q3": 39.675743090508, "2020Q4": 45.073893870644, "2016Q1": 36.549779836652, "2016Q2": 27.893937136039998, "2016Q3": 31.728950285444, "2016Q4": 36.62356333276, "2008Q4": 21.05674738756, "2013Q1": 18.296773785276, "2013Q2": 18.26494900926, "2013Q3": 25.124784522056, "2013Q4": 25.539255113363996, "2017Q1": 41.044856111352, "2017Q2": 41.412692595836, "2017Q3": 45.035742273688, "2017Q4": 48.58027003686, "2023Q1": 46.294718184703996, "2023Q2": 48.471484960000005, "2021Q1": 45.79721732636, "2021Q2": 43.850619193804, "2021Q3": 50.472503207416, "2021Q4": 44.272396751163996, "2019Q1": 37.2234925069, "2019Q2": 40.00124266386, "2019Q3": 45.134959117236, "2019Q4": 46.522779988192, "2018Q1": 45.663882923616, "2018Q2": 43.137172827416, "2018Q3": 43.511158067892, "2018Q4": 36.627446094103995, "2009Q3": 25.452127776728, "2009Q4": 26.678954297751996, "2014Q1": 28.198431348712003, "2014Q2": 29.713559202712, "2014Q3": 25.093736613468, "2014Q4": 29.31268930668, "2022Q1": 44.469223126340005, "2022Q2": 43.71865573358, "2022Q3": 39.981126052124004}