{"2023Q2": 8.065750979999999, "2023Q1": 6.482045471293, "2022Q3": 8.307087172132, "2022Q2": 10.052032560983, "2022Q1": 10.973011589932, "2022Q4": 7.723531262782999, "2020Q3": 5.056083509918, "2020Q2": 5.4008168767489995, "2020Q1": 4.228726482063999, "2020Q4": 6.189524046922999, "2015Q3": 1.841795451419, "2015Q2": 2.037411045656, "2015Q1": 1.939204363691, "2015Q4": 1.7545209732749998, "2016Q2": 1.372318260061, "2016Q1": 1.2278638299549998, "2014Q3": 2.737873969082, "2014Q2": 2.652406947071, "2014Q1": 2.3471728659889997, "2014Q4": 2.1219259098729997, "2012Q3": 3.497634250859, "2012Q2": 2.118814666773, "2012Q1": 3.8300523782569997, "2012Q4": 3.792475018906, "2019Q3": 5.125308668893, "2019Q4": 7.394493823878, "2013Q3": 3.301073543152, "2013Q2": 3.208574524708, "2013Q1": 3.4658373463769996, "2013Q4": 2.8270134320049998, "2021Q3": 7.301232257360999, "2021Q2": 9.528636939675, "2021Q1": 8.252699120582, "2021Q4": 7.041985871459}