{"2020Q4": 6.830890101051, "2020Q1": 5.591853887534, "2020Q3": 6.052204163960999, "2020Q2": 6.055680970684, "2014Q4": 2.31655197627, "2014Q1": 2.403267983272, "2014Q3": 2.535390973376, "2014Q2": 2.75089924079, "2016Q4": 3.942418373321, "2016Q1": 3.3488831224399997, "2016Q3": 4.064544406256, "2016Q2": 3.8497296796420004, "2011Q4": 3.004000887268, "2011Q1": 2.734531244447, "2011Q3": 2.692694696076, "2011Q2": 2.664350117043, "2017Q4": 4.15595221677, "2017Q1": 4.104234012388, "2017Q3": 4.45434381134, "2017Q2": 4.174844701625, "2013Q4": 2.6482612708719997, "2013Q1": 2.9053386399859997, "2013Q3": 2.798236434631, "2013Q2": 2.6288572996769997, "2015Q4": 3.194972548104, "2015Q1": 2.6982859353129998, "2015Q3": 3.038605538947, "2015Q2": 3.0465465811069996, "2010Q4": 2.6364563395299996, "2010Q1": 2.162821289079, "2010Q3": 2.448418356278, "2010Q2": 2.394900846983, "2018Q4": 4.715489664172, "2018Q1": 3.951123177287, "2018Q3": 4.088888555262, "2018Q2": 4.434158306355999, "2019Q4": 7.456878293279001, "2019Q1": 5.708663930236999, "2019Q3": 6.61334065637, "2019Q2": 6.377149268448, "2022Q4": 8.40234215386, "2022Q1": 8.952193003601, "2022Q3": 8.822661255310999, "2022Q2": 8.289179702302, "2021Q4": 7.666604597736, "2021Q1": 6.976302199808999, "2021Q3": 6.722008963544, "2021Q2": 6.47304602179, "2009Q4": 2.102743317279, "2023Q1": 9.566802792079, "2012Q4": 2.8754106206139998, "2012Q1": 3.0315080157849996, "2012Q3": 2.896886544949, "2012Q2": 2.901387624741}