{"2015Q4": 0, "2020Q1": 13.444350029999999, "2020Q2": 17.79146796, "2020Q3": 20.818490729999997, "2020Q4": 22.48289031, "2016Q1": 0, "2016Q2": 0, "2016Q3": 8.651080109999999, "2016Q4": 11.52713622, "2017Q1": 13.131431609999998, "2017Q2": 14.932517219999998, "2017Q3": 20.507298539999997, "2017Q4": 19.02635013, "2023Q1": 24.580573619999996, "2021Q1": 25.093734719999997, "2021Q2": 24.5501292, "2021Q3": 26.243717759999996, "2019Q1": 16.89649617, "2019Q2": 15.540150179999998, "2019Q3": 16.600212329999998, "2019Q4": 9.28099713, "2018Q1": 18.79095513, "2018Q2": 20.10697011, "2018Q3": 19.44974727, "2018Q4": 17.412795869999997, "2022Q1": 21.873531119999996, "2022Q2": 22.159928369999996, "2022Q3": 21.46347303}