{"2022Q3": 0.3330944, "2022Q2": 0.2654346, "2022Q1": 0.6896095, "2020Q4": 3.3179325000000004, "2021Q3": 1.1476143, "2021Q2": 2.6725621, "2021Q1": 2.732415, "2021Q4": 0.7416555}