{"2023Q3": 48.33, "2023Q2": 58.96, "2023Q1": 57.540001, "2022Q4": 57.32, "2017Q3": 63.545612, "2017Q2": 69.793457, "2017Q1": 69.036148, "2017Q4": 57.297764, "2020Q3": 46.86747, "2020Q2": 54.44062, "2020Q1": 44.320137, "2020Q4": 69.604134, "2015Q3": 48.278831, "2015Q2": 70.602409, "2015Q1": 84.629951, "2015Q4": 43.597244, "2010Q3": 31.153185, "2010Q2": 19.845095, "2010Q1": 22.461273, "2010Q4": 37.969021, "2016Q3": 55.094666, "2016Q2": 50.258175, "2016Q1": 48.726334, "2016Q4": 68.657486, "2014Q3": 92.994835, "2014Q2": 118.192772, "2014Q1": 124.61274, "2014Q4": 89.311531, "2018Q3": 47.435455, "2018Q2": 57.108433, "2018Q1": 51.549053, "2018Q4": 45.938038, "2008Q4": 10.344234, "2011Q3": 40.843372, "2011Q2": 46.592083, "2011Q1": 35.886402, "2011Q4": 61.273666, "2012Q3": 59.191051, "2012Q2": 54.681583, "2012Q1": 54.337349, "2012Q4": 73.21859, "2019Q3": 57.831326, "2019Q2": 48.967297, "2019Q1": 46.454388, "2019Q4": 64.836487, "2013Q3": 96.488815, "2013Q2": 90.327019, "2013Q1": 78.760757, "2013Q4": 111.9105, "2009Q3": 21.514629, "2009Q2": 16.798622, "2009Q1": 14.268503, "2009Q4": 19.845095, "2021Q3": 90.79174, "2021Q2": 77.865746, "2021Q1": 77.624786, "2021Q4": 72.134254}