{"2015Q2": 36.3703, "2015Q4": 13.1869, "2010Q4": 120.2985, "2012Q2": 91.627701, "2012Q4": 109.919197, "2011Q2": 104.644402, "2011Q4": 90.521698, "2016Q2": 27.224501, "2016Q4": 38.2845, "2013Q2": 100.560699, "2013Q4": 110.1744, "2017Q4": 31.8612, "2018Q4": 19.093901, "2014Q2": 120.128403, "2014Q4": 28.9261}