{"2022Q3": 0.29520192, "2022Q1": 0.758441856, "2022Q2": 0.543474304, "2022Q4": 0.29898656, "2021Q4": 0.905285888, "2023Q1": 0.226321472, "2023Q2": 0.124136192}