{"2015Q1": 9.907699961898, "2015Q2": 8.912759323554, "2015Q3": 8.39386759545, "2015Q4": 8.699098829364, "2012Q4": 0, "2020Q1": 17.893827665982002, "2020Q2": 18.056597834682, "2020Q3": 19.335850081254, "2020Q4": 29.088216694872003, "2016Q1": 9.523223111430001, "2016Q2": 9.965103734232, "2016Q3": 11.36148482988, "2016Q4": 11.098028164986001, "2013Q3": 0, "2013Q4": 0, "2017Q1": 12.133410948900002, "2017Q2": 13.702207968990002, "2017Q3": 14.360968023030003, "2017Q4": 16.365995035452002, "2023Q1": 16.26630055533, "2023Q2": 16.055084295018002, "2021Q1": 28.444137884676, "2021Q2": 29.866544221662004, "2021Q3": 28.455168370770004, "2021Q4": 30.501302172930004, "2019Q1": 18.145290869766, "2019Q2": 18.597340152324, "2019Q3": 20.244128248350002, "2019Q4": 20.924235458622, "2018Q1": 14.326952696154, "2018Q2": 15.20645629194, "2018Q3": 15.999597232380001, "2018Q4": 16.054821275454003, "2014Q1": 0, "2014Q2": 0, "2014Q3": 0, "2014Q4": 9.050018079600001, "2022Q1": 27.178922368512, "2022Q2": 19.286549093556, "2022Q3": 15.850888875, "2022Q4": 17.02249912746}