{"2023Q3": 36.14, "2023Q2": 54.740002, "2023Q1": 43.919998, "2022Q3": 36.950001, "2022Q2": 34.509998, "2022Q1": 38.759998, "2022Q4": 48.900002, "2017Q3": 14.6, "2017Q2": 13.45, "2017Q1": 14.55, "2017Q4": 22.549999, "2020Q3": 16.75, "2020Q2": 15.33, "2020Q1": 13.04, "2020Q4": 30.700001, "2015Q3": 8.44, "2015Q2": 11.72, "2015Q1": 19, "2015Q4": 6.63, "2010Q4": 0, "2016Q3": 8.85, "2016Q2": 9.11, "2016Q1": 8.18, "2016Q4": 14.6, "2014Q3": 25.120001, "2014Q2": 0, "2014Q4": 23.67, "2018Q3": 23.65, "2018Q2": 31.950001, "2018Q1": 29.4, "2018Q4": 25.309999, "2011Q4": 0, "2019Q3": 24.030001, "2019Q2": 26.950001, "2019Q1": 26.040001, "2019Q4": 19.540001, "2013Q4": 0, "2021Q3": 32.439999, "2021Q2": 31.98, "2021Q1": 35.540001, "2021Q4": 40.77}