{"2015Q1": 41.337480631721995, "2015Q2": 37.759665492471996, "2015Q3": 40.731684277328, "2015Q4": 51.31551092824199, "2020Q1": 83.221330359728, "2020Q2": 101.956700954394, "2020Q3": 122.11958082147999, "2020Q4": 102.984829632212, "2016Q1": 39.010486804387995, "2016Q2": 36.493254225163994, "2016Q3": 41.828492700632, "2016Q4": 43.17194280135, "2013Q4": 0, "2017Q1": 45.043949340698, "2017Q2": 53.050263241206, "2017Q3": 60.100290195659994, "2017Q4": 60.473806741172, "2023Q1": 92.115935680626, "2021Q1": 98.12976097309, "2021Q2": 116.752696841858, "2021Q3": 124.391915336722, "2021Q4": 116.179764631656, "2019Q1": 67.835943199046, "2019Q2": 81.687019366414, "2019Q3": 92.12037298787399, "2019Q4": 89.174481413578, "2018Q1": 69.333022917312, "2018Q2": 65.374642553792, "2018Q3": 68.016049559568, "2018Q4": 60.39200266083599, "2014Q2": 19.483170227818, "2014Q3": 20.30153087358, "2014Q4": 28.112634294733997, "2022Q1": 105.29388124547599, "2022Q2": 101.66947842876, "2022Q3": 84.963831765824}