{"2021Q3": 50.360172462600005, "2021Q1": 54.8641373448, "2021Q2": 50.938879768700005, "2021Q4": 51.5052814626, "2011Q3": 17.3790927338, "2011Q1": 27.432451606700003, "2011Q2": 31.645594510600002, "2011Q4": 15.696899292900001, "2015Q3": 30.965780236300002, "2015Q1": 45.0323558321, "2015Q2": 41.135308570300005, "2015Q4": 41.58691985910001, "2014Q3": 28.015212352400003, "2014Q1": 33.6429182544, "2014Q2": 30.4936530269, "2014Q4": 34.2057824234, "2010Q3": 18.2829851386, "2010Q1": 15.821508084200001, "2010Q2": 14.0564740106, "2010Q4": 22.945435569, "2009Q3": 15.7683430128, "2009Q1": 7.7630645323, "2009Q2": 6.8347209721, "2009Q4": 16.3744085736, "2005Q4": 49.8763343589, "2019Q3": 52.5574974967, "2019Q1": 43.8208440544, "2019Q2": 49.2847341105, "2019Q4": 58.0040594679, "2016Q3": 39.5683020131, "2016Q1": 37.126594711500005, "2016Q2": 32.5786564124, "2016Q4": 41.7621289239, "2018Q3": 60.6102573678, "2018Q1": 75.7819062441, "2018Q2": 71.4602427147, "2018Q4": 38.6647617601, "2007Q3": 53.07540197750001, "2007Q1": 50.7003363258, "2007Q2": 56.468348862800006, "2007Q4": 45.174685493, "2006Q3": 47.3364690526, "2006Q1": 52.348337797000006, "2006Q2": 47.75332074240001, "2006Q4": 47.5788221377, "2012Q3": 14.1293682019, "2012Q1": 21.664938977500004, "2012Q2": 14.310302811700002, "2012Q4": 12.8244426184, "2020Q3": 44.5869219754, "2020Q1": 32.969202609, "2020Q2": 41.9904464203, "2020Q4": 50.6131590545, "2022Q3": 13.827499000000001, "2022Q1": 29.120245, "2022Q2": 23.290040731300003, "2022Q4": 17.398269000000003, "2013Q3": 23.461219751199998, "2013Q1": 13.5975278677, "2013Q2": 18.6472541619, "2013Q4": 30.380607373900002, "2008Q3": 19.6597102877, "2008Q1": 32.0875955029, "2008Q2": 26.0190632688, "2008Q4": 9.5787789139, "2017Q3": 67.7217154775, "2017Q1": 50.5487866905, "2017Q2": 51.27847600260001, "2017Q4": 75.1015637421}