{"2012Q4": 0.49379265, "2011Q4": 0.330169069479, "2015Q1": 0.649624611042, "2015Q4": 1.002194569479, "2015Q2": 0.669103611042, "2015Q3": 1.564163758437, "2018Q4": 0.763576819479, "2013Q1": 0.4577565, "2013Q4": 0.375944680521, "2013Q2": 0.370101, "2013Q3": 0.37984049999999997, "2014Q1": 0.4967145, "2014Q4": 0.666181819479, "2014Q2": 0.53859435, "2014Q3": 0.74507175, "2019Q1": 0.47041784999999997, "2019Q2": 0.28926314999999997, "2019Q3": 0.2629665}