{"2019Q2": 0.07969625500000001, "2019Q4": 0.03750412, "2019Q3": 0.060944195, "2019Q1": 0.107824345, "2021Q4": 0.08438427, "2021Q3": 0.17345655499999998, "2020Q2": 0.023440075, "2020Q4": 0.032816105000000005, "2020Q3": 0.028128089999999998, "2020Q1": 0.032816105000000005, "2023Q2": 0.00937603, "2023Q3": 0.004688015, "2023Q1": 0.01875206, "2018Q2": 0.089072285, "2018Q4": 0.070320225, "2018Q3": 0.07969625500000001, "2018Q1": 0.098448315, "2017Q4": 0.19220861499999997, "2022Q2": 0.023440075, "2022Q4": 0.00937603, "2022Q3": 0.014064044999999999, "2022Q1": 0.03750412}