{"2021Q1": 2.61227015, "2021Q4": 3.51042146, "2021Q2": 3.4223674099999997, "2021Q3": 3.8861187399999997, "2016Q1": 0.63398916, "2016Q4": 0.85118915, "2016Q2": 0.6457297, "2016Q3": 0.90402158, "2012Q4": 0.43057256396, "2012Q3": 4.167891699999999, "2020Q1": 2.78837825, "2020Q4": 2.5829188, "2020Q2": 2.9997079700000002, "2020Q3": 2.76489717, "2011Q4": 4.167891699999999, "2015Q1": 0.31660127191, "2015Q4": 0.63398916, "2015Q2": 0.42213111569999995, "2015Q3": 0.63398916, "2022Q1": 3.4693295699999998, "2022Q4": 4.508367359999999, "2022Q2": 3.53977281, "2022Q3": 3.90372955, "2018Q1": 0.79248645, "2018Q4": 1.6319350599999998, "2018Q2": 1.13883238, "2018Q3": 1.1153513, "2013Q1": 0.21950700610999999, "2013Q4": 0.25327866942, "2013Q2": 0.26172011768, "2013Q3": 0.28705033272999997, "2010Q4": 4.8429727499999995, "2014Q1": 0.21106555784999997, "2014Q4": 0.31660127191, "2014Q2": 0.42213111569999995, "2014Q3": 0.31660127191, "2017Q1": 0.86292969, "2017Q4": 0.79835672, "2017Q2": 0.8805405, "2017Q3": 0.79248645, "2019Q1": 1.8021728899999998, "2019Q4": 3.19342688, "2019Q2": 1.8843566699999998, "2019Q3": 3.03492959, "2023Q1": 4.68447546, "2023Q2": 4.11505927}