{"2014Q3": 0.820218627898, "2014Q1": 0.632805698292, "2014Q2": 0.866926, "2014Q4": 0.7707305906509999, "2021Q3": 1.9375796099999998, "2021Q1": 1.81620997, "2021Q2": 2.1369725899999996, "2021Q4": 1.662618857895, "2018Q3": 1.14434232, "2018Q1": 1.7009456563549998, "2018Q2": 1.1963578799999999, "2018Q4": 1.5604668, "2020Q3": 1.58213995, "2020Q1": 1.42609327, "2020Q2": 1.61681699, "2020Q4": 1.8552216400000001, "2015Q3": 0.64198471078, "2015Q1": 0.6944718785239999, "2015Q2": 0.847960693361, "2015Q4": 0.654764066946, "2017Q3": 1.662773170723, "2017Q1": 1.4186585126240001, "2017Q2": 1.379865307976, "2017Q4": 1.6644979199999999, "2023Q1": 2.267444953, "2023Q2": 2.62245115, "2022Q3": 2.1733245310319997, "2022Q1": 2.2543279291569998, "2022Q2": 1.8075407099999998, "2022Q4": 2.198993776429, "2016Q3": 1.23536955, "2016Q1": 0.81513150613, "2016Q2": 1.088674400762, "2016Q4": 1.3047236299999998, "2019Q3": 1.94624887, "2019Q1": 1.615157693636, "2019Q2": 2.00259906, "2019Q4": 2.26267686, "2013Q4": 0.6955026535379999}