{"2020Q1": 0, "2020Q2": 0, "2020Q4": 1.0780892001359998, "2023Q1": 1.612213104192, "2021Q2": 1.112981805048, "2021Q3": 1.0646690503679999, "2021Q4": 0.914362814088, "2019Q2": 0, "2019Q4": 0, "2022Q2": 0.894679810872, "2022Q3": 1.044091403376, "2022Q4": 1.200660273936}