{"2015Q1": 0.293851204466, "2015Q2": 0.338871056576, "2015Q3": 0.35224491218799997, "2015Q4": 0.29950250109800003, "2012Q4": 0.324739515932, "2020Q1": 0.144608972, "2020Q2": 0.31176154799999994, "2020Q3": 0.533073758, "2020Q4": 0.48826147200000003, "2016Q1": 0.47084241408, "2016Q2": 0.47732617452799997, "2016Q3": 0.447243659444, "2016Q4": 0.40225294906599995, "2013Q1": 0.283701084226, "2013Q2": 0.314621011722, "2013Q3": 0.309763964748, "2013Q4": 0.30580673748000003, "2017Q1": 0.420621862496, "2017Q2": 0.34612679799999996, "2017Q3": 0.28866810000000004, "2017Q4": 0.337879138, "2023Q1": 0.240831672, "2023Q2": 0.28701856800000003, "2021Q1": 0.44482379600000005, "2021Q2": 0.454720988, "2021Q3": 0.43135261799999997, "2021Q4": 0.368670402, "2019Q1": 0.27217278, "2019Q2": 0.19794383999999998, "2019Q3": 0.18529742800000001, "2019Q4": 0.16907703, "2018Q1": 0.28866810000000004, "2018Q2": 0.22543603999999998, "2018Q3": 0.29141732000000004, "2018Q4": 0.356848756, "2014Q1": 0.28619902551799997, "2014Q2": 0.35683143591399996, "2014Q3": 0.39150542332000005, "2014Q4": 0.273723615002, "2022Q1": 0.36317196199999996, "2022Q2": 0.29554115, "2022Q3": 0.3436525, "2022Q4": 0.27519692199999995}