{"2023Q2": 0.43780463999999997, "2023Q1": 0.24295751999999998, "2022Q3": 0.45945431999999997, "2022Q2": 0.50756472, "2022Q1": 1.3230359999999999, "2022Q4": 0.31993416, "2020Q3": 0, "2020Q4": 0, "2019Q4": 0, "2021Q3": 3.6058744799999998, "2021Q2": 4.551497622359999, "2021Q1": 3.7238091873839996, "2021Q4": 2.00139264}