{"2014Q2": 0.2920528, "2014Q4": 0.38191520000000007, "2014Q3": 0.4605448, "2014Q1": 0.22465600000000002, "2016Q2": 0.5728728000000001, "2016Q4": 0.7076664, "2016Q3": 0.8312272, "2016Q1": 0.5953384, "2019Q2": 0.786296, "2019Q4": 1.9769728000000002, "2019Q3": 1.6961528000000001, "2019Q1": 0.7301320000000001, "2013Q2": 0.393148, "2013Q4": 0.2920528, "2013Q3": 0.393148, "2013Q1": 0.44931200000000004, "2011Q2": 0.8761584000000001, "2011Q4": 0.6627352, "2011Q3": 0.9323224, "2011Q1": 0.8986240000000001, "2021Q2": 3.4877844000000002, "2021Q4": 3.7742208, "2021Q3": 3.987644, "2021Q1": 1.4714968000000002, "2020Q2": 2.1903960000000002, "2020Q4": 1.5220444, "2020Q3": 1.6399888, "2020Q1": 2.1903960000000002, "2023Q2": 3.6225780000000003, "2023Q1": 2.302724, "2018Q4": 0.7020500000000001, "2017Q2": 0.6009548, "2017Q1": 0.7413648, "2015Q2": 0.4605448, "2015Q4": 0.505476, "2015Q3": 0.4268464, "2015Q1": 0.4043808, "2010Q4": 1.1457456000000001, "2022Q2": 2.976692, "2022Q4": 2.24656, "2022Q3": 2.415052, "2022Q1": 2.976692, "2012Q2": 0.56164, "2012Q4": 0.5391744, "2012Q3": 0.5504072, "2012Q1": 0.6402696}