{"2021Q2": 0.31501974, "2021Q4": 0.228764335, "2021Q3": 0.191261985, "2021Q1": 0.39752491, "2020Q4": 0.40502538000000005, "2023Q2": 0.037502350000000004, "2023Q1": 0.048753055000000003, "2022Q2": 0.10125634500000001, "2022Q4": 0.056253525, "2022Q3": 0.06000376, "2022Q1": 0.198762455}