{"2021Q4": 0.0586938295, "2018Q4": 0.86701091195, "2020Q3": 0.2130899642, "2020Q1": 0.2748304963, "2020Q2": 0.3111221008, "2020Q4": 0.1712426079, "2023Q3": 0.0160399931, "2023Q1": 0.01624609357, "2023Q2": 0.01339653055, "2022Q3": 0.021416527100000003, "2022Q1": 0.054661429, "2022Q2": 0.0383526092, "2022Q4": 0.0131725083, "2019Q3": 0.92297167, "2019Q1": 1.3314986451, "2019Q2": 1.0753068, "2019Q4": 0.58985058425}