{"2010Q2": 68.71907, "2021Q4": 65.773967, "2009Q4": 72.645874, "2022Q1": 52.422835363402, "2022Q2": 42.311311136598, "2022Q3": 33.377834, "2022Q4": 31.610772200000003}