{"2023Q3": 24.01, "2023Q2": 28.12, "2022Q2": 36.5, "2022Q1": 29.09, "2017Q3": 11.7, "2017Q2": 23.950001, "2017Q1": 24.75, "2017Q4": 14.3, "2020Q3": 11.72, "2020Q2": 13.06, "2020Q1": 9.05, "2020Q4": 20.15, "2016Q4": 20.25, "2018Q3": 25.860001, "2018Q2": 21, "2018Q1": 18.15, "2018Q4": 13.19, "2019Q3": 8, "2019Q2": 7.17, "2019Q1": 14.36, "2019Q4": 9.09, "2021Q3": 30.370001, "2021Q2": 23.879999, "2021Q1": 19.459999, "2021Q4": 26.08}