{"2021Q3": 22.110001, "2021Q1": 28.190001, "2021Q2": 26.780001, "2021Q4": 24.049999, "2020Q3": 23.940001, "2020Q1": 21.110001, "2020Q2": 25.75, "2020Q4": 26.93, "2022Q3": 33.650002, "2022Q1": 23.34, "2022Q2": 33.439999, "2022Q4": 33.810001, "2018Q3": 27.549999, "2018Q1": 0, "2018Q2": 20.59, "2018Q4": 28.1, "2017Q4": 0, "2019Q3": 27.469999, "2019Q1": 29.15, "2019Q2": 29.33, "2019Q4": 26.74}