{"2011Q4": 0.775, "2011Q1": 4.4, "2011Q3": 0.775, "2011Q2": 3.7, "2004Q1": 6.5, "2004Q2": 8, "2003Q4": 10.2, "2003Q3": 14.5, "2017Q4": 0.2, "2017Q1": 0.075, "2017Q3": 0.125, "2017Q2": 0.05275, "2013Q4": 0.32, "2013Q1": 0.3, "2013Q3": 0.40625, "2013Q2": 0.525, "2006Q1": 4.2, "2006Q2": 5, "2019Q4": 0.125, "2019Q1": 0.125, "2019Q3": 0.125, "2019Q2": 0.175, "2018Q4": 0.15, "2018Q1": 0.15, "2018Q3": 0.15, "2018Q2": 0.075, "2022Q1": 0.024975, "2022Q3": 0.0175, "2022Q2": 0.0275, "2009Q4": 3.7, "2009Q1": 4.5, "2009Q3": 4, "2009Q2": 3.5, "2005Q4": 4.5, "2005Q3": 5.1, "2005Q2": 7.1, "2021Q4": 0.0442375, "2021Q1": 0.053375, "2021Q2": 0.035625, "2010Q4": 5.4, "2010Q1": 3.9, "2010Q3": 4, "2010Q2": 4.1, "2020Q4": 0.075, "2020Q1": 0.125, "2020Q3": 0.125, "2020Q2": 0.1, "2016Q4": 0.045, "2016Q1": 0.0475, "2016Q3": 0.04275, "2016Q2": 0.0385, "2015Q4": 0.14125, "2015Q1": 0.0875, "2015Q3": 0.05, "2015Q2": 0.0735, "2014Q4": 0.22475, "2014Q1": 0.275, "2014Q2": 0.3735, "2012Q4": 0.625, "2012Q1": 0.625, "2012Q3": 0.625, "2012Q2": 0.625}