{"2017Q4": 6.6158798, "2017Q1": 7.021609600000001, "2017Q3": 7.071290799999999, "2017Q2": 7.2368948, "2019Q4": 6.4005946, "2019Q1": 7.86619, "2019Q3": 7.758547399999999, "2019Q2": 6.9719283999999995, "2018Q4": 6.9470878, "2018Q1": 6.251551, "2018Q3": 6.1853093999999995, "2018Q2": 5.9865846000000005, "2022Q4": 6.62416, "2022Q1": 7.7916682, "2022Q3": 6.8560056, "2022Q2": 6.1935896, "2023Q1": 7.965552399999999, "2023Q2": 7.2948562, "2021Q4": 7.9241514, "2021Q1": 7.3031364, "2021Q3": 7.261735399999999, "2021Q2": 7.965552399999999, "2020Q4": 7.7668276, "2020Q1": 5.5725746, "2020Q3": 6.1770292, "2020Q2": 5.4980528, "2016Q4": 5.9451836, "2016Q1": 5.5228934, "2016Q3": 6.1770292, "2016Q2": 5.3076082, "2015Q4": 5.6802172, "2015Q1": 5.589135, "2015Q3": 5.257927, "2015Q2": 4.9598398, "2014Q4": 5.4814924}