{"2008Q4": 3.855193, "2017Q4": 10.861003, "2007Q4": 6.434993, "2005Q4": 6.145, "2006Q4": 6.779325, "2019Q4": 12.374142, "2018Q4": 10.200387}