{"2020Q4": 0, "2023Q3": 13.49, "2023Q2": 19.24, "2023Q1": 16.26, "2022Q3": 13.84, "2022Q2": 22, "2022Q1": 27.620001, "2022Q4": 17.059999, "2021Q3": 27.002956, "2021Q2": 21.681074, "2021Q1": 0, "2021Q4": 22.190903}