{"2011Q4": 7.3, "2011Q1": 9.26, "2011Q3": 7.3, "2011Q2": 7.3, "2017Q4": 25.924999, "2017Q1": 7.3, "2017Q3": 7.3, "2017Q2": 7.3, "2013Q4": 7.3, "2013Q1": 7.3, "2013Q3": 7.3, "2013Q2": 7.3, "2018Q1": 20.42, "2022Q4": 0, "2022Q1": 20.389999, "2022Q3": 21.09, "2022Q2": 19.864, "2009Q4": 5.22, "2009Q1": 5.22, "2009Q3": 5.22, "2009Q2": 5.22, "2023Q1": 0, "2023Q3": 0, "2023Q2": 0, "2010Q4": 7.11, "2010Q1": 5.22, "2010Q3": 2.989, "2010Q2": 4.351, "2016Q4": 7.3, "2016Q1": 7.3, "2016Q3": 7.3, "2016Q2": 7.3, "2015Q4": 7.3, "2015Q1": 7.3, "2015Q3": 7.3, "2015Q2": 7.3, "2014Q4": 7.3, "2014Q1": 7.3, "2014Q3": 7.3, "2014Q2": 7.3, "2012Q4": 7.3, "2012Q1": 7.3, "2012Q3": 7.3, "2012Q2": 7.3}