{"2023Q3": 5.901551559999999, "2023Q2": 7.729465759999999, "2023Q1": 10.53661971, "2022Q3": 10.719411130000001, "2022Q2": 14.218561170000001, "2022Q1": 12.638721039999998, "2022Q4": 9.07428835, "2020Q4": 0, "2021Q3": 0, "2021Q2": 0, "2021Q1": 0, "2021Q4": 19.845925599999998}