{"2020Q1": 0, "2020Q2": 12.659164, "2020Q3": 23.503474399999998, "2020Q4": 31.0989728, "2021Q1": 24.242859199999998, "2021Q2": 19.8401588, "2021Q3": 13.196898399999998, "2021Q4": 8.5813448, "2019Q4": 0, "2022Q1": 7.0353584, "2022Q2": 4.145036, "2022Q3": 3.3608399999999996, "2022Q4": 3.304826}