{"2017Q2": 0.9940364, "2017Q4": 1.04373822, "2017Q1": 1.07923952, "2017Q3": 1.01533718, "2016Q2": 0.9727356200000001, "2016Q4": 0.9940364, "2016Q1": 0.9372343200000001, "2016Q3": 0.9514348400000001, "2010Q4": 0.8875325000000001, "2015Q2": 0.9372343200000001, "2015Q4": 1.2425455, "2015Q1": 1.01533718, "2015Q3": 0.9372343200000001, "2020Q2": 1.19284368, "2020Q1": 1.19284368, "2018Q2": 1.2709465400000002, "2018Q4": 1.1502421200000001, "2018Q1": 1.2496457600000002, "2018Q3": 1.17864316, "2012Q2": 0.8591314600000001, "2012Q4": 0.7952291200000001, "2012Q1": 0.8875325000000001, "2012Q3": 0.9514348400000001, "2011Q2": 1.2070442000000001, "2011Q4": 0.9230338000000001, "2011Q1": 0.9727356200000001, "2011Q3": 1.1360416000000002, "2019Q2": 1.05793874, "2019Q4": 1.1715429, "2019Q1": 1.07923952, "2019Q3": 1.1360416000000002, "2013Q2": 1.19994394, "2013Q4": 0.97983588, "2013Q1": 0.9585351000000001, "2013Q3": 1.1289413400000001, "2014Q2": 1.15734238, "2014Q4": 1.05793874, "2014Q1": 1.0508384800000001, "2014Q3": 1.0934400400000002}