{"2017Q2": 0.279942729998, "2017Q4": 0.29792075296799997, "2017Q1": 0.323563286162, "2017Q3": 0.277374633636, "2016Q2": 0.348841741636, "2016Q4": 0.293228869906, "2016Q1": 0.371456361792, "2016Q3": 0.315979682098, "2010Q4": 0.200252185052, "2015Q2": 0.334556410652, "2015Q4": 0.3616168243, "2015Q1": 0.327177094642, "2015Q3": 0.31487666145, "2020Q2": 0.268262577366, "2020Q4": 0.237841186988, "2020Q1": 0.29552323376, "2020Q3": 0.235075544752, "2018Q2": 0.333539689908, "2018Q4": 0.36220271974199997, "2018Q1": 0.33644489527, "2018Q3": 0.36220271974199997, "2012Q2": 0.178088616738, "2012Q4": 0.160054633674, "2012Q1": 0.207442045804, "2012Q3": 0.144274561384, "2011Q2": 0.18978764747399998, "2011Q4": 0.20082189926199998, "2011Q1": 0.19405881850399997, "2011Q3": 0.20082189926199998, "2019Q2": 0.322388798406, "2019Q4": 0.308956353192, "2019Q1": 0.34656827854, "2019Q3": 0.29552323376, "2013Q2": 0.20068435879, "2013Q4": 0.311406461404, "2013Q1": 0.20964876131799998, "2013Q3": 0.221444879446, "2014Q2": 0.317761640272, "2014Q4": 0.322469030348, "2014Q1": 0.334473481838, "2014Q3": 0.322469030348}