{"2015Q1": 5.88726872, "2015Q2": 5.37928569, "2015Q3": 5.83513681, "2015Q4": 6.66318552, "2012Q1": 2.43928844, "2012Q2": 2.31320196, "2012Q3": 2.67327585, "2012Q4": 2.81148603, "2011Q4": 2.17135467, "2020Q2": 11.815758019999999, "2020Q3": 13.48761625, "2020Q4": 14.21746299, "2016Q1": 6.52012586, "2016Q2": 6.96991513, "2016Q3": 7.63308152, "2016Q4": 7.2669457799999995, "2013Q1": 2.9775807199999997, "2013Q2": 2.94848384, "2013Q3": 3.17398466, "2013Q4": 3.43343184, "2017Q1": 7.1505582599999995, "2017Q2": 8.13015322, "2017Q3": 8.379901440000001, "2017Q4": 8.76179799, "2023Q1": 9.457698370000001, "2023Q2": 9.28432946, "2021Q1": 13.140878429999999, "2021Q2": 15.32193206, "2021Q3": 14.97761898, "2021Q4": 17.1307881, "2019Q1": 13.897397309999999, "2019Q2": 14.959433429999999, "2019Q3": 17.36235077, "2018Q1": 9.07337708, "2018Q2": 11.00225775, "2018Q3": 12.67654072, "2018Q4": 12.16370821, "2014Q1": 3.90989325, "2014Q2": 4.38029281, "2014Q3": 4.2554187, "2014Q4": 4.660350279999999, "2022Q1": 15.88325937, "2022Q2": 11.107733940000001, "2022Q3": 8.850301, "2022Q4": 10.34272847}