{"2014Q3": 2.06, "2014Q1": 2.06, "2014Q2": 2.03, "2014Q4": 2.11, "2006Q3": 9.51, "2006Q1": 11.01, "2006Q2": 9.75, "2006Q4": 8.88, "2008Q3": 2.82, "2008Q1": 2.36, "2008Q2": 2.65, "2008Q4": 2.4, "2017Q3": 0.88595, "2017Q1": 1.12, "2017Q2": 0.94391, "2017Q4": 0.98531, "2022Q3": 1.55, "2022Q1": 1.95, "2022Q2": 1.67, "2022Q4": 0.71375, "1995Q1": 1.41, "2013Q3": 1.45, "2013Q1": 1.12, "2013Q2": 1.36, "2013Q4": 1.88, "1994Q3": 1.41, "1994Q1": 1.51, "1994Q2": 1.32, "1994Q4": 1.32, "2018Q3": 0.95385, "2018Q2": 0.94391, "2018Q4": 0.86111, "2011Q3": 1.02, "2011Q1": 1.59, "2011Q2": 1.53, "2020Q3": 0.88595, "2020Q1": 0.53737, "2020Q2": 0.5796, "2020Q4": 1.2, "2016Q3": 0.83627, "2016Q1": 1.49, "2016Q2": 1.16, "2016Q4": 0.86111, "2007Q3": 4.18, "2007Q1": 8.67, "2007Q2": 8.41, "2007Q4": 3.49, "2004Q3": 5.92, "2004Q4": 7.42, "2023Q3": 1.2, "2023Q1": 0.9, "2023Q2": 1.03, "2019Q3": 0.72864, "2019Q1": 1.03, "2019Q2": 0.86939, "2019Q4": 0.65826, "2021Q3": 2.087442, "2021Q1": 1.35, "2021Q2": 1.81, "2021Q4": 2.16, "2005Q3": 8.37, "2005Q1": 8.78, "2005Q2": 7.83, "2005Q4": 8.52, "1993Q4": 1.22, "2015Q3": 2.23, "2015Q1": 2, "2015Q2": 2.65, "2015Q4": 1.97, "2012Q4": 1.03, "2009Q3": 2.24, "2009Q1": 2, "2009Q2": 1.76, "2009Q4": 1.61, "2010Q3": 1.4, "2010Q1": 1.69, "2010Q2": 1.42}