{"2015Q1": 2.3233828799999996, "2015Q2": 2.26935072, "2015Q3": 2.3233828799999996, "2020Q1": 4.146968279999999, "2020Q2": 4.268540639999999, "2016Q1": 2.80967232, "2016Q2": 2.99878488, "2016Q3": 3.5120904, "2013Q1": 1.8235854, "2013Q2": 1.8641095199999997, "2017Q1": 3.5120904, "2017Q2": 3.0798331199999995, "2017Q3": 2.9852768399999996, "2023Q1": 4.20100044, "2023Q2": 4.24152456, "2021Q1": 4.49817732, "2021Q2": 4.1874924, "2021Q3": 4.20100044, "2019Q1": 4.268540639999999, "2019Q2": 4.7278139999999995, "2018Q1": 3.2419295999999997, "2018Q2": 3.9713637599999996, "2018Q3": 3.9848718, "2014Q1": 2.3368909199999996, "2014Q2": 2.18830248, "2014Q3": 1.9181416799999997, "2022Q1": 4.80886224, "2022Q2": 5.11954716, "2022Q3": 4.90341852}