{"2015Q1": 4.1742191281170005, "2015Q2": 4.427836626972001, "2015Q3": 4.334290763956999, "2015Q4": 4.911156656536, "2010Q1": 1.157589788972, "2010Q2": 1.0666363367279998, "2010Q3": 1.091706814721, "2010Q4": 1.463206200838, "2012Q1": 1.834861012789, "2012Q2": 1.7595164605840001, "2012Q3": 1.577332287077, "2012Q4": 1.591715359809, "2011Q1": 1.636420776137, "2011Q2": 1.63976194662, "2011Q3": 1.291370575177, "2011Q4": 1.481824566928, "2020Q1": 4.565128679171, "2020Q2": 4.022216784523, "2020Q3": 5.084688872775, "2020Q4": 5.312361532392999, "2016Q1": 5.160612331655, "2016Q2": 5.869460944492, "2016Q3": 7.301036533266999, "2016Q4": 7.428288222074, "2013Q1": 1.7307506788309999, "2013Q2": 1.694874104554, "2013Q3": 1.834451959151, "2013Q4": 2.238230332807, "2017Q1": 10.307346421445999, "2017Q2": 11.753868471292, "2017Q3": 11.247028463728, "2017Q4": 9.702372215365, "2023Q1": 7.516694, "2023Q2": 8.292611042474, "2021Q1": 5.872786717876, "2021Q2": 8.081047506757, "2021Q3": 7.880788836341999, "2021Q4": 7.173991311070999, "2019Q1": 7.02713414452, "2019Q2": 7.180445241529, "2019Q3": 6.2230519283909995, "2019Q4": 6.946935020361, "2018Q1": 9.847183750014999, "2018Q2": 7.5487556095979995, "2018Q3": 7.971958939105001, "2018Q4": 7.489703976586, "2009Q4": 1.1308761859179999, "2014Q1": 2.951074917164, "2014Q2": 3.8837060579999996, "2014Q3": 4.457088205384, "2014Q4": 4.212444669269, "2022Q1": 5.925315921525, "2022Q2": 5.510221771237, "2022Q3": 4.534264042474}