{"2015Q1": 0.005388, "2015Q2": 0.010776, "2015Q3": 0.009698400000000001, "2015Q4": 0.0064656, "2012Q4": 0.004310400000000001, "2020Q1": 0.016164, "2020Q2": 0.008620800000000001, "2020Q3": 0.019396800000000002, "2020Q4": 0.014008800000000002, "2016Q1": 0.0075432, "2016Q2": 0.005388, "2016Q3": 0.0064656, "2016Q4": 0.005388, "2013Q1": 0.005388, "2013Q2": 0.004310400000000001, "2013Q3": 0.005388, "2013Q4": 0.0075432, "2017Q1": 0.004310400000000001, "2017Q2": 0.004310400000000001, "2017Q3": 0.0010776000000000002, "2017Q4": 0.008620800000000001, "2023Q1": 0.045259200000000006, "2021Q1": 0.0398712, "2021Q2": 0.028017600000000004, "2021Q3": 0.1045272, "2021Q4": 0.08513040000000001, "2019Q1": 0.005388, "2019Q2": 0.004310400000000001, "2019Q3": 0.005388, "2019Q4": 0.0032328, "2018Q1": 0.005388, "2018Q2": 0.004310400000000001, "2018Q3": 0.005388, "2018Q4": 0.005388, "2014Q1": 0.010776, "2014Q2": 0.008620800000000001, "2014Q3": 0.005388, "2014Q4": 0.0064656, "2022Q1": 0.06357840000000001, "2022Q2": 0.059268, "2022Q3": 0.059268, "2022Q4": 0.043104}