{"2015Q1": 10.17776521412, "2015Q2": 8.610130565288001, "2015Q3": 7.458070272704, "2015Q4": 7.7369903142880005, "2020Q1": 3.68265488, "2020Q2": 3.78863056, "2016Q1": 7.779434898824001, "2016Q2": 7.220271444352, "2016Q4": 7.175225156872001, "2013Q2": 2.8143020803440004, "2013Q3": 2.6780504732640003, "2013Q4": 2.7720164593280003, "2017Q1": 9.318139511712001, "2017Q2": 9.05429716, "2018Q1": 9.77625648, "2018Q2": 8.95494496, "2019Q2": 5.41800664, "2019Q3": 5.27891356, "2019Q4": 5.0338448, "2014Q2": 3.3499124399360003, "2014Q3": 3.6928894812960005, "2014Q4": 3.3992441189760005}