{"2019Q2": 4.842605581038, "2019Q1": 5.219238239999999, "2021Q2": 5.111357510736, "2021Q4": 5.245751879999999, "2021Q3": 4.976847891756, "2021Q1": 4.867895249874, "2020Q2": 5.437542751488, "2020Q4": 4.919681437668, "2020Q3": 5.308077296105999, "2020Q1": 4.7717385137459996, "2023Q2": 5.218109999999999, "2023Q1": 5.54297006646, "2018Q4": 3.833281738566, "2018Q3": 4.058769190014, "2022Q2": 4.8778135795079995, "2022Q4": 4.7115244577699995, "2022Q3": 4.794669230184, "2022Q1": 4.788534904686}