{"2006Q1": 9.90763, "2006Q2": 8.665302, "2006Q3": 11.491648, "2011Q1": 4.734521, "2011Q2": 5.606009, "2011Q3": 8.74839, "2011Q4": 8.77353, "2012Q1": 8.589176, "2012Q2": 6.075271, "2012Q3": 6.913239, "2012Q4": 7.256806, "2019Q1": 7.896884, "2019Q2": 9.605014, "2019Q3": 9.922606, "2019Q4": 10.137196, "2007Q3": 9.211153, "2007Q4": 9.125843, "2009Q3": 2.765296, "2009Q4": 3.008307, "2021Q1": 8.823909, "2021Q2": 9.270255, "2021Q3": 10.214447, "2021Q4": 8.411899, "2014Q1": 9.416176, "2014Q2": 9.536345, "2014Q3": 9.57068, "2014Q4": 9.871105, "2023Q1": 4.720963, "2023Q2": 4.566459, "2023Q3": 6.53, "2023Q4": 7.01, "2024Q1": 6.57, "2024Q2": 9.94, "2022Q1": 8.291728, "2022Q2": 8.111473, "2022Q3": 7.253116, "2022Q4": 5.261728, "2017Q1": 9.193003, "2017Q2": 8.841077, "2017Q3": 9.381842, "2017Q4": 7.416204, "2020Q1": 9.965524, "2020Q2": 8.120057, "2020Q3": 6.077167, "2020Q4": 8.652238, "2018Q1": 7.450539, "2018Q2": 7.811049, "2018Q3": 7.853966, "2018Q4": 6.961275, "2008Q1": 8.370887, "2008Q2": 7.751208, "2013Q1": 7.390881, "2013Q2": 6.913239, "2013Q3": 8.514901, "2013Q4": 8.806743, "2005Q1": 10.37667, "2005Q2": 11.58954, "2005Q3": 8.964593, "2005Q4": 9.450354, "2015Q1": 9.54493, "2015Q2": 9.922606, "2015Q3": 10.609292, "2015Q4": 9.407592, "2010Q1": 4.483131, "2010Q2": 4.055767, "2010Q3": 4.357436, "2010Q4": 4.156323, "2016Q1": 9.098584, "2016Q2": 8.686572, "2016Q3": 8.60932, "2016Q4": 9.201587}