{"2020Q1": 7.277334280307, "2020Q2": 6.678869280307, "2020Q3": 7.408996939385999, "2020Q4": 9.766948560613999, "2023Q1": 7.588536439386, "2023Q2": 1.63021866, "2021Q1": 11.610221, "2021Q2": 9.5155935, "2021Q3": 7.684290240920999, "2021Q4": 9.695133, "2019Q1": 3.075511635, "2019Q2": 3.4770815303069997, "2019Q3": 3.4591277, "2019Q4": 6.391606439386, "2018Q4": 0, "2022Q1": 7.9476154393859995, "2022Q2": 7.660352, "2022Q3": 8.282755240920999}