{"2014Q4": 0.24749255376, "2014Q2": 0.24946429176, "2014Q3": 0.24701933664, "2014Q1": 0.21354579786, "2016Q4": 0.27696346439999997, "2016Q2": 0.24691417728, "2016Q3": 0.31159375614, "2016Q1": 0.24047973894, "2019Q4": 0.28683529931999996, "2019Q2": 0.26968775118, "2019Q3": 0.27812678982, "2019Q1": 0.26542222464, "2013Q4": 0.21386127594, "2018Q4": 0.2690436501, "2018Q2": 0.35298710922000004, "2018Q3": 0.32744652966, "2018Q1": 0.35581983947999996, "2017Q4": 0.37309226436000004, "2017Q2": 0.32364107532, "2017Q3": 0.34458750534000004, "2017Q1": 0.32877416657999997, "2015Q4": 0.2485704372, "2015Q2": 0.33781129908, "2015Q3": 0.23822538516, "2015Q1": 0.32996378184, "2022Q4": 0.1032204843}