{"2006Q3": 4.5, "2006Q2": 4.21, "2006Q1": 4.08, "2006Q4": 4.97, "1994Q4": 0.58667, "2003Q3": 3.21, "2003Q2": 2.86, "2003Q1": 2.39, "2003Q4": 3.03, "2011Q3": 5.99, "2011Q2": 6.13, "2011Q1": 7, "2011Q4": 6.82, "2012Q3": 7.37, "2012Q2": 7.17, "2012Q1": 6.62, "2012Q4": 9.07, "2019Q3": 32.52, "2019Q2": 30.33, "2019Q1": 28.21, "2019Q4": 32.06, "2007Q3": 4.62, "2007Q2": 4.26, "2007Q1": 4.73, "2007Q4": 4.58, "2009Q3": 6.07, "2009Q2": 6.51, "2009Q1": 6.04, "2009Q4": 6.57, "2021Q3": 49.7, "2021Q2": 45.33, "2021Q1": 47.96, "2021Q4": 44.88, "2001Q3": 1.69, "2001Q2": 1.79, "2001Q1": 1.72, "2001Q4": 1.95, "2014Q3": 13.33, "2014Q2": 12.37, "2014Q1": 12.28, "2014Q4": 11.08, "1998Q3": 1.49, "1998Q2": 1.44, "1998Q1": 1.53, "1998Q4": 1.35, "1996Q3": 1, "1996Q2": 0.90258, "1996Q1": 0.90537, "1996Q4": 1.11, "2023Q3": 25.37, "2023Q2": 31.95, "2023Q1": 27.76, "2022Q3": 35.81, "2022Q2": 42.41, "2022Q1": 39.64, "2022Q4": 36.41, "2017Q3": 20.47, "2017Q2": 19.19, "2017Q1": 17.86, "2017Q4": 21.61, "2020Q3": 27.6, "2020Q2": 27.74, "2020Q1": 24.13, "2020Q4": 42.52, "1997Q3": 1.63, "1997Q2": 1.42, "1997Q1": 1.15, "1997Q4": 1.49, "2018Q3": 27.07, "2018Q2": 25.68, "2018Q1": 22.85, "2018Q4": 29.06, "2008Q3": 6.56, "2008Q2": 5.47, "2008Q1": 5.37, "2008Q4": 5.25, "2013Q3": 12.94, "2013Q2": 12.91, "2013Q1": 9.98, "2013Q4": 12.16, "2002Q3": 2.44, "2002Q2": 2.19, "2002Q1": 2.09, "2002Q4": 2.24, "2000Q3": 1.38, "2000Q2": 1.29, "2000Q1": 1.22, "2000Q4": 1.51, "2005Q3": 3.93, "2005Q2": 3.91, "2005Q1": 3.34, "2005Q4": 4.06, "1995Q3": 0.67571, "1995Q2": 0.66782, "1995Q1": 0.61867, "1995Q4": 0.78873, "2015Q3": 14.96, "2015Q2": 14.46, "2015Q1": 12.56, "2015Q4": 11.73, "2010Q3": 6.13, "2010Q2": 6.31, "2010Q1": 6.61, "2010Q4": 6.29, "2016Q3": 16.01, "2016Q2": 15.2, "2016Q1": 13.62, "2016Q4": 19.35, "1999Q3": 1.42, "1999Q2": 1.31, "1999Q1": 1.29, "1999Q4": 1.1, "2004Q3": 3.41, "2004Q2": 3.08, "2004Q1": 3.26, "2004Q4": 3.73}