{"2015Q1": 12.0547336, "2015Q2": 10.38561664, "2015Q3": 11.564596080000001, "2015Q4": 20.413565360000003, "2010Q1": 15.777129360000002, "2010Q2": 14.5054212, "2010Q3": 17.9496308, "2010Q4": 18.26755784, "2012Q1": 8.345584800000001, "2012Q2": 6.34529384, "2012Q3": 7.51102632, "2012Q4": 2.081608748656, "2011Q1": 13.922554960000001, "2011Q2": 12.94227992, "2011Q3": 10.663802800000001, "2011Q4": 8.345584800000001, "2020Q1": 15.008805680000002, "2020Q2": 17.56546896, "2020Q3": 8.55753616, "2020Q4": 16.850133120000002, "2016Q1": 20.51954104, "2016Q2": 15.737388480000002, "2016Q3": 16.53220608, "2016Q4": 15.1677692, "2013Q1": 2.24561141224, "2013Q2": 10.16041832, "2013Q3": 11.75005352, "2013Q4": 10.42535752, "2017Q1": 18.12184128, "2017Q2": 24.7055804, "2017Q3": 43.21158352, "2017Q4": 49.42440776000001, "2023Q1": 11.37913864, "2023Q2": 12.571365040000002, "2021Q1": 15.777129360000002, "2021Q2": 15.472449280000001, "2021Q3": 15.12802832, "2021Q4": 13.233713040000001, "2019Q1": 32.83921384, "2019Q2": 28.666421440000004, "2019Q3": 26.26872168, "2019Q4": 24.08297328, "2018Q1": 44.708490000000005, "2018Q2": 36.65433832000001, "2018Q3": 28.361741360000003, "2018Q4": 28.030567360000003, "2009Q4": 13.59138096, "2014Q1": 10.133924400000001, "2014Q2": 10.690296720000001, "2014Q3": 9.418588560000002, "2014Q4": 9.3391068, "2022Q1": 11.114199440000002, "2022Q2": 9.100661520000001, "2022Q3": 7.881941200000001, "2022Q4": 8.63701792}