{"2021Q3": 2.9424735, "2021Q1": 2.81434554, "2021Q2": 2.87915445, "2021Q4": 3.77381538, "2018Q3": 2.0932533, "2018Q1": 1.8645597900000002, "2018Q2": 1.9964124, "2018Q4": 1.7051447700000002, "2020Q3": 2.69366688, "2020Q1": 2.22063633, "2020Q2": 2.55362004, "2020Q4": 2.83147893, "2015Q4": 1.20306195, "2017Q3": 1.88020332, "2017Q1": 1.61575317, "2017Q2": 1.7699536800000002, "2017Q4": 1.7952813000000003, "2023Q1": 4.62154572, "2023Q2": 4.51204101, "2022Q3": 3.5078753700000003, "2022Q1": 3.4862724, "2022Q2": 3.57938865, "2022Q4": 3.86693163, "2016Q3": 1.54275003, "2016Q1": 1.28798397, "2016Q2": 1.4131322099999999, "2016Q4": 1.46602224, "2019Q3": 2.4210225000000003, "2019Q1": 2.13943896, "2019Q2": 2.3130076500000003, "2019Q4": 2.458269}