{"2017Q4": 0, "2023Q2": 24.7968, "2023Q1": 7.5276000000000005, "2020Q2": 1.222543125, "2020Q4": 1.35838125, "2020Q1": 1.165348125, "2020Q3": 1.322634375, "2022Q2": 15.6456, "2022Q4": 14.0958, "2022Q1": 8.4132, "2022Q3": 21.328200000000002, "2018Q4": 4.861575, "2018Q3": 8.257528125, "2021Q2": 2.4307875, "2021Q4": 6.9741, "2021Q1": 2.87404875, "2021Q3": 2.77488, "2019Q2": 7.149375, "2019Q4": 1.279738125, "2019Q1": 5.254790625, "2019Q3": 1.8588375000000001}