{"2015Q1": 0.85906004, "2015Q2": 0.8777393600000001, "2015Q3": 1.01472104, "2015Q4": 1.22887284, "2012Q3": 0.19132152, "2012Q4": 0.29868044, "2011Q4": 0.14962324, "2020Q1": 1.82019596, "2020Q2": 1.8347243199999999, "2020Q3": 2.36095284, "2020Q4": 2.32434892, "2013Q1": 0.38622796, "2013Q2": 0.36226559999999997, "2013Q3": 0.54830408, "2013Q4": 0.62509684, "2023Q1": 3.29322072, "2021Q1": 3.3613342, "2021Q2": 3.85775128, "2021Q3": 3.8245435999999997, "2021Q4": 2.85736992, "2019Q1": 1.78378072, "2019Q2": 2.13849912, "2019Q3": 1.9600078399999998, "2019Q4": 1.4352887599999997, "2018Q4": 1.7528372, "2014Q1": 0.9434, "2014Q2": 1.0934006, "2014Q3": 0.87566388, "2014Q4": 0.95038116, "2022Q1": 2.51642516, "2022Q2": 2.55887816, "2022Q3": 3.50869328, "2022Q4": 3.1958618399999996}