{"2021Q3": 93.800003, "2021Q1": 101.660004, "2021Q2": 90.160004, "2021Q4": 92.209999, "2011Q3": 21.915001, "2011Q1": 21.915001, "2011Q2": 21.915001, "2011Q4": 21.915001, "2015Q3": 21.915001, "2015Q1": 21.915001, "2015Q2": 21.915001, "2015Q4": 21.915001, "2014Q3": 21.915001, "2014Q1": 21.915001, "2014Q2": 21.915001, "2014Q4": 21.915001, "2010Q3": 20.565001, "2010Q1": 15.51, "2010Q2": 19.424999, "2010Q4": 21.915001, "2009Q3": 15.51, "2009Q1": 15.51, "2009Q2": 15.51, "2009Q4": 15.51, "2019Q3": 95.440002, "2019Q1": 58.779999, "2019Q2": 58.779999, "2019Q4": 104.239998, "2016Q3": 21.915001, "2016Q1": 21.915001, "2016Q2": 21.915001, "2016Q4": 21.915001, "2018Q3": 58.779999, "2018Q1": 58.779999, "2018Q2": 58.779999, "2018Q4": 58.779999, "2023Q3": 0, "2023Q1": 104.339996, "2023Q2": 110.199997, "2012Q3": 21.915001, "2012Q1": 21.915001, "2012Q2": 21.915001, "2012Q4": 21.915001, "2020Q3": 88.169998, "2020Q1": 88.029999, "2020Q2": 86.059998, "2020Q4": 91.419998, "2022Q3": 100.519997, "2022Q1": 91.959999, "2022Q2": 85.519997, "2022Q4": 95.199997, "2013Q3": 21.915001, "2013Q1": 21.915001, "2013Q2": 21.915001, "2013Q4": 21.915001, "2017Q3": 21.915001, "2017Q1": 21.915001, "2017Q2": 21.915001, "2017Q4": 55.174999}