{"2014Q4": 0.75054206, "2021Q3": 0.19351498000000003, "2021Q1": 0.21583903999999998, "2021Q2": 2.0749437800000003, "2021Q4": 0.17405604000000002, "2018Q3": 0.6722287800000001, "2018Q1": 0.68595748, "2018Q2": 0.7979359200000001, "2018Q4": 0.7664196000000001, "2020Q3": 1.5667431200000002, "2020Q1": 1.36725914, "2020Q2": 1.563878, "2020Q4": 1.7092828400000002, "2015Q3": 0.53398674, "2015Q1": 0.6165977, "2015Q2": 0.5435371400000001, "2015Q4": 0.38046406000000005, "2017Q3": 0.7711948, "2017Q1": 0.82766154, "2017Q2": 0.82276696, "2017Q4": 0.6373698200000001, "2023Q3": 0.17477232, "2023Q1": 0.14552422, "2023Q2": 0.12582652, "2022Q1": 0.14552422, "2016Q3": 0.57278524, "2016Q1": 0.4106672, "2016Q2": 0.53494178, "2016Q4": 0.6544411600000001, "2019Q3": 0.9568307000000001, "2019Q1": 0.07676134, "2019Q2": 0.93999812, "2019Q4": 0.8946337200000001}