{"2014Q3": 0.12802657402, "2014Q1": 0.178520637116, "2014Q2": 0.14699169865, "2014Q4": 0.162756161914, "2021Q3": 0.41209976000000004, "2021Q1": 0.44648122387600003, "2021Q2": 0.433349388062, "2018Q3": 0.14946376, "2018Q1": 0.14656176351800002, "2018Q2": 0.16996960291000002, "2018Q4": 0.17226534000000002, "2011Q4": 0.12630680961600002, "2020Q3": 0.345843848062, "2020Q1": 0.27958796, "2020Q2": 0.327698111938, "2020Q4": 0.34858961193800003, "2015Q3": 0.118520117798, "2015Q1": 0.133329159046, "2015Q2": 0.10361553673600002, "2015Q4": 0.088519864108, "2017Q3": 0.170590629608, "2017Q1": 0.17551105537800002, "2017Q2": 0.17570213500600002, "2017Q4": 0.145080854618, "2023Q3": 0.35849814, "2023Q1": 0.30788103193800004, "2023Q2": 0.28090114000000005, "2012Q3": 0.09926836178800001, "2012Q2": 0.08909311493000001, "2012Q4": 0.10055817912199999, "2022Q1": 0.297853111938, "2016Q3": 0.132994763728, "2016Q1": 0.086131309068, "2016Q2": 0.127835482454, "2016Q4": 0.147947120666, "2019Q3": 0.22383750000000002, "2019Q1": 0.1665351, "2019Q2": 0.19160488806200002, "2019Q4": 0.21261576806200003, "2013Q3": 0.124778136778, "2013Q1": 0.099507217292, "2013Q2": 0.088758719612, "2013Q4": 0.14484199911400003}