{"2014Q3": 5.42, "2014Q1": 17.9, "2014Q2": 19.9, "2014Q4": 6.7, "2006Q3": 47.946308, "2006Q1": 42.456413, "2006Q2": 41.208485, "2006Q4": 43.477364, "2008Q3": 1.62, "2008Q1": 37.525444, "2008Q2": 24.200001, "2008Q4": 0.41, "2017Q3": 11.3, "2017Q1": 11.55, "2017Q2": 10.05, "2017Q4": 11.1, "2022Q3": 3.98, "2022Q1": 5.5, "2022Q2": 4.25, "2022Q4": 3.3, "1995Q3": 0, "1995Q1": 0, "1995Q2": 0, "1995Q4": 0, "2013Q3": 13, "2013Q1": 7.97, "2013Q2": 7.31, "2013Q4": 20, "2000Q3": 35.767166, "2000Q1": 34.625656, "2000Q2": 37.669674, "2000Q4": 38.050167, "1994Q3": 0, "1994Q1": 0, "1994Q2": 0, "1994Q4": 0, "2018Q3": 8.56, "2018Q1": 9.1, "2018Q2": 9.6, "2018Q4": 17, "2011Q3": 3.09, "2011Q1": 3.25, "2011Q2": 2.9, "2011Q4": 1.61, "1991Q4": 0, "2020Q3": 14, "2020Q1": 9.65, "2020Q2": 14.01, "2020Q4": 8.22, "1997Q3": 0, "1997Q1": 0, "1997Q2": 0, "1997Q4": 0, "2016Q3": 4.76, "2016Q1": 5.93, "2016Q2": 6.15, "2016Q4": 18, "2002Q3": 39.381935, "2002Q1": 38.050167, "2002Q2": 40.523434, "2002Q4": 40.180984, "1996Q3": 0, "1996Q1": 0, "1996Q2": 0, "1996Q4": 0, "2007Q3": 44.67733, "2007Q1": 44.340454, "2007Q2": 44.535442, "2007Q4": 38.715336, "1992Q3": 0, "1992Q1": 0, "1992Q2": 0, "1992Q4": 0, "2023Q3": 3.36, "2023Q1": 2.52, "2023Q2": 3.28, "1998Q3": 0, "1998Q1": 0, "1998Q2": 0, "1998Q4": 0, "2019Q3": 20, "2019Q1": 17.49, "2019Q2": 18.26, "2019Q4": 18.6, "2021Q3": 4.3, "2021Q1": 10, "2021Q2": 2.94, "2021Q4": 4.07, "2005Q3": 40.197468, "2005Q1": 39.851089, "2005Q2": 44.974991, "2005Q4": 42.533352, "1993Q3": 0, "1993Q1": 0, "1993Q2": 0, "1993Q4": 0, "2015Q3": 7.5, "2015Q1": 8.18, "2015Q2": 8, "2015Q4": 4.1, "1999Q3": 37.289169, "1999Q1": 0, "1999Q2": 0, "1999Q4": 37.289169, "2012Q3": 2.74, "2012Q1": 1.78, "2012Q2": 2.96, "2012Q4": 3.91, "2001Q3": 37.859921, "2001Q1": 38.240421, "2001Q2": 38.050167, "2001Q4": 37.974079, "2009Q3": 1.99, "2009Q1": 0.9, "2009Q2": 2.01, "2009Q4": 1.6, "2010Q3": 0.81, "2010Q1": 2, "2010Q2": 0.7, "2010Q4": 3.05}