{"2017Q2": 0.0428942, "2017Q4": 0.036818000000000004, "2017Q1": 0.0446818, "2017Q3": 0.03967734, "2023Q2": 0.09553, "2023Q1": 0.051473040000000005, "2016Q2": 0.04360924000000001, "2016Q4": 0.03574544, "2016Q1": 0.033242799999999996, "2016Q3": 0.04789866, "2015Q2": 0.03181354, "2015Q4": 0.05719254, "2015Q1": 0.0322424, "2015Q3": 0.028167, "2020Q2": 0.05719254, "2020Q4": 0.04789866, "2020Q1": 0.04182164, "2020Q3": 0.028167, "2022Q2": 0.02416376, "2022Q4": 0.01830158, "2022Q1": 0.02502148, "2022Q3": 0.02502148, "2018Q2": 0.0486137, "2018Q4": 0.050043779999999996, "2018Q1": 0.04432428, "2018Q3": 0.052188080000000005, "2021Q2": 0.08793351999999999, "2021Q4": 0.027166600000000003, "2021Q1": 0.04539684, "2021Q3": 0.03102716, "2019Q2": 0.04432428, "2019Q4": 0.03360032, "2019Q1": 0.04932874, "2019Q3": 0.04575436, "2013Q4": 0.027524120000000003, "2014Q4": 0.0320989, "2014Q3": 0.032385080000000004}