{"2020Q4": 1.635665736608, "2020Q1": 1.261081448688, "2020Q3": 1.635665736608, "2020Q2": 1.261085422776, "2014Q4": 3.7296776139120005, "2014Q1": 4.113663269344, "2014Q3": 3.600489285904, "2014Q2": 4.179878198904, "2016Q4": 2.24174329992, "2016Q1": 4.66555944156, "2016Q3": 2.24174329992, "2016Q2": 1.9231207945200002, "2011Q4": 0, "2011Q1": 0, "2011Q3": 0, "2011Q2": 0, "2017Q4": 2.19622674536, "2017Q1": 2.24174329992, "2017Q3": 2.19622674536, "2017Q2": 2.24174329992, "2013Q4": 3.310795491752, "2013Q1": 0, "2013Q3": 0, "2013Q2": 4.78878266348, "2015Q4": 1.583989345648, "2015Q1": 3.302787704432, "2015Q3": 2.404068898368, "2015Q2": 3.561168334536, "2010Q4": 0, "2010Q1": 0, "2010Q3": 0, "2010Q2": 0, "2018Q4": 2.8334730808560002, "2018Q1": 2.275882040536, "2018Q3": 3.129338633672, "2018Q2": 2.799335664936, "2019Q4": 2.4514493002, "2019Q1": 2.8334730808560002, "2019Q3": 2.946453753304, "2019Q2": 2.833474405552, "2022Q4": 2.62198403976, "2021Q4": 2.5836142201200003, "2021Q1": 1.635665736608, "2021Q3": 2.5836142201200003, "2021Q2": 1.635665736608, "2009Q4": 0, "2023Q2": 2.62198403976, "2012Q4": 0, "2012Q1": 0, "2012Q3": 0, "2012Q2": 0}