{"2015Q2": 64.2744121971, "2015Q4": 63.342207486700005, "2012Q4": 0, "2020Q4": 65.91041649185, "2016Q2": 58.11947087565, "2016Q4": 71.70816842395001, "2013Q2": 19.48071604355, "2013Q4": 27.4881281448, "2017Q4": 112.10375411155002, "2021Q4": 73.23801760675, "2019Q4": 63.103184205699996, "2018Q4": 73.5008583374, "2014Q2": 45.47492781035, "2014Q4": 53.19549945135, "2022Q4": 46.0188080462}