{"2020Q4": 0, "2021Q1": 4.869156151565999, "2021Q2": 4.234263211997, "2021Q3": 5.068445328016, "2021Q4": 5.860389524374, "2022Q1": 6.673452735725999, "2022Q2": 5.746351786056, "2022Q3": 4.1607842164}