{"2020Q4": 0.11272896, "2020Q1": 0.02818224, "2020Q3": 0.11272896, "2020Q2": 0.11272896, "2014Q4": 0.15969936, "2014Q1": 0.2818224, "2014Q3": 0.25364016, "2014Q2": 0.3757632, "2016Q4": 0.07515264, "2016Q1": 0.07515264, "2016Q3": 0.07515264, "2016Q2": 0.08454671999999999, "2017Q4": 0.0939408, "2017Q1": 0.11272896, "2017Q3": 0.08454671999999999, "2017Q2": 0.0939408, "2013Q4": 0.19727568, "2015Q4": 0.07515264, "2015Q1": 0.0939408, "2015Q3": 0.05636448, "2015Q2": 0.0939408, "2018Q4": 0.01878816, "2018Q1": 0.08454671999999999, "2018Q3": 0.0469704, "2018Q2": 0.06575856000000001, "2019Q4": 0.01878816, "2019Q1": 0.03757632, "2019Q3": 0.02818224, "2019Q2": 0.02818224, "2022Q4": 0.02818224, "2022Q1": 0.03757632, "2022Q3": 0.02818224, "2022Q2": 0.02818224, "2021Q4": 0.03757632, "2021Q1": 0.06575856000000001, "2021Q3": 0.06575856000000001, "2021Q2": 0.05636448, "2023Q1": 0.01878816, "2023Q2": 0.01878816}