{"2014Q2": 0.6082280960399999, "2014Q4": 0.44469456780999994, "2014Q3": 0.52971655847, "2014Q1": 0.65396103339, "2016Q2": 0.39892168902999997, "2016Q4": 0.1634935868, "2016Q3": 1.039808561, "2016Q1": 0.41199585045, "2013Q2": 0.94177897797, "2013Q4": 0.7324459433399999, "2013Q3": 0.92208785298, "2013Q1": 0.9417124089199999, "2018Q2": 0.05886035401, "2018Q1": 0.10463456417099999, "2017Q2": 0.12425379458699999, "2017Q4": 0.11117430764299999, "2017Q3": 0.12426178287299999, "2017Q1": 0.17003066750999998, "2015Q2": 0.34008796263999996, "2015Q4": 0.41853293115999995, "2015Q3": 0.4577820430399999, "2015Q1": 0.39238460831999994, "2012Q2": 1.04641221076, "2012Q4": 0.9417124089199999, "2012Q3": 0.94177897797}