{"2022Q4": 20.4, "2022Q3": 22.530001, "2022Q2": 17.549999, "2023Q1": 20.049999, "2023Q2": 21.35}