{"2001Q2": 6.907981, "2001Q4": 3.510817, "2001Q3": 4.508991, "2016Q2": 28.496574, "2016Q4": 40.514416, "2016Q3": 34.432175, "2016Q1": 26.892015, "2013Q2": 18.043032, "2013Q4": 25.271683, "2013Q3": 20.805483, "2013Q1": 15.550679, "2017Q2": 33.79562, "2017Q4": 30.783464, "2017Q3": 39.011158, "2017Q1": 36.041328, "2009Q2": 5.637673, "2009Q1": 3.230657, "2008Q2": 5.194701, "2008Q4": 3.670878, "2008Q3": 5.301233, "2008Q1": 6.531941, "2019Q2": 46.60294, "2019Q4": 74.168472, "2019Q3": 60.57637, "2019Q1": 39.541885, "2021Q2": 87.131866, "2021Q4": 90.971359, "2021Q3": 95.7957, "2021Q1": 85.970116, "2020Q2": 74.168472, "2020Q4": 83.888626, "2020Q3": 74.461479, "2020Q1": 51.140778, "2023Q2": 74.510002, "2023Q3": 75.16, "2023Q1": 67.184898, "2012Q2": 13.381577, "2012Q4": 17.328369, "2012Q3": 12.916767, "2012Q1": 13.618057, "2002Q2": 3.510817, "2002Q3": 3.094339, "2002Q1": 4.247401, "2006Q2": 4.741632, "2006Q3": 4.20281, "2018Q2": 32.941158, "2018Q4": 42.742893, "2018Q3": 40.316315, "2018Q1": 33.454258, "2015Q4": 30.029413, "2015Q3": 24.110285, "2022Q2": 91.276276, "2022Q4": 70.415321, "2022Q3": 80.988014, "2022Q1": 98.254753, "2004Q2": 6.711856, "2004Q4": 5.211484, "2004Q3": 5.593214, "2007Q2": 6.892158, "2007Q4": 5.194701, "2007Q3": 6.560759, "2014Q2": 24.155767, "2014Q4": 23.38497, "2014Q3": 21.946218, "2014Q1": 25.716372, "2005Q2": 5.211484, "2005Q3": 4.892503, "2005Q1": 6.367661, "2003Q2": 4.922027, "2003Q3": 4.405732}