{"2017Q2": 0.15259446, "2017Q4": 0.15090209999999998, "2017Q1": 0.13990176, "2017Q3": 0.15090209999999998, "2023Q2": 0.73871514, "2023Q1": 0.8836939799999999, "2016Q2": 0.16105625999999998, "2016Q4": 0.14300442, "2016Q1": 0.1325682, "2016Q3": 0.12805524, "2015Q2": 0.13002966, "2015Q4": 0.14300442, "2015Q1": 0.10492632, "2015Q3": 0.15174827999999999, "2020Q2": 0.15315858, "2020Q4": 0.15767154, "2020Q1": 0.13059378, "2020Q3": 0.15908183999999997, "2022Q2": 1.14403536, "2022Q4": 0.8808733799999999, "2022Q1": 0.85802652, "2022Q3": 1.38604284, "2018Q2": 0.14695326, "2018Q4": 0.13426055999999997, "2018Q1": 0.14469678, "2018Q3": 0.15231240000000001, "2021Q2": 0.31449689999999997, "2021Q4": 0.57088944, "2021Q1": 0.1960317, "2021Q3": 0.44170595999999995, "2019Q2": 0.13933764, "2019Q4": 0.13369644, "2019Q1": 0.14638914, "2019Q3": 0.13623498, "2013Q4": 0.09364391999999999, "2014Q2": 0.10238778, "2014Q4": 0.10746486, "2014Q1": 0.09956717999999999, "2014Q3": 0.11677283999999999}