{"2020Q4": 0.67024832, "2020Q1": 0.44838912, "2020Q3": 0.6071936, "2020Q2": 0.5628217600000001, "2017Q4": 0.3619808, "2018Q4": 0.35731008, "2018Q1": 0.39701119999999995, "2018Q3": 0.39000512, "2018Q2": 0.38299903999999996, "2019Q4": 0.50910848, "2019Q1": 0.36665152, "2019Q3": 0.49976704, "2019Q2": 0.47174272, "2022Q4": 1.0018694399999999, "2022Q1": 1.02055232, "2021Q4": 0.9551622399999999, "2021Q1": 0.7986931199999999, "2021Q3": 0.88043072, "2021Q2": 0.9201318399999999, "2023Q2": 0.9971987199999999}