{"2014Q2": 6.42924768, "2014Q4": 5.46801212, "2014Q3": 5.76741336, "2014Q1": 6.16136236, "2008Q4": 1.15029956408, "2016Q2": 5.70438152, "2016Q4": 8.06807552, "2016Q3": 6.25591012, "2016Q1": 5.87771908, "2019Q2": 5.60983376, "2019Q4": 5.436496200000001, "2019Q3": 5.5783178399999995, "2019Q1": 5.13709496, "2013Q2": 4.79041984, "2013Q4": 5.64134968, "2013Q3": 5.15285292, "2013Q1": 3.08856016, "2011Q2": 4.63284024, "2011Q4": 2.85219076, "2011Q3": 3.7819103999999997, "2011Q1": 4.869209639999999, "2021Q2": 5.121337, "2021Q4": 4.83769372, "2021Q3": 4.82193576, "2021Q1": 4.8849676, "2020Q2": 5.0425472000000005, "2020Q4": 4.99527332, "2020Q3": 5.07406312, "2020Q1": 4.44374472, "2023Q2": 5.07406312, "2023Q1": 5.60983376, "2018Q2": 5.168610879999999, "2018Q4": 4.68011412, "2018Q3": 6.287426040000001, "2018Q1": 5.7358974400000005, "2017Q2": 9.04506904, "2017Q4": 7.02805016, "2017Q3": 7.169871799999999, "2017Q1": 7.768674279999999, "2015Q2": 6.49227952, "2015Q4": 6.19287828, "2015Q3": 6.17712032, "2015Q1": 6.019540719999999, "2010Q2": 3.6243307999999996, "2010Q4": 4.2546492, "2010Q3": 3.3879614, "2010Q1": 3.12007608, "2009Q2": 2.09580868, "2009Q4": 2.19035644, "2009Q3": 2.31642012, "2009Q1": 0.69018289004, "2022Q2": 5.05830516, "2022Q3": 4.68011412, "2022Q1": 4.22313328, "2012Q2": 3.151592, "2012Q4": 3.3564454799999996, "2012Q3": 3.81342632, "2012Q1": 4.018279799999999}