{"2017Q2": 0.12903150000000002, "2017Q4": 0.12936235000000001, "2017Q1": 0.13002405000000003, "2017Q3": 0.12671555, "2023Q2": 0.07642635, "2023Q1": 0.0813891, "2016Q2": 0.13994955000000003, "2016Q4": 0.11480495000000002, "2016Q1": 0.12406875, "2016Q3": 0.12870065000000003, "2015Q2": 0.14755910000000003, "2015Q4": 0.11612835, "2015Q1": 0.13234, "2015Q3": 0.13002405000000003, "2020Q2": 0.05326685000000001, "2020Q4": 0.042679650000000006, "2020Q1": 0.058229600000000006, "2020Q3": 0.04069455, "2022Q2": 0.08999120000000002, "2022Q4": 0.09760075000000001, "2022Q1": 0.10157095000000001, "2022Q3": 0.11017305000000001, "2018Q2": 0.07510295, "2018Q4": 0.050289200000000006, "2018Q1": 0.09561565000000001, "2018Q3": 0.06319235000000001, "2021Q2": 0.06980935, "2021Q4": 0.10388690000000002, "2021Q1": 0.05856045000000001, "2021Q3": 0.07113275000000001, "2019Q2": 0.0774189, "2019Q4": 0.0562445, "2019Q1": 0.06385405000000001, "2019Q3": 0.06947850000000001, "2013Q4": 0.05856045000000001, "2014Q2": 0.05988385000000001, "2014Q4": 0.09760075000000001, "2014Q1": 0.056906200000000004, "2014Q3": 0.07774975}