{"2014Q2": 15.629263118196, "2014Q4": 15.120943363335002, "2014Q3": 15.696824620065001, "2014Q1": 15.093969166977, "2016Q2": 14.260263238335002, "2016Q4": 17.385942793083, "2016Q3": 13.919044104030002, "2016Q1": 14.234858182155001, "2019Q2": 17.014047390309, "2019Q4": 16.347469253802, "2019Q3": 15.346603919226, "2019Q1": 17.683336835793003, "2013Q2": 14.572893799497, "2013Q4": 15.299458638366001, "2013Q3": 14.193926382483001, "2013Q1": 14.015894569062, "2011Q2": 10.143501672228, "2011Q4": 11.411440676904002, "2011Q3": 10.777471766862, "2011Q1": 9.458818157556001, "2020Q2": 14.678767301793, "2020Q3": 14.88169909098, "2020Q1": 16.013848610844, "2018Q2": 17.48473635918, "2018Q4": 17.814636864999002, "2018Q3": 17.352776586267, "2018Q1": 15.991615818003002, "2017Q2": 14.418605207754, "2017Q4": 15.730102622751001, "2017Q3": 15.074681491959002, "2017Q1": 14.651624745297001, "2015Q2": 16.174681629165, "2015Q4": 15.966333885354002, "2015Q3": 15.206065108938, "2015Q1": 14.541841274994, "2010Q4": 9.143521524024, "2012Q2": 13.602407622909, "2012Q4": 14.335089916977001, "2012Q3": 13.251993759537001, "2012Q1": 12.996360730899001}