{"2015Q1": 62.90981304000001, "2015Q2": 66.61896184, "2015Q3": 68.84445112, "2015Q4": 75.61364768, "2010Q4": 22.37411544, "2011Q1": 23.274908720000003, "2011Q2": 25.964041600000005, "2011Q3": 24.0432324, "2011Q4": 25.79183112, "2020Q1": 40.54894456, "2020Q2": 52.616925120000005, "2020Q3": 47.437363760000004, "2020Q4": 46.682287040000006, "2016Q1": 73.53387496, "2016Q2": 75.81235208, "2016Q3": 82.36959728000001, "2016Q4": 85.42964504, "2013Q1": 35.170678800000005, "2013Q2": 34.985221360000004, "2013Q3": 33.92546456, "2013Q4": 41.22453952000001, "2017Q1": 86.80732888000001, "2017Q2": 87.70812216, "2017Q3": 79.53474784000001, "2017Q4": 75.56065984, "2023Q1": 31.925173600000004, "2023Q2": 33.5810436, "2023Q3": 38.82683976, "2021Q1": 46.496829600000005, "2019Q1": 58.445587520000004, "2019Q2": 57.09439760000001, "2019Q3": 51.37171088, "2019Q4": 59.83651832, "2018Q1": 72.51385904000001, "2018Q2": 80.99191344, "2018Q3": 74.42142128, "2018Q4": 49.755581760000005, "2014Q1": 41.96636928, "2014Q2": 40.68141416, "2014Q3": 43.92691936, "2014Q4": 48.37789792000001, "2022Q1": 40.82713072000001, "2022Q2": 37.26369848, "2022Q3": 27.5536768, "2022Q4": 33.74000712}