{"2020Q1": 7.72, "2020Q3": 9.49, "2020Q2": 6.55, "2014Q4": 66.989998, "2014Q1": 37.099998, "2014Q3": 55.419998, "2014Q2": 45.259998, "2016Q4": 25.950001, "2011Q4": 0, "2017Q4": 20.200001, "2017Q1": 24.35, "2017Q3": 17.1, "2017Q2": 16.85, "2013Q4": 48.119999, "2013Q1": 31.17, "2013Q3": 42.279999, "2013Q2": 31.43, "2015Q1": 50.549999, "2015Q3": 38.09, "2015Q2": 53.73, "2018Q4": 15.24, "2018Q1": 21.85, "2018Q3": 24.940001, "2018Q2": 29.049999, "2019Q4": 9.44, "2019Q1": 13.2, "2019Q3": 9.47, "2019Q2": 9.71, "2022Q4": 8.39, "2022Q1": 6.21, "2022Q3": 7.25, "2022Q2": 7.8, "2021Q4": 9.4, "2023Q1": 7.41, "2023Q2": 8.34, "2012Q4": 22.43, "2012Q1": 12.53, "2012Q3": 15.35, "2012Q2": 16}