{"2014Q4": 0, "2016Q2": 4.38578881, "2016Q4": 5.168606950000001, "2016Q3": 4.4861501100000005, "2016Q1": 0, "2019Q2": 4.937775960000001, "2019Q4": 5.1184263, "2019Q3": 4.375752680000001, "2019Q1": 5.068245650000001, "2021Q2": 6.232436730000001, "2021Q4": 6.16218382, "2021Q3": 6.101967040000001, "2021Q1": 5.509835370000001, "2020Q2": 4.225210730000001, "2020Q4": 5.600160540000001, "2020Q3": 4.92773983, "2020Q1": 3.66318745, "2023Q2": 4.3556804200000006, "2023Q1": 4.85748692, "2018Q2": 4.77719788, "2018Q4": 4.27539138, "2018Q3": 5.168606950000001, "2018Q1": 4.1850662100000005, "2017Q2": 5.00802887, "2017Q4": 5.00802887, "2017Q3": 5.911280570000001, "2017Q1": 4.4660778500000005, "2015Q2": 0, "2015Q4": 0, "2015Q3": 0, "2015Q1": 0, "2022Q2": 5.6202328, "2022Q4": 5.27900438, "2022Q3": 5.95142509, "2022Q1": 6.453231590000001}