{"2015Q4": 39.94993765, "2020Q1": 5.3633307, "2020Q2": 5.10204023, "2020Q3": 6.00968081, "2020Q4": 6.69728731, "2016Q1": 32.16623207, "2016Q2": 24.616312699999998, "2016Q3": 23.28235609, "2016Q4": 21.79712605, "2017Q1": 24.203748800000003, "2017Q2": 31.176078710000002, "2017Q3": 33.899000449999996, "2017Q4": 39.729903570000005, "2023Q1": 5.2395615300000005, "2023Q2": 4.75823698, "2021Q1": 8.320038649999999, "2021Q2": 6.83480861, "2021Q3": 6.6697830499999995, "2021Q4": 5.04703171, "2019Q1": 15.23736004, "2019Q2": 13.53209592, "2019Q3": 12.67946386, "2019Q4": 12.50068617, "2018Q1": 33.390171640000005, "2018Q2": 21.85213457, "2018Q3": 19.72055442, "2018Q4": 10.38285815, "2022Q1": 5.12954449, "2022Q2": 4.24940817, "2022Q3": 2.8879473}