{"2020Q1": 2.57968, "2020Q2": 1.5426560441600001, "2020Q3": 1.52131197056, "2020Q4": 0.93030401472, "2021Q1": 1.4219519705600001, "2021Q2": 1.1113600000000001, "2021Q3": 1.02819197056, "2021Q4": 0.69036802944, "2019Q1": 8.40507776832, "2019Q2": 7.6315841766400005, "2019Q3": 6.88748791168, "2019Q4": 1.53897604416, "2018Q1": 9.9254550336, "2018Q4": 8.53358488448, "2022Q1": 0.42908799999999997}