{"2021Q4": 0, "2023Q2": 0.06361234, "2023Q1": 0.06425166, "2022Q2": 0.07256282, "2022Q4": 0.06265336, "2022Q1": 0, "2022Q3": 0.06744826}