{"2014Q3": 0.16718201000000002, "2014Q1": 0.13123776, "2014Q2": 0.15565628000000004, "2014Q4": 0.15716476000000001, "2021Q3": 0.08400348, "2021Q1": 0.09324292, "2021Q2": 0.08720900000000001, "2021Q4": 0.07466976, "2018Q1": 0.13642316000000002, "2018Q4": 0.1070078, "2011Q3": 0.02837828, "2011Q1": 0.036632494, "2011Q2": 0.027657038000000002, "2011Q4": 0.038136260000000005, "2008Q4": 0.01562691, "2020Q3": 0.0938086, "2020Q1": 0.09776836, "2020Q2": 0.09258296, "2020Q4": 0.09428, "2015Q3": 0.19442892057200004, "2015Q1": 0.174300140572, "2015Q2": 0.16996327, "2015Q4": 0.1664042, "2017Q3": 0.14971664, "2017Q1": 0.15867324, "2017Q2": 0.17064680000000002, "2017Q4": 0.15622196000000002, "2023Q3": 0.08551196000000001, "2023Q1": 0.08852892000000001, "2023Q2": 0.09230012, "2012Q3": 0.05941997, "2012Q1": 0.03797127, "2012Q2": 0.0388905, "2012Q4": 0.07462262, "2022Q3": 0.07127568, "2022Q1": 0.08334352, "2022Q2": 0.07136996000000001, "2022Q4": 0.07495260000000001, "2016Q3": 0.19138839057200002, "2016Q1": 0.16128951000000002, "2016Q2": 0.17668071999999999, "2016Q4": 0.173192369428, "2019Q4": 0.08862320000000001, "2009Q3": 0.02281576, "2009Q2": 0.018082904, "2009Q4": 0.024300670000000003, "2013Q3": 0.13557464000000002, "2013Q1": 0.11693077, "2013Q2": 0.13093135, "2013Q4": 0.1282208, "2010Q3": 0.0367692, "2010Q1": 0.02512562, "2010Q2": 0.029952756000000004, "2010Q4": 0.030518436000000003}