{"2019Q4": 16.221598050894, "2020Q4": 8.3164596}