{"2015Q2": 30.385107990000005, "2015Q4": 22.65725205, "2012Q2": 3.5815146300000005, "2016Q2": 22.8498066, "2016Q4": 34.274709900000005, "2013Q4": 10.07702145, "2017Q4": 41.078304, "2018Q4": 36.456994800000004, "2014Q2": 8.67779172}