{"2015Q2": 1.35724654, "2015Q3": 1.59457542, "2015Q4": 1.43436082, "2012Q4": 0.28821022, "2020Q1": 1.45672044, "2020Q2": 1.78718506, "2020Q3": 1.79827684, "2020Q4": 1.7565506199999998, "2016Q1": 1.50760178, "2016Q2": 1.8845462400000002, "2016Q3": 1.75162094, "2016Q4": 1.9803228800000001, "2013Q1": 0.27923116, "2013Q2": 0.2623294, "2017Q1": 2.45586094, "2017Q2": 3.2287643399999997, "2017Q3": 3.27066662, "2017Q4": 2.24951862, "2023Q1": 3.41327522, "2021Q1": 2.04599326, "2021Q2": 2.6308645800000003, "2021Q3": 2.39195116, "2021Q4": 1.9234555, "2019Q1": 1.866236, "2019Q2": 1.77961448, "2019Q3": 2.0669444, "2019Q4": 0.8970257, "2018Q1": 2.24370864, "2018Q2": 1.9815553, "2018Q3": 2.3530419, "2018Q4": 2.39776114, "2022Q1": 2.2139545, "2022Q2": 2.66237932, "2022Q3": 3.2358067399999997}