{"2021Q4": 0.111614545176, "2021Q2": 0.097393976376, "2020Q4": 0.09730716738400001, "2020Q2": 0.062228514247999994, "2022Q2": 0.103022402792, "2022Q3": 0.100509651688, "2018Q4": 0.11904983999999999, "2019Q4": 0.045201058384, "2019Q2": 0.082258526272, "2023Q1": 0.1151978}