{"2020Q4": 0.0388873, "2020Q2": 0.061401, "2015Q2": 0.0798213, "2018Q4": 0.09721824999999999, "2019Q4": 0.02558375, "2019Q2": 0.05014415, "2022Q4": 0.05014415, "2022Q2": 0.05833095, "2021Q4": 0.07163449999999999, "2021Q2": 0.04605075}