{"2015Q1": 9.208503696664001, "2015Q2": 9.770520546320002, "2015Q3": 8.361942146208001, "2015Q4": 10.254046508584, "2010Q1": 10.6323743874, "2010Q2": 10.294708052304001, "2010Q3": 10.648906593480001, "2010Q4": 12.20502698468, "2012Q1": 10.475816515336, "2012Q2": 8.665443246768001, "2012Q3": 11.040272130328002, "2012Q4": 10.287924284088001, "2011Q1": 12.705509055744002, "2011Q2": 13.964928010952002, "2011Q3": 11.664320519576002, "2011Q4": 9.660843665696, "2020Q1": 11.77016240528, "2020Q2": 12.091819789216, "2020Q3": 9.292906702304, "2020Q4": 10.281863799888, "2016Q1": 10.501134105288001, "2016Q2": 12.091136246080001, "2016Q3": 12.019380113152, "2016Q4": 14.020133392056, "2013Q1": 10.690343084360002, "2013Q2": 10.046495788696001, "2013Q3": 10.980206439600002, "2013Q4": 10.640843168927999, "2017Q1": 14.054718555224001, "2017Q2": 13.330838426024, "2017Q3": 15.347616552440002, "2017Q4": 15.685372966864, "2023Q1": 13.522741836760002, "2023Q2": 14.200741120000002, "2021Q1": 11.651370291480001, "2021Q2": 11.124430067208, "2021Q3": 12.279109283784003, "2021Q4": 10.675305135368001, "2019Q1": 15.400456026488001, "2019Q2": 14.949540105656002, "2019Q3": 15.653922034432002, "2019Q4": 16.871133525688002, "2018Q1": 15.664905088968002, "2018Q2": 17.035476636144, "2018Q3": 18.430939221160003, "2018Q4": 14.87740246028, "2009Q4": 9.987488530072, "2014Q1": 11.194540927704, "2014Q2": 12.084606819496, "2014Q3": 11.774809438848001, "2014Q4": 7.72087141336, "2022Q1": 14.42795297792, "2022Q2": 14.343450620080002, "2022Q3": 12.921474244624001, "2022Q4": 16.302271971800003}