{"2006Q3": 10.441699, "2006Q2": 11.499976, "2006Q1": 11.275041, "2006Q4": 14.898088, "2011Q3": 3.92, "2011Q2": 4.28, "2011Q1": 6.29, "2011Q4": 6.3, "2012Q3": 11.47, "2012Q2": 5.81, "2012Q1": 5.9, "2012Q4": 10.49, "2019Q3": 3.43, "2019Q2": 3.74, "2019Q1": 3.64, "2019Q4": 2.73, "2007Q3": 15.659156, "2007Q2": 16.187511, "2007Q1": 12.14996, "2007Q4": 13.888682, "2009Q4": 4.69, "2021Q3": 2.68, "2021Q2": 2.81, "2021Q1": 2.84, "2021Q4": 2.56, "2014Q3": 5.51, "2014Q2": 10.99, "2014Q1": 10.96, "2014Q4": 6.61, "2023Q3": 6.69, "2023Q2": 4.89, "2023Q1": 3.05, "2022Q3": 3.13, "2022Q2": 3.11, "2022Q1": 2.71, "2022Q4": 2.78, "2017Q3": 3.91, "2017Q2": 3, "2017Q1": 3.47, "2017Q4": 4.2, "2020Q3": 2.97, "2020Q2": 2.35, "2020Q1": 2.73, "2020Q4": 2.77, "2018Q3": 3.56, "2018Q2": 3.6, "2018Q1": 4.2, "2018Q4": 3.64, "2008Q3": 12.459821, "2008Q2": 11.954123, "2008Q1": 13.888682, "2008Q4": 4.92, "2013Q3": 10.56, "2013Q2": 10.02, "2013Q1": 10.49, "2013Q4": 10.96, "2005Q4": 11.242503, "2015Q3": 4.49, "2015Q2": 4.96, "2015Q1": 6.61, "2015Q4": 4.02, "2010Q3": 4.35, "2010Q2": 4.62, "2010Q4": 4.28, "2016Q3": 3.46, "2016Q2": 3.78, "2016Q1": 4.02, "2016Q4": 3.47}