{"2022Q4": 0.1197366, "2021Q2": 0.3192976, "2021Q1": 0.39912200000000003, "2021Q3": 1.32708065, "2023Q2": 0.1197366, "2023Q1": 0.054879275000000005, "2023Q3": 0.054879275000000005}