{"2014Q3": 0.42386999999999997, "2014Q1": 0.44718285, "2014Q2": 0.4733215, "2014Q4": 0.367354, "2021Q3": 0.4436506, "2021Q1": 0.37653785, "2021Q2": 0.466257, "2018Q3": 0.49663435, "2018Q1": 0.4040894, "2018Q2": 0.3941991, "2018Q4": 0.33415085000000005, "2020Q3": 0.23383495, "2020Q1": 0.2006318, "2020Q2": 0.23666075, "2020Q4": 0.38077655, "2015Q3": 0.3179025, "2015Q1": 0.39207975, "2015Q2": 0.36382175, "2015Q4": 0.36947335000000003, "2017Q3": 0.46696345, "2017Q1": 0.3913733, "2017Q2": 0.43164095, "2017Q4": 0.36876689999999995, "2023Q1": 0.57151805, "2023Q2": 0.6018954, "2022Q4": 0.5029924, "2016Q3": 0.36099595, "2016Q1": 0.3843088, "2016Q2": 0.36523465, "2016Q4": 0.3405089, "2019Q3": 0.35958304999999996, "2019Q1": 0.37653785, "2019Q2": 0.36240885, "2019Q4": 0.41963130000000004, "2013Q4": 0.4620183}