{"2017Q2": 0.0171845055, "2017Q4": 0.01652335686, "2017Q1": 0.01806566094, "2017Q3": 0.01762508322, "2023Q2": 0.02125632366, "2023Q1": 0.0238806099, "2016Q2": 0.01615273002, "2016Q4": 0.017002858859999997, "2016Q1": 0.016365403259999998, "2016Q3": 0.0157276656, "2015Q2": 0.0186314733, "2015Q4": 0.015526274759999998, "2015Q1": 0.01925256942, "2015Q3": 0.016768467, "2020Q2": 0.01167643782, "2020Q4": 0.011235860099999998, "2020Q1": 0.008151533999999998, "2020Q3": 0.00925326036, "2022Q2": 0.026545794839999998, "2022Q4": 0.021187783079999998, "2022Q1": 0.03723192, "2022Q3": 0.02411020674, "2018Q2": 0.01454075712, "2018Q4": 0.01167643782, "2018Q1": 0.016812722213999997, "2018Q3": 0.0143201862, "2021Q2": 0.03018042, "2021Q4": 0.03074454, "2021Q1": 0.02570723046, "2021Q3": 0.0310266, "2019Q2": 0.012778164179999999, "2019Q4": 0.011015571239999999, "2019Q1": 0.013218741899999999, "2019Q3": 0.01145614896, "2013Q4": 0.02456206686, "2014Q2": 0.019045537379999998, "2014Q4": 0.019045537379999998, "2014Q1": 0.01821740922, "2014Q3": 0.0196666335}