{"2020Q1": 0.556699674908, "2020Q2": 0.65157859844, "2020Q3": 0.5086885467519999, "2020Q4": 0.42380156, "2016Q4": 0.987046407572, "2017Q2": 0.474600580561, "2017Q3": 0.6290502855140001, "2017Q4": 0.5932506965940001, "2023Q1": 0.28874392, "2023Q2": 0.2910725, "2021Q1": 0.371990655, "2021Q2": 0.36384062500000003, "2021Q3": 0.37082636500000005, "2021Q4": 0.31668688000000006, "2019Q1": 0.13786031888800002, "2019Q2": 0.193187263259, "2019Q3": 0.273777321337, "2019Q4": 0.50754544683, "2018Q1": 0.477157710688, "2018Q2": 0.310928767376, "2018Q3": 0.204161278654, "2018Q4": 0.079789725132, "2022Q1": 0.313776155, "2022Q2": 0.24799377, "2022Q3": 0.255561655, "2022Q4": 0.25497951}