{"2021Q3": 38.700001, "2021Q1": 107.400002, "2021Q2": 63.299999, "2021Q4": 32.099998, "2020Q3": 26.879999, "2020Q1": 34.5, "2020Q2": 56.400002, "2020Q4": 58.200001, "2023Q3": 2.99, "2023Q1": 2.58, "2023Q2": 4.27, "2022Q3": 4.77, "2022Q1": 27.120001, "2022Q2": 18, "2022Q4": 2.089, "2019Q4": 36}