{"2015Q1": 2.2519832, "2015Q2": 2.3314649600000004, "2015Q3": 2.1857484, "2015Q4": 1.987044, "2016Q4": 2.980566, "2013Q4": 4.33175592, "2014Q1": 5.21930224, "2014Q2": 4.82189344, "2014Q3": 4.1727924000000005, "2014Q4": 2.46393456}