{"2015Q1": 1.095985408353, "2015Q2": 1.169844396897, "2015Q3": 1.788127304766, "2015Q4": 1.1876368139790001, "2012Q2": 4.417611285351, "2012Q3": 2.9465459557380003, "2012Q4": 2.050442815806, "2020Q1": 0.976301722341, "2020Q2": 1.341577027659, "2020Q3": 1.4421116170230002, "2020Q4": 2.321229944682, "2016Q1": 1.5167943852599999, "2016Q2": 1.537404672672, "2016Q4": 4.140966189888, "2013Q1": 1.522933781424, "2013Q2": 1.8443597358119999, "2017Q1": 4.9230368667810005, "2017Q2": 6.944957017251, "2017Q3": 7.279331591829, "2017Q4": 5.735636542515, "2023Q1": 7.001669265954, "2021Q1": 2.900978984046, "2021Q2": 4.637991734046, "2021Q3": 6.4900605, "2021Q4": 12.760062686184, "2019Q1": 1.6629810878669997, "2019Q2": 1.778343555318, "2019Q3": 1.407483, "2019Q4": 0.54176925, "2018Q4": 2.195001194628, "2022Q1": 11.898816063816, "2022Q2": 11.730141781908, "2022Q3": 10.158452968092, "2022Q4": 7.346837984046}