{"2023Q1": 6.918018139665, "2023Q2": 7.396179999999999, "2021Q1": 6.2781364503, "2021Q2": 8.93588145245, "2021Q3": 14.758214358365, "2021Q4": 12.827815076455, "2022Q1": 8.250900546965, "2022Q2": 8.532750140125, "2022Q3": 4.82836515047}