{"2006Q3": 5.243064, "2006Q2": 3.786282, "2006Q1": 3.363389, "2006Q4": 6.223527, "2003Q3": 2.003129, "2003Q2": 1.561381, "2003Q1": 1.295614, "2003Q4": 1.970806, "2011Q3": 4.754177, "2011Q2": 5.252491, "2011Q1": 6.952143, "2011Q4": 4.853839, "2012Q3": 7.609569, "2012Q2": 6.779752, "2012Q1": 6.057873, "2012Q4": 11.64066, "2019Q3": 12.765454, "2019Q2": 14.514817, "2019Q1": 17.046476, "2019Q4": 14.099681, "2007Q3": 7.022171, "2007Q2": 8.670651, "2007Q1": 7.074698, "2007Q4": 6.954835, "2009Q3": 5.947434, "2009Q2": 4.934646, "2009Q1": 4.479432, "2021Q3": 9.56, "2021Q2": 7.62, "2021Q1": 5.99, "2021Q4": 5.96, "2014Q3": 15.139498, "2014Q2": 13.739129, "2014Q1": 12.178164, "2014Q4": 16.278772, "2023Q3": 9.27, "2023Q2": 7.41, "2023Q1": 7.29, "2022Q3": 9.08, "2022Q2": 6.83, "2022Q1": 7.14, "2022Q4": 9, "2017Q3": 18.19203, "2017Q2": 18.119709, "2017Q1": 21.12874, "2017Q4": 16.043831, "2020Q3": 8.20578, "2020Q2": 10.058441, "2020Q1": 10.131458, "2020Q4": 8.6, "2018Q3": 17.015108, "2018Q2": 19.138994, "2018Q1": 16.689472, "2018Q4": 18.272467, "2008Q3": 4.773031, "2008Q2": 5.333298, "2008Q1": 7.208033, "2008Q4": 3.566306, "2013Q3": 11.625087, "2013Q2": 12.139585, "2013Q1": 13.102494, "2013Q4": 11.639468, "2002Q3": 1.081923, "2002Q4": 0.852071, "2005Q4": 2.32995, "2015Q3": 12.573977, "2015Q2": 13.42722, "2015Q1": 14.294368, "2015Q4": 11.866699, "2010Q4": 6.526556, "2016Q3": 10.582988, "2016Q2": 13.942333, "2016Q1": 13.64458, "2016Q4": 22.044836, "2004Q3": 1.804702, "2004Q2": 1.606274, "2004Q1": 1.987866}