{"2021Q3": 36.401034159999995, "2021Q1": 33.9101512, "2021Q2": 30.6122532, "2021Q4": 36.98301616, "2020Q4": 28.64903392, "2023Q1": 36.106163280000004, "2023Q2": 39.869646880000005, "2022Q3": 27.02724408, "2022Q1": 31.45030728, "2022Q2": 25.65376656, "2022Q4": 30.62001296}