{"2015Q1": 0.988655704456, "2015Q2": 1.126927717778, "2015Q3": 0.88779549041, "2012Q4": 0.406330264874, "2020Q1": 1.479095676522, "2020Q3": 1.30563939265, "2020Q4": 1.284357647182, "2016Q1": 0.9166151919600001, "2013Q1": 0.386990918962, "2013Q2": 0.346878676194, "2013Q3": 0.349229394102, "2013Q4": 0.46999780391999996, "2017Q1": 1.289682757942, "2017Q2": 1.232153902916, "2017Q3": 1.6617757966120001, "2017Q4": 1.45243549172, "2023Q1": 0.983295064788, "2023Q2": 1.5290811, "2023Q3": 1.7113032000000001, "2021Q1": 1.230659435212, "2021Q2": 1.303724352818, "2021Q3": 1.276435, "2021Q4": 1.389113435212, "2019Q4": 1.445452564788, "2018Q1": 1.34895068083, "2018Q2": 1.543848414196, "2018Q3": 1.7223674794280002, "2018Q4": 2.045956974034, "2014Q1": 0.6990463884539999, "2014Q2": 1.053900212922, "2014Q3": 1.192895691996, "2014Q4": 1.101584778684, "2022Q1": 1.1752005, "2022Q2": 1.231539647182, "2022Q3": 1.158474852818, "2022Q4": 0.838045564788}