{"2020Q4": 0.000208396748, "2020Q1": 0.00016270185200000002, "2020Q3": 0.00020493507600000002, "2020Q2": 0.00022155139400000003, "2014Q4": 0.00031164078000000005, "2014Q1": 0.00022402346400000002, "2014Q3": 0.00031164078000000005, "2014Q2": 0.000303749506, "2016Q4": 0.000310972044, "2016Q1": 0.00030094066, "2016Q3": 0.000324347194, "2016Q2": 0.000345078612, "2017Q4": 0.000395904182, "2017Q1": 0.00032100334200000003, "2017Q3": 0.000334378492, "2017Q2": 0.000387879092, "2013Q4": 0.00022402346400000002, "2015Q4": 0.000259477738, "2015Q1": 0.00031164078000000005, "2015Q3": 0.00031164078000000005, "2015Q2": 0.00031164078000000005, "2018Q4": 0.000371160176, "2018Q1": 0.000337722344, "2018Q3": 0.000325684666, "2018Q2": 0.000337722344, "2019Q4": 0.000257553488, "2019Q1": 0.00041797315800000005, "2019Q3": 0.000256168802, "2019Q2": 0.000361128792, "2022Q4": 9.0386e-05, "2022Q1": 0.00016014034199999998, "2022Q3": 0.000127180326, "2022Q2": 0.000155671266, "2021Q4": 0.000155671266, "2021Q1": 0.00018208754200000002, "2021Q3": 0.000152691968, "2021Q2": 0.000175856412, "2023Q1": 9.0386e-05, "2023Q2": 9.0386e-05}