{"2020Q4": 0, "2023Q2": 3.1265583848869998, "2023Q1": 2.1925787032460002, "2022Q3": 2.43539290625, "2022Q2": 1.9117110059450002, "2022Q1": 3.113099188883, "2022Q4": 2.158149536376, "2021Q3": 3.024293448489, "2021Q2": 3.083417615124, "2021Q4": 2.875720644011}