{"2020Q1": 2.8615302813370005, "2020Q2": 2.210073776638, "2020Q3": 2.8615302813370005, "2020Q4": 3.1980573655940003, "2023Q1": 7.64270325, "2021Q1": 5.354080164888, "2021Q2": 6.3303915029810005, "2021Q3": 5.354080164888, "2021Q4": 7.7813570314480005, "2019Q1": 2.472964345852, "2019Q2": 2.83055810219, "2019Q3": 2.472964345852, "2019Q4": 1.242295551952, "2018Q4": 3.1813077639980003, "2022Q1": 8.093207640245, "2022Q2": 9.312957536518999, "2022Q3": 7.315634428193, "2022Q4": 7.21745226475}