{"2023Q2": 0.75192362, "2022Q4": 0.63579642, "2017Q4": 0, "2020Q3": 1.673892444119, "2020Q2": 1.660343593377, "2020Q1": 1.3979897489320001, "2020Q4": 1.6172338380800002, "2018Q3": 1.508028980472, "2018Q2": 1.613731877205, "2018Q1": 1.5902422478250002, "2018Q4": 1.8697276122910003, "2019Q3": 1.199902584034, "2019Q2": 1.4191617697180001, "2019Q1": 1.8697276122910003, "2019Q4": 1.5322457112830001, "2021Q3": 1.005074383845, "2021Q2": 1.1528794872560002, "2021Q1": 1.6073801548420001, "2021Q4": 0.58208759}