{"2006Q3": 28.297014, "2006Q2": 19.691727, "2006Q1": 19.747801, "2006Q4": 22.914648, "2003Q2": 12.780425, "2003Q1": 14.892411, "2003Q4": 18.210623, "2011Q3": 24.519272, "2011Q2": 27.685923, "2011Q1": 29.915632, "2011Q4": 26.400974, "2012Q3": 21.875725, "2012Q2": 26.434076, "2012Q1": 25.640669, "2012Q4": 20.41877, "2019Q3": 4.97, "2019Q2": 6.99, "2019Q1": 8.56, "2019Q4": 4.22, "2007Q3": 31.962183, "2007Q2": 29.646235, "2007Q1": 25.983807, "2007Q4": 25.294889, "2009Q3": 17.840443, "2009Q2": 14.545694, "2009Q1": 10.165863, "2009Q4": 19.032488, "2021Q3": 4.16, "2021Q2": 4.63, "2021Q1": 4.44, "2021Q4": 3.86, "2001Q3": 8.765146, "2001Q2": 9.599928, "2001Q1": 12.104257, "2001Q4": 12.939034, "2014Q3": 19.362177, "2014Q2": 19.062674, "2014Q1": 19.679651, "2014Q4": 12.349363, "2023Q3": 3.88, "2023Q2": 3.55, "2023Q1": 3.52, "2022Q3": 4.94, "2022Q2": 3.98, "2022Q1": 3.63, "2022Q4": 3.53, "2017Q3": 13.139522, "2017Q2": 11.331008, "2017Q1": 9.723577, "2017Q4": 8.2, "2020Q3": 3, "2020Q2": 3.15, "2020Q1": 3.05, "2020Q4": 4.14, "2018Q3": 8.38, "2018Q2": 9.2, "2018Q1": 9.55, "2018Q4": 9.44, "2008Q3": 15.008047, "2008Q2": 36.240063, "2008Q1": 33.666916, "2008Q4": 4.826082, "2013Q3": 23.462887, "2013Q2": 22.816483, "2013Q1": 18.753637, "2013Q4": 20.209921, "2002Q3": 11.177655, "2002Q2": 10.351226, "2002Q1": 15.735529, "2002Q4": 12.939034, "2000Q3": 11.269482, "2000Q2": 12.834685, "2000Q1": 12.782516, "2000Q4": 16.434666, "2005Q3": 23.839962, "2005Q2": 19.518944, "2005Q1": 18.607195, "2005Q4": 19.14834, "2015Q3": 11.361135, "2015Q2": 11.987488, "2015Q1": 12.43751, "2015Q4": 8.656988, "2010Q3": 20.653688, "2010Q2": 16.230471, "2010Q1": 21.300198, "2010Q4": 28.016132, "2016Q3": 10.152674, "2016Q2": 8.34155, "2016Q1": 7.06855, "2016Q4": 11.608101, "2004Q3": 18.164534, "2004Q2": 17.549892, "2004Q1": 16.576761, "2004Q4": 21.372898}