{"2016Q1": 1619.838745, "2016Q2": 1524.499756, "2016Q3": 1680.92981, "2016Q4": 1801.260742, "2017Q1": 1680.004272, "2017Q2": 1589.293213, "2017Q3": 1918.814819, "2017Q4": 2515.84082, "2021Q1": 3483, "2021Q2": 3294, "2021Q3": 2894, "2021Q4": 2242, "2019Q1": 2797.584961, "2019Q2": 2867.993652, "2019Q3": 2777.870117, "2019Q4": 2564.765625, "2012Q1": 1364.262207, "2012Q2": 1130.9375, "2012Q3": 1400.862061, "2012Q4": 1812.611206, "2020Q1": 2464.31543, "2020Q2": 2112.270508, "2020Q3": 1811.858521, "2020Q4": 2040.518188, "2023Q1": 1815, "2023Q2": 2258, "2023Q3": 2472, "2018Q1": 2776.866455, "2018Q2": 3131.379639, "2018Q3": 2938.850342, "2018Q4": 3203.578613, "2013Q1": 1895.875977, "2013Q2": 1810.78125, "2013Q3": 1598.501709, "2013Q4": 1485.956909, "2015Q1": 2206.060547, "2015Q2": 1955.35083, "2015Q3": 1288.317383, "2015Q4": 1248.057495, "2014Q1": 1614.056396, "2014Q2": 1482.296875, "2014Q3": 1642.421631, "2014Q4": 1712.876343, "2022Q1": 2830, "2022Q2": 2093, "2022Q3": 1870, "2022Q4": 1964}