{"2014Q3": 1.893880634648, "2014Q1": 1.85163076, "2014Q2": 1.7372041399999998, "2014Q4": 1.59900056, "2021Q3": 3.14896114, "2021Q1": 3.3862666434619997, "2021Q2": 3.36344715192, "2021Q4": 3.572200984602, "2018Q3": 2.0069247730299997, "2018Q1": 2.1265518599999997, "2018Q2": 1.8193184657839998, "2018Q4": 1.84420046, "2020Q3": 2.7934309443899994, "2020Q2": 2.26772756, "2020Q4": 3.1279980346099996, "2015Q3": 1.32515759653, "2015Q1": 1.5879358030579998, "2015Q2": 1.5392367252219998, "2015Q4": 1.5673283118259997, "2017Q3": 2.0091531199999997, "2017Q1": 1.6125620463479997, "2017Q2": 1.854255736384, "2017Q4": 2.05367324851, "2012Q3": 0.9867169341555305, "2012Q2": 0.9867169341555305, "2012Q4": 1.2721600472563084, "2022Q3": 2.51738564, "2022Q1": 3.7270384799999996, "2022Q2": 2.8770121599999996, "2016Q3": 1.8697844689599998, "2016Q1": 1.577015342542, "2016Q2": 1.6554854033879998, "2016Q4": 1.7416623199999999, "2019Q1": 2.11614944, "2013Q3": 1.3963806612869158, "2013Q1": 1.3787607160413033, "2013Q2": 1.4007856476057492, "2013Q4": 1.6395359057774188}