{"2017Q2": 0.12205419797999999, "2017Q4": 0.07381578731999999, "2017Q1": 0.12205419797999999, "2017Q3": 0.07435854976, "2023Q2": 0.0891, "2023Q1": 0.06655, "2016Q2": 0.10531225034000001, "2016Q4": 0.11557344975, "2016Q1": 0.07938923707, "2016Q3": 0.16201884160000002, "2010Q4": 0.24000665282000003, "2015Q2": 0.09127689087, "2015Q4": 0.05724666134000001, "2015Q1": 0.14145250735, "2015Q3": 0.056706597860000006, "2020Q2": 0.04168420927, "2020Q4": 0.07110197512, "2020Q1": 0.03213157805, "2020Q3": 0.0477631561, "2022Q2": 0.07535, "2022Q4": 0.0616, "2022Q1": 0.06875, "2022Q3": 0.06985000000000001, "2018Q2": 0.07490131231, "2018Q4": 0.07055921268000001, "2018Q1": 0.08792763122, "2018Q3": 0.0683881561, "2012Q2": 0.23945716310999998, "2012Q1": 0.28030814449, "2012Q3": 0.23945716310999998, "2021Q2": 0.0825, "2021Q4": 0.07315, "2021Q1": 0.09552631231, "2021Q3": 0.07865, "2011Q2": 0.3274628027, "2011Q4": 0.31436428958, "2011Q1": 0.23218029780000002, "2011Q3": 0.25935051274, "2019Q2": 0.07761513122, "2019Q4": 0.06350328731999999, "2019Q1": 0.0759868439, "2019Q3": 0.0683881561, "2013Q2": 0.33681887206000005, "2013Q4": 0.17837104252, "2013Q1": 0.26313973873, "2013Q3": 0.24685278321, "2014Q2": 0.19429702028, "2014Q4": 0.15212816036, "2014Q1": 0.22561813725, "2014Q3": 0.16547272335000002}