{"2015Q1": 2.302466039864, "2015Q2": 1.961065386744, "2015Q3": 1.8181532081760001, "2015Q4": 1.9848834208240003, "2010Q1": 5.3879347161040005, "2010Q2": 4.789275450392, "2010Q3": 4.789275450392, "2010Q4": 4.2280322232000005, "2012Q1": 2.207556870248, "2012Q2": 1.0102370141280002, "2012Q3": 1.0476530526480001, "2012Q4": 0.9728209756080002, "2011Q1": 3.7790371115680004, "2011Q2": 3.8164531500880003, "2011Q3": 2.394637062848, "2011Q4": 1.6837296815760001, "2020Q1": 0.769009872528, "2020Q2": 0.8020239462400001, "2020Q3": 0.80436203468, "2020Q4": 1.040527512864, "2016Q1": 1.5561495345120002, "2016Q2": 1.4412387799920001, "2016Q3": 1.4412387799920001, "2016Q4": 1.6448034896160002, "2013Q1": 0.8979888985680001, "2013Q2": 1.234734569944, "2013Q3": 1.49664816428, "2013Q4": 1.49664816428, "2017Q1": 1.624446886184, "2017Q2": 1.705873299912, "2017Q3": 1.994935214072, "2017Q4": 1.905367218728, "2023Q2": 1.277006944, "2023Q3": 1.03326288, "2021Q1": 0.9937617699760001, "2021Q2": 1.178266753552, "2021Q3": 1.422046584344, "2021Q4": 1.362296171264, "2019Q1": 1.6535120411200002, "2019Q2": 1.4574875011280002, "2019Q3": 1.321380285912, "2019Q4": 1.423461359672, "2018Q1": 1.762870994704, "2018Q2": 1.954347853328, "2018Q3": 1.8332441450080001, "2018Q4": 1.6077437943200001, "2009Q4": 4.040950705904, "2014Q1": 1.49664816428, "2014Q2": 1.372170455248, "2014Q3": 1.330009355656, "2014Q4": 1.4603263246560003, "2022Q1": 1.1352472509520002, "2022Q2": 1.044671161952}