{"2017Q2": 1.0987516382479998, "2017Q4": 0.634834398231, "2017Q1": 1.263564321327, "2017Q3": 0.924782712403, "2023Q2": 0.65164528, "2023Q1": 0.6240756719999999, "2016Q2": 1.5107835025910001, "2016Q4": 1.8007321300539998, "2016Q1": 1.260512553696, "2016Q3": 1.8220966965079999, "2015Q2": 1.5005576843509998, "2015Q4": 1.3734398611010001, "2015Q1": 1.960888055709, "2015Q3": 1.4619502078389999, "2020Q2": 1.074334990872, "2020Q4": 1.3429187385899999, "2020Q1": 0.335729841293, "2020Q3": 1.922815680225, "2022Q2": 0.8772147999999999, "2022Q4": 0.63911364, "2022Q1": 1.102923421204, "2022Q3": 0.77696168, "2018Q2": 0.521907090826, "2018Q4": 0.28994831417199995, "2018Q1": 0.622626074543, "2018Q3": 0.259427504952, "2021Q2": 1.225298332005, "2021Q4": 1.420478625005, "2021Q1": 1.648127770663, "2021Q3": 1.270220815204, "2019Q2": 0.5127508480599999, "2019Q4": 0.37845897420099994, "2019Q1": 0.5493758191239999, "2019Q3": 0.45781339146399996, "2013Q4": 0.7622354365449999, "2014Q2": 0.675549696591, "2014Q4": 1.8771917384769998, "2014Q1": 0.6875064476059999, "2014Q3": 1.1299018490869999}