{"2022Q4": 0.26151019999999997, "2022Q1": 0.4687757127999999, "2022Q3": 0.26151019999999997, "2022Q2": 0.36611427999999996}