{"2023Q3": 197.85, "2023Q2": 162.98, "2023Q1": 151.660004, "2022Q3": 181.520004, "2022Q2": 229.899994, "2022Q1": 262.070007, "2022Q4": 162, "2017Q3": 40.07, "2017Q2": 43.439999, "2017Q1": 36.400002, "2017Q4": 44.77, "2020Q3": 179.220001, "2020Q2": 179.869995, "2020Q1": 72.650002, "2020Q4": 214.720001, "2015Q3": 30.59, "2015Q2": 30.43, "2015Q1": 21.059999, "2015Q4": 35.490002, "2016Q3": 42.119999, "2016Q2": 39.349998, "2016Q1": 30.860001, "2016Q4": 33.990002, "2014Q3": 14.07, "2014Q2": 0, "2014Q1": 0, "2014Q4": 21.6, "2018Q3": 54, "2018Q2": 56.790001, "2018Q1": 51.540001, "2018Q4": 71.400002, "2019Q3": 109.260002, "2019Q2": 101.110001, "2019Q1": 83.989998, "2019Q4": 113.010002, "2013Q4": 0, "2021Q3": 281.01001, "2021Q2": 219.179993, "2021Q1": 207.610001, "2021Q4": 274}