{"2015Q1": 1.4472659299700001, "2015Q2": 5.2405977345600006, "2015Q3": 8.440603747526, "2015Q4": 9.909231495052, "2012Q4": 0.503952577066, "2020Q1": 6.8058456959699996, "2020Q2": 6.72046777578, "2020Q3": 7.114679813248, "2020Q4": 7.14210374633, "2016Q1": 9.006820823892, "2016Q2": 8.653783674534, "2016Q3": 6.8832346295699995, "2016Q4": 6.342624371026001, "2013Q1": 0.477766680298, "2013Q2": 0.68076636035, "2013Q3": 0.88253560988, "2013Q4": 1.30206801555, "2017Q1": 5.740416211554, "2017Q2": 5.85844808558, "2017Q3": 12.731974907598, "2017Q4": 13.213548005096, "2023Q1": 10.243170588728, "2021Q1": 10.231772464328001, "2021Q2": 10.562246028176, "2021Q3": 14.068900443943999, "2021Q4": 12.318161899058001, "2019Q1": 8.865880409998, "2019Q2": 7.258152480515999, "2019Q3": 7.66029709495, "2019Q4": 5.255933123952, "2018Q1": 15.32761123726, "2018Q2": 10.528381556204, "2018Q3": 12.901368184426, "2018Q4": 11.067734006896, "2014Q1": 1.3775631245480002, "2014Q2": 1.1504060582300002, "2022Q1": 10.202255758844, "2022Q2": 10.721383457884, "2022Q3": 10.885134082136, "2022Q4": 9.312072806803998}