{"2021Q1": 1.2216105000000002, "2021Q4": 1.036518, "2021Q2": 1.11943944, "2021Q3": 0.9187991700000001, "2016Q1": 2.073036, "2016Q4": 2.073036, "2016Q2": 1.924962, "2016Q3": 2.021210025963, "2020Q1": 1.24011975, "2020Q4": 1.2882438, "2020Q2": 1.2956475, "2020Q3": 1.2956475, "2015Q1": 0.975614941689, "2015Q4": 1.7091065342040002, "2015Q2": 1.068191546859, "2015Q3": 1.246223434317, "2022Q1": 0.9787691400000001, "2022Q4": 1.0957476000000002, "2022Q2": 0.9846921000000002, "2022Q3": 1.1031513000000002, "2018Q1": 1.841300264037, "2018Q4": 1.554777, "2018Q2": 1.7028510000000001, "2018Q3": 1.6288140000000002, "2013Q4": 0.6352179142320001, "2014Q1": 0.590353861416, "2014Q4": 0.6523089854970001, "2014Q2": 0.6124298438910001, "2014Q3": 0.712127697906, "2017Q1": 2.073036, "2017Q4": 2.1100545, "2017Q2": 2.2581285, "2017Q3": 2.243321025963, "2019Q1": 1.509614355963, "2019Q4": 1.2956475, "2019Q2": 1.406703, "2019Q3": 1.2808400259630002, "2023Q1": 1.036518, "2023Q2": 0.962481}