{"2006Q3": 4.776222, "2006Q2": 3.7183, "2006Q1": 3.655178, "2011Q3": 3.98762, "2011Q2": 3.856326, "2011Q1": 4.421898, "2011Q4": 4.025877, "2012Q3": 4.536555, "2012Q2": 3.556612, "2012Q1": 3.30463, "2012Q4": 5.342835, "2019Q3": 1.3825, "2019Q2": 1.1475, "2019Q1": 1.43, "2019Q4": 1.055, "2009Q3": 3.504527, "2009Q2": 4.21654, "2009Q1": 4.142481, "2009Q4": 3.672852, "2021Q3": 43.412498, "2021Q2": 49.700001, "2021Q1": 75.639999, "2021Q4": 21.924999, "2014Q3": 6.201509, "2014Q2": 8.176932, "2014Q1": 6.652071, "2014Q4": 7.076953, "2023Q3": 14.84, "2023Q2": 18.75, "2023Q1": 26.110001, "2022Q3": 22.26, "2022Q2": 24.040001, "2022Q1": 30.35, "2022Q4": 23.15, "2017Q3": 4.209075, "2017Q2": 4.060742, "2017Q1": 4.598255, "2017Q4": 2.868479, "2020Q3": 4.235, "2020Q2": 1.8375, "2020Q1": 1.24, "2020Q4": 45.4375, "2018Q3": 3.131261, "2018Q2": 3.712908, "2018Q1": 3.228117, "2018Q4": 2.525, "2013Q3": 8.142225, "2013Q2": 8.87478, "2013Q1": 6.683514, "2013Q4": 7.878376, "2005Q4": 3.910191, "2015Q3": 6.509878, "2015Q2": 7.980203, "2015Q1": 8.121459, "2015Q4": 5.872059, "2010Q3": 3.58869, "2010Q2": 3.125796, "2010Q1": 3.533142, "2010Q4": 3.809195, "2016Q3": 5.060348, "2016Q2": 5.63493, "2016Q1": 5.626682, "2016Q4": 4.304409}