{"2017Q4": 309.86853, "2017Q3": 0, "2023Q2": 54, "2023Q1": 53, "2023Q3": 80, "2016Q4": 0, "2020Q2": 83, "2020Q4": 153, "2020Q1": 68, "2020Q3": 78, "2022Q2": 82, "2022Q4": 66, "2022Q1": 70, "2022Q3": 74, "2018Q2": 292.774353, "2018Q4": 213.646149, "2018Q1": 339.10141, "2018Q3": 223.53717, "2021Q2": 90, "2021Q4": 74, "2021Q1": 116, "2021Q3": 96, "2019Q2": 212, "2019Q4": 172, "2019Q1": 254, "2019Q3": 198}