{"2021Q4": 1.68413427, "2022Q2": 1.46205063, "2022Q1": 1.8506969999999998, "2022Q3": 1.19678406, "2022Q4": 1.4435436599999998}