{"2012Q4": 0, "2020Q1": 23.895215320000002, "2020Q2": 23.28728014, "2020Q3": 22.14447468, "2020Q4": 25.185911179999998, "2023Q1": 26.032583719999998, "2021Q1": 27.3931754, "2021Q2": 25.860749159999997, "2021Q3": 28.46062718, "2019Q1": 7.87569198, "2019Q2": 8.73891416, "2019Q3": 10.92962874, "2019Q4": 14.680058859999999, "2018Q4": 7.04556908, "2022Q1": 25.44348696, "2022Q2": 33.91109266, "2022Q3": 27.55444636}