{"2021Q3": 1.46318256, "2021Q1": 1.53849744, "2021Q2": 1.59198192, "2021Q4": 1.67712048, "2018Q3": 1.3431153599999999, "2018Q1": 1.32237648, "2018Q2": 1.2159532800000001, "2018Q4": 1.09861488, "2020Q3": 1.30109184, "2020Q1": 0.94252752, "2020Q2": 1.14773328, "2020Q4": 1.37858976, "2017Q3": 0, "2017Q2": 0, "2017Q4": 1.25579376, "2023Q1": 2.1393792, "2023Q2": 2.07334224, "2022Q3": 1.70932032, "2022Q1": 1.8037367999999998, "2022Q2": 1.7529811199999998, "2022Q4": 1.9401768, "2016Q4": 0, "2019Q3": 1.0784217600000001, "2019Q1": 1.12099104, "2019Q2": 1.04076432, "2019Q4": 1.118808}