{"2022Q3": 1.54014, "2022Q4": 1.7337576, "2022Q1": 1.6369488, "2022Q2": 1.584144, "2020Q3": 0.840124368, "2020Q4": 1.0296935999999999, "2020Q1": 0.6548059223999999, "2020Q2": 0.8104392695999999, "2016Q3": 0.8615631168, "2016Q4": 0.8041202952, "2016Q1": 0.8524806911999999, "2016Q2": 0.8286569256, "2015Q3": 0.48532891679999995, "2015Q4": 0.502789704, "2015Q1": 0.42188394960000003, "2015Q2": 0.37792395360000003, "2019Q3": 0.4493776488, "2019Q4": 0.462218016, "2019Q1": 0.5516957496, "2019Q2": 0.5879726472, "2018Q4": 0.4881979776, "2013Q3": 0.2811503568, "2013Q4": 0.2937355008, "2013Q1": 0.2500835328, "2013Q2": 0.2045657952, "2014Q3": 0.4115958144, "2014Q4": 0.41622503520000004, "2014Q1": 0.3900602568, "2014Q2": 0.3506150712, "2012Q4": 0.17592799199999998, "2017Q3": 0.7899862104, "2017Q1": 0.6509599728, "2017Q2": 0.7931809007999999, "2021Q3": 1.6369488, "2021Q4": 1.4433311999999998, "2021Q1": 1.276116, "2021Q2": 1.5049367999999999}