{"2015Q1": 6.5581196097320005, "2015Q2": 6.446861862816, "2015Q3": 7.02283969502, "2015Q4": 6.609740004892, "2012Q2": 5.226800492024, "2012Q3": 5.6464378686800005, "2012Q4": 5.354239530079999, "2011Q4": 4.678203373115999, "2020Q1": 7.87739, "2020Q2": 7.763238826416, "2020Q3": 7.966069826416, "2020Q4": 10.297210999999999, "2016Q1": 7.391738227212, "2016Q2": 8.00523324722, "2016Q3": 8.008025918768, "2016Q4": 9.406312379815999, "2013Q1": 5.633693553552, "2013Q2": 4.915468699532, "2013Q3": 5.08133240072, "2013Q4": 5.784197061224, "2017Q1": 11.875190293024, "2017Q2": 10.981975210744, "2017Q3": 11.321748928324, "2017Q4": 10.266024214876001, "2023Q1": 9.770793347167999, "2021Q1": 10.780231347168, "2021Q2": 10.927402652832, "2021Q3": 11.854764173584, "2021Q4": 8.754752, "2019Q1": 9.086423553096001, "2019Q2": 7.705691086791999, "2019Q3": 8.010409173584, "2019Q4": 5.3424740867919995, "2018Q1": 11.643788971195999, "2018Q2": 9.697441449988, "2018Q3": 10.257775219615999, "2018Q4": 10.070997680056001, "2014Q1": 6.70149463606, "2014Q2": 5.668597749772, "2014Q3": 5.414367449836, "2014Q4": 6.376512222928, "2022Q1": 8.185881913208, "2022Q2": 8.283052, "2022Q3": 8.111353086791999}