{"2015Q1": 7.4070107599999995, "2015Q2": 7.30870848, "2015Q3": 7.91116372, "2015Q4": 8.28607088, "2012Q3": 4.25586608, "2012Q4": 4.59115044, "2011Q4": 2.81208672, "2020Q1": 12.969863199999999, "2020Q2": 13.61099784, "2020Q3": 13.89647068, "2020Q4": 13.699300079999999, "2016Q1": 9.66475564, "2016Q2": 9.54683064, "2016Q3": 9.0915458, "2016Q4": 10.07004028, "2013Q1": 4.84398164, "2013Q2": 4.95888776, "2013Q3": 5.0858694, "2013Q4": 5.10209588, "2017Q1": 11.73853752, "2017Q2": 11.156648399999998, "2017Q3": 12.14382216, "2017Q4": 13.30118528, "2023Q1": 20.29593024, "2021Q1": 16.33912196, "2021Q2": 19.336492439999997, "2021Q3": 18.18082744, "2021Q4": 14.03062216, "2019Q1": 12.3387286, "2019Q2": 12.82948528, "2019Q3": 12.8132588, "2019Q4": 9.779095719999999, "2018Q1": 15.00421096, "2018Q2": 14.135339559999998, "2018Q3": 14.99421092, "2018Q4": 12.864202399999998, "2014Q1": 4.908321519999999, "2014Q2": 5.893042439999999, "2014Q3": 5.80511756, "2014Q4": 6.2173833599999995, "2022Q1": 14.22307576, "2022Q2": 17.09384196, "2022Q3": 16.410443}