{"2020Q1": 0.24129760000000003, "2020Q2": 0.170798, "2020Q3": 0.2601944, "2020Q4": 0.262374785464, "2023Q1": 0.440440785464, "2021Q1": 0.44407478546400003, "2021Q2": 0.407734785464, "2021Q3": 0.610512, "2021Q4": 0.462244785464, "2019Q1": 0.1882412, "2019Q2": 0.2122256, "2019Q3": 0.2013236, "2019Q4": 0.12210240000000001, "2018Q4": 0.12428280000000001, "2022Q1": 0.44916239999999996, "2022Q2": 0.460791214536, "2022Q3": 0.568357570928, "2022Q4": 0.382296785464}