{"2020Q1": 0, "2020Q2": 9.279889978529999, "2020Q3": 8.442749915744999, "2020Q4": 4.92771180918, "2023Q1": 3.623072411775, "2023Q2": 5.451899999999999, "2021Q1": 4.708913705024999, "2021Q2": 3.56260239033, "2021Q3": 3.2927382470399995, "2021Q4": 2.38786350606, "2019Q3": 0, "2019Q4": 0, "2018Q4": 0, "2022Q1": 2.06613053136, "2022Q2": 1.7092077229199998, "2022Q3": 2.2743377745749997, "2022Q4": 2.269048341195}