{"2014Q3": 3.208194, "2014Q1": 3.070425, "2014Q2": 4.721692, "2014Q4": 2.638499, "2017Q3": 3.408633, "2017Q1": 3.088991, "2017Q2": 3.937627, "2022Q3": 1.560765, "2022Q1": 1.66163, "2022Q2": 1.748988, "2022Q4": 0.85, "2013Q3": 4.588153, "2013Q1": 8.602829, "2013Q2": 6.051383, "2013Q4": 4.141407, "2011Q4": 19.47571, "2016Q3": 5.376118, "2016Q1": 2.7137, "2016Q2": 5.49195, "2023Q3": 0.33, "2023Q1": 0.93, "2023Q2": 0.66, "2015Q3": 2.431001, "2015Q1": 3.005166, "2015Q2": 1.812733, "2015Q4": 2.042865, "2012Q3": 10.334494, "2012Q1": 20.43795, "2012Q2": 14.689474, "2012Q4": 10.549752}