{"2014Q4": 0.52681356, "2014Q1": 1.4858844, "2014Q3": 0.8104823999999999, "2014Q2": 1.5264085199999997, "2016Q1": 0.24314471999999998, "2016Q3": 0.1350804, "2016Q2": 0.2701608, "2017Q3": 0.337701, "2017Q2": 0.21612863999999998, "2015Q4": 0.48628943999999996, "2015Q1": 0.52681356, "2015Q3": 0.5403216, "2015Q2": 0.51330552, "2018Q4": 0.2701608}