{"2017Q2": 1.23730608, "2017Q4": 1.3869048, "2017Q1": 0.91395468, "2017Q3": 1.47202803, "2023Q1": 1.18841379, "2016Q2": 1.08459072, "2016Q4": 0.92174628, "2016Q1": 0, "2016Q3": 0.92174628, "2015Q2": 0, "2015Q4": 0, "2015Q1": 0, "2015Q3": 0, "2020Q2": 0.23316363, "2020Q4": 0.32354619, "2020Q1": 0.19108899000000001, "2020Q3": 0.40302051, "2022Q2": 1.29223686, "2022Q4": 0.82961061, "2022Q1": 0.73591662, "2022Q3": 1.0070643000000001, "2018Q2": 0.8163648899999999, "2018Q4": 0.40555278, "2018Q1": 1.14361209, "2018Q3": 0.40827984, "2012Q4": 0, "2012Q3": 0, "2021Q2": 0.7487727599999999, "2021Q4": 0.68195979, "2021Q1": 0.72539796, "2021Q3": 0.72247611, "2019Q2": 0.29919744, "2019Q4": 0.11745837, "2019Q1": 0.36776351999999995, "2019Q3": 0.31127442, "2013Q2": 0, "2013Q1": 0}