{"2015Q1": 0.63872919, "2015Q2": 0.59091945, "2015Q3": 0.6181754700000001, "2015Q4": 0.50669388, "2012Q4": 0.60722838, "2020Q1": 0.91128939, "2020Q2": 1.10029425, "2020Q3": 1.67267067, "2020Q4": 1.99460448, "2016Q1": 0.37778631, "2016Q2": 0.68787939, "2016Q3": 0.83063838, "2016Q4": 1.06879344, "2013Q1": 0.43587291, "2013Q2": 0.55204611, "2013Q3": 0.73971051, "2013Q4": 0.7126779, "2017Q1": 1.72316133, "2017Q2": 2.7691669500000002, "2017Q3": 3.36276732, "2017Q4": 3.29194635, "2023Q1": 13.48458078, "2021Q1": 2.82345558, "2021Q2": 4.33661151, "2021Q3": 6.45677241, "2021Q4": 7.05953259, "2019Q1": 1.24595757, "2019Q2": 0.90347004, "2019Q3": 1.03282443, "2019Q4": 0.7267527300000001, "2018Q1": 3.2751905999999997, "2018Q2": 1.89339975, "2018Q3": 1.62486093, "2018Q4": 1.74058731, "2014Q1": 1.41284484, "2014Q2": 1.7964398099999999, "2014Q3": 1.2124460700000002, "2014Q4": 0.7504341900000001, "2022Q1": 6.43956984, "2022Q2": 7.0939377299999995, "2022Q3": 9.9886611, "2022Q4": 10.767468359999999}