{"2023Q3": 12.45604684, "2023Q2": 12.48330296, "2023Q1": 10.04388022, "2022Q4": 10.26192918, "2017Q3": 27.28060280979, "2017Q2": 26.33344582576, "2017Q1": 23.349809677362, "2017Q4": 25.436388315901997, "2020Q3": 22.752287386662, "2020Q2": 23.919406710316, "2020Q1": 26.411009929249996, "2020Q4": 23.889480853362002, "2015Q3": 18.184841714856, "2015Q2": 18.525807599220002, "2015Q1": 19.415805773998, "2015Q4": 18.54482555695, "2016Q3": 19.50186969851, "2016Q2": 20.356677496756, "2016Q1": 18.7141882726, "2016Q4": 23.4611141318, "2014Q3": 20.601614619136, "2014Q2": 25.832652779327997, "2014Q1": 24.056615381201997, "2014Q4": 19.69985134016, "2018Q3": 27.195762685066, "2018Q2": 27.361200519436, "2018Q1": 26.669208516816, "2018Q4": 25.7591457493, "2011Q4": 8.534782447124, "2012Q3": 12.538552478045998, "2012Q4": 16.613993839314002, "2019Q3": 26.027185158991998, "2019Q2": 27.403872700908, "2019Q1": 25.874944737926, "2019Q4": 25.388140895084, "2013Q3": 17.637635584482, "2013Q2": 16.589159425576, "2013Q1": 16.729329473900002, "2013Q4": 23.392584069284, "2021Q2": 23.644684100000003, "2021Q1": 22.947175458691998, "2021Q4": 14.62290838}