{"2015Q2": 5.901880501008, "2015Q4": 5.5274573599679995, "2020Q2": 9.552484455912001, "2020Q4": 16.685085893664, "2016Q2": 5.536898697336, "2016Q4": 5.835701938056, "2013Q4": 2.2446059123279998, "2017Q2": 6.975827444207999, "2017Q4": 8.363534730024, "2023Q1": 41.13306516182399, "2021Q2": 24.411073367735998, "2021Q4": 32.010130279056, "2019Q2": 10.652694264024, "2019Q4": 7.8745190339999995, "2018Q2": 8.6275428408, "2018Q4": 9.888912595944, "2014Q2": 3.8260557924239995, "2014Q4": 5.636934899112, "2022Q2": 37.231603212672, "2022Q3": 32.172156396287996}