{"2021Q4": 0.93548204, "2020Q4": 1.74271251, "2023Q3": 0.147112095, "2023Q1": 0.21878208999999998, "2023Q2": 0.18860525, "2022Q3": 0.47528523, "2022Q1": 0.82231889, "2022Q2": 0.52055049, "2022Q4": 0.36966629}