{"2022Q4": 0.32927565000000003, "2021Q2": 0.254839397, "2021Q1": 0.32628223500000003, "2021Q3": 1.10756355, "2023Q2": 0.0903013525, "2023Q1": 0.14967075, "2023Q3": 0.040910005000000006}