{"2014Q2": 0, "2014Q4": 0, "2014Q3": 0, "2014Q1": 0, "2016Q2": 0, "2016Q4": 0, "2016Q3": 0, "2016Q1": 0, "2019Q2": 24.238464, "2019Q4": 26.7267744, "2019Q3": 24.238464, "2019Q1": 24.4576416, "2013Q4": 0, "2021Q2": 34.294848, "2021Q4": 28.5446592, "2021Q3": 33.4439232, "2021Q1": 29.5631904, "2020Q2": 29.33112, "2020Q4": 29.9499744, "2020Q3": 28.815408, "2020Q1": 18.978201600000002, "2023Q2": 9.8372064, "2023Q1": 9.3343872, "2018Q2": 26.4431328, "2018Q4": 24.4576416, "2018Q3": 26.4431328, "2018Q1": 25.4374944, "2017Q2": 0, "2017Q4": 23.5551456, "2017Q3": 21.7114752, "2017Q1": 0, "2015Q2": 0, "2015Q4": 0, "2015Q3": 0, "2015Q1": 0, "2022Q2": 16.1933568, "2022Q4": 13.7179392, "2022Q3": 12.0160896, "2022Q1": 24.7283904}