{"2016Q4": 0.14410704000000002, "2021Q2": 0.3088008, "2021Q4": 0.20072052, "2021Q3": 0.26248068, "2021Q1": 0.32424084000000003, "2020Q2": 0.128667, "2020Q4": 0.1544004, "2020Q3": 0.14410704000000002, "2023Q2": 0.10808028, "2023Q3": 0.08234688, "2023Q1": 0.14410704000000002, "2018Q2": 0.16469376, "2018Q4": 0.23674728, "2018Q3": 0.19557384, "2018Q1": 0.23674728, "2017Q2": 0.07205352000000001, "2017Q4": 0.34997424000000005, "2017Q3": 0.05146680000000001, "2017Q1": 0.13896036, "2022Q2": 0.1544004, "2022Q4": 0.10293360000000001, "2022Q3": 0.11322696, "2022Q1": 0.19557384}