{"2010Q4": 0, "2012Q2": 0, "2012Q4": 0, "2011Q4": 0, "2020Q2": 16.026689818504, "2020Q4": 17.684623852928, "2021Q2": 20.609507391888, "2021Q4": 30.916478348048, "2019Q2": 20.188556162016003, "2019Q4": 13.618266601288, "2018Q4": 24.614132638304, "2022Q2": 40.478285072392005, "2022Q4": 59.467929291896}