{"2006Q4": 0, "2010Q1": 95.37455096000001, "2010Q2": 101.93582237000001, "2010Q3": 99.84059937, "2010Q4": 105.72978771000001, "2016Q1": 209.40786859, "2016Q2": 214.20592926, "2016Q3": 221.94052555000002, "2016Q4": 209.77211505, "2008Q1": 0, "2008Q2": 0, "2008Q3": 66.88918842, "2008Q4": 64.07997789, "2017Q1": 216.78144184, "2017Q2": 246.75602442000002, "2017Q3": 262.17847741, "2017Q4": 246.30474562, "2021Q1": 178.96911353000002, "2021Q2": 200.98023700000002, "2021Q3": 192.48007846000002, "2021Q4": 168.50105708, "2019Q1": 233.00007957000003, "2019Q2": 234.39582043000001, "2019Q3": 136.43931005, "2019Q4": 154.23097674000002, "2012Q1": 158.35373092, "2012Q2": 155.99902261, "2012Q3": 176.40004779, "2012Q4": 172.73501925000002, "2020Q1": 141.52264339, "2020Q2": 150.2919575, "2020Q3": 157.82509004000002, "2020Q4": 186.47807042, "2018Q1": 224.39515988, "2018Q2": 225.07207808, "2018Q3": 235.89148731, "2018Q4": 244.90255792000002, "2007Q1": 0, "2007Q2": 0, "2007Q3": 0, "2007Q4": 0, "2011Q1": 106.31967357, "2011Q2": 111.1757558, "2011Q3": 123.89214770000001, "2011Q4": 142.475164, "2013Q1": 166.57667534, "2013Q2": 164.07530142000002, "2013Q3": 170.47862525000002, "2013Q4": 172.78498226, "2015Q1": 197.17660140000004, "2015Q2": 178.57263287, "2015Q3": 195.74379121, "2015Q4": 204.58724398000004, "2009Q1": 69.46308929, "2009Q2": 71.98380373, "2009Q3": 79.03987011000001, "2009Q4": 83.16584771000001, "2014Q1": 177.81835259000002, "2014Q2": 198.38699561, "2014Q3": 213.21633932000003, "2014Q4": 199.86654539, "2022Q1": 160.86155168000002, "2022Q2": 208.84699351, "2022Q3": 187.58853861000003, "2022Q4": 175.77792773000002}