{"2011Q1": 14.55, "2011Q3": 10.05, "2004Q4": 16.4, "2004Q1": 22.200001, "2004Q3": 22.25, "2004Q2": 18.549999, "2003Q4": 27, "2003Q1": 10.1, "2003Q3": 28.950001, "2003Q2": 15.5, "2017Q4": 3.6, "2017Q1": 3.5, "2017Q3": 4.15, "2017Q2": 3.55, "2013Q4": 4, "2013Q1": 4.2, "2013Q3": 2.5, "2013Q2": 3.05, "2006Q4": 19.950001, "2006Q1": 16.85, "2006Q3": 14.3, "2006Q2": 15.95, "2019Q4": 3.06, "2019Q1": 4.06, "2019Q3": 3.38, "2019Q2": 3.55, "2018Q4": 3.89, "2018Q1": 3.4, "2018Q3": 3.32, "2018Q2": 3.65, "2009Q4": 15.15, "2009Q1": 7.95, "2009Q3": 18.75, "2009Q2": 12.25, "2008Q4": 7.5, "2008Q1": 16.200001, "2008Q3": 5.5, "2008Q2": 10.85, "2007Q4": 21.25, "2007Q1": 21.25, "2007Q3": 17.75, "2007Q2": 16.35, "2005Q4": 17.549999, "2005Q1": 13.2, "2005Q3": 12.8, "2005Q2": 16.450001, "2021Q1": 2.95, "2021Q3": 2.38, "2021Q2": 2.83, "2010Q4": 16.700001, "2010Q1": 21.75, "2010Q3": 24.549999, "2010Q2": 22.15, "2020Q4": 3.58, "2020Q1": 2.49, "2020Q3": 4.31, "2020Q2": 2.9, "2016Q4": 4.95, "2016Q1": 3.3, "2016Q3": 4.35, "2016Q2": 3.9, "2015Q4": 1.9, "2015Q1": 1.15, "2015Q3": 1.1, "2015Q2": 1.15, "2014Q4": 1.55, "2014Q1": 2.95, "2014Q3": 1.3, "2014Q2": 2.7, "2012Q4": 7.55, "2012Q1": 7.35, "2012Q3": 9.5, "2012Q2": 7.1}