{"2006Q3": 15.622478, "2006Q2": 10.501082, "2006Q1": 13.244371, "2006Q4": 22.427256, "2003Q3": 5.771589, "2003Q2": 4.934351, "2003Q1": 5.094672, "2003Q4": 7.624197, "2011Q3": 13.217651, "2011Q2": 14.188488, "2011Q1": 16.165792, "2011Q4": 11.801474, "2012Q3": 9.815263, "2012Q2": 10.198254, "2012Q1": 10.082464, "2012Q4": 12.344787, "2019Q3": 16.205193, "2019Q2": 13.697342, "2019Q1": 18.456184, "2019Q4": 11.56, "2007Q3": 25.972145, "2007Q2": 25.989962, "2007Q1": 30.648201, "2007Q4": 24.217508, "2009Q3": 11.988516, "2009Q2": 14.126139, "2009Q1": 10.322949, "2009Q4": 12.736685, "2021Q3": 24.139999, "2021Q2": 16.26, "2021Q1": 17.209999, "2021Q4": 16.02, "2014Q3": 20.745525, "2014Q2": 22.862694, "2014Q1": 22.508305, "2014Q4": 24.039591, "2023Q3": 12.88, "2023Q2": 13.21, "2023Q1": 11.43, "2022Q3": 10.81, "2022Q2": 13.23, "2022Q1": 12.31, "2017Q3": 29.812239, "2017Q2": 30.117954, "2017Q1": 33.46991, "2017Q4": 28.729519, "2020Q3": 8.28, "2020Q2": 9.01, "2020Q1": 7.17, "2020Q4": 13.49, "2018Q3": 19.219995, "2018Q2": 21.748289, "2018Q1": 23.83382, "2018Q4": 17.928591, "2008Q3": 8.372363, "2008Q2": 17.483995, "2008Q1": 25.749477, "2008Q4": 5.68252, "2013Q3": 18.490458, "2013Q2": 16.530968, "2013Q1": 11.142372, "2013Q4": 24.104326, "2002Q3": 7.097218, "2002Q2": 13.60486, "2002Q1": 19.815554, "2002Q4": 5.112487, "2005Q3": 13.671894, "2005Q2": 15.542318, "2005Q1": 11.560992, "2005Q4": 13.244371, "2015Q3": 28.890907, "2015Q2": 26.998421, "2015Q1": 25.64942, "2015Q4": 25.008011, "2010Q3": 9.405553, "2010Q2": 10.037931, "2010Q1": 12.309159, "2010Q4": 12.736685, "2016Q3": 25.978783, "2016Q2": 26.563396, "2016Q1": 27.640911, "2016Q4": 29.599604, "2004Q3": 10.456551, "2004Q2": 9.708384, "2004Q1": 8.808796, "2004Q4": 12.505109}