{"2016Q2": 1.6452554673, "2018Q2": 4.9663841898, "2017Q2": 2.7597731990999996}