{"2015Q2": 105.8121192, "2015Q4": 111.4357443, "2020Q2": 164.57743065, "2020Q4": 246.5284143, "2016Q2": 131.30693355, "2016Q4": 170.8451022, "2013Q4": 0, "2017Q2": 194.4391941, "2017Q4": 203.81713875, "2021Q4": 312.36252825, "2019Q2": 212.20545105000002, "2018Q2": 197.23529820000002, "2018Q4": 193.22964345000003, "2014Q2": 0, "2014Q4": 0, "2022Q4": 252.26199855000002}