{"2017Q2": 0.015696, "2017Q4": 0.01635, "2017Q1": 0.01417, "2017Q3": 0.013625000000000002, "2023Q2": 0.017876, "2023Q1": 0.01635, "2016Q2": 0.015151000000000001, "2016Q4": 0.014061, "2016Q1": 0.01199, "2016Q3": 0.015587, "2015Q2": 0.014388000000000001, "2015Q4": 0.013407, "2015Q1": 0.019293, "2015Q3": 0.009919, "2020Q2": 0.009701000000000001, "2020Q4": 0.014715, "2020Q1": 0.009156000000000001, "2020Q3": 0.009701000000000001, "2022Q2": 0.017549000000000002, "2022Q4": 0.016459, "2022Q1": 0.016132, "2022Q3": 0.017331000000000003, "2018Q2": 0.015914, "2018Q4": 0.015478, "2018Q1": 0.017549000000000002, "2018Q3": 0.014824, "2021Q2": 0.012971000000000002, "2021Q4": 0.019947000000000003, "2021Q1": 0.015478, "2021Q3": 0.014061, "2019Q2": 0.020710000000000003, "2019Q4": 0.016786000000000002, "2019Q1": 0.019402000000000003, "2019Q3": 0.019184, "2014Q2": 0.019838, "2014Q4": 0.018966, "2014Q1": 0.018421, "2014Q3": 0.019620000000000002}