{"2015Q1": 56.877679979999996, "2015Q2": 58.64005125, "2015Q3": 72.56151639, "2015Q4": 83.17378079999999, "2010Q1": 23.63352552, "2010Q2": 26.46092691, "2010Q3": 28.47687678, "2010Q4": 29.36440188, "2012Q1": 35.2474254, "2012Q2": 38.150900369999995, "2012Q3": 42.91817805, "2012Q4": 42.38566299, "2011Q1": 33.45969627, "2011Q2": 34.778304989999995, "2011Q3": 34.89241536, "2011Q4": 32.95253906999999, "2020Q1": 78.29239274999999, "2020Q2": 91.69402175999998, "2020Q3": 120.22161425999998, "2020Q4": 119.19462093, "2016Q1": 73.96887762, "2016Q2": 81.84249315, "2016Q3": 84.84739956, "2016Q4": 78.7361553, "2013Q1": 47.469913919999996, "2013Q2": 50.55089390999999, "2013Q3": 49.85355276, "2013Q4": 54.240462539999996, "2017Q1": 84.42899487, "2017Q2": 88.06784778, "2017Q3": 76.3271586, "2017Q4": 77.44290443999999, "2023Q1": 104.28419925, "2023Q2": 128.47559769, "2023Q3": 152.0203707, "2021Q4": 99.77050016999999, "2019Q1": 79.04044962, "2019Q2": 74.86908165, "2019Q3": 81.99464031, "2019Q4": 80.02940616, "2018Q1": 73.41100469999999, "2018Q2": 78.45721884, "2018Q3": 84.39095808, "2018Q4": 73.81673045999999, "2009Q4": 24.00121449, "2014Q1": 53.97420501, "2014Q2": 54.70958295, "2014Q3": 60.947616509999996, "2014Q4": 49.23228519, "2022Q1": 78.95169711, "2022Q2": 86.16600827999999, "2022Q3": 65.23309485, "2022Q4": 88.1185635}