{"2020Q4": 0, "2023Q3": 54.28, "2023Q2": 63.54, "2023Q1": 54.709999, "2022Q3": 36.990002, "2022Q2": 52.110001, "2022Q1": 62.32, "2022Q4": 50.110001, "2021Q3": 94.839996, "2021Q2": 64.870003, "2021Q1": 0, "2021Q4": 84.220001}