{"2006Q3": 24.084999, "2006Q2": 24.635, "2006Q1": 21.68, "2006Q4": 23.68, "1994Q2": 12.0625, "1994Q1": 12.4375, "1994Q4": 9.9375, "2003Q3": 10.245, "2003Q2": 10.95, "2003Q1": 13.475, "2003Q4": 9, "2011Q3": 30.110001, "2011Q2": 29.389999, "2011Q1": 26.700001, "2011Q4": 33.384998, "2012Q3": 33.705002, "2012Q2": 29.860001, "2012Q1": 28.014999, "2012Q4": 34.720001, "2019Q3": 84.610001, "2019Q2": 108.809998, "2019Q1": 105.510002, "2019Q4": 102.470001, "2007Q3": 24, "2007Q2": 22.780001, "2007Q1": 22.629999, "2007Q4": 24.950001, "2009Q3": 31.735001, "2009Q2": 27.885, "2009Q1": 31.945, "2009Q4": 26.025, "2021Q3": 129.929993, "2021Q2": 95.300003, "2021Q1": 76.379997, "2021Q4": 55.470001, "2001Q3": 14.275, "2001Q2": 12.625, "2001Q1": 11.375, "2001Q4": 14.35, "2014Q3": 38.360001, "2014Q2": 40.810001, "2014Q1": 43, "2014Q4": 34.68, "1992Q4": 6.34375, "1998Q3": 8.03125, "1998Q2": 7.46875, "1998Q1": 8.875, "1998Q4": 7.5, "1996Q3": 8.875, "1996Q2": 11.5, "1996Q1": 9.625, "1996Q4": 9, "2023Q3": 82.57, "2023Q2": 83.980003, "2023Q1": 73.599998, "2023Q4": 83.470001, "2024Q3": 78.11, "2024Q2": 85.46, "2024Q1": 89.94, "2022Q3": 54.560001, "2022Q2": 60.200001, "2022Q1": 61.970001, "2022Q4": 62.540001, "2017Q3": 38, "2017Q2": 36.84, "2017Q1": 33.52, "2017Q4": 40.669998, "2020Q3": 121.82, "2020Q2": 129.460007, "2020Q1": 131.240005, "2020Q4": 106.410004, "1997Q3": 8.625, "1997Q2": 8.875, "1997Q1": 9.6875, "1997Q4": 9.1875, "1993Q3": 13.09375, "1993Q2": 9.375, "1993Q1": 8, "1993Q4": 12, "2018Q3": 66.400002, "2018Q2": 51.509998, "2018Q1": 42.389999, "2018Q4": 90.769997, "2008Q3": 28.565001, "2008Q2": 28.190001, "2008Q1": 26.254999, "2008Q4": 27.950001, "2013Q3": 42.080002, "2013Q2": 40.639999, "2013Q1": 35.630001, "2013Q4": 41.029999, "2002Q3": 14.305, "2002Q2": 19.5, "2002Q1": 17.370001, "2002Q4": 14.775, "2000Q3": 13.71875, "2000Q2": 9.3125, "2000Q1": 9.59375, "2000Q4": 10.1875, "2005Q3": 19.9, "2005Q2": 17.545, "2005Q1": 14.93, "2005Q4": 21.115, "1995Q4": 7.25, "2015Q3": 42.740002, "2015Q2": 35.490002, "2015Q1": 35.57, "2015Q4": 41.389999, "2010Q3": 27.195, "2010Q2": 27.105, "2010Q1": 27.780001, "2010Q4": 26.790001, "2016Q3": 33.5, "2016Q2": 32.669998, "2016Q1": 39.799999, "2016Q4": 28.5, "1999Q3": 8.75, "1999Q2": 10.65625, "1999Q1": 7.78125, "1999Q4": 9.09375, "2004Q3": 14.2, "2004Q2": 11.44, "2004Q1": 10.285, "2004Q4": 13.65}