{"2021Q4": 0, "2021Q3": 0, "2023Q2": 18.651829499999998, "2023Q3": 16.859461500000002, "2023Q1": 20.807585549010003, "2022Q2": 13.81623572016, "2022Q4": 13.26136675725, "2022Q3": 11.247109199999999, "2022Q1": 16.0640982}