{"2020Q1": 5.443505399999999, "2020Q2": 5.6827634, "2020Q3": 6.06928084, "2020Q4": 7.23469884, "2023Q1": 28.94929184, "2021Q1": 7.429964239999999, "2021Q2": 9.84878544, "2021Q3": 8.89453192, "2019Q1": 4.74070432, "2019Q2": 4.686215239999999, "2019Q3": 4.8461322, "2019Q4": 3.66790232, "2018Q4": 4.6872957600000005, "2022Q1": 13.25535628, "2022Q2": 17.638562840000002, "2022Q3": 19.183706439999998}