{"2020Q1": 197.8060878, "2020Q2": 224.11675716, "2020Q3": 292.88207716000005, "2020Q4": 336.66178262, "2016Q4": 396.13056032, "2017Q1": 390.6928104, "2017Q2": 372.73183778, "2017Q3": 347.02947701999994, "2017Q4": 304.6964881, "2023Q1": 451.58185644, "2023Q2": 402.87485132, "2021Q1": 378.87046499999997, "2021Q2": 487.19171292, "2021Q3": 504.22699854, "2021Q4": 711.96174062, "2019Q1": 238.3908507, "2019Q2": 226.67694292, "2019Q3": 264.57721352, "2019Q4": 326.35491908, "2018Q1": 310.84833942, "2018Q2": 301.25028764, "2018Q3": 272.45348748000004, "2018Q4": 243.43716726, "2022Q1": 871.2962766999999, "2022Q2": 839.9472252400001, "2022Q3": 770.25357342, "2022Q4": 607.2903443}