{"2020Q1": 0, "2020Q2": 4.9777496999999995, "2020Q3": 4.91211, "2020Q4": 7.705926899999999, "2023Q1": 14.087033100000001, "2021Q1": 14.373065699999998, "2021Q2": 19.7530578, "2021Q3": 18.5844393, "2021Q4": 15.1450929, "2019Q4": 0, "2022Q1": 11.909620799999999, "2022Q2": 14.280184799999999, "2022Q3": 12.6862848}