{"2015Q1": 35.986964051703, "2015Q2": 38.677342911893, "2015Q3": 36.553877996972, "2015Q4": 41.104159398518995, "2010Q1": 11.253439499420999, "2010Q2": 9.090318783609, "2010Q3": 7.50479766638, "2010Q4": 8.03330334184, "2012Q1": 12.057761775556, "2012Q2": 14.093139150411998, "2012Q3": 14.868906944801, "2012Q4": 14.28708381142, "2011Q1": 8.244708279969, "2011Q2": 8.581651591443, "2011Q3": 10.319704993801, "2011Q4": 10.971478799274, "2020Q1": 51.224543999999995, "2020Q2": 62.607776, "2020Q3": 90.354404, "2020Q4": 89.28722599999999, "2016Q1": 41.862538772439, "2016Q2": 42.794058705846, "2016Q3": 48.683146212280995, "2016Q4": 53.080332214441, "2013Q1": 17.066920468227, "2013Q2": 19.321661616873, "2013Q3": 18.974145417227, "2013Q4": 23.213789267136995, "2017Q1": 49.311317241927995, "2017Q2": 62.206769993186, "2017Q3": 60.103554247226, "2017Q4": 51.771572684005996, "2023Q1": 53.714625999999996, "2023Q2": 49.623777, "2021Q1": 92.844486, "2021Q2": 92.48876, "2021Q3": 64.29747449999999, "2021Q4": 65.631447, "2019Q1": 48.137463773322, "2019Q2": 54.17449807888299, "2019Q3": 48.00272027827499, "2019Q4": 52.117240531355996, "2018Q1": 57.919440183660996, "2018Q2": 62.080733069852, "2018Q3": 58.59491583465099, "2018Q4": 41.99578946332699, "2009Q4": 9.898857835748, "2014Q1": 26.132890874313997, "2014Q2": 26.132524476533998, "2014Q3": 25.329568188238998, "2014Q4": 25.256570367231, "2022Q1": 50.513092, "2022Q2": 42.68712, "2022Q3": 38.418408, "2022Q4": 52.469584999999995}