{"2014Q4": 0.04068788634000001, "2014Q2": 0.04348162852, "2014Q3": 0.04311666864, "2014Q1": 0.03878084246, "2016Q4": 0.03093806025, "2016Q2": 0.030508846870000005, "2016Q3": 0.030250547800000003, "2016Q1": 0.034488708660000006, "2019Q4": 0.014838703290000001, "2019Q2": 0.018505008, "2019Q3": 0.01309229316, "2019Q1": 0.019345443780000002, "2013Q4": 0.039323142000000005, "2018Q4": 0.01849472744, "2018Q2": 0.02159817149, "2018Q3": 0.020102350010000002, "2018Q1": 0.02236921349, "2017Q4": 0.029686402070000003, "2017Q2": 0.029634999270000004, "2017Q3": 0.031913428380000004, "2017Q1": 0.030357208610000002, "2015Q4": 0.03264848842, "2015Q2": 0.03825910404, "2015Q3": 0.03453240104000001, "2015Q1": 0.04250883053, "2022Q4": 0.0209851931}