{"2022Q4": 2.53639122, "2023Q2": 2.5812831}