{"2015Q1": 78.30278056, "2015Q2": 76.75288624000001, "2015Q3": 65.75790944, "2015Q4": 81.16412392000001, "2010Q1": 40.005819200000005, "2010Q2": 38.04526912, "2010Q3": 34.336120320000006, "2010Q4": 45.55629544000001, "2012Q1": 44.311081200000004, "2012Q2": 37.18421672, "2012Q3": 40.138288800000005, "2012Q4": 45.11914576000001, "2011Q1": 47.861266480000005, "2011Q2": 42.97313824, "2011Q3": 26.7588592, "2011Q4": 32.00465536, "2016Q1": 80.42229416, "2016Q2": 73.13646616000001, "2016Q3": 90.79466384000001, "2016Q4": 96.4378688, "2013Q1": 55.20008232000001, "2013Q2": 51.29222912, "2013Q3": 56.60426008, "2013Q4": 54.74968568, "2017Q1": 95.1794076, "2017Q2": 93.94744032000001, "2017Q3": 96.1066948, "2017Q4": 100.23974632000001, "2018Q1": 88.37047016, "2018Q2": 82.01192936, "2018Q3": 76.48794704000001, "2018Q4": 60.61808896, "2019Q4": 76.1037852, "2009Q4": 46.70878096, "2014Q1": 61.757327520000004, "2014Q2": 62.48591032000001, "2014Q3": 52.457961600000004, "2014Q4": 58.96221896}