{"2016Q3": 109.49456536291201, "2016Q1": 101.778468153936, "2016Q2": 91.811815767248, "2016Q4": 118.30447333196, "2012Q3": 0, "2012Q1": 0, "2012Q2": 0, "2012Q4": 0, "2009Q4": 0, "2011Q3": 0, "2011Q1": 0, "2011Q2": 0, "2011Q4": 0, "2015Q3": 81.138514896928, "2015Q1": 0, "2015Q2": 96.958364378232, "2015Q4": 99.739192715352, "2018Q3": 100.62352267346401, "2018Q1": 123.23497197352, "2018Q2": 107.673573331208, "2018Q4": 78.21716280812801, "2013Q3": 0, "2013Q1": 0, "2013Q2": 0, "2013Q4": 0, "2010Q3": 0, "2010Q1": 0, "2010Q2": 0, "2010Q4": 0, "2014Q3": 0, "2014Q1": 0, "2014Q2": 0, "2014Q4": 0, "2017Q3": 124.72188892098401, "2017Q1": 121.57672679359202, "2017Q2": 120.42776496495202, "2017Q4": 133.566502600536, "2019Q4": 100.62352267346401}