{"2020Q1": 0, "2020Q2": 0, "2020Q3": 0, "2020Q4": 0, "2023Q1": 799.31617926342, "2023Q2": 770.15841, "2021Q1": 0, "2021Q3": 1673.1876000000002, "2021Q4": 2261.2638300000003, "2019Q4": 0, "2022Q1": 1778.9921100000001, "2022Q2": 1579.68594, "2022Q3": 974.5087189731601, "2022Q4": 765.8524125}