{"2015Q1": 8.340760703036999, "2015Q2": 8.638645121848, "2015Q3": 8.340760703036999, "2015Q4": 12.883496444672, "2010Q1": 10.277008802788, "2010Q2": 7.149223561381999, "2010Q3": 6.315147473292, "2010Q4": 7.893933985888999, "2012Q1": 6.598137644483, "2012Q2": 5.808743587801, "2012Q3": 4.453370433778, "2012Q4": 3.872495843776, "2011Q1": 8.862057946833, "2011Q2": 9.011000245169999, "2011Q3": 5.168292540907999, "2011Q4": 6.315147473292, "2020Q1": 13.802168444273999, "2020Q2": 18.853478, "2020Q3": 22.446310066410998, "2020Q4": 23.477916, "2016Q1": 11.394074350616998, "2016Q2": 10.05359579994, "2016Q3": 10.947248344920999, "2016Q4": 11.245132763732, "2013Q1": 4.393793621161, "2013Q2": 4.468264681398, "2013Q3": 4.6321008716289995, "2013Q4": 7.104540640659001, "2017Q1": 14.298447122763998, "2017Q2": 16.160223806552, "2017Q3": 16.979405647022, "2017Q4": 21.596612271031, "2023Q1": 19.138058444273998, "2023Q2": 14.531406566410999, "2021Q1": 29.062813132821997, "2021Q2": 34.114123933589, "2021Q3": 39.7523805, "2021Q4": 40.90849, "2019Q1": 17.483933433589, "2019Q2": 18.640042933589, "2019Q3": 18.248743444273998, "2019Q4": 22.197302933589, "2018Q1": 19.570999752738, "2018Q2": 17.964163, "2018Q3": 20.881116555726, "2018Q4": 16.896985, "2009Q4": 9.681239965165998, "2014Q1": 7.074752145419, "2014Q2": 6.493878266868999, "2014Q3": 6.330041720912, "2014Q4": 5.2576580266279995, "2022Q1": 32.797936132821995, "2022Q2": 23.620206933589, "2022Q3": 17.7863, "2022Q4": 18.248743444273998}