{"2020Q4": 16.125596551921998, "2020Q1": 8.598288718448, "2020Q3": 12.170264104284, "2020Q2": 9.76965078089, "2014Q4": 11.48914346437, "2014Q1": 13.829445236178001, "2014Q3": 12.752403743508001, "2014Q2": 13.829445236178001, "2016Q4": 0, "2016Q1": 7.767764963816, "2016Q3": 9.41628333217, "2016Q2": 8.77611589426, "2011Q4": 14.09657502539, "2011Q1": 22.741387727916, "2011Q3": 16.14997600788, "2011Q2": 22.17670541086, "2017Q4": 18.681256222200002, "2017Q1": 12.244660898755999, "2017Q3": 18.471744731154, "2017Q2": 13.001222559468, "2013Q4": 13.393621707752, "2013Q1": 11.437431423704, "2013Q3": 13.074726327806001, "2013Q2": 12.782404381604001, "2015Q4": 7.890708044934, "2015Q1": 12.436592217478, "2015Q3": 9.06425463515, "2015Q2": 11.500762254124, "2010Q4": 0, "2010Q1": 0, "2010Q3": 0, "2010Q2": 0, "2018Q4": 12.07814696231, "2018Q1": 16.027470777318, "2018Q3": 13.530887857058001, "2018Q2": 15.014838991438001, "2019Q4": 0, "2019Q1": 13.638940869268001, "2019Q3": 0, "2019Q2": 14.659461840166, "2022Q1": 13.104016640000001, "2022Q3": 8.78851116, "2022Q2": 10.61551348, "2021Q4": 16.165445677524, "2021Q1": 16.042620721556002, "2021Q3": 16.504285307796, "2021Q2": 18.614970688028, "2009Q4": 0, "2023Q1": 9.49726206, "2023Q2": 10.75726366, "2012Q4": 12.52573103067, "2012Q1": 0, "2012Q3": 11.1910192108, "2012Q2": 14.127378914506002}