{"2020Q1": 0.18631252, "2020Q2": 0.26750588, "2020Q4": 0.36490704, "2023Q1": 1.44218548, "2021Q1": 0.58595056, "2021Q2": 0.96536744, "2021Q3": 1.1539953600000001, "2021Q4": 1.0589096, "2022Q1": 0.85268464, "2022Q2": 1.18594788, "2022Q3": 1.3929446399999998, "2022Q4": 1.21759168}