{"2016Q2": 0.0044371464079999996, "2016Q4": 0.00946191752, "2016Q3": 0.005647189384000001, "2016Q1": 0.002365962624, "2013Q4": 0.009090061262, "2017Q2": 0.009358261682000001, "2017Q4": 0.013484198954000002, "2017Q1": 0.009358261682000001, "2019Q2": 0.027488489263, "2019Q4": 0.028511637622, "2019Q3": 0.037718402309999996, "2021Q2": 0.095635437332, "2021Q4": 0.13893265, "2021Q3": 0.074957547383, "2021Q1": 0.07657109909899999, "2020Q2": 0.055688072071999994, "2020Q4": 0.066825638162, "2020Q3": 0.059400594102, "2020Q1": 0.024799115592, "2023Q2": 0.173653852211, "2023Q3": 0.30323561, "2023Q1": 0.086826986511, "2018Q2": 0.013253691566, "2018Q1": 0.014406107695, "2015Q2": 0.005323295093, "2015Q4": 0.002863945566, "2015Q3": 0.004233700684, "2015Q1": 0.005323295093, "2022Q2": 0.08509044919700001, "2022Q4": 0.086826986511, "2022Q3": 0.08509044919700001, "2022Q1": 0.061387572619000005, "2014Q2": 0.007471314673, "2014Q4": 0.0047318044370000005, "2014Q3": 0.0075958708140000004, "2014Q1": 0.007409097008}