{"2015Q1": 42.77982696, "2015Q2": 46.15718172, "2015Q3": 42.02930368, "2015Q4": 39.99423094, "2012Q4": 0, "2020Q1": 55.89955121999999, "2020Q2": 65.33882478000001, "2020Q3": 66.59450796, "2020Q4": 76.91420305999999, "2016Q1": 42.85199266, "2016Q2": 39.64783558, "2016Q3": 44.9592311, "2016Q4": 54.499536639999995, "2013Q1": 0, "2013Q2": 0, "2013Q3": 0, "2013Q4": 0, "2017Q1": 55.711920400000004, "2017Q2": 63.260452619999995, "2017Q3": 68.18215336, "2017Q4": 65.97388294, "2023Q1": 96.702038, "2021Q1": 82.15343288, "2021Q2": 85.02562773999999, "2021Q3": 85.38645624, "2021Q4": 92.41539542, "2019Q1": 47.68709456, "2019Q2": 66.68110680000001, "2019Q3": 50.57372256, "2019Q4": 47.88915852, "2018Q1": 63.95324334, "2018Q2": 45.94068462, "2018Q3": 49.967530679999996, "2018Q4": 51.75724004, "2014Q1": 0, "2014Q2": 34.10550982, "2014Q3": 50.28505976, "2014Q4": 52.66652786, "2022Q1": 96.75977056, "2022Q2": 111.84240186, "2022Q3": 111.14961114, "2022Q4": 104.35160219999999}