{"2016Q4": 11.63, "2016Q2": 10.8, "2016Q3": 15.24, "2016Q1": 8.74, "2013Q4": 32.1258468658, "2017Q4": 9.66, "2017Q2": 10.83, "2017Q3": 9.01, "2017Q1": 10.09, "2019Q4": 5.47, "2019Q2": 5.65, "2019Q3": 7.23, "2019Q1": 5.03, "2021Q4": 10.53, "2021Q2": 9.96, "2021Q3": 9.71, "2021Q1": 9.56, "2020Q4": 8.01, "2020Q2": 3.7, "2020Q3": 5.75, "2020Q1": 4.01, "2023Q2": 10.07, "2023Q3": 8.09, "2023Q1": 10.71, "2018Q4": 4.24, "2018Q2": 6.16, "2018Q3": 5.14, "2018Q1": 6.7, "2015Q4": 8.24, "2015Q2": 13.66, "2015Q3": 10.92, "2015Q1": 14.53, "2022Q4": 9.81, "2022Q2": 9.07, "2022Q3": 9.04, "2022Q1": 9.49, "2014Q4": 14.25, "2014Q2": 16.16, "2014Q3": 14.16, "2014Q1": 31.0231512493}