{"2022Q2": 0.035718, "2022Q1": 0.03786108, "2022Q3": 0.040004160000000004, "2022Q4": 0.0321462, "2021Q4": 0.03000312}