{"2017Q2": 0.52788684228, "2017Q4": 0.57323681628, "2017Q1": 0.49817932308, "2017Q3": 0.55209321246, "2016Q2": 0.45092333568000004, "2016Q4": 0.47684511792, "2016Q1": 0.44264860854000004, "2016Q3": 0.48106463724000004, "2009Q4": 0.3032533044, "2010Q2": 0.29451850506, "2010Q4": 0.33502457603999997, "2010Q1": 0.32318757558, "2010Q3": 0.31580013054, "2015Q2": 0.49190919624, "2015Q4": 0.46565221853999994, "2015Q1": 0.47474850318, "2015Q3": 0.48136697040000004, "2018Q2": 0.51809387688, "2018Q4": 0.53827132908, "2018Q1": 0.54714415008, "2018Q3": 0.5482417508999999, "2012Q2": 0.32792631924, "2012Q4": 0.42671039304, "2012Q1": 0.32187965604, "2012Q3": 0.39376265106, "2011Q2": 0.33012809334, "2011Q4": 0.28740710334, "2011Q1": 0.33572782926, "2011Q3": 0.29321715798000003, "2019Q2": 0.67039092, "2019Q4": 0.72954306, "2019Q1": 0.6082154484, "2019Q3": 0.69668076, "2013Q2": 0.41944782474000003, "2013Q4": 0.41786386188, "2013Q1": 0.44871498912, "2013Q3": 0.42236599698000005, "2014Q2": 0.43807417637999996, "2014Q4": 0.46863611538000005, "2014Q1": 0.42734792165999996, "2014Q3": 0.45572123148}