{"2022Q3": 1.3482581999999999, "2023Q1": 1.7676448, "2023Q2": 1.8791951999999998}