{"2015Q1": 5.842555665741, "2015Q2": 6.0478330630079995, "2015Q3": 5.696215090047, "2015Q4": 6.891716901289, "2010Q4": 2.7864727758709997, "2012Q1": 2.798538160874, "2012Q2": 2.708423304959, "2012Q3": 2.882727800888, "2012Q4": 3.0101040000939996, "2011Q1": 2.721970569813, "2011Q2": 2.837954613077, "2011Q3": 2.3386842800819996, "2011Q4": 2.443794334342, "2020Q1": 14.436451685782, "2020Q2": 20.637039974154, "2020Q3": 24.401103298703998, "2020Q4": 30.87244072269, "2016Q1": 6.258804598454, "2016Q2": 6.272710603591, "2016Q3": 7.865780423164, "2016Q4": 8.648088837804, "2013Q1": 3.057032418054, "2013Q2": 2.827392203163, "2013Q3": 3.40930082752, "2013Q4": 3.737908502829, "2017Q1": 9.458849272841, "2017Q2": 12.099618573452998, "2017Q3": 14.600014219799998, "2017Q4": 14.255132659507, "2023Q1": 50.878885960500995, "2023Q2": 64.013136, "2023Q3": 48.4948, "2019Q1": 18.74970091973, "2019Q2": 20.915249064852002, "2019Q3": 14.905930572004, "2019Q4": 20.281455732738, "2018Q1": 13.749305465841001, "2018Q2": 17.797114653641998, "2018Q3": 18.470894251859, "2018Q4": 14.288805993782999, "2014Q1": 3.635218217852, "2014Q2": 4.465381907316999, "2014Q3": 4.256719936721001, "2014Q4": 4.1454327360739995, "2022Q3": 36.242496639879995, "2022Q4": 40.808855874601}