{"2017Q2": 0.319189797901, "2017Q4": 0.39316868524799997, "2017Q1": 0.315224866218, "2017Q3": 0.320852244183, "2023Q2": 0.10678499999999999, "2023Q1": 0.12013632515999999, "2016Q2": 0.307142166058, "2016Q4": 0.309566976106, "2016Q1": 0.31105437725199997, "2016Q3": 0.319266216298, "2015Q2": 0.211649413806, "2015Q4": 0.297145417997, "2015Q1": 0.213096564239, "2015Q3": 0.22625575357799999, "2020Q2": 0.15581168872599999, "2020Q4": 0.142551113866, "2020Q1": 0.12663868065699999, "2020Q3": 0.132605693117, "2022Q2": 0.104118147568, "2022Q1": 0.092708175403, "2022Q3": 0.0971769377, "2018Q2": 0.306852686274, "2018Q4": 0.31799538010399997, "2018Q1": 0.330826921875, "2018Q3": 0.329995229784, "2012Q4": 0.162724524407, "2012Q3": 0.14166675643, "2021Q2": 0.12177344576899998, "2021Q4": 0.09671717866799999, "2021Q1": 0.130237727945, "2021Q3": 0.103231803818, "2019Q2": 0.27904944454299996, "2019Q4": 0.18662541758399998, "2019Q1": 0.32485243310899997, "2019Q3": 0.203510586094, "2013Q2": 0.234489097428, "2013Q4": 0.174707641951, "2013Q1": 0.229552947921, "2013Q3": 0.18041869393, "2014Q2": 0.1910154373, "2014Q4": 0.199102854984, "2014Q1": 0.193186314539, "2014Q3": 0.20540416370599998}