{"2015Q1": 88.5559276, "2015Q2": 84.70106224, "2015Q3": 88.63540936, "2015Q4": 102.1340616, "2010Q1": 34.60105952000001, "2010Q2": 35.5018528, "2010Q3": 33.938711520000005, "2010Q4": 40.36348712, "2012Q1": 47.490351600000004, "2012Q2": 52.325492000000004, "2012Q3": 55.49151544000001, "2012Q4": 65.79765032, "2011Q1": 38.747358000000006, "2011Q2": 38.33670224, "2011Q3": 36.296670400000004, "2011Q4": 40.85362464, "2020Q1": 149.77012976, "2020Q2": 184.04001528000003, "2020Q3": 158.64559296000002, "2020Q4": 158.16870240000003, "2016Q1": 99.32570608000002, "2016Q2": 95.00719712, "2016Q3": 96.15968264000001, "2016Q4": 104.62449008000002, "2013Q1": 68.28807880000001, "2013Q2": 62.14148936, "2013Q3": 61.055238640000006, "2013Q4": 70.06317144, "2017Q1": 109.48612440000001, "2017Q2": 111.71161368, "2017Q3": 108.21441624, "2017Q4": 111.51290928000002, "2023Q1": 231.60984864000002, "2023Q2": 258.31572, "2021Q1": 187.16629784, "2021Q2": 174.01206656000002, "2021Q3": 186.41122112000002, "2021Q4": 206.90426824000002, "2019Q1": 142.2061156, "2019Q2": 163.82515432000002, "2019Q3": 178.82071304000002, "2019Q4": 199.11505576000002, "2018Q1": 118.04366056, "2018Q2": 118.70600856, "2018Q3": 134.66859536, "2018Q4": 129.91293672, "2009Q4": 30.958145520000002, "2014Q1": 72.9245148, "2014Q2": 77.33575248000001, "2014Q3": 75.22948584000001, "2014Q4": 88.092284, "2022Q1": 190.00114728000003, "2022Q2": 177.40328832, "2022Q3": 195.36616608, "2022Q4": 238.92217056000004}