{"2006Q3": 2.201564, "2006Q4": 1.834637, "2003Q3": 0.513698, "2003Q2": 0.917318, "2003Q1": 0.741193, "2011Q3": 7.351861, "2011Q2": 7.148893, "2011Q1": 8.238239, "2011Q4": 7.141379, "2012Q3": 7.569006, "2012Q2": 6.041713, "2012Q1": 6.095179, "2012Q4": 6.046294, "2019Q3": 3.214368, "2019Q2": 4.982929, "2019Q1": 4.841301, "2019Q4": 0.81, "2007Q3": 2.201564, "2007Q2": 2.164871, "2007Q1": 2.018101, "2007Q4": 3.192268, "2009Q3": 5.503911, "2009Q2": 4.036201, "2009Q1": 3.852737, "2009Q4": 6.604693, "2021Q3": 3.24, "2021Q2": 2.59, "2021Q1": 2.25, "2021Q4": 3.92, "2001Q3": 3.118883, "2001Q2": 3.118883, "2001Q4": 1.61448, "2014Q3": 9.703828, "2014Q2": 12.029862, "2014Q1": 7.684148, "2014Q4": 10.858602, "1998Q3": 0.550391, "1998Q2": 0.917318, "1998Q4": 0.550391, "1996Q4": 1.284246, "2023Q3": 13.38, "2023Q2": 9.69, "2023Q1": 7.82, "2022Q3": 6.96, "2022Q2": 7.16, "2022Q1": 4.57, "2022Q4": 7.49, "2017Q3": 4.663836, "2017Q2": 6.047353, "2017Q1": 6.059846, "2017Q4": 5.867228, "2020Q3": 0.838, "2020Q2": 0.673, "2020Q1": 0.694, "2020Q4": 1.93, "1997Q3": 1.284246, "1997Q2": 1.284246, "1997Q1": 1.284246, "2018Q3": 5.807121, "2018Q2": 6.540269, "2018Q1": 6.331916, "2018Q4": 5.183304, "2008Q3": 3.302346, "2008Q2": 2.421721, "2008Q1": 2.972112, "2008Q4": 2.201564, "2013Q3": 5.879723, "2013Q2": 6.639199, "2013Q1": 5.929858, "2013Q4": 7.506024, "2002Q3": 0.80724, "2002Q2": 0.917318, "2002Q1": 1.247553, "2002Q4": 0.741193, "2000Q3": 2.018101, "2000Q2": 2.109832, "2000Q1": 1.375978, "2015Q3": 5.573931, "2015Q2": 5.589537, "2015Q1": 9.659202, "2015Q4": 5.014637, "2010Q3": 9.026378, "2010Q2": 8.260545, "2010Q1": 6.127687, "2010Q4": 7.702901, "2016Q3": 8.255643, "2016Q2": 4.602857, "2016Q1": 4.067465, "2016Q4": 7.511621, "1999Q3": 0.550391}