{"2016Q4": 0.017759999999999998, "2020Q1": 0.0036999999999999997, "2020Q2": 0.0036999999999999997, "2020Q3": 0.0036999999999999997, "2018Q1": 0.007991999999999999, "2018Q4": 0.008584, "2018Q2": 0.00925, "2018Q3": 0.0076219999999999994, "2017Q4": 0.0071779999999999995, "2017Q3": 0.017759999999999998, "2019Q1": 0.006437999999999999, "2019Q4": 0.0036999999999999997}