{"2009Q4": 4.56244510492, "2010Q4": 4.9207528530880005, "2010Q1": 4.29849280344, "2010Q3": 4.692630929016, "2010Q2": 4.6460506435680005, "2011Q4": 2.866458011256, "2011Q1": 4.06081584712, "2011Q3": 2.376770887896, "2011Q2": 3.5806837560080003}