{"2023Q2": 0.18956394999999998, "2023Q4": 0.186570835, "2023Q3": 0.13419132250000002, "2023Q1": 0.44235246585, "2024Q2": 0.18956394999999998, "2024Q3": 0.13419132250000002, "2024Q1": 0.16960985}