{"2019Q2": 0, "2019Q4": 0, "2019Q3": 0, "2019Q1": 0, "2021Q2": 0.150665511632, "2021Q4": 0.13219036512000001, "2021Q3": 0.15841450739600002, "2021Q1": 0.135416334452, "2020Q2": 0, "2020Q4": 0.147792771748, "2020Q3": 0, "2020Q1": 0, "2023Q2": 0.13585748, "2023Q3": 0.10908196, "2023Q1": 0.12143264000000002, "2018Q2": 0, "2018Q4": 0, "2018Q3": 0, "2018Q1": 0, "2017Q2": 0, "2017Q4": 0, "2017Q3": 0, "2022Q1": 0.13219036512000001}