{"2016Q2": 1.643936277238, "2018Q4": 2.796248973141, "2015Q4": 2.75652411116}