{"2017Q2": 0.10210572, "2017Q4": 0.1198755, "2017Q1": 0.0902592, "2017Q3": 0.09787482, "2023Q2": 0.50122062, "2023Q1": 0.43324415999999993, "2016Q2": 0.08151534, "2016Q4": 0.10295189999999999, "2016Q1": 0.0691047, "2016Q3": 0.09110538, "2015Q2": 0.06571998, "2015Q4": 0.06571998, "2015Q1": 0.05979672, "2015Q3": 0.07277148, "2020Q2": 0.1678257, "2020Q4": 0.3187278, "2020Q1": 0.12720905999999998, "2020Q3": 0.31365071999999994, "2022Q2": 0.3652677, "2022Q4": 0.36216504, "2022Q1": 0.36244709999999997, "2022Q3": 0.37824246, "2018Q2": 0.12043961999999998, "2018Q4": 0.09054126, "2018Q1": 0.16838982, "2018Q3": 0.11225987999999999, "2021Q2": 0.3906531, "2021Q4": 0.39262751999999995, "2021Q1": 0.39319163999999995, "2021Q3": 0.38444778, "2019Q2": 0.1424403, "2019Q4": 0.16810776, "2019Q1": 0.09392597999999999, "2019Q3": 0.17403101999999998, "2013Q4": 0.05415551999999999, "2014Q2": 0.05979672, "2014Q4": 0.05725817999999999, "2014Q1": 0.059232599999999996, "2014Q3": 0.06318144}