{"2023Q1": 3.1703535, "2023Q2": 3.48738885, "2023Q3": 3.2760319499999997, "2022Q2": 3.22906375, "2022Q3": 2.19576335, "2022Q4": 2.583251}