{"2021Q3": 60.119999, "2021Q1": 44.639999, "2021Q2": 72.480003, "2021Q4": 19.08, "2016Q3": 397.799988, "2016Q1": 433.799988, "2016Q2": 410.399994, "2016Q4": 707.400024, "2020Q3": 59.580002, "2020Q1": 65.339996, "2020Q2": 117.360001, "2020Q4": 68.040001, "2015Q3": 972, "2015Q4": 507.600006, "2022Q3": 6, "2022Q1": 7.32, "2022Q2": 12.48, "2022Q4": 3.66, "2018Q3": 745.200012, "2018Q1": 694.799988, "2018Q2": 649.799988, "2018Q4": 469.799988, "2017Q3": 403.200012, "2017Q1": 748.799988, "2017Q2": 414, "2017Q4": 804.599976, "2019Q3": 140.580002, "2019Q1": 446.399994, "2019Q2": 248.399994, "2019Q4": 60.299999, "2023Q1": 2.64}