{"2023Q3": 442.15, "2023Q2": 553.23, "2023Q1": 417.98999, "2022Q3": 263.579987, "2022Q2": 355.459991, "2022Q1": 341.209991, "2022Q4": 361.929993, "2017Q3": 85.949997, "2017Q2": 70.099998, "2017Q1": 66.650002, "2017Q4": 97, "2020Q3": 336.209991, "2020Q2": 237.800003, "2020Q1": 175.210007, "2020Q4": 527.640015, "2015Q3": 53.110001, "2015Q2": 50.509998, "2015Q4": 36.529999, "2016Q3": 48.900002, "2016Q2": 50.57, "2016Q1": 46.25, "2016Q4": 59.700001, "2018Q3": 144.119995, "2018Q2": 128.600006, "2018Q1": 117.650002, "2018Q4": 172, "2019Q3": 151.570007, "2019Q2": 164.919998, "2019Q1": 181.919998, "2019Q4": 184.169998, "2021Q3": 776.73999, "2021Q2": 590, "2021Q1": 503.01001, "2021Q4": 545.890015}