{"2015Q1": 1.184581660293, "2015Q2": 0.780430212376, "2015Q3": 0.6828764358289999, "2015Q4": 0.536545847953, "2020Q1": 0.270075195, "2020Q2": 0.6925005, "2020Q3": 1.24188423, "2020Q4": 2.30217944, "2016Q1": 0.5226095062239999, "2016Q2": 0.520879178308, "2016Q3": 0.401820952901, "2016Q4": 0.31550384335599996, "2017Q1": 0.35419784740500004, "2017Q2": 0.302109806463, "2017Q3": 0.614637436559, "2017Q4": 0.30657458802, "2023Q1": 1.0325951899999999, "2023Q2": 1.0072035049999999, "2021Q1": 3.624085796111, "2021Q2": 3.4855858499999997, "2021Q3": 3.5548359, "2021Q4": 4.308892, "2019Q1": 0.39703362000000003, "2019Q2": 0.3385558, "2019Q3": 0.23698906, "2019Q4": 0.213136265, "2018Q1": 0.179331160592, "2018Q2": 0.153889, "2018Q3": 0.21390570999999997, "2018Q4": 0.12926675999999998, "2014Q4": 1.463306802094, "2022Q1": 2.893113046111, "2022Q2": 2.22831272, "2022Q3": 1.42039547}