{"2023Q1": 10.50761079, "2023Q2": 11.54782425, "2021Q4": 16.20696216, "2022Q1": 11.03862885, "2022Q2": 8.5108374, "2022Q3": 7.02447178}