{"2023Q2": 1.2244937, "2023Q1": 1.50940065, "2022Q4": 1.30329775, "2022Q3": 0.9577723}