{"2021Q4": 17.356032589999998, "2022Q4": 33.7771616}