{"2006Q1": 33.5887262788, "2006Q2": 29.81112743, "2006Q3": 37.3208027353, "2006Q4": 40.96186149580001, "2010Q1": 38.638194, "2010Q2": 33.910002, "2010Q3": 39.672486, "2016Q1": 44.683877, "2016Q2": 44.683877, "2016Q3": 48.722541, "2016Q4": 47.565119, "2008Q1": 40.522082999999995, "2008Q2": 32.99884, "2008Q3": 25.377093000000002, "2008Q4": 26.485263000000003, "2017Q1": 48.193082000000004, "2017Q2": 54.657407000000006, "2017Q3": 56.122654, "2017Q4": 60.924724, "2021Q1": 56.39354, "2021Q2": 67.88156900000001, "2021Q3": 63.264194, "2021Q4": 58.831514000000006, "2019Q1": 60.97397600000001, "2019Q2": 65.185022, "2019Q3": 68.300211, "2019Q4": 80.785593, "2012Q1": 35.830830000000006, "2012Q2": 33.946941, "2012Q3": 36.114029, "2012Q4": 38.121048, "2020Q1": 61.601939, "2020Q2": 52.933587, "2020Q3": 41.962704, "2020Q4": 55.076049, "2018Q1": 58.671445, "2018Q2": 63.005621000000005, "2018Q3": 62.451536000000004, "2018Q4": 52.170181, "2005Q4": 31.932811242500005, "2007Q1": 55.5260669866, "2007Q2": 63.07400740200001, "2007Q3": 45.8720174724, "2007Q4": 43.858906, "2011Q1": 44.831633, "2011Q2": 45.545787000000004, "2011Q3": 31.508967000000002, "2011Q4": 32.555572000000005, "2013Q1": 38.859828, "2013Q2": 38.121048, "2013Q3": 40.571335000000005, "2013Q4": 40.657526000000004, "2015Q1": 53.167534, "2015Q2": 42.516789, "2015Q3": 40.214258, "2015Q4": 41.076168, "2009Q1": 23.739464, "2009Q2": 27.445677, "2009Q3": 34.328644, "2009Q4": 31.299646000000003, "2014Q1": 43.144752000000004, "2014Q2": 49.522886, "2014Q3": 42.23359, "2014Q4": 41.999643, "2022Q4": 40.75603}