{"2023Q3": 2.55, "2023Q2": 3.05, "2023Q1": 3.12, "2022Q3": 3.99, "2022Q2": 3.08, "2022Q1": 3.73, "2022Q4": 4.12, "2017Q3": 64.800003, "2017Q2": 76.599998, "2017Q1": 95.199997, "2017Q4": 85.199997, "2020Q3": 2.46, "2020Q2": 3.69, "2020Q1": 6.1, "2020Q4": 5.99, "2015Q3": 133.399994, "2015Q2": 139.600006, "2015Q1": 156.800003, "2015Q4": 77.199997, "2016Q3": 101.400002, "2016Q2": 93.599998, "2016Q1": 82.800003, "2016Q4": 119, "2014Q3": 149.800003, "2014Q2": 227.800003, "2014Q1": 0, "2014Q4": 116, "2018Q3": 77.599998, "2018Q2": 79, "2018Q1": 89.199997, "2018Q4": 70.599998, "2019Q3": 17.799999, "2019Q2": 22.4, "2019Q1": 56.400002, "2019Q4": 6.98, "2013Q4": 0, "2021Q3": 3.93, "2021Q2": 3.04, "2021Q1": 3.7, "2021Q4": 3.97}