{"2020Q4": 4.79812654, "2020Q1": 0, "2020Q3": 0, "2020Q2": 0, "2014Q4": 0, "2014Q1": 0, "2014Q3": 0, "2014Q2": 0, "2011Q1": 0, "2011Q3": 0, "2011Q2": 0, "2017Q4": 0, "2017Q1": 0, "2017Q3": 0, "2017Q2": 0, "2013Q4": 0, "2013Q3": 0, "2015Q1": 0, "2015Q2": 0, "2010Q4": 0, "2018Q4": 0, "2018Q1": 0, "2018Q3": 0, "2018Q2": 0, "2019Q4": 0, "2019Q1": 0, "2019Q3": 0, "2019Q2": 0, "2022Q4": 1.23727742, "2022Q1": 2.24709972, "2022Q3": 1.0000182, "2022Q2": 1.94709426, "2021Q4": 2.24709972, "2021Q1": 4.46674796, "2021Q3": 5.3922550000000005, "2021Q2": 3.7059498, "2023Q1": 1.23727742, "2023Q2": 0.95688016}