{"2022Q4": 2.8329866002419997, "2022Q3": 2.8329866002419997, "2023Q1": 3.2652676339799998, "2023Q3": 3.27702402, "2023Q2": 3.2652676339799998}