{"2020Q2": 0.472551115778, "2020Q4": 0.878834615778, "2021Q2": 0.7518217315560001, "2021Q4": 0.626386615778, "2019Q2": 0.6342756157780001, "2019Q4": 0.33291580000000004, "2018Q4": 0.862267731556, "2022Q2": 0.786533268444, "2022Q4": 0.868578884222}