{"2020Q4": 0.0558959319, "2023Q2": 0.031022297999999997, "2023Q1": 0.027897750000000002, "2022Q2": 0.046806225, "2022Q4": 0.037630965, "2022Q3": 0.04649625, "2022Q1": 0.07129424999999999, "2021Q2": 0.05946374415, "2021Q4": 0.0929925, "2021Q3": 0.058895249999999996}