{"2017Q2": 0.093720311012, "2017Q4": 0.072893569616, "2017Q1": 0.106729958028, "2017Q3": 0.08295981688800001, "2023Q2": 0.0114, "2023Q1": 0.012605659212, "2016Q2": 0.10087701175199999, "2016Q4": 0.07712100000000001, "2016Q1": 0.09779120944, "2016Q3": 0.098466989736, "2015Q4": 0.09195805174, "2020Q2": 0.014624982100000001, "2020Q4": 0.015493792592, "2020Q1": 0.018824234952000002, "2020Q3": 0.012597756124000001, "2022Q2": 0.012825898776000001, "2022Q4": 0.013435972208, "2022Q1": 0.013050913724, "2022Q3": 0.012832108736, "2018Q2": 0.049120561756, "2018Q4": 0.062902589324, "2018Q1": 0.059009078392, "2018Q3": 0.062902589324, "2021Q2": 0.01064293398, "2021Q4": 0.014250998488, "2021Q1": 0.020127452400000002, "2021Q3": 0.015901113224, "2019Q2": 0.02881556188, "2019Q4": 0.026643533940000002, "2019Q1": 0.033642285552, "2019Q3": 0.025340315276000003}