{"2021Q2": 27.4879, "2021Q4": 20.8808084, "2021Q3": 23.5796204, "2021Q1": 27.73779, "2020Q2": 31.98592, "2020Q4": 28.68737299956, "2020Q3": 27.28798700044, "2020Q1": 25.388824, "2023Q2": 7.4967, "2023Q3": 2.7887724, "2023Q1": 11.045138000000001, "2022Q2": 14.203747600000002, "2022Q4": 14.6835364, "2022Q3": 13.0742448, "2022Q1": 20.49098}