{"2020Q4": 0.07843280000000001, "2020Q1": 0.019216036000000002, "2020Q3": 0.043530204, "2020Q2": 0.032353530000000005, "2014Q4": 0.07843280000000001, "2014Q1": 0.22745511999999998, "2014Q3": 0.1372574, "2014Q2": 0.21176856000000002, "2017Q4": 0.13235535, "2017Q1": 0.18235626000000002, "2017Q3": 0.15941466599999998, "2017Q2": 0.18823872, "2013Q4": 0, "2015Q1": 0.1176492, "2015Q2": 0.15686560000000002, "2018Q4": 0.06490314200000001, "2018Q1": 0.10980592000000002, "2018Q3": 0.167846192, "2018Q2": 0.06274624000000001, "2019Q4": 0.033333940000000006, "2019Q1": 0.09019772000000001, "2019Q3": 0.039020318000000005, "2019Q2": 0.0588246, "2022Q4": 0.015686560000000002, "2022Q1": 0.044706696000000004, "2022Q3": 0.01176492, "2022Q2": 0.03725558, "2021Q4": 0.07490332400000001, "2021Q1": 0.06353056800000001, "2021Q3": 0.051961730000000005, "2021Q2": 0.0490205, "2023Q1": 0.015686560000000002, "2023Q3": 0.007843280000000001, "2023Q2": 0.032353530000000005}