{"2022Q4": 16.360001, "2023Q3": 16.12, "2023Q1": 16.42, "2023Q2": 17.219999}