{"2015Q1": 1.2529716597760001, "2015Q2": 1.0905493585200001, "2015Q3": 0.933927901048, "2015Q4": 1.136956108792, "2010Q2": 0.928127057264, "2010Q3": 0.928127057264, "2010Q4": 1.856254114528, "2012Q1": 0.67289258016, "2012Q2": 0.53367365404, "2012Q3": 0.49886859133600003, "2012Q4": 0.556877029176, "2011Q1": 1.856254114528, "2011Q2": 1.2181665970720001, "2011Q3": 0.6960959552960001, "2011Q4": 0.684494267728, "2020Q1": 0.763385213312, "2020Q2": 1.044142608248, "2020Q3": 1.380588898328, "2020Q4": 1.479203242656, "2016Q1": 1.078947670952, "2016Q2": 0.9513304324, "2016Q3": 1.136956108792, "2016Q4": 1.3341834727519999, "2013Q1": 0.5916807671840001, "2013Q2": 0.87011994412, "2013Q3": 1.647426387696, "2013Q4": 1.4618007113040001, "2017Q1": 1.4618007113040001, "2017Q2": 1.9142625523680001, "2017Q3": 1.589417949856, "2017Q4": 1.084748514736, "2023Q2": 1.5830117200000002, "2023Q3": 1.51015344, "2021Q1": 2.193595899104, "2021Q2": 2.075022360144, "2021Q3": 1.7193043926560003, "2021Q4": 1.796376530632, "2019Q1": 0.589361224488, "2019Q2": 0.7308996933040001, "2019Q3": 0.7378609707840001, "2019Q4": 0.8329940140240001, "2018Q1": 0.9780137839280001, "2018Q2": 0.921165779784, "2018Q3": 0.8074710961920001, "2018Q4": 0.41997764575200003, "2014Q1": 1.5662145747200003, "2014Q2": 1.392190585896, "2014Q3": 1.0905493585200001, "2014Q4": 0.8875211507760001, "2022Q1": 1.618517546888, "2022Q2": 1.4736699874640002}