{"2015Q1": 4.734253294364, "2015Q2": 6.790634411272, "2015Q3": 8.200874588728, "2015Q4": 6.9147565, "2012Q4": 2.6919572943639998, "2020Q1": 5.377752911272, "2020Q2": 5.808219294364, "2020Q3": 8.422710294364, "2020Q4": 7.104901088728, "2016Q1": 7.115464794364, "2016Q2": 6.583763911272, "2016Q3": 6.671793911272, "2016Q4": 7.8566775, "2013Q1": 2.515017205636, "2013Q2": 2.390894852818, "2017Q1": 7.3020885, "2017Q2": 7.426210588728, "2017Q3": 14.917563588728, "2017Q4": 9.635763588728, "2023Q1": 9.230825588727999, "2021Q1": 9.886649088728, "2021Q2": 9.948270088728, "2021Q3": 11.075934177456, "2021Q4": 12.097082177455999, "2019Q1": 6.408584, "2019Q2": 7.1304300000000005, "2019Q3": 6.922679411272, "2019Q4": 4.193749147182, "2018Q1": 10.112005677455999, "2018Q4": 8.550353794364, "2022Q1": 9.417449822544, "2022Q2": 9.741399588728, "2022Q3": 9.483472322544001}