{"2015Q1": 8.955291794364, "2015Q2": 8.410386411272, "2015Q3": 8.364610705636, "2015Q4": 5.596947294364, "2012Q4": 1.4225648528180002, "2020Q1": 7.308250705636, "2020Q2": 10.583847322544, "2020Q3": 20.572611, "2020Q4": 19.569950162694, "2016Q1": 5.8390297943639995, "2016Q2": 7.2932855, "2016Q3": 8.040660411272, "2016Q4": 11.392842177456, "2013Q1": 1.021148, "2013Q2": 0.855651564788, "2013Q3": 1.3697468528180001, "2013Q4": 1.394395147182, "2017Q1": 12.667517, "2017Q2": 12.708890677455999, "2017Q3": 23.982892337306, "2017Q4": 20.113973837306002, "2023Q1": 14.308396411272, "2021Q1": 17.993332, "2021Q2": 20.944978322544, "2021Q3": 19.8023485, "2019Q1": 13.424575, "2019Q2": 11.788097088728, "2019Q3": 11.773132411272, "2019Q4": 4.690238294364, "2018Q1": 21.47932, "2018Q2": 18.390348162694, "2018Q3": 14.887633177456, "2018Q4": 16.940493411272, "2014Q1": 2.162016852818, "2014Q2": 5.8170222943639995, "2014Q3": 8.477289, "2014Q4": 10.315355822544001, "2022Q1": 15.838357177456, "2022Q2": 16.106848677456, "2022Q3": 15.875330411272}