{"2006Q3": 0, "2006Q2": 0, "2006Q1": 0, "2006Q4": 0, "2011Q3": 0, "2011Q2": 0, "2011Q1": 0, "2011Q4": 0, "2012Q3": 0, "2012Q2": 0, "2012Q1": 0, "2012Q4": 0, "2019Q3": 11.863432, "2019Q2": 12.4504032, "2019Q1": 13.2192528, "2019Q4": 12.070112, "2007Q2": 0, "2007Q1": 0, "2009Q3": 0, "2009Q4": 0, "2021Q3": 18.2126416, "2021Q2": 17.8902208, "2021Q1": 16.286383999999998, "2021Q4": 18.3366496, "2014Q3": 0, "2014Q2": 0, "2014Q1": 0, "2014Q4": 0, "2023Q2": 16.32772, "2023Q1": 15.6332752, "2022Q3": 14.7073488, "2022Q2": 16.7080112, "2022Q1": 17.8075488, "2022Q4": 14.988433599999999, "2017Q3": 0, "2017Q2": 0, "2017Q1": 0, "2017Q4": 0, "2020Q3": 12.1775856, "2020Q2": 10.2678624, "2020Q1": 9.424608000000001, "2020Q4": 13.6739488, "2018Q3": 14.5998752, "2018Q2": 14.3518592, "2018Q1": 0, "2018Q4": 13.02084, "2013Q3": 0, "2013Q2": 0, "2013Q1": 0, "2013Q4": 0, "2005Q4": 0, "2015Q3": 0, "2015Q2": 0, "2015Q1": 0, "2015Q4": 0, "2010Q3": 0, "2010Q2": 0, "2010Q1": 0, "2010Q4": 0, "2016Q3": 0, "2016Q2": 0, "2016Q1": 0, "2016Q4": 0}