{"2016Q4": 51.0003568, "2016Q2": 50.4547216, "2016Q3": 51.5211904, "2016Q1": 48.2225776, "2013Q4": 43.3449296, "2017Q4": 61.0615392, "2017Q2": 52.0750928, "2017Q3": 60.0033376, "2017Q1": 51.264907199999996, "2019Q4": 81.762608, "2019Q2": 69.7917024, "2019Q3": 76.4467984, "2019Q1": 62.954728, "2021Q4": 103.53014560000001, "2021Q2": 107.0106368, "2021Q3": 104.869432, "2021Q1": 96.25500960000001, "2020Q4": 92.64224320000001, "2020Q2": 72.2305264, "2020Q3": 80.9937584, "2020Q1": 64.360152, "2023Q2": 126.55429760000001, "2023Q1": 116.1872288, "2018Q4": 53.7616016, "2018Q2": 52.6703312, "2018Q3": 60.7473856, "2018Q1": 55.5307824, "2015Q4": 44.6098112, "2015Q2": 47.8422864, "2015Q3": 49.032763200000005, "2015Q1": 51.3475792, "2022Q4": 118.1630896, "2022Q2": 112.6240656, "2022Q3": 114.3684448, "2022Q1": 118.08041760000002, "2014Q4": 49.2807792, "2014Q2": 45.1058432, "2014Q3": 43.5764112, "2014Q1": 40.360470400000004}