{"2022Q1": 12.234318284616, "2022Q2": 8.895375999999999, "2022Q3": 10.954020159999999, "2018Q4": 5.337225282307999}