{"2023Q2": 1.5782084, "2023Q1": 1.3310868000000002, "2022Q3": 1.5276608000000003, "2022Q2": 1.2580736000000001, "2022Q1": 1.4097164, "2022Q4": 1.4434148, "2017Q3": 0.9210896, "2017Q2": 0.6402696, "2017Q1": 0.30117945, "2017Q4": 1.0278012, "2020Q3": 1.1176636, "2020Q2": 1.2187588, "2020Q1": 1.0839652, "2020Q4": 1.3984836000000003, "2015Q3": 0.499466452, "2015Q2": 0.5294355624, "2015Q1": 0.8536928, "2015Q4": 0.499466452, "2010Q4": 0.8593092000000001, "2016Q3": 0.25472620560000003, "2016Q2": 0.25472620560000003, "2016Q1": 0.3046728508, "2016Q4": 0.25472620560000003, "2014Q3": 0.8536928, "2014Q2": 0.8536928, "2014Q1": 0.9772536000000001, "2014Q4": 0.8536928, "2018Q3": 0.9660208, "2018Q2": 1.0278012, "2018Q1": 1.1906768, "2018Q4": 1.1906768, "2011Q3": 0.6346531999999999, "2011Q2": 0.6683516, "2011Q1": 0.9491716, "2011Q4": 0.6402696, "2012Q3": 0.84246, "2012Q2": 0.84246, "2012Q1": 0.9323224, "2012Q4": 0.8368436, "2019Q3": 1.6568380000000003, "2019Q2": 1.4209492, "2019Q1": 1.26369, "2019Q4": 2.0050548, "2013Q3": 0.9772536000000001, "2013Q2": 0.9772536000000001, "2013Q1": 0.9772536000000001, "2013Q4": 0.9772536000000001, "2021Q3": 1.4265656, "2021Q2": 1.8028644, "2021Q1": 1.4209492, "2021Q4": 1.4602640000000002}