{"2020Q4": 692.76355278, "2021Q4": 719.16703937, "2022Q4": 312.16732118}