{"2020Q4": 115.09689827999999, "2021Q4": 133.42965089999998, "2019Q4": 107.29019027999999, "2022Q4": 124.41290316}