{"2023Q3": 2.19, "2023Q2": 3.74, "2023Q1": 3.13, "2022Q3": 7.38, "2022Q2": 8.59, "2022Q1": 16.02, "2022Q4": 7.26, "2017Q3": 0, "2017Q2": 0, "2017Q1": 0, "2017Q4": 0, "2020Q3": 10.21, "2020Q2": 8.08, "2020Q1": 7, "2020Q4": 13.61, "2015Q3": 0, "2015Q2": 0, "2015Q1": 0, "2015Q4": 0, "2010Q3": 0, "2010Q2": 0, "2010Q1": 0, "2010Q4": 0, "2016Q3": 0, "2016Q2": 0, "2016Q1": 0, "2016Q4": 0, "2014Q3": 0, "2014Q2": 0, "2014Q1": 0, "2014Q4": 0, "2018Q3": 0, "2018Q2": 0, "2018Q1": 0, "2018Q4": 0, "2011Q3": 0, "2011Q2": 0, "2011Q1": 0, "2011Q4": 0, "2012Q3": 0, "2012Q2": 0, "2012Q1": 0, "2012Q4": 0, "2019Q3": 14.8, "2019Q2": 13.46, "2019Q1": 0, "2019Q4": 14.96, "2013Q3": 0, "2013Q2": 0, "2013Q1": 0, "2013Q4": 0, "2009Q4": 0, "2021Q3": 19.459999, "2021Q2": 26.49, "2021Q1": 19.860001, "2021Q4": 19.08}