{"2015Q2": 300.831636336128, "2015Q3": 336.260166016292, "2015Q4": 324.03626617197, "2020Q1": 760.422384535823, "2020Q2": 550.964297131288, "2020Q3": 545.164705632908, "2020Q4": 724.9530224704649, "2016Q1": 404.838129276296, "2023Q1": 760.7107356836889, "2023Q2": 779.1517, "2021Q1": 899.425044324886, "2021Q2": 1054.44916865625, "2021Q3": 1003.0431553978659, "2021Q4": 1334.047504454649, "2019Q1": 686.081234431593, "2019Q2": 756.405145807546, "2019Q3": 804.138289, "2019Q4": 1068.088586978087, "2018Q1": 800.543475694741, "2018Q2": 800.543475694741, "2018Q3": 784.620336872904, "2018Q4": 587.772957293445, "2022Q1": 1296.4334155670729, "2022Q2": 1372.871277673018, "2022Q3": 1257.1611105076222, "2022Q4": 994.953251238758}