{"2021Q3": 8.18470809, "2021Q1": 15.627104610000002, "2021Q2": 11.857704300000002, "2021Q4": 4.58883516, "2018Q3": 1.2725341200000002, "2018Q1": 1.03152387, "2018Q2": 1.13756838, "2018Q4": 1.10864715, "2020Q3": 3.42234555, "2020Q1": 0.79051362, "2020Q2": 1.05080469, "2020Q4": 13.77614589, "2015Q4": 0.90619854, "2017Q3": 1.99556487, "2017Q1": 4.58883516, "2017Q2": 3.9525680999999997, "2017Q4": 1.5906676499999999, "2023Q3": 1.7545546200000002, "2023Q1": 2.06304774, "2023Q2": 2.1401710200000004, "2022Q3": 2.3136984, "2022Q1": 3.80796195, "2022Q2": 2.9114038200000003, "2022Q4": 2.01484569, "2016Q4": 2.2654963500000003, "2019Q3": 1.17613002, "2019Q1": 1.57138683, "2019Q2": 1.52318478, "2019Q4": 1.3207361700000002}