{"2017Q4": 0, "2017Q1": 0, "2017Q3": 0, "2017Q2": 0, "2019Q4": 0, "2019Q1": 0, "2019Q3": 0, "2019Q2": 0, "2018Q4": 0, "2018Q1": 0, "2018Q3": 0, "2018Q2": 0, "2022Q4": 9.314261, "2022Q1": 13.00923, "2022Q3": 6.620747, "2022Q2": 10.628082, "2021Q4": 14.233534, "2021Q1": 0, "2021Q3": 17.380775, "2021Q2": 0, "2020Q4": 0, "2020Q1": 0, "2020Q3": 0, "2020Q2": 0, "2016Q4": 0, "2016Q1": 0, "2016Q3": 0, "2016Q2": 0, "2015Q4": 0, "2015Q1": 0, "2015Q3": 0, "2015Q2": 0, "2014Q4": 0}