{"2011Q3": 19.606039, "2011Q2": 17.074102, "2011Q1": 20.007063, "2011Q4": 15.346335, "2012Q3": 14.943058, "2012Q2": 11.540373, "2012Q1": 12.595756, "2012Q4": 11.03892, "2019Q3": 4.52, "2019Q2": 4.43, "2019Q1": 4.63, "2019Q4": 4.85, "2009Q3": 14.046885, "2009Q2": 10.936701, "2009Q4": 15.388458, "2021Q3": 2.87, "2021Q2": 3.65, "2021Q1": 3.74, "2014Q3": 3.1, "2014Q2": 4.39, "2014Q1": 3.89, "2014Q4": 3.14, "2023Q3": 2.93, "2023Q2": 3.51, "2023Q1": 3.69, "2022Q3": 1.49, "2022Q2": 2.07, "2022Q1": 4.34, "2022Q4": 3.47, "2017Q3": 7.63, "2017Q2": 6.69, "2017Q1": 5.32, "2017Q4": 7.33, "2020Q3": 5.11, "2020Q2": 5.39, "2020Q1": 3.2, "2020Q4": 4.67, "2018Q3": 4.75, "2018Q2": 7.66, "2018Q1": 6.68, "2018Q4": 5.01, "2013Q3": 4.92, "2013Q2": 4.42, "2013Q1": 7.104064, "2013Q4": 3.53, "2015Q3": 2.18, "2015Q2": 2.5, "2015Q1": 2.36, "2015Q4": 1.97, "2010Q2": 17.494934, "2010Q1": 12.582929, "2016Q3": 5.3, "2016Q2": 5.35, "2016Q1": 2.86, "2016Q4": 5.19}