{"2023Q2": 0.290648, "2023Q1": 0.361764, "2020Q2": 0.0614505626, "2020Q4": 0.06379154672, "2020Q1": 0.047989973479999996, "2020Q3": 0.06262107012, "2022Q2": 0.47051851404, "2022Q4": 0.38496973828000003, "2022Q1": 0.58967581472, "2022Q3": 0.38496973828000003, "2018Q4": 0, "2021Q2": 0.19605657748, "2021Q4": 0.36870340652, "2021Q1": 0.12114539483999999, "2021Q3": 0.38626071011999996, "2019Q4": 0.13109455416000002, "2019Q3": 0}