{"2020Q1": 15.837634768889, "2020Q2": 19.231412462222, "2020Q3": 32.093343, "2020Q4": 14.657189231111, "2016Q4": 11.312596000000001, "2017Q1": 12.4807445, "2017Q2": 13.86407825, "2017Q3": 12.2963, "2017Q4": 10.79000325, "2023Q2": 0.203872654, "2023Q3": 0.093574843, "2021Q1": 14.091559554074001, "2021Q2": 12.26555925, "2021Q3": 15.751561037778002, "2021Q4": 9.222225, "2019Q1": 21.518525, "2019Q2": 20.682376231111, "2019Q3": 19.428154, "2019Q4": 22.084155537778003, "2018Q1": 15.099856768889001, "2018Q2": 17.706672, "2018Q3": 21.985784768889, "2018Q4": 16.944301768889, "2022Q1": 4.975082857037001, "2022Q2": 3.68643074}