{"2023Q2": 23.690001, "2017Q3": 13.251182, "2017Q2": 13.559826, "2017Q1": 12.174354, "2020Q3": 15.818916, "2020Q2": 17.626675, "2020Q1": 13.599053, "2015Q3": 8.27855, "2015Q2": 11.011178, "2015Q1": 12.43295, "2015Q4": 10.066599, "2016Q3": 10.066599, "2016Q2": 9.207377, "2016Q1": 8.836236, "2016Q4": 11.653084, "2014Q3": 11.324603, "2014Q2": 12.080577, "2014Q4": 11.757356, "2019Q3": 15.776147, "2019Q4": 14.58652, "2021Q2": 27.917187}