{"2021Q4": 32.0503412, "2020Q4": 31.254508800000004, "2017Q4": 40.515104, "2022Q4": 5.2814332, "2016Q4": 0, "2019Q4": 31.833296}