{"2022Q4": 0.005016, "2022Q3": 0.005016, "2023Q1": 0.0044, "2023Q2": 0.0044}