{"2023Q2": 0.041504870000000006, "2023Q1": 0.050982360000000004, "2020Q4": 0, "2020Q3": 0, "2022Q2": 0, "2022Q4": 0, "2022Q1": 0, "2022Q3": 0, "2021Q2": 0, "2021Q4": 0, "2021Q1": 0, "2021Q3": 0, "2019Q4": 0}