{"2015Q1": 0.1537742, "2015Q2": 0.1254722, "2015Q3": 0.165095, "2015Q4": 0.1339628, "2012Q4": 0.09150979999999999, "2020Q1": 0.13773639999999998, "2020Q2": 0.183963, "2020Q3": 0.2084914, "2020Q4": 0.2377368, "2016Q1": 0.146227, "2016Q2": 0.17830259999999998, "2016Q3": 0.2386802, "2016Q4": 0.2433972, "2013Q1": 0.07264179999999999, "2013Q2": 0.0698116, "2013Q3": 0.0792456, "2013Q4": 0.0811324, "2017Q1": 0.292454, "2017Q2": 0.376416618868, "2017Q3": 0.42264319999999994, "2017Q4": 0.3613222, "2023Q1": 0.513209618868, "2021Q1": 0.428303618868, "2021Q2": 0.4405678, "2021Q3": 0.414152618868, "2021Q4": 0.4075488, "2019Q1": 0.1500006, "2019Q2": 0.14151, "2019Q3": 0.13301939999999998, "2019Q4": 0.0933966, "2018Q1": 0.21886879999999997, "2018Q2": 0.1679252, "2018Q3": 0.17358559999999998, "2018Q4": 0.17641579999999998, "2014Q1": 0.1235854, "2014Q2": 0.11603820000000001, "2014Q3": 0.1566044, "2014Q4": 0.19811399999999998, "2022Q1": 0.3518882, "2022Q2": 0.43679419999999997, "2022Q3": 0.608493, "2022Q4": 0.3981148}