{"2015Q4": 13.060796116284, "2020Q1": 15.602074921328, "2020Q2": 19.708299421328, "2020Q3": 27.190228173122, "2020Q4": 25.748906326878, "2016Q1": 15.186988512234, "2016Q2": 13.938628418834, "2016Q3": 12.503972556698, "2016Q4": 16.004230943862, "2017Q1": 17.757025751654, "2023Q1": 41.447226653756005, "2021Q1": 27.090036326878, "2021Q2": 31.898381826878, "2021Q3": 31.832904673122, "2021Q4": 31.779259078672002, "2019Q1": 24.504561024468, "2019Q2": 29.814898078672, "2019Q3": 21.040752673122, "2019Q4": 16.821715078672, "2018Q4": 22.625765633156, "2014Q4": 0, "2022Q1": 25.342622826878003, "2022Q2": 29.272924173122, "2022Q3": 31.677489826878002, "2022Q4": 30.146236078672}