{"2017Q2": 1007.726868, "2017Q4": 1007.726868, "2017Q1": 673.161499, "2017Q3": 838.428711, "2023Q2": 4320, "2023Q1": 4462.647949, "2023Q3": 3610, "2016Q2": 556.265198, "2016Q4": 653.006958, "2016Q1": 564.327026, "2016Q3": 528.048828, "2015Q2": 624.790649, "2015Q4": 612.697876, "2015Q1": 749.748779, "2015Q3": 572.388855, "2020Q2": 1890.464233, "2020Q4": 2620.87085, "2020Q1": 1443.627319, "2020Q3": 1847.499146, "2022Q2": 9237.495117, "2022Q4": 5353.282227, "2022Q1": 4339.474609, "2022Q3": 6513.949707, "2018Q2": 5199.870117, "2018Q4": 4776.625, "2018Q1": 1128.654053, "2021Q2": 3591.88208, "2021Q4": 3591.88208, "2021Q1": 2964.591553, "2021Q3": 3652.033203, "2019Q2": 4193.393066, "2019Q4": 2088.10376, "2019Q1": 4937.861328, "2019Q3": 3067.707764, "2013Q2": 1225.395752, "2013Q4": 806.181458, "2013Q1": 1088.345093, "2013Q3": 846.49054, "2014Q2": 592.543335, "2014Q4": 620.759705, "2014Q1": 693.316101, "2014Q3": 955.325073}