{"2017Q4": 0.12588290000000002, "2023Q1": 0.2147932, "2016Q2": 0.08098759999999999, "2016Q4": 0.0994739, "2016Q1": 0.0845088, "2016Q3": 0.09859359999999999, "2015Q2": 0.07658609999999999, "2015Q4": 0.0897906, "2015Q1": 0.0739452, "2015Q3": 0.10299509999999999, "2020Q2": 0.0633816, "2020Q4": 0.079227, "2020Q1": 0.0536983, "2020Q3": 0.0677831, "2022Q2": 0.1646161, "2022Q1": 0.1875039, "2022Q3": 0.2227159, "2018Q4": 0.0924315, "2021Q2": 0.1716585, "2021Q1": 0.08186790000000001, "2021Q3": 0.2235962, "2019Q2": 0.0950724, "2019Q4": 0.0378529, "2019Q1": 0.08098759999999999, "2019Q3": 0.0536983, "2014Q4": 0.0933118}