{"2023Q3": 8.54197436, "2023Q2": 10.19665702, "2022Q2": 13.61864472, "2022Q1": 15.48990888, "2017Q3": 9.278351460000001, "2017Q2": 9.096423, "2017Q1": 9.01845366, "2017Q4": 9.3996371, "2020Q3": 17.81166256, "2020Q2": 14.0344812, "2020Q1": 13.93052208, "2020Q4": 20.401977300000002, "2015Q3": 6.1509146, "2015Q4": 6.7573428, "2007Q4": 5.30191512, "2010Q3": 4.149701540000001, "2010Q2": 3.62124268, "2010Q1": 3.44797748, "2010Q4": 4.426925860000001, "2016Q3": 9.027116920000001, "2016Q2": 8.8365252, "2016Q1": 8.50732132, "2016Q4": 8.7498926, "2014Q3": 5.830373980000001, "2014Q2": 5.92566984, "2014Q1": 5.38854772, "2014Q4": 6.40214914, "2018Q3": 8.80187216, "2018Q2": 9.243698420000001, "2018Q1": 8.706576300000002, "2018Q4": 8.62860696, "2008Q3": 3.1014470800000002, "2008Q2": 3.36134488, "2008Q1": 4.5915278, "2008Q4": 1.69799896, "2011Q3": 4.36628304, "2011Q2": 4.58286454, "2011Q1": 4.3316300000000005, "2011Q4": 4.87741538, "2012Q1": 5.03335406, "2019Q3": 10.90704434, "2019Q2": 9.8328001, "2019Q1": 9.80681032, "2019Q4": 12.14589052, "2013Q3": 4.5915278, "2013Q2": 4.53954824, "2013Q1": 4.8947419000000005, "2013Q4": 5.64844552, "2009Q3": 2.14848848, "2009Q2": 1.63735614, "2009Q1": 1.57671332, "2009Q4": 2.3390802, "2021Q3": 15.515898660000001, "2021Q2": 16.330245100000003, "2021Q1": 16.51217356, "2021Q4": 14.36368508}