{"2021Q4": 0.1527422667, "2023Q1": 0.039670941800000005, "2022Q4": 0.036654487699999995, "2022Q2": 0.07312616000000001, "2022Q1": 0.09140770000000001, "2022Q3": 0.077696545}