{"2017Q2": 0.10533730962599999, "2017Q4": 0.106871349348, "2017Q1": 0.100783197072, "2017Q3": 0.117098280828, "2016Q2": 0.116326874934, "2016Q4": 0.117831100914, "2016Q1": 0.12706619661, "2016Q3": 0.102287451258, "2015Q2": 0.055591431047999997, "2015Q4": 0.081798866712, "2015Q1": 0.059562271727999994, "2015Q3": 0.051223534506, "2020Q2": 0.079633520298, "2020Q4": 0.11423288969999999, "2020Q1": 0.045857907126, "2020Q3": 0.083477885274, "2022Q2": 0.153349224354, "2022Q1": 0.218305639728, "2022Q3": 0.14644160316, "2018Q2": 0.09553073216399999, "2018Q4": 0.080224689852, "2018Q1": 0.100223843886, "2018Q3": 0.10450323, "2021Q2": 0.11423288969999999, "2021Q4": 0.12686441088599998, "2021Q1": 0.11093772375, "2021Q3": 0.11203609359599999, "2019Q2": 0.08732225025, "2019Q4": 0.059313240954, "2019Q1": 0.08550262477799998, "2019Q3": 0.084576283326, "2013Q4": 0.067503896676, "2013Q3": 0.080607614508, "2014Q2": 0.072665961354, "2014Q4": 0.069489317016, "2014Q1": 0.074651381694, "2014Q3": 0.075048465762}