{"2020Q1": 1.44811745897, "2020Q2": 2.3968585368, "2020Q3": 2.310810108516, "2020Q4": 2.1262099229280005, "2017Q1": 0, "2017Q2": 0.8889618332140001, "2017Q4": 1.039944240608, "2023Q1": 6.7839206237530005, "2021Q1": 5.9991336936440005, "2021Q2": 5.607034240899001, "2021Q3": 6.158424583493, "2021Q4": 10.73806896799, "2019Q2": 0.915771457237, "2019Q3": 0.946900465693, "2019Q4": 0.9752178048340001, "2018Q1": 0.8677960766930001, "2018Q2": 0.818397069308, "2018Q3": 0.942224139948, "2018Q4": 1.010542594334, "2022Q1": 9.400984108516, "2022Q2": 8.298366393499, "2022Q3": 7.829821396670001, "2022Q4": 6.661047730337}