{"2015Q1": 33.021761262131996, "2015Q2": 31.516390245424, "2015Q3": 29.580737284641998, "2015Q4": 29.072007920414, "2010Q3": 18.423967284986002, "2010Q4": 19.964878570904002, "2012Q1": 20.076945905864, "2012Q2": 19.031026108158, "2012Q3": 19.614085929238, "2012Q4": 21.223329207054, "2011Q1": 19.964878570904002, "2011Q2": 19.611097695517998, "2011Q3": 16.816005576622, "2011Q4": 17.861324870763998, "2020Q1": 39.576023975316, "2020Q2": 38.926160275356, "2020Q3": 33.670308539436, "2020Q4": 46.809943307194, "2016Q1": 30.027429374159997, "2016Q2": 31.725466617124, "2016Q3": 38.02173020179, "2016Q4": 41.478248713914, "2013Q1": 21.176683907139996, "2013Q2": 22.076927025314003, "2013Q3": 26.121021419574, "2013Q4": 26.435870409045997, "2017Q1": 44.215200546262, "2017Q2": 46.86220540091, "2017Q3": 52.554542094169996, "2017Q4": 52.837229289764, "2023Q1": 46.851848, "2023Q2": 53.53680508590799, "2021Q1": 47.740663552492, "2021Q2": 50.642330484216004, "2021Q3": 63.64509443441, "2021Q4": 74.53455407212199, "2019Q1": 50.210825821182006, "2019Q2": 53.725517473284, "2019Q3": 53.033997623858, "2019Q4": 53.858498159054, "2018Q1": 50.575718297958, "2018Q2": 46.762419820812, "2018Q3": 47.755144773072004, "2018Q4": 47.02366429685, "2009Q4": 17.419023713586, "2014Q1": 30.902099382422, "2014Q2": 32.007937837126, "2014Q3": 35.725300013442, "2014Q4": 33.770059266329994, "2022Q1": 66.02030971903599, "2022Q2": 48.680211085908, "2022Q3": 39.766933542954, "2022Q4": 47.080394457046}