{"2023Q3": 4.81, "2023Q2": 6.48, "2023Q1": 13.01, "2022Q3": 20.280001, "2022Q2": 28.639999, "2022Q1": 24.09, "2022Q4": 15.89, "2017Q3": 101.650002, "2017Q2": 98.190002, "2017Q1": 83.769997, "2020Q3": 29.940001, "2020Q2": 30.639999, "2020Q1": 52.900002, "2020Q4": 51.59, "2015Q3": 46.529999, "2015Q2": 42.599998, "2015Q1": 37.490002, "2015Q4": 35.34, "2016Q3": 50.25, "2016Q2": 53.779999, "2016Q1": 49, "2016Q4": 68.620003, "2014Q3": 26.120001, "2014Q4": 37.599998, "2018Q3": 193.300003, "2018Q2": 213.259995, "2018Q1": 140.580002, "2019Q3": 59.32, "2019Q2": 42.32, "2019Q1": 91.139999, "2019Q4": 41.98, "2021Q3": 38.880001, "2021Q2": 82.260002, "2021Q1": 67.089996, "2021Q4": 29.940001}