{"2019Q4": 0, "2021Q2": 2.58334578, "2021Q4": 1.5405273, "2020Q4": 0, "2023Q2": 1.3956914, "2023Q1": 1.1718541, "2022Q2": 0.7531466800000001, "2022Q4": 1.07441904, "2022Q3": 0.7505133, "2022Q1": 0.8558485}