{"2014Q2": 0, "2014Q4": 9.669599999999999, "2014Q3": 0, "2016Q2": 0, "2016Q4": 0, "2016Q3": 0, "2016Q1": 4.8219072, "2019Q2": 4.6285152, "2019Q4": 3.674448, "2019Q3": 4.254624, "2019Q1": 5.15712, "2021Q2": 17.018496, "2021Q4": 35.4680928, "2021Q1": 15.9999648, "2020Q2": 6.2787936, "2020Q4": 12.57048, "2020Q3": 10.443168, "2020Q1": 3.7260192, "2023Q2": 11.023344000000002, "2023Q3": 7.864608, "2023Q1": 6.76872, "2018Q2": 5.5954752, "2018Q4": 4.51248, "2018Q3": 5.6212608, "2018Q1": 5.7888672, "2017Q2": 4.448016, "2017Q4": 4.5898368, "2017Q3": 4.4738016, "2017Q1": 3.54552, "2015Q2": 5.737296, "2015Q4": 0, "2015Q3": 5.414976, "2015Q1": 5.8533312, "2022Q2": 14.5044, "2022Q4": 8.470569600000001, "2022Q3": 6.2401152}