{"2020Q1": 2.540082666975, "2020Q2": 3.29189296737, "2020Q3": 4.58022457263, "2020Q4": 5.753935595204999, "2016Q4": 0, "2017Q2": 1.4978489295, "2017Q3": 1.3893092274599999, "2017Q4": 1.074543689205, "2023Q1": 5.84625973386, "2023Q2": 6.37233951333, "2021Q1": 7.324232880089999, "2021Q2": 8.207198357714999, "2021Q3": 9.293785473209999, "2021Q4": 10.042836319740001, "2019Q1": 1.747565481585, "2019Q2": 1.96586219781, "2019Q3": 2.274364974525, "2019Q4": 3.044496727965, "2018Q1": 1.213474659285, "2018Q2": 1.30071962307, "2018Q3": 1.58165732655, "2018Q4": 1.5263547659849999, "2022Q1": 8.188703070554999, "2022Q2": 4.947914729625, "2022Q3": 5.245608905775, "2022Q4": 4.635599790884999}