{"2021Q3": 29.629152, "2021Q1": 29.801231, "2021Q2": 33.3218, "2021Q4": 26.566599, "2011Q3": 34.883457, "2011Q1": 33.660629, "2011Q2": 31.927088, "2011Q4": 44.051891, "2015Q3": 35.493767, "2015Q1": 50.563461, "2015Q2": 43.072784, "2015Q4": 39.28014, "2014Q3": 36.518745, "2014Q1": 41.341053, "2014Q2": 43.027344, "2014Q4": 46.813522, "2010Q3": 26.280714, "2010Q1": 25.587234, "2010Q2": 22.781723, "2010Q4": 34.137882, "2009Q3": 23.199944, "2009Q1": 17.20343, "2009Q2": 19.195885, "2009Q4": 21.612057, "2019Q3": 39.380909, "2019Q1": 28.248192, "2019Q2": 37.27911, "2019Q4": 27.706709, "2016Q3": 36.769314, "2016Q1": 42.810253, "2016Q2": 43.663311, "2016Q4": 35.032303, "2018Q3": 29.621485, "2018Q1": 19.939167, "2018Q2": 25.553442, "2018Q4": 26.414047, "2023Q3": 0, "2023Q1": 23.639999, "2023Q2": 0, "2012Q3": 32.246044, "2012Q1": 39.370724, "2012Q2": 36.776913, "2012Q4": 39.739792, "2020Q3": 20.766848, "2020Q1": 22.227194, "2020Q2": 23.671392, "2020Q4": 30.983137, "2022Q3": 24.152006, "2022Q1": 23.716078, "2022Q2": 27.273859, "2022Q4": 26.909904, "2013Q3": 35.885483, "2013Q1": 36.674942, "2013Q2": 35.070404, "2013Q4": 40.743904, "2017Q3": 25.696556, "2017Q1": 33.929077, "2017Q2": 31.669775, "2017Q4": 21.167431}