{"2014Q3": 4.41, "2014Q1": 3.92, "2014Q2": 4.73, "2014Q4": 4.15, "2006Q3": 3.809752, "2006Q1": 4.157851, "2006Q2": 4.767025, "2006Q4": 4.360909, "2008Q3": 0.531818, "2008Q1": 1.875868, "2008Q2": 1.208678, "2008Q4": 0.193388, "2017Q3": 8.6, "2017Q1": 7.9, "2017Q2": 7.5, "2017Q4": 6.65, "2022Q3": 9.85, "2022Q1": 7.55, "2022Q2": 9.9, "2022Q4": 19.67, "2003Q3": 6.323802, "2003Q1": 4.109504, "2003Q2": 4.602645, "2003Q4": 5.608264, "2013Q3": 3.74, "2013Q1": 3.34, "2013Q2": 4, "2013Q4": 4.04, "2000Q3": 9.216167, "2000Q1": 21.272726, "2000Q2": 9.246384, "2000Q4": 6.285124, "2018Q3": 6.8, "2018Q1": 6.9, "2018Q2": 9.25, "2018Q4": 6.75, "2011Q3": 2.310992, "2011Q1": 3.539008, "2011Q2": 2.804132, "2011Q4": 3.432645, "2020Q3": 5.46, "2020Q1": 3.02, "2020Q2": 4.8, "2020Q4": 10.11, "2016Q3": 4, "2016Q1": 3.84, "2016Q2": 3.96, "2016Q4": 6.35, "2002Q3": 3.83876, "2002Q1": 7.706529, "2002Q2": 4.225537, "2002Q4": 3.00719, "2007Q3": 2.494711, "2007Q1": 4.525289, "2007Q2": 3.258595, "2007Q4": 2.030578, "2004Q3": 4.186859, "2004Q1": 5.356859, "2004Q2": 7.165041, "2004Q4": 4.022479, "2023Q3": 12.34, "2023Q1": 19.82, "2023Q2": 17.51, "1998Q4": 6.647727, "2019Q3": 5.25, "2019Q1": 5.36, "2019Q2": 4.7, "2019Q4": 2.24, "2021Q3": 15.48, "2021Q1": 12.34, "2021Q2": 11.99, "2021Q4": 9.45, "2005Q3": 3.771074, "2005Q1": 3.055537, "2005Q2": 3.83876, "2005Q4": 3.558347, "2015Q3": 3.88, "2015Q1": 4.5, "2015Q2": 3.97, "2015Q4": 3.82, "1999Q3": 14.745868, "1999Q1": 5.922521, "1999Q2": 6.526859, "1999Q4": 17.646694, "2012Q3": 2.359339, "2012Q1": 3.210248, "2012Q2": 2.591405, "2012Q4": 3.07, "2001Q3": 3.51, "2001Q1": 6.285124, "2001Q2": 5.714628, "2001Q4": 5.540578, "2009Q3": 0.84124, "2009Q1": 0.17405, "2009Q2": 0.290083, "2009Q4": 1.527769, "2010Q3": 2.359339, "2010Q1": 4.022479, "2010Q2": 2.765454, "2010Q4": 3.558347}