{"2006Q3": 9.11, "2006Q2": 6.25, "2006Q1": 8.14, "2006Q4": 8.96, "2003Q3": 5.98, "2003Q2": 5.46, "2003Q1": 5.87, "2011Q3": 7.53, "2011Q2": 7.19, "2011Q1": 8.54, "2011Q4": 9.11, "2012Q3": 8.09, "2012Q2": 13.19, "2012Q1": 8.98, "2012Q4": 14.7, "2019Q3": 55.599998, "2019Q2": 68.300003, "2019Q1": 67.360001, "2019Q4": 52.299999, "2007Q3": 15.4, "2007Q2": 11.76, "2007Q1": 9.85, "2007Q4": 14, "2009Q3": 13.46, "2009Q2": 17.049999, "2009Q1": 15.07, "2009Q4": 9.09, "2021Q3": 33.759998, "2021Q2": 37.810001, "2021Q1": 39.889999, "2021Q4": 31.780001, "2001Q3": 19.719999, "2001Q2": 10.53, "2001Q1": 11.01, "2001Q4": 16.950001, "2014Q3": 44.59, "2014Q2": 31.42, "2014Q1": 24.66, "2014Q4": 66.800003, "2023Q3": 43.73, "2023Q2": 39.99, "2023Q1": 34.73, "2022Q3": 43.060001, "2022Q2": 44.259998, "2022Q1": 39.580002, "2022Q4": 36.799999, "2017Q3": 52.299999, "2017Q2": 48.060001, "2017Q1": 46.799999, "2017Q4": 52.82, "2020Q3": 47.610001, "2020Q2": 57.48, "2020Q1": 56.509998, "2020Q4": 56.209999, "2018Q3": 53.650002, "2018Q2": 44.200001, "2018Q1": 44.330002, "2018Q4": 69.690002, "2008Q3": 15.52, "2008Q2": 18.950001, "2008Q1": 12.64, "2008Q4": 13.69, "2013Q3": 32.549999, "2013Q2": 27.75, "2013Q1": 21.889999, "2013Q4": 50.880001, "2002Q3": 9.9, "2002Q2": 10.88, "2002Q1": 10.9, "2002Q4": 3.58, "2005Q3": 4.98, "2005Q2": 5.64, "2005Q1": 2.98, "2005Q4": 8.01, "2015Q3": 62.77, "2015Q2": 54.52, "2015Q1": 58.34, "2015Q4": 33.5, "2010Q3": 9.9, "2010Q2": 8.87, "2010Q1": 9.38, "2010Q4": 9.27, "2016Q3": 38.380001, "2016Q2": 36.330002, "2016Q1": 34.91, "2016Q4": 49.439999, "2004Q3": 4.51, "2004Q2": 4.71, "2004Q1": 6.68, "2004Q4": 4.04}