{"2015Q2": 514.762412, "2015Q4": 274.473552, "2010Q2": 191.804224, "2010Q4": 347.751872, "2012Q2": 253.343784, "2012Q4": 432.057512, "2011Q2": 378.343792, "2011Q4": 198.189398, "2020Q4": 119.87764000000001, "2016Q2": 333.91436400000003, "2016Q4": 208.113986, "2008Q2": 260.102464, "2008Q4": 121.83409999999999, "2013Q2": 539.7339559999999, "2013Q4": 506.06505799999996, "2017Q4": 253.735076, "2018Q4": 278.40425799999997, "2021Q1": 154.151262, "2021Q2": 196.51751399999998, "2021Q3": 206.424316, "2021Q4": 192.675738, "2009Q2": 71.535292, "2009Q4": 218.32315, "2014Q2": 646.0053059999999, "2014Q4": 482.747612}