{"2014Q2": 0.10851628, "2014Q4": 0.08164648000000001, "2014Q3": 0.11323028, "2014Q1": 0.09154588000000001, "2016Q2": 0.06062204, "2016Q4": 0.05666228, "2016Q3": 0.05666228, "2016Q1": 0.07278416, "2019Q2": 0.07825240000000001, "2019Q3": 0.075424, "2019Q1": 0.07825240000000001, "2013Q4": 0.08617192000000001, "2021Q2": 0.06288476, "2021Q4": 0.0697672, "2021Q3": 0.06382756, "2021Q1": 0.05845360000000001, "2020Q4": 0.04553724000000001, "2023Q2": 0.10380228000000001, "2023Q1": 0.09475140000000001, "2018Q2": 0.09267724000000001, "2018Q4": 0.07825240000000001, "2018Q3": 0.07825240000000001, "2018Q1": 0.09776836, "2017Q2": 0.07570684, "2017Q4": 0.07627252000000001, "2017Q3": 0.07627252000000001, "2017Q1": 0.07570684, "2015Q2": 0.09230012, "2015Q4": 0.07221848, "2015Q3": 0.0928658, "2015Q1": 0.08456916000000002, "2022Q2": 0.09701412, "2022Q4": 0.09710840000000001, "2022Q3": 0.08240072000000001, "2022Q1": 0.10238808}