{"2011Q3": 33.34, "2011Q2": 27.67, "2011Q1": 33.470001, "2011Q4": 25.299999, "2012Q3": 18.290001, "2012Q2": 22.799999, "2012Q1": 22.139999, "2012Q4": 21.309999, "2019Q3": 48.060001, "2019Q2": 71.379997, "2019Q1": 103.860001, "2019Q4": 52.48, "2007Q3": 18.09, "2007Q2": 17.700001, "2007Q4": 18.290001, "2009Q3": 13.37, "2009Q2": 11.21, "2009Q1": 11.47, "2021Q4": 64.650002, "2014Q3": 35.720001, "2014Q2": 32.32, "2014Q1": 35, "2014Q4": 31.16, "2023Q3": 31.51, "2023Q2": 38.67, "2023Q1": 38.279999, "2022Q3": 53.450001, "2022Q2": 59.599998, "2022Q1": 53.09, "2022Q4": 41.330002, "2017Q3": 67.400002, "2017Q2": 102.809998, "2017Q1": 85.900002, "2017Q4": 66.389999, "2020Q3": 81.330002, "2020Q2": 73.599998, "2020Q1": 59.400002, "2018Q3": 95.980003, "2018Q2": 81.739998, "2018Q1": 60.02, "2018Q4": 115.279999, "2008Q3": 10.32, "2008Q2": 13.86, "2008Q1": 13.51, "2008Q4": 8.13, "2013Q3": 33.98, "2013Q2": 35.91, "2013Q1": 29.27, "2013Q4": 43.73, "2015Q3": 30.01, "2015Q2": 30.790001, "2015Q1": 32.389999, "2010Q4": 29.129999, "2016Q4": 55.580002}