{"2020Q4": 0.79707196786, "2019Q4": 1.1220074}