{"2020Q4": 0.25831572, "2020Q1": 0.17221048000000003, "2020Q3": 0.204003184, "2020Q2": 0.120547336, "2014Q4": 3.73564272, "2014Q1": 3.9103701224000007, "2014Q3": 3.73564272, "2014Q2": 3.73564272, "2016Q4": 1.51015344, "2016Q1": 1.4836595200000002, "2016Q3": 1.324696, "2016Q2": 1.3511899200000002, "2017Q4": 1.51015344, "2017Q1": 1.23196728, "2017Q3": 1.53664736, "2017Q2": 1.23196728, "2013Q4": 3.2545131328, "2015Q4": 1.6558700000000002, "2015Q1": 2.19584258352, "2015Q3": 2.4506876, "2015Q2": 2.34003574312, "2018Q4": 0.782895336, "2018Q1": 1.9208092, "2018Q3": 1.021340616, "2018Q2": 1.3644368800000002, "2019Q4": 0.37753836, "2019Q1": 0.6106848560000001, "2019Q3": 0.5722686720000001, "2019Q2": 0.657049216, "2022Q4": 0.6755949600000001, "2022Q1": 0.662348, "2022Q3": 0.6755949600000001, "2022Q2": 0.662348, "2021Q4": 0.60936016, "2021Q1": 0.27818616, "2021Q3": 0.7822329880000001, "2021Q2": 0.31792704, "2023Q1": 0.6755949600000001, "2023Q3": 0, "2023Q2": 0.6755949600000001}