{"2015Q1": 0.366266375904, "2015Q2": 0.35072428435200004, "2015Q3": 0.320035879488, "2015Q4": 0.35072428435200004, "2010Q3": 0.28998551712, "2010Q4": 0.314906353632, "2012Q2": 0.262890298944, "2012Q3": 0.27782732952, "2012Q4": 0.30471386462399996, "2020Q1": 1.72703232, "2020Q2": 2.50659552, "2020Q3": 2.32069968, "2020Q4": 2.32069968, "2016Q1": 0.40247648688, "2016Q2": 0.5332632052799999, "2016Q3": 0.538440704256, "2016Q4": 0.579858897072, "2013Q1": 0.30471386462399996, "2013Q2": 0.309602925216, "2013Q3": 0.296566229856, "2013Q4": 0.312861499392, "2017Q1": 0.548795102544, "2017Q2": 0.644981807808, "2017Q3": 0.7235012123039999, "2017Q4": 0.8356719614879999, "2023Q1": 3.44207136, "2023Q2": 4.43151696, "2021Q1": 1.9609012799999999, "2021Q2": 1.7690088, "2021Q3": 1.76301216, "2021Q4": 1.8589584, "2019Q1": 4.1676648, "2019Q2": 1.7929953600000001, "2019Q3": 1.32525744, "2019Q4": 2.2727265599999997, "2018Q1": 1.166576151312, "2018Q2": 1.649076, "2018Q3": 1.3192608000000001, "2018Q4": 2.77644432, "2014Q1": 0.29539568572799996, "2014Q2": 0.33953515377599996, "2014Q3": 0.343402386912, "2014Q4": 0.350787249072, "2022Q1": 2.098824, "2022Q2": 2.02686432, "2022Q3": 4.79131536, "2022Q4": 4.857278399999999}