{"2015Q4": 0.003855239856, "2020Q1": 0.26981881679999997, "2020Q2": 0.41165134608, "2020Q3": 0.61765392, "2020Q4": 1.15735152, "2016Q1": 0.005458141728, "2016Q2": 0.00551391048, "2016Q3": 0.005851521312, "2016Q4": 0.007145596224, "2013Q1": 0.001554329088, "2013Q2": 0.001767809472, "2013Q3": 0.0016850558399999999, "2013Q4": 0.001518948912, "2017Q1": 0.011719233552, "2017Q2": 0.014437510463999999, "2017Q3": 0.017437629456, "2017Q4": 0.022969529856, "2023Q1": 4.93523472, "2023Q2": 8.86303392, "2023Q3": 24.37034496, "2021Q1": 1.3912204799999999, "2021Q2": 1.25329776, "2021Q3": 1.17534144, "2021Q4": 2.06284416, "2019Q1": 0.08174019983999999, "2019Q2": 0.10630243728000001, "2019Q3": 0.1414907208, "2019Q4": 0.16494957647999997, "2018Q1": 0.04249518936, "2018Q2": 0.045176886767999996, "2018Q3": 0.044351749104, "2018Q4": 0.04249518936, "2014Q1": 0.001984288176, "2014Q2": 0.002139001488, "2014Q3": 0.001983688512, "2014Q4": 0.002001078768, "2022Q1": 1.7030457599999997, "2022Q2": 2.19477024, "2022Q3": 3.1782191999999996, "2022Q4": 7.48980336}