{"2021Q3": 17.83040816, "2021Q1": 16.730910480000002, "2021Q2": 17.4197524, "2021Q4": 17.47274024, "2018Q3": 14.29346984, "2018Q1": 19.10211632, "2018Q2": 16.18778512, "2018Q4": 12.5183772, "2020Q3": 11.577843040000001, "2020Q1": 10.080936560000001, "2020Q2": 11.84278224, "2020Q4": 14.518668160000002, "2015Q3": 16.34674864, "2015Q4": 15.35322664, "2017Q3": 18.453015280000002, "2017Q1": 13.220466080000001, "2017Q2": 16.638181760000002, "2017Q4": 17.300529760000003, "2023Q1": 18.59873184, "2023Q2": 19.830699120000002, "2022Q3": 11.5248552, "2022Q1": 15.32673272, "2022Q2": 13.07474952, "2022Q4": 16.12155032, "2016Q3": 10.902248080000001, "2016Q1": 12.79656336, "2016Q2": 9.55105816, "2016Q4": 12.39915456, "2019Q3": 14.55840904, "2019Q1": 13.69735664, "2019Q2": 13.127737360000001, "2019Q4": 16.13479728}