{"2015Q1": 0.30436005, "2015Q2": 0.9931749000000001, "2015Q3": 0.72085275, "2015Q4": 0.20504256, "2012Q4": 0.91628394, "2020Q1": 0.13455918, "2020Q2": 0.19222740000000002, "2020Q3": 0.26271078, "2020Q4": 0.47736471, "2016Q1": 0.32678658000000005, "2016Q2": 0.40047375, "2016Q3": 0.2563032, "2016Q4": 0.17620845000000002, "2013Q1": 0.8682270900000001, "2013Q2": 0.7176489600000001, "2013Q3": 0.6055163100000001, "2013Q4": 0.55105188, "2017Q1": 0.26271078, "2017Q2": 0.24348804000000002, "2017Q3": 0.2242653, "2017Q4": 0.16339329000000002, "2023Q1": 0.32999037000000003, "2023Q2": 0.36202827, "2021Q1": 0.46454955000000003, "2021Q2": 0.45493818, "2021Q3": 0.37163964, "2021Q4": 0.40047375, "2019Q1": 0.14737434000000002, "2019Q2": 0.1601895, "2019Q3": 0.14929661400000002, "2019Q4": 0.18261602999999998, "2018Q1": 0.11854023000000001, "2018Q2": 0.08009475, "2018Q3": 0.08329854, "2018Q4": 0.09931749000000001, "2014Q1": 0.7048338000000001, "2014Q2": 0.37163964, "2014Q3": 0.37804722, "2014Q4": 0.33639795000000006, "2022Q1": 0.41008512, "2022Q2": 0.33639795000000006, "2022Q3": 0.32678658000000005, "2022Q4": 0.28994299500000004}