{"2021Q3": 0.005578869076, "2021Q1": 0.008815623638000002, "2021Q2": 0.006363496008000001, "2021Q4": 0.0047696262700000006, "2011Q4": 0.019919718326, "2015Q3": 0.016582819858, "2015Q1": 0.018147897434, "2015Q2": 0.020538812078000002, "2015Q4": 0.018010067988000002, "2014Q3": 0.021841111062, "2014Q1": 0.020057001852, "2014Q2": 0.021182011610000002, "2014Q4": 0.01926154182, "2009Q1": 0.005452394766, "2009Q2": 0.007748971022, "2009Q4": 0.013569436994, "2005Q4": 0.005155706012, "2019Q3": 0.014955693356000001, "2019Q1": 0.01738333818, "2019Q2": 0.016745147464, "2019Q4": 0.005912183944, "2016Q3": 0.017446842324, "2016Q1": 0.018010067988000002, "2016Q2": 0.016726441174, "2016Q4": 0.018498238182000002, "2018Q3": 0.020567140208, "2018Q1": 0.019327041984, "2018Q2": 0.01959089365, "2018Q4": 0.017548915716, "2007Q3": 0.008646702342, "2007Q1": 0.006332238676, "2007Q2": 0.007115345562000001, "2007Q4": 0.006679401146, "2006Q3": 0.0053926984140000005, "2006Q1": 0.006208758396, "2006Q2": 0.005155706012, "2006Q4": 0.007115345562000001, "2012Q3": 0.019288923120000002, "2012Q1": 0.021710704422, "2012Q2": 0.020323775896000002, "2012Q4": 0.02204994764, "2020Q3": 0.005806877682, "2020Q1": 0.006002446698, "2020Q2": 0.005791834174, "2020Q4": 0.008875799376, "2013Q3": 0.017456211676000002, "2013Q1": 0.022870257268, "2013Q2": 0.01870308272, "2013Q4": 0.021000192954, "2008Q3": 0.005912105468000001, "2008Q1": 0.008590259332, "2008Q2": 0.006679401146, "2008Q4": 0.007748971022, "2017Q3": 0.018210023130000003, "2017Q1": 0.01779079922, "2017Q2": 0.017437078886, "2017Q4": 0.019485351959999998}