{"2023Q2": 0.10614989000000001, "2023Q1": 0.12544987000000002, "2022Q4": 0.12109181000000001}