{"2017Q2": 518.3852173999651, "2017Q4": 531.213207203736, "2017Q1": 590.741756586243, "2017Q3": 539.6284792806391, "2023Q1": 332.189555378841, "2016Q2": 564.1869665336941, "2016Q4": 598.075186435056, "2016Q1": 533.258031507507, "2016Q3": 699.723498026187, "2015Q2": 573.8261544655201, "2015Q4": 519.740269058223, "2015Q1": 675.627244566777, "2015Q3": 446.38624750506307, "2020Q2": 115.563096015156, "2020Q4": 220.610592730818, "2020Q1": 62.334692098704004, "2020Q3": 187.004076415263, "2022Q2": 287.162491374171, "2022Q4": 318.750364077732, "2022Q1": 319.69269251907303, "2022Q3": 315.76385117349, "2018Q2": 376.020804219579, "2018Q4": 301.15787596875003, "2018Q1": 388.99534737033, "2018Q3": 377.260399273743, "2012Q4": 656.165429661924, "2021Q2": 321.577785851868, "2021Q4": 372.364910529417, "2021Q1": 293.244050398743, "2021Q3": 296.627781757725, "2019Q2": 214.10612915553, "2019Q4": 75.994120916703, "2019Q1": 261.58892267493, "2019Q3": 191.99084840880303, "2013Q2": 632.041948292598, "2013Q4": 762.1409354900491, "2013Q1": 635.579709128055, "2013Q3": 818.789207238216, "2014Q2": 705.43145920941, "2014Q4": 702.1695842930341, "2014Q1": 750.903797769291, "2014Q3": 665.848310146299}