{"2017Q2": 4.86163432, "2017Q4": 5.98762592, "2017Q1": 4.05356976, "2017Q3": 5.788921520000001, "2023Q2": 20.214860960000003, "2023Q1": 21.526310000000002, "2016Q2": 3.7223957600000004, "2016Q4": 3.5236913600000004, "2016Q1": 4.47747248, "2016Q3": 4.305262, "2009Q4": 2.1195136000000003, "2010Q2": 1.8148335200000003, "2010Q4": 1.6823639200000002, "2010Q1": 2.1195136000000003, "2010Q3": 1.57638824, "2015Q2": 4.4377316, "2015Q4": 5.3252779199999996, "2015Q1": 4.46422552, "2015Q3": 4.74241168, "2020Q2": 19.3405616, "2020Q4": 24.16245504, "2020Q1": 13.59138096, "2020Q3": 20.161873120000003, "2022Q2": 20.055897440000003, "2022Q1": 24.58635776, "2022Q3": 16.744157440000002, "2018Q2": 5.841909360000001, "2018Q4": 6.265812080000001, "2018Q1": 5.7491806400000005, "2018Q3": 7.03413576, "2012Q2": 1.31150202784, "2012Q4": 1.53664736, "2012Q1": 1.54989432, "2012Q3": 1.41742472, "2021Q2": 24.997013520000003, "2021Q4": 26.94431664, "2021Q1": 23.407378320000003, "2021Q3": 24.506876000000002, "2011Q2": 1.54989432, "2011Q4": 1.3379429600000001, "2011Q1": 1.86782136, "2011Q3": 1.2850743426400002, "2019Q2": 11.432126480000003, "2019Q4": 15.300238800000002, "2019Q1": 9.29936592, "2019Q3": 13.339688720000002, "2013Q2": 1.9208092, "2013Q4": 2.3579588800000004, "2013Q1": 1.88106832, "2013Q3": 2.63614504, "2014Q2": 3.2587521600000002, "2014Q4": 3.9608410400000005, "2014Q1": 3.0600477600000002, "2014Q3": 3.40446872}