{"2020Q2": 0, "2020Q4": 0, "2023Q1": 32.346910556364, "2021Q1": 6.653687614768, "2021Q2": 9.332605229536, "2021Q3": 11.827835, "2019Q2": 0, "2019Q4": 0, "2018Q4": 0, "2022Q1": 7.098244692616, "2022Q2": 14.495175614768, "2022Q3": 14.758359229536, "2022Q4": 16.966479770464}