{"2012Q4": 0.31544730000000004, "2020Q1": 0.262572324, "2020Q2": 0.45814965, "2020Q3": 0.600852, "2020Q4": 0.4461326100000001, "2013Q1": 0.2253195, "2013Q2": 0.21931098000000002, "2013Q3": 0.150213, "2013Q4": 0.14570661000000001, "2023Q1": 0.0434866635, "2023Q2": 0.03154473, "2021Q4": 0.12152231700000002, "2019Q1": 0.7660863, "2019Q2": 0.7435543500000001, "2019Q3": 0.5858307, "2019Q4": 0.34624096500000007, "2018Q4": 0.9117929100000001, "2014Q1": 0.14420448, "2014Q2": 0.13143637500000002, "2014Q3": 0.39806445, "2022Q1": 0.111007407, "2022Q2": 0.07495628700000001, "2022Q3": 0.06699499800000001}