{"2017Q2": 34.00837, "2017Q4": 16.942351290833003, "2017Q1": 49.281217944998005, "2017Q3": 26.959361472499, "2016Q2": 56.06743730500201, "2016Q4": 54.367018805002004, "2016Q1": 50.08505400000001, "2016Q3": 55.031726000000006, "2015Q2": 41.737545000000004, "2015Q4": 52.388347222499, "2015Q1": 30.993991750000003, "2015Q3": 46.06588300000001, "2020Q2": 9.244093300000001, "2020Q4": 15.365600209167, "2020Q1": 9.831510290833, "2020Q3": 13.603348, "2022Q4": 11.562846418334, "2022Q1": 11.408262918334001, "2018Q2": 9.522343290833001, "2018Q4": 7.5127577908330005, "2018Q1": 13.325097081666001, "2018Q3": 7.883758500000001, "2021Q4": 12.490347418334002, "2019Q2": 8.749425790833001, "2019Q4": 8.965843000000001, "2019Q1": 8.038342, "2019Q3": 11.439179000000001, "2013Q2": 7.883758500000001, "2013Q4": 24.717900722499, "2013Q1": 7.883758500000001, "2013Q3": 7.883758500000001, "2014Q2": 20.989347320833, "2014Q4": 30.916700000000002, "2014Q1": 23.914066831666002, "2014Q3": 20.095855}