{"2017Q2": 0.6151276800000001, "2017Q4": 0.6247390500000001, "2017Q1": 0.54144051, "2017Q3": 0.5766822, "2016Q2": 0.48697608000000003, "2016Q4": 0.41969649000000003, "2016Q1": 0.42610407000000006, "2016Q3": 0.54144051, "2015Q2": 0.43571544000000006, "2015Q4": 0.34600932000000006, "2015Q1": 0.48056850000000007, "2015Q3": 0.33319416, "2018Q2": 0.5702746200000001, "2018Q1": 0.63755421, "2012Q4": 0.63755421, "2013Q2": 0.7496868600000001, "2013Q4": 0.6535731600000001, "2013Q1": 0.7496868600000001, "2013Q3": 0.61833147, "2014Q2": 0.64396179, "2014Q4": 0.5158101900000001, "2014Q1": 0.63755421, "2014Q3": 0.52862535}