{"2020Q1": 0.40169118, "2020Q2": 0.32952975, "2020Q3": 0.51361959, "2020Q4": 0.56924868, "2023Q1": 1.34582184, "2021Q1": 0.8954272799999999, "2021Q2": 0.8420322899999999, "2021Q3": 0.8067335099999999, "2021Q4": 0.7166992799999999, "2019Q2": 0.74239143, "2019Q3": 0.66241065, "2019Q4": 0.27635816999999996, "2018Q4": 1.18943484, "2022Q1": 0.56142933, "2022Q2": 0.6146009100000001, "2022Q3": 1.25824512, "2022Q4": 1.08845352}