{"2014Q3": 4.646172, "2014Q1": 38.320698, "2014Q2": 7.493824, "2014Q4": 2.5479, "2017Q3": 2.454227, "2017Q4": 2.594737, "2022Q3": 2.235, "2022Q1": 3.225587, "2022Q2": 2.196961, "2022Q4": 1.973, "2013Q4": 38.320698, "2018Q3": 1.414459, "2018Q1": 2.529166, "2018Q2": 2.510431, "2018Q4": 1.395725, "2020Q3": 5.122966, "2020Q1": 1.142808, "2020Q2": 3.419057, "2020Q4": 6.126202, "2016Q3": 5.020862, "2016Q1": 2.117005, "2016Q2": 3.559567, "2016Q4": 4.27148, "2023Q3": 0.927, "2023Q1": 1.98, "2023Q2": 1.67, "2019Q3": 1.358256, "2019Q1": 1.002299, "2019Q2": 1.058503, "2019Q4": 1.461296, "2021Q3": 3.000399, "2021Q1": 4.767805, "2021Q2": 4.093187, "2021Q4": 3.279131, "2015Q3": 1.395725, "2015Q1": 2.248147, "2015Q2": 1.405092, "2015Q4": 1.17091}