{"2015Q1": 1.80887605728, "2015Q2": 2.230643449608, "2015Q3": 2.5052564058719997, "2015Q4": 2.51545661244, "2012Q4": 1.337449926528, "2020Q1": 0.681568226328, "2020Q2": 0.6411216851279999, "2020Q3": 0.734062816032, "2020Q4": 1.011165064176, "2016Q1": 2.8457770517039997, "2016Q4": 3.012898404864, "2013Q2": 1.2070816223760001, "2013Q3": 1.347196163112, "2013Q4": 1.5365640727919998, "2017Q1": 2.873238272448, "2017Q2": 2.8538099241839996, "2017Q3": 2.8370605759679997, "2017Q4": 2.757300774768, "2023Q1": 1.41546, "2021Q1": 1.119596423136, "2021Q2": 1.024073547984, "2021Q3": 1.066241325072, "2021Q4": 1.117875187248, "2019Q1": 1.7747191080239997, "2019Q2": 1.1023850870399998, "2019Q3": 1.078289227464, "2019Q4": 0.7839756432239999, "2018Q1": 2.19020755632, "2018Q2": 1.8630461680799997, "2018Q3": 1.909663165152, "2018Q4": 1.9513732098719998, "2014Q1": 1.938411632616, "2014Q2": 1.905125456088, "2014Q3": 2.0861659314959997, "2014Q4": 1.966999997856, "2022Q1": 0.8571237485759999, "2022Q2": 1.1862467452079999, "2022Q3": 1.336011636528, "2022Q4": 1.325053254792}