{"2020Q1": 0.33287439999999996, "2020Q2": 0.228942, "2020Q3": 0.2885396, "2020Q4": 0.532744429072, "2023Q1": 1.104736, "2021Q1": 0.787124429072, "2021Q2": 0.797299570928, "2021Q3": 0.832912785464, "2021Q4": 0.637403570928, "2019Q1": 0.382296785464, "2019Q2": 0.273276785464, "2019Q3": 0.385204, "2019Q4": 0.239844, "2018Q4": 0.392472, "2022Q1": 0.566904, "2022Q2": 0.606878, "2022Q3": 0.795119214536, "2022Q4": 0.662114785464}