{"2016Q3": 0.12996544999999998, "2016Q1": 0.11768524999999999, "2016Q2": 0.102335, "2016Q4": 0.1207553, "2012Q3": 0.1412223, "2012Q1": 0.12791875, "2012Q2": 0.1453157, "2012Q4": 0.11256849999999999, "2015Q3": 0.1002883, "2015Q1": 0.10131165, "2015Q2": 0.09414819999999999, "2015Q4": 0.0798213, "2018Q3": 0.1207553, "2018Q2": 0.10847509999999999, "2018Q4": 0.05833095, "2013Q3": 0.09721824999999999, "2013Q1": 0.11359185, "2013Q2": 0.102335, "2013Q4": 0.08493805, "2014Q1": 0.17089944999999998, "2014Q2": 0.12484869999999999, "2017Q3": 0.102335, "2017Q1": 0.09312485, "2017Q2": 0.0961949, "2017Q4": 0.081868, "2019Q1": 0.05730759999999999, "2019Q2": 0.0388873}