{"2020Q4": 0.065932375, "2010Q4": 0.0610673414, "2009Q4": 0.029823152400000004}