{"2017Q2": 0.016905, "2017Q4": 0.02323, "2017Q1": 0.015870000000000002, "2017Q3": 0.02806, "2023Q2": 0.00851, "2023Q1": 0.010235000000000001, "2016Q2": 0.02001, "2016Q4": 0.014605, "2016Q1": 0.02093, "2016Q3": 0.01978, "2015Q2": 0.03818, "2015Q4": 0.0253, "2015Q1": 0.039290451155, "2015Q3": 0.02806, "2020Q2": 0.00782, "2020Q4": 0.01127, "2020Q1": 0.010005, "2020Q3": 0.00598, "2022Q2": 0.01564, "2022Q4": 0.012075, "2022Q1": 0.02139, "2022Q3": 0.01633, "2018Q2": 0.021965000000000002, "2018Q4": 0.015525, "2018Q1": 0.023, "2018Q3": 0.01909, "2012Q2": 0.037488354005, "2012Q4": 0.04189874166, "2012Q1": 0.045593225450000004, "2012Q3": 0.036385750105, "2021Q2": 0.013340000000000001, "2021Q4": 0.03105, "2021Q1": 0.010235000000000001, "2021Q3": 0.01518, "2011Q4": 0.04076570669, "2019Q2": 0.014145, "2019Q4": 0.01058, "2019Q1": 0.01564, "2019Q3": 0.01242, "2013Q2": 0.040244848, "2013Q4": 0.04331815354, "2013Q1": 0.04079614466, "2013Q3": 0.044458109325, "2014Q2": 0.04331815354, "2014Q4": 0.043299679365, "2014Q1": 0.04103825255, "2014Q3": 0.042383283695}