{"2011Q3": 34.880001, "2011Q2": 38.369999, "2011Q1": 30.450001, "2011Q4": 51.580002, "2012Q3": 52.970001, "2012Q2": 48.650002, "2012Q1": 50.369999, "2012Q4": 56.830002, "2019Q3": 127.800003, "2019Q2": 141.160004, "2019Q1": 128.649994, "2019Q4": 127.25, "2007Q4": 9.02, "2009Q3": 6.91, "2009Q2": 6.67, "2009Q1": 0.74, "2009Q4": 11.61, "2021Q3": 132, "2021Q2": 171.5, "2021Q1": 160.199997, "2021Q4": 136.630005, "2014Q3": 168.479996, "2014Q2": 135.800003, "2014Q1": 133.690002, "2014Q4": 176.130005, "2023Q3": 128.24, "2023Q2": 133, "2023Q1": 136.529999, "2022Q3": 140, "2022Q2": 151.660004, "2022Q1": 157.429993, "2022Q4": 140.509995, "2017Q3": 132.820007, "2017Q2": 152.289993, "2017Q1": 158.350006, "2017Q4": 143.800003, "2020Q3": 147.25, "2020Q2": 110.480003, "2020Q1": 110.410004, "2020Q4": 157.470001, "2018Q3": 164.410004, "2018Q2": 179.899994, "2018Q1": 147.559998, "2018Q4": 127.760002, "2008Q3": 1.3, "2008Q2": 8.49, "2008Q1": 7.97, "2008Q4": 1, "2013Q3": 92.620003, "2013Q2": 77.989998, "2013Q1": 59.509998, "2013Q4": 174.979996, "2015Q3": 139.990005, "2015Q2": 191.899994, "2015Q1": 176.949997, "2015Q4": 121.919998, "2010Q3": 14.28, "2010Q2": 10.5, "2010Q1": 8.45, "2010Q4": 27.700001, "2016Q3": 106.190002, "2016Q2": 150.009995, "2016Q1": 147.820007, "2016Q4": 132.619995}