{"2015Q1": 324.87581984999997, "2015Q2": 314.75788173, "2015Q3": 394.41336695999996, "2015Q4": 374.08438086, "2012Q4": 200.24827223999998, "2020Q1": 492.48908616, "2020Q2": 586.01794053, "2020Q3": 704.70197541, "2020Q4": 676.87764558, "2016Q1": 359.07817508999995, "2016Q2": 412.66289952, "2016Q3": 401.7690459, "2016Q4": 457.99188303, "2013Q1": 196.47732291, "2013Q2": 253.13467272, "2013Q3": 293.06328435, "2013Q4": 307.4177211, "2017Q1": 516.93042441, "2017Q2": 544.95649227, "2017Q3": 582.9763517700001, "2017Q4": 563.5474276499999, "2023Q1": 598.52569839, "2021Q1": 714.3078093, "2021Q2": 755.8037702400001, "2021Q3": 809.5126411499999, "2021Q4": 668.40464832, "2019Q1": 527.34321042, "2019Q2": 513.0198102899999, "2019Q3": 549.1929908999999, "2019Q4": 360.86278074, "2018Q1": 572.36182773, "2018Q2": 565.3320333, "2018Q3": 462.86463237, "2018Q4": 492.50460447, "2014Q1": 301.22591541, "2014Q2": 260.10239391, "2014Q3": 273.77402501999995, "2014Q4": 312.60083664, "2022Q1": 568.96331784, "2022Q2": 535.8162076799999, "2022Q3": 599.41024206, "2022Q4": 639.46300017}