{"2013Q3": 16.129032, "2013Q2": 18.754688, "2014Q4": 3.750937, "2014Q1": 22.505627, "2014Q3": 5.851462, "2014Q2": 10.502625}