{"2020Q1": 24.548412310128, "2020Q2": 26.824347064368, "2020Q3": 34.122114858456, "2020Q4": 51.575698897296, "2023Q1": 61.484088332424, "2021Q1": 50.761274316888, "2021Q2": 55.835843780063996, "2021Q3": 61.065933705408, "2021Q4": 43.682302192896, "2019Q1": 17.364904885392, "2019Q2": 18.591590427864, "2019Q3": 20.689081080408, "2019Q4": 16.65429103632, "2018Q4": 14.333088684119998, "2022Q1": 37.890754808112, "2022Q2": 47.735206873992, "2022Q3": 53.097501219936, "2022Q4": 53.153858316888}