{"2015Q1": 22.212345906013, "2015Q2": 17.99221941795, "2015Q3": 17.896689026482, "2015Q4": 20.117849795873997, "2010Q1": 8.254075983261, "2010Q2": 6.9524275414089995, "2010Q3": 9.297428147954, "2010Q4": 10.403872047446999, "2012Q1": 8.30864803036, "2012Q2": 8.702296446481, "2012Q3": 8.577211626575, "2012Q4": 8.291303986377, "2011Q1": 11.097464438678, "2011Q2": 10.122983376574998, "2011Q3": 6.036486977126001, "2011Q4": 7.477782621138999, "2020Q1": 17.332784096625, "2020Q2": 21.052332589411, "2020Q3": 27.989462082449, "2020Q4": 29.827049109183, "2016Q1": 16.766202496282002, "2016Q2": 17.403133320719, "2016Q3": 19.342314771187, "2016Q4": 21.718847545351, "2013Q1": 11.043159719164, "2013Q2": 10.597283130865, "2013Q3": 14.004891732339, "2013Q4": 13.592982720515, "2017Q1": 23.344456648302, "2017Q2": 25.358704654533998, "2017Q3": 21.768839986011997, "2017Q4": 15.899164452029998, "2023Q1": 20.828516963711, "2023Q2": 17.421756536289, "2021Q1": 31.579541340461, "2021Q2": 31.632996916027, "2021Q3": 33.215178925578, "2021Q4": 43.681116194146, "2019Q1": 16.141259222694, "2019Q2": 20.685228771966, "2019Q3": 24.376595360390997, "2019Q4": 26.876263099790002, "2018Q1": 16.120340142055, "2018Q2": 14.478024216793001, "2018Q3": 15.790096252193997, "2018Q4": 15.654363186578, "2009Q4": 7.962753656169, "2014Q1": 15.907157971151, "2014Q2": 19.180575399175, "2014Q3": 17.850309448421, "2014Q4": 19.2579155124, "2022Q1": 32.071300798832, "2022Q2": 18.951733529928998, "2022Q3": 17.317383481752, "2022Q4": 19.265170940665}