{"2014Q4": 1.0025, "2014Q2": 0.815, "2014Q3": 0.9225, "2014Q1": 0.795, "2016Q4": 1.25875, "2016Q2": 1.1975, "2016Q3": 1.2725, "2016Q1": 1.035, "2013Q4": 0.7725, "2013Q2": 0.72875, "2013Q3": 0.74125, "2013Q1": 0.6925, "2017Q4": 1.43, "2017Q2": 1.42, "2017Q3": 1.477, "2017Q1": 1.3375, "2015Q4": 0.9663, "2015Q2": 0.9425, "2015Q3": 0.9175, "2015Q1": 0.9225, "2012Q4": 0.7275, "2012Q3": 0.6538}