{"2020Q4": 0.0357456, "2020Q1": 0.04133085, "2020Q3": 0.045799049999999994, "2020Q2": 0.02792625, "2014Q1": 0.752891722341, "2011Q4": 1.071447841233, "2013Q4": 0.473629222341, "2013Q2": 0.3507537, "2015Q4": 0.18543030000000002, "2018Q4": 0.056969549999999994, "2019Q4": 0.01452165, "2019Q1": 0.0357456, "2019Q3": 0.0335115, "2019Q2": 0.0268092, "2022Q1": 0.04803315, "2022Q3": 0.0402138, "2022Q2": 0.05026725, "2021Q4": 0.06143775, "2021Q1": 0.05920365, "2021Q3": 0.0737253, "2021Q2": 0.0424479, "2012Q4": 0.850211486487, "2012Q1": 1.126557011481, "2012Q3": 1.100777642217, "2012Q2": 1.109343941211}