{"2014Q4": 0, "2021Q3": 1.0827839000000001, "2021Q1": 0.5942514913, "2021Q2": 1.212717968, "2021Q4": 2.0671329000000003, "2018Q3": 1.7244810131000001, "2018Q1": 1.22059276, "2018Q2": 1.25996672, "2018Q4": 1.4122455103000002, "2020Q3": 0.100403598, "2020Q1": 0.22443157200000002, "2020Q2": 0.30514819, "2020Q4": 0.1725563797, "2015Q3": 3.6847136117000003, "2015Q1": 3.68988144395, "2015Q2": 3.6209937478830003, "2015Q4": 0.9486171313, "2017Q3": 1.5380453125, "2017Q1": 2.1655678000000003, "2017Q2": 1.3718872013, "2017Q4": 1.3065264277, "2023Q1": 4.357713023, "2023Q2": 4.0752048599999995, "2022Q3": 3.3467866, "2022Q1": 5.03002339, "2022Q2": 3.6027173400000003, "2022Q4": 3.97676996, "2016Q3": 1.321980707, "2016Q1": 1.4576239992, "2016Q2": 1.3334975903000001, "2016Q4": 1.9997049935, "2019Q3": 1.6538047549, "2019Q1": 1.5057586653000001, "2019Q2": 1.8733145819, "2019Q4": 1.2299440755000002}