{"2023Q3": 0.1982634682, "2022Q2": 0.3118669883, "2022Q3": 0.275997633, "2022Q1": 0.45007254459999996}