{"2015Q2": 0.9722318769320001, "2015Q3": 0.99075053676, "2015Q4": 0.776101864414, "2012Q4": 0.15109668147799998, "2020Q1": 1.160482306544, "2020Q2": 1.31335249322, "2020Q3": 1.533116676896, "2020Q4": 1.4677107214099998, "2016Q1": 0.8181900637739999, "2016Q2": 1.150533666518, "2016Q3": 1.034884958258, "2016Q4": 1.388633618894, "2013Q1": 0.16891835497799998, "2013Q2": 0.147986387912, "2013Q3": 0.322281492048, "2023Q1": 2.5051097988619997, "2021Q1": 1.9185762083720002, "2021Q2": 1.85239803612, "2021Q3": 1.6218306523900001, "2019Q1": 1.630661329022, "2019Q2": 1.4885767364000002, "2019Q3": 1.551939110648, "2022Q1": 1.346722130956, "2022Q2": 1.818946741756, "2022Q3": 2.649010960958}