{"2017Q2": 0.006509, "2017Q4": 0.0060558999999999995, "2017Q1": 0.00849275, "2017Q3": 0.0064664499999999995, "2023Q2": 0.0299, "2023Q1": 0.0267375, "2016Q2": 0.00507265, "2016Q4": 0.0059179, "2016Q1": 0.0038559500000000003, "2016Q3": 0.0041123999999999996, "2015Q2": 0.00480125, "2015Q4": 0.00421935, "2015Q1": 0.0059524, "2015Q3": 0.00427455, "2020Q2": 0.0193913, "2020Q4": 0.0260452, "2020Q1": 0.020634450000000002, "2020Q3": 0.023079350000000002, "2022Q2": 0.024806650000000003, "2022Q4": 0.0282348, "2022Q1": 0.0254587, "2022Q3": 0.030373800000000003, "2018Q2": 0.007337, "2018Q4": 0.01191745, "2018Q1": 0.00662975, "2018Q3": 0.01038565, "2021Q2": 0.0333937, "2021Q4": 0.027548250000000003, "2021Q1": 0.0358432, "2021Q3": 0.02807035, "2019Q2": 0.02423855, "2019Q4": 0.02436275, "2019Q1": 0.018380450000000003, "2019Q3": 0.02448695, "2013Q2": 0.00560395, "2013Q4": 0.00521295, "2013Q1": 0.0063572, "2013Q3": 0.0055544999999999995, "2014Q2": 0.00509335, "2014Q4": 0.0066171, "2014Q1": 0.00529805, "2014Q3": 0.0053222}