{"2017Q2": 0.3991149, "2017Q4": 0.5452219799999999, "2017Q1": 0.39262751999999995, "2017Q3": 0.5229392399999999, "2023Q2": 0.6383017799999999, "2023Q1": 0.6870981599999999, "2016Q2": 0.39798665999999994, "2016Q4": 0.38614013999999997, "2016Q1": 0.36470357999999997, "2016Q3": 0.36639594, "2015Q2": 0.5062977, "2015Q4": 0.38783249999999997, "2015Q1": 0.5990954399999999, "2015Q3": 0.4174488, "2020Q2": 0.40080726, "2020Q4": 0.5773768199999999, "2020Q1": 0.2975733, "2020Q3": 0.45214218, "2022Q2": 0.67891842, "2022Q4": 0.7488693, "2022Q1": 0.6253270200000001, "2022Q3": 0.79710156, "2018Q2": 0.48542525999999997, "2018Q4": 0.33677964, "2018Q1": 0.53393958, "2018Q3": 0.43832123999999995, "2021Q2": 0.63999414, "2021Q4": 0.6360453, "2021Q1": 0.72517626, "2021Q3": 0.6281476199999999, "2019Q2": 0.41321789999999997, "2019Q4": 0.45242424, "2019Q1": 0.33226668, "2019Q3": 0.4837328999999999, "2013Q4": 0.46934784, "2014Q2": 0.57088944, "2014Q4": 0.68596992, "2014Q1": 0.49727177999999994, "2014Q3": 0.81910224}