{"2014Q4": 0.27948788568, "2016Q4": 0.22002, "2016Q3": 0.22002, "2016Q1": 0.3872352, "2019Q2": 0.1056096, "2019Q3": 0.0132012, "2013Q4": 0.30098736000000004, "2017Q1": 0.22002, "2015Q4": 0.3784344, "2022Q4": 0.05016456}