{"2015Q1": 46.673029830000004, "2015Q2": 53.572335599999995, "2015Q3": 58.81395821, "2015Q4": 49.73227343, "2010Q1": 31.200727459999996, "2010Q2": 28.33179727, "2010Q3": 33.971833, "2010Q4": 41.27133052, "2012Q1": 28.12369756, "2012Q2": 25.17650765, "2012Q3": 27.470940349999996, "2012Q4": 25.03243862, "2011Q1": 37.33522233, "2011Q2": 32.36395148, "2011Q3": 26.403762349999997, "2011Q4": 22.46765416, "2020Q1": 29.23534131, "2020Q2": 33.56630536, "2020Q3": 30.89124584, "2020Q4": 40.227274709999996, "2016Q1": 47.90917768, "2016Q2": 40.97252068, "2016Q3": 50.080884909999995, "2016Q4": 54.57014703, "2013Q1": 31.551117569999995, "2013Q2": 34.41826913, "2013Q3": 43.62801527, "2013Q4": 46.60899915, "2017Q1": 58.0189106, "2017Q2": 62.95105159, "2017Q3": 60.66373341, "2017Q4": 58.97581354, "2023Q1": 82.87170759, "2023Q2": 89.46331037, "2021Q1": 52.22235543, "2021Q2": 52.359309939999996, "2021Q3": 47.82024618, "2021Q4": 58.157643740000005, "2019Q1": 44.36970398, "2019Q2": 39.26147862, "2019Q3": 38.19074336, "2019Q4": 41.95254581, "2018Q1": 60.71175641999999, "2018Q2": 59.388455699999994, "2018Q3": 53.68794655, "2018Q4": 40.59011523, "2009Q4": 32.267905459999994, "2014Q1": 47.4538484, "2014Q2": 49.25382196, "2014Q3": 50.751428419999996, "2014Q4": 49.84254849, "2022Q1": 63.68028988999999, "2022Q2": 59.7975406, "2022Q3": 68.61598814, "2022Q4": 77.88442907}