{"2017Q2": 0.32444818601000003, "2017Q4": 0.30311767942, "2017Q1": 0.200725045815, "2017Q3": 0.30760829464, "2023Q2": 0.0897, "2023Q1": 0.106375, "2023Q3": 0.092575, "2016Q2": 0.1291573395, "2016Q4": 0.30751746821500003, "2016Q1": 0.14106386841, "2016Q3": 0.276206640625, "2015Q4": 0.09663430910000001, "2020Q2": 0.12732776977000002, "2020Q4": 0.48316345950500006, "2020Q1": 0.148928032205, "2020Q3": 0.32855115359500003, "2022Q2": 0.15295, "2022Q4": 0.124775, "2022Q1": 0.197907307075, "2022Q3": 0.14375000000000002, "2018Q2": 0.26703398681999996, "2018Q4": 0.2941899341, "2018Q1": 0.24586211054, "2018Q3": 0.288532445045, "2012Q2": 0.055807856190000005, "2012Q1": 0.046587100875, "2012Q3": 0.054734626970000005, "2021Q2": 0.357143084715, "2021Q4": 0.27638778804999997, "2021Q1": 0.291034902315, "2021Q3": 0.27297560672000004, "2011Q4": 0.03599912022, "2019Q2": 0.38198333737, "2019Q4": 0.14210689817000002, "2019Q1": 0.40394544558, "2019Q3": 0.329687985865, "2013Q4": 0.06367320621000001, "2013Q3": 0.05935638244000001, "2014Q2": 0.10919851530500001, "2014Q4": 0.16159176147999998, "2014Q1": 0.097128611185, "2014Q3": 0.126846782845}