{"2014Q2": 0.07146424000000001, "2014Q4": 0.06816444, "2014Q3": 0.07344412, "2014Q1": 0.06675024, "2008Q4": 0, "2016Q2": 0.06844728, "2016Q4": 0.08824608, "2016Q3": 0.06844728, "2016Q1": 0.08975456, "2019Q2": 0.10021964000000001, "2019Q4": 0.09343148000000001, "2019Q3": 0.09277152000000001, "2019Q1": 0.11756716000000002, "2013Q2": 0.11407880000000001, "2013Q4": 0.07844096, "2013Q3": 0.11407880000000001, "2013Q1": 0.09333720000000001, "2011Q2": 0, "2011Q4": 0, "2011Q3": 0, "2011Q1": 0, "2021Q2": 0.08758612, "2021Q3": 0.08551196000000001, "2021Q1": 0.09088592000000001, "2020Q2": 0.08541768000000001, "2020Q4": 0.12030128000000001, "2020Q3": 0.08136364000000001, "2020Q1": 0.07947804, "2023Q2": 0.13274624000000002, "2023Q3": 0.11379596000000002, "2023Q1": 0.11681292000000001, "2018Q2": 0.11756716000000002, "2018Q4": 0.11756716000000002, "2018Q3": 0.11756716000000002, "2018Q1": 0.11492732, "2017Q2": 0.11002476000000001, "2017Q4": 0.10304804000000001, "2017Q3": 0.10191668000000001, "2017Q1": 0.11049616000000001, "2015Q2": 0.06816444, "2015Q4": 0.08975456, "2015Q3": 0.09503424, "2015Q1": 0.06816444, "2010Q2": 0, "2010Q4": 0, "2010Q3": 0, "2010Q1": 0, "2009Q2": 0, "2009Q4": 0, "2009Q3": 0, "2022Q1": 0.08918888000000001, "2012Q2": 0.05392816, "2012Q4": 0.07042716, "2012Q3": 0.08258928, "2012Q1": 0}