{"2020Q4": 0.12501528, "2020Q1": 1.0688523600000002, "2020Q3": 0.10408512, "2020Q2": 0.10408512, "2014Q4": 0.041483200000000005, "2014Q1": 0.036580640000000005, "2014Q3": 0.034412200000000004, "2014Q2": 0.042426000000000005, "2008Q4": 2.5680325808e-06, "2016Q4": 0.51788004, "2016Q1": 0.04779996, "2016Q3": 0.060810600000000006, "2016Q2": 0.060810600000000006, "2011Q4": 0.020270200000000002, "2011Q1": 2.41251451528e-05, "2011Q3": 5.1931316199600006e-05, "2011Q2": 0.02140156, "2017Q4": 0.0905088, "2017Q1": 0.70625148, "2017Q3": 0.8202360000000001, "2017Q2": 0.70625148, "2013Q4": 0.0358264, "2013Q1": 0.0296982, "2013Q3": 0.032998, "2013Q2": 0.038654799999999996, "2015Q4": 0.04214316, "2015Q1": 0.042426000000000005, "2015Q3": 0.05364532000000001, "2015Q2": 0.050911200000000004, "2010Q4": 0.01961024, "2010Q1": 9.8316852756e-06, "2010Q3": 2.09978115568e-05, "2010Q2": 2.09978115568e-05, "2018Q4": 1.00285636, "2018Q1": 0.0905088, "2018Q3": 0.0905088, "2018Q2": 0.0905088, "2019Q4": 0.90716216, "2019Q1": 1.00285636, "2019Q3": 0.12397820000000001, "2019Q2": 0.12397820000000001, "2022Q1": 0.10446224000000001, "2021Q1": 0.12473244000000001, "2021Q3": 0.73067, "2021Q2": 0.1126646, "2009Q4": 9.4631447556e-06, "2009Q3": 4.2671684252e-06, "2009Q2": 4.721865780400001e-06, "2023Q1": 0.14066576, "2023Q3": 0.15103656000000001, "2023Q2": 0.16216160000000002, "2012Q4": 0.0179132, "2012Q1": 7.5028669818e-05, "2012Q3": 0.000186522849614, "2012Q2": 0.00015094002859360002}