{"2015Q1": 91.4221, "2015Q2": 90.769085, "2015Q3": 75.096725, "2015Q4": 163.906765, "2020Q1": 122.30971211206, "2020Q2": 270.34821, "2020Q3": 382.66679, "2020Q4": 506.73964, "2016Q1": 177.9465875, "2016Q2": 159.988675, "2016Q3": 159.988675, "2016Q4": 174.6815125, "2017Q1": 113.62461, "2017Q2": 126.68491, "2017Q3": 103.17637, "2017Q4": 125.37888000000001, "2023Q2": 259.11634416382, "2023Q3": 212.099272, "2021Q1": 606.52032416382, "2021Q2": 555.8463758361801, "2021Q3": 272.43786583618004, "2021Q4": 337.21696167236, "2019Q1": 207.39756791809, "2019Q2": 199.03896416382, "2019Q3": 214.31953083618, "2019Q4": 173.31017708190998, "2018Q1": 132.69264538794, "2018Q2": 234.82419791809002, "2018Q3": 257.28791, "2018Q4": 248.1457, "2014Q4": 99.25828, "2022Q1": 284.45333791809, "2022Q2": 218.62941416382}