{"2012Q4": 0.44194472042800004, "2020Q1": 0.5808474158820001, "2020Q2": 0.724967473376, "2020Q3": 0.86297331919, "2020Q4": 1.59056116397, "2023Q1": 1.939300935212, "2021Q1": 2.567956898308, "2021Q2": 3.446652551558, "2021Q3": 2.801169513114, "2019Q1": 0.948664485332, "2019Q2": 0.764272903588, "2019Q3": 0.7188532793019999, "2019Q4": 0.41139720125, "2018Q4": 1.04041644655, "2022Q1": 1.985362738348, "2022Q2": 2.534383647182, "2022Q3": 2.797593294364}