{"2023Q3": 14.14, "2023Q2": 14.85, "2023Q1": 14.49, "2022Q3": 13.41, "2022Q2": 16, "2022Q1": 15.05, "2022Q4": 13.8, "2017Q3": 16.641399, "2017Q2": 15.24473, "2017Q1": 14.652775, "2017Q4": 17.96525, "2020Q3": 16.41, "2020Q2": 16.65, "2020Q1": 12.3, "2020Q4": 14.8, "2015Q3": 12.484013, "2015Q2": 12.700351, "2015Q1": 11.922514, "2015Q4": 11.050261, "2010Q3": 3.740694, "2010Q2": 3.836841, "2010Q1": 4.464797, "2010Q4": 4.317573, "2016Q3": 13.2788, "2016Q2": 13.928226, "2016Q1": 13.267632, "2016Q4": 15.29214, "2014Q3": 10.543413, "2014Q2": 9.454319, "2014Q1": 9.579512, "2014Q4": 11.963202, "2018Q3": 20.142387, "2018Q2": 21.782305, "2018Q1": 18.911722, "2018Q4": 17.443396, "2008Q4": 0, "2011Q3": 3.890923, "2011Q2": 5.017639, "2011Q1": 5.618552, "2011Q4": 4.864406, "2012Q3": 5.738736, "2012Q2": 4.849382, "2012Q1": 5.125803, "2012Q4": 6.472221, "2019Q3": 20.567196, "2019Q2": 23.629387, "2019Q1": 19.907434, "2019Q4": 22.938908, "2013Q3": 9.00554, "2013Q2": 7.770885, "2013Q1": 6.824493, "2013Q4": 9.097029, "2009Q3": 0, "2009Q2": 0, "2009Q1": 0, "2009Q4": 4.236449, "2021Q3": 14.61, "2021Q2": 18.17, "2021Q1": 16.83, "2021Q4": 13.55}