{"2015Q1": 0.1367775765, "2015Q2": 0.14133682905, "2015Q3": 0.129178602315, "2015Q4": 0.18498424941, "2012Q2": 0.14948937962999997, "2012Q3": 0.140202624255, "2012Q4": 0.141101278665, "2020Q1": 0.21472364017499998, "2020Q2": 10.758854228159999, "2020Q3": 17.005311958394998, "2020Q4": 60.563496331364995, "2016Q1": 0.1624307949, "2016Q2": 0.156230607315, "2016Q3": 0.142856359965, "2016Q4": 0.15787154235, "2013Q1": 0.16716423597000002, "2013Q2": 0.135539122515, "2013Q3": 0.146080827, "2013Q4": 0.13644239555999998, "2017Q1": 0.168996514455, "2017Q2": 0.16639490334, "2017Q3": 0.176291318535, "2017Q4": 0.17413969443, "2023Q1": 44.47085831961, "2023Q2": 44.569829729415, "2021Q1": 44.48076991032, "2021Q2": 33.006132166155, "2021Q3": 29.446710504269998, "2021Q4": 34.02858776772, "2019Q1": 0.21316122193499998, "2019Q2": 0.20294414151, "2019Q3": 0.21702833904, "2019Q4": 0.249934793805, "2018Q1": 0.17463190896, "2018Q2": 0.17141733899999997, "2018Q3": 0.21028249272, "2018Q4": 0.20333540587499999, "2014Q1": 0.13586572599, "2014Q2": 0.144680060985, "2014Q3": 0.128875092015, "2014Q4": 0.142856359965, "2022Q1": 35.945690123715, "2022Q2": 48.033805979415, "2022Q3": 45.295614569609995, "2022Q4": 65.452654020585}