{"2021Q3": 0.051514769999999994, "2021Q1": 0.05096322, "2021Q2": 0.03551982, "2021Q4": 0.06717878999999999, "2024Q1": 0.08350467, "2016Q3": 0.10986876, "2016Q1": 0.15950825999999999, "2016Q2": 0.11560488, "2016Q4": 0.07898195999999999, "2020Q3": 0.05493438, "2020Q1": 0.06342824999999999, "2020Q2": 0.05493438, "2020Q4": 0.05096322, "2015Q3": 0.15255872999999998, "2015Q1": 0.1312689, "2015Q2": 0.154434, "2015Q4": 0.18807854999999998, "2022Q3": 0.05129415, "2022Q1": 0.07876133999999999, "2022Q2": 0.059677709999999995, "2022Q4": 0.051514769999999994, "2018Q3": 0.09464597999999999, "2018Q1": 0.09012326999999999, "2018Q2": 0.12078944999999998, "2018Q4": 0.09508721999999999, "2014Q4": 0.12101007, "2017Q3": 0.008862415709999998, "2017Q1": 0.07898195999999999, "2017Q2": 0.08857892999999999, "2017Q4": 0.09012326999999999, "2019Q3": 0.08229125999999999, "2019Q1": 0.08537994, "2019Q2": 0.08526963, "2019Q4": 0.08229125999999999, "2023Q3": 0.049639499999999996, "2023Q1": 0.04688175, "2023Q2": 0.0474333, "2023Q4": 0.08350467}