{"2015Q1": 1.1284439, "2015Q2": 1.0570234, "2015Q3": 1.1970075800000002, "2015Q4": 1.07702114, "2010Q1": 0.89836561607, "2010Q2": 0.8699962507419999, "2010Q3": 1.1111364273939999, "2010Q4": 1.108772408844, "2012Q2": 1.1528020043659999, "2012Q3": 1.0428895687320001, "2012Q4": 1.508100136854, "2011Q1": 1.03312038706, "2011Q2": 1.1584187981679999, "2011Q3": 0.872360269292, "2011Q4": 0.93382732273, "2020Q1": 0.09427506000000001, "2020Q2": 0.17140919999999998, "2020Q3": 0.129699628, "2020Q4": 0.11998643999999999, "2016Q1": 1.11701662, "2016Q2": 1.06273704, "2016Q3": 0.9141824000000001, "2016Q4": 0.81990734, "2013Q1": 2.006540092488, "2013Q2": 1.750929836854, "2013Q3": 1.676802785586, "2013Q4": 1.814832615024, "2017Q1": 0.85418918, "2017Q2": 0.7941959599999999, "2017Q3": 0.6427845, "2017Q4": 0.5999322, "2023Q1": 0.13827008799999999, "2023Q2": 0.13712736, "2021Q1": 0.1856933, "2021Q2": 0.20854786, "2021Q3": 0.2142615, "2021Q4": 0.16569556, "2019Q1": 0.34281839999999997, "2019Q2": 0.35138885999999997, "2019Q3": 0.12570008, "2019Q4": 0.10570233999999999, "2018Q1": 0.47708893999999996, "2018Q2": 0.41995254, "2018Q3": 0.41995254, "2018Q4": 0.31425020000000004, "2009Q4": 0.7210565114059999, "2014Q1": 1.5336612481219998, "2014Q2": 1.525992686196, "2014Q3": 1.2998531, "2014Q4": 1.1141598, "2022Q1": 0.19997739999999997, "2022Q2": 0.15141146, "2022Q3": 0.142841, "2022Q4": 0.1285569}