{"2012Q4": 0.3142671, "2020Q1": 0.24824459999999998, "2020Q2": 0.1804615, "2020Q3": 0.2781748, "2020Q4": 0.2174341, "2023Q1": 2.2667725, "2021Q1": 0.335394282394, "2021Q2": 0.2966611, "2021Q3": 0.4005365, "2019Q1": 0.2323992, "2019Q2": 0.15581309999999998, "2019Q3": 0.1901448, "2019Q4": 0.1364465, "2018Q4": 0.313386782394, "2022Q1": 0.4383894, "2022Q2": 0.707761217606, "2022Q3": 1.133826435212}