{"2023Q2": 745, "2023Q1": 545.201355, "2023Q3": 855, "2020Q2": 334.767059, "2020Q4": 388.15451, "2020Q1": 352.082581, "2020Q3": 287.234344, "2022Q2": 446.487762, "2022Q4": 644.328857, "2022Q1": 468.028839, "2022Q3": 763.281921, "2018Q4": 0, "2021Q2": 388.15451, "2021Q4": 436.696381, "2021Q1": 304.701294, "2021Q3": 411.238739, "2019Q4": 529.085876, "2019Q3": 610.853638}