{"2023Q2": 5.50251091, "2023Q1": 4.51816191, "2022Q3": 5.12845829, "2022Q2": 6.02421588, "2022Q1": 6.63451226, "2022Q4": 4.93158849, "2017Q3": 7.01840837, "2017Q2": 6.18171172, "2017Q1": 6.57545132, "2017Q4": 7.077469310000001, "2020Q3": 1.40761907, "2020Q2": 1.3780885999999999, "2020Q1": 1.0827839000000001, "2020Q4": 1.7718282, "2015Q3": 5.62063279, "2015Q2": 8.30790556, "2015Q1": 7.45152193, "2015Q4": 4.17363976, "2016Q3": 5.69938071, "2016Q2": 4.655970770000001, "2016Q1": 3.8980220400000003, "2016Q4": 6.664042729999999, "2014Q4": 6.890443, "2018Q3": 8.27837509, "2018Q2": 8.79023657, "2018Q1": 6.77232112, "2018Q4": 4.5673793599999994, "2019Q3": 3.4255345200000002, "2019Q2": 3.8389611, "2019Q1": 5.42376299, "2019Q4": 4.79377963, "2021Q3": 4.47878795, "2021Q2": 3.47475197, "2021Q1": 2.6183683400000004, "2021Q4": 4.744562180000001}