{"2015Q1": 0, "2015Q2": 0, "2015Q3": 0, "2015Q4": 0, "2020Q1": 4192.061035, "2020Q2": 5506.110352, "2020Q3": 6247.783203, "2020Q4": 7821.066895, "2016Q1": 0, "2016Q2": 0, "2016Q3": 0, "2016Q4": 0, "2017Q1": 0, "2017Q2": 0, "2017Q3": 0, "2017Q4": 0, "2023Q1": 10276.027344, "2023Q2": 8650, "2023Q3": 8800, "2021Q1": 8400.404297, "2021Q2": 9457.782227, "2021Q3": 11799.066406, "2021Q4": 13943.549805, "2019Q1": 5502.341309, "2019Q2": 5999.95752, "2019Q3": 5496.786621, "2019Q4": 5947.083496, "2018Q1": 0, "2018Q2": 0, "2018Q3": 0, "2018Q4": 4446.793457, "2014Q4": 0, "2022Q1": 19461.162109, "2022Q2": 13639.62207, "2022Q3": 11923.701172, "2022Q4": 11367.976563}