{"2023Q2": 0.001955, "2023Q1": 0.00575, "2020Q2": 0.00575, "2020Q4": 0.00575, "2020Q1": 0.00575, "2020Q3": 0.00575, "2022Q2": 0.00575, "2022Q4": 0.00575, "2022Q1": 0.00575, "2022Q3": 0.00575, "2018Q4": 0.0115, "2012Q2": 0.00963037002, "2012Q4": 0.019596681950000003, "2012Q1": 0.010526218295, "2012Q3": 0.009518389, "2021Q2": 0.00575, "2021Q4": 0.00575, "2021Q1": 0.00598, "2021Q3": 0.00575, "2011Q4": 0.008398577995000002, "2019Q2": 0.0115, "2019Q4": 0.00736, "2019Q1": 0.0115, "2019Q3": 0.009775}