{"2021Q2": 0, "2021Q4": 0.42049449, "2021Q3": 0.45060948, "2023Q2": 0.0557685, "2020Q4": 0, "2022Q2": 0.18626679, "2022Q1": 0.22753548, "2022Q3": 0.27103491}