{"2023Q2": 0.06982322, "2023Q1": 0.07622902, "2020Q4": 0.04227828, "2022Q2": 0.08679859000000001, "2022Q4": 0.07751018, "2022Q1": 0.09928990000000001, "2022Q3": 0.08359569, "2021Q2": 0.10313338000000001, "2021Q4": 0.11786672000000001, "2021Q1": 0.06790148000000001, "2021Q3": 0.09064207, "2019Q4": 0}