{"2020Q4": 57.85965, "2022Q4": 2.18, "2022Q1": 21.368422, "2022Q3": 2.912281, "2022Q2": 8.842105, "2021Q4": 23.087719, "2021Q1": 41.754387, "2021Q3": 44.14035, "2021Q2": 39.964912, "2023Q1": 1.73, "2023Q2": 6.72}