{"2019Q2": 119.79921626985, "2019Q4": 108.743956072875, "2019Q3": 108.743956072875, "2019Q1": 107.065358310675, "2021Q2": 142.456163625225, "2021Q4": 110.509609185825, "2021Q3": 122.967961524825, "2021Q1": 146.166302678025, "2020Q2": 112.84260657914999, "2020Q4": 134.265495737925, "2020Q3": 134.265495737925, "2020Q1": 95.739734049225, "2023Q2": 84.71078250000001, "2023Q3": 69.559452, "2018Q2": 0, "2018Q4": 0, "2018Q3": 0, "2017Q4": 0, "2022Q2": 66.97954329375, "2022Q1": 86.9296064886}