{"2020Q1": 1.51697696, "2020Q2": 1.85726472, "2020Q3": 2.351198, "2020Q4": 3.0932608000000004, "2023Q1": 3.51451408, "2021Q1": 3.45782368, "2021Q2": 4.16005784, "2021Q3": 4.35018872, "2021Q4": 4.1224096, "2019Q1": 2.020504, "2019Q2": 1.67193072, "2019Q3": 1.80420832, "2019Q4": 1.42409192, "2018Q4": 1.8866274399999998, "2022Q1": 3.3810736, "2022Q2": 3.32205744, "2022Q3": 3.70115632, "2022Q4": 3.68443992}