{"2021Q3": 29.909492220749996, "2021Q1": 34.415461388025, "2021Q2": 32.1009896184, "2021Q4": 27.494371317225, "2018Q3": 0, "2018Q2": 0, "2018Q4": 0, "2020Q3": 32.50318321815, "2020Q1": 24.258904833825, "2020Q2": 28.336954950224996, "2020Q4": 37.2204993078, "2017Q4": 0, "2023Q3": 18.65051025, "2023Q2": 22.432453178175, "2022Q1": 21.4230246489, "2022Q2": 16.3916000352, "2019Q3": 25.790928200624997, "2019Q1": 27.327363832799996, "2019Q2": 30.640505037599997, "2019Q4": 27.863022274725}