{"2006Q3": 0, "2006Q2": 0, "2006Q1": 0, "2006Q4": 0, "1994Q4": 0, "2003Q3": 0, "2003Q2": 0, "2003Q1": 0, "2003Q4": 0, "2011Q3": 0, "2011Q2": 0, "2011Q1": 0, "2011Q4": 0, "2012Q3": 0, "2012Q2": 0, "2012Q1": 0, "2012Q4": 0, "2019Q3": 2.66, "2019Q1": 2.46, "2019Q4": 1.78, "2007Q3": 0, "2007Q2": 0, "2007Q1": 0, "2007Q4": 0, "2009Q3": 0, "2009Q2": 0, "2009Q1": 0, "2009Q4": 0, "2021Q3": 7.07, "2021Q2": 7.24, "2021Q1": 6.87, "2021Q4": 4.2, "2001Q3": 0, "2001Q2": 0, "2001Q1": 0, "2001Q4": 0, "1990Q3": 0, "1990Q2": 0, "1990Q1": 0, "1990Q4": 0, "1991Q3": 0, "1991Q2": 0, "1991Q1": 0, "1991Q4": 0, "2014Q3": 20.870001, "2014Q2": 22.99, "2014Q1": 29.91, "2014Q4": 18.360001, "1992Q3": 0, "1992Q2": 0, "1992Q1": 0, "1992Q4": 0, "1998Q3": 0, "1998Q1": 0, "1998Q4": 0, "1996Q3": 0, "1996Q2": 0, "1996Q1": 0, "1996Q4": 0, "2023Q3": 3.71, "2023Q2": 5.27, "2023Q1": 3.45, "2022Q3": 5.69, "2022Q2": 6, "2022Q1": 4.93, "2022Q4": 3.4, "2017Q3": 5.2, "2017Q2": 9.2, "2017Q1": 10.75, "2017Q4": 4.95, "2020Q3": 6.68, "2020Q2": 10.01, "2020Q1": 2.69, "2020Q4": 8.75, "1997Q3": 0, "1997Q2": 0, "1997Q1": 0, "1997Q4": 0, "1993Q3": 0, "1993Q2": 0, "1993Q1": 0, "1993Q4": 0, "2018Q3": 3.09, "2018Q2": 3.45, "2018Q1": 5.15, "2018Q4": 3.12, "2008Q3": 0, "2008Q2": 0, "2008Q1": 0, "2008Q4": 0, "2013Q3": 24.799999, "2013Q2": 0, "2013Q1": 0, "2013Q4": 27.6, "2002Q3": 0, "2002Q2": 0, "2002Q1": 0, "2002Q4": 0, "2000Q3": 0, "2000Q2": 0, "2000Q1": 0, "2000Q4": 0, "2005Q3": 0, "2005Q2": 0, "2005Q1": 0, "2005Q4": 0, "1995Q3": 0, "1995Q2": 0, "1995Q1": 0, "1995Q4": 0, "2015Q3": 16.870001, "2015Q2": 13.8, "2015Q1": 18.940001, "2015Q4": 11.02, "2010Q3": 0, "2010Q2": 0, "2010Q1": 0, "2010Q4": 0, "2016Q3": 14.55, "2016Q2": 16.799999, "2016Q1": 12.01, "2016Q4": 14.1, "1999Q3": 0, "1999Q2": 0, "1999Q1": 0, "1999Q4": 0, "2004Q3": 0, "2004Q2": 0, "2004Q1": 0, "2004Q4": 0, "1989Q3": 0, "1989Q2": 0, "1989Q4": 0}