{"2015Q1": 17.347156075161, "2015Q2": 18.431077800861, "2015Q3": 18.891615843144, "2015Q4": 18.547168619727, "2010Q4": 11.183972578415998, "2012Q1": 8.814625428311999, "2012Q2": 7.925431781123999, "2012Q3": 7.88124824586, "2012Q4": 11.524820253605998, "2011Q1": 13.293736387272, "2011Q2": 12.432157449623999, "2011Q3": 8.289945947051999, "2011Q4": 7.848109326518999, "2020Q1": 32.062291803728996, "2020Q2": 29.748004175043, "2020Q3": 32.730992518752, "2020Q4": 34.903182307356, "2016Q1": 21.130525965087, "2016Q2": 25.630635767913, "2016Q4": 25.407761732694, "2013Q1": 10.704772419066, "2013Q2": 10.723694454198, "2013Q4": 11.449124505719999, "2017Q1": 26.373550063905, "2017Q2": 30.419325624896995, "2017Q3": 29.90453697693, "2017Q4": 30.30232572675, "2023Q1": 33.772451239988996, "2023Q2": 32.711638132107, "2023Q3": 33.7259538, "2021Q1": 36.186750268515, "2021Q2": 39.000727207431, "2021Q3": 42.712126419105, "2021Q4": 35.982393810561, "2019Q1": 28.321832484494998, "2019Q2": 28.295461577987997, "2019Q3": 30.647522274929997, "2019Q4": 32.415987038687994, "2018Q1": 33.040062991683, "2018Q2": 32.962880005308, "2018Q3": 37.144729646739, "2018Q4": 27.682254003788998, "2014Q4": 15.896304847367999, "2022Q1": 35.331126624288, "2022Q2": 31.152176654148, "2022Q3": 27.542016162737998, "2022Q4": 29.987608058396997}