{"2020Q1": 16.306852019144, "2020Q2": 17.164886419271998, "2020Q3": 17.827030767895998, "2020Q4": 23.934364069623996, "2023Q2": 72.549450983272, "2023Q3": 65.5649672, "2021Q1": 26.623922689346, "2021Q2": 30.839833448271996, "2021Q3": 33.929385178804, "2021Q4": 39.802313023159996, "2019Q1": 16.058648643277998, "2019Q2": 14.894841051489998, "2019Q3": 16.306852019144, "2019Q4": 17.244027287601998, "2022Q1": 48.84829520108399, "2022Q2": 51.08646889143999}