{"2023Q2": 0.9542955000000001, "2023Q1": 1.0148118, "2020Q2": 6.967133, "2020Q4": 4.96544, "2020Q1": 6.7343779999999995, "2020Q3": 5.493018, "2022Q2": 1.6991114999999999, "2022Q4": 1.132741, "2022Q1": 2.1801385, "2022Q3": 1.2599804, "2018Q4": 0, "2021Q2": 3.2896039999999998, "2021Q4": 1.6448019999999999, "2021Q1": 5.198195, "2021Q3": 2.7853015, "2019Q2": 1.536183, "2019Q4": 1.9085910000000001, "2019Q3": 1.9085910000000001}