{"2006Q3": 1.97, "2006Q2": 3.13, "2006Q1": 4.52, "2006Q4": 1.97, "2003Q3": 7.75, "2003Q2": 6.74, "2003Q1": 5.65, "2003Q4": 5.61, "2011Q3": 4.12, "2011Q2": 4.04, "2011Q1": 4.45, "2011Q4": 3.49, "2012Q3": 3.2, "2012Q2": 3.48, "2012Q1": 3.68, "2012Q4": 3.58, "2019Q3": 0.49, "2019Q2": 1.08, "2019Q1": 1.23, "2019Q4": 0.27, "2007Q3": 1.97, "2007Q2": 1.97, "2007Q1": 1.97, "2007Q4": 2.66, "2009Q3": 4.39, "2009Q2": 3.33, "2009Q1": 2.68, "2009Q4": 3.91, "2021Q3": 6.81, "2021Q2": 5.79, "2021Q1": 7.37, "2021Q4": 2.09, "2001Q3": 15, "2001Q2": 15.55, "2001Q1": 8.5, "2014Q3": 3.6, "2014Q2": 3.73, "2014Q1": 3.05, "2014Q4": 3.81, "1998Q3": 4.078125, "1998Q4": 3.75, "1996Q4": 3.46875, "2023Q3": 1.46, "2023Q2": 1.62, "2023Q1": 1.12, "2022Q3": 1.02, "2022Q2": 1.44, "2022Q1": 1.63, "2022Q4": 1.01, "2017Q3": 3.23, "2017Q2": 3.77, "2017Q1": 3.52, "2017Q4": 3.52, "2020Q3": 1.44, "2020Q2": 1.88, "2020Q1": 0.57, "2020Q4": 8.26, "1997Q2": 4.46875, "1997Q1": 2.625, "2018Q3": 1.95, "2018Q2": 2.32, "2018Q1": 3.4, "2018Q4": 1.49, "2008Q3": 2.05, "2008Q2": 3.09, "2008Q1": 3.06, "2008Q4": 1.72, "2013Q3": 3.57, "2013Q2": 3.46, "2013Q1": 3.19, "2013Q4": 3.87, "2002Q3": 4.62, "2002Q2": 6.28, "2002Q4": 4.85, "2000Q4": 4.9375, "2005Q3": 6.46, "2005Q2": 6.12, "2005Q1": 3.16, "2005Q4": 4.23, "2015Q3": 3.06, "2015Q2": 2.83, "2015Q1": 3.59, "2015Q4": 1.81, "2010Q3": 3.59, "2010Q2": 3.36, "2010Q1": 4.28, "2010Q4": 4.16, "2016Q3": 3.99, "2016Q2": 2.06, "2016Q1": 1.58, "2016Q4": 3.99, "1999Q2": 8.90625, "1999Q1": 4.84375, "2004Q3": 3.75, "2004Q2": 3.69, "2004Q1": 5.11, "2004Q4": 3.06}