{"2015Q1": 1.31301195, "2015Q2": 1.8078657, "2015Q3": 1.3723944, "2015Q4": 0.79836405, "2020Q3": 8.32014105, "2020Q4": 10.2005853, "2016Q4": 1.4119827, "2013Q1": 3.4177899, "2013Q2": 1.8870422999999998, "2013Q3": 2.7183966, "2013Q4": 1.5967281, "2017Q3": 4.6582232999999995, "2017Q4": 4.2491442, "2021Q1": 9.20427975, "2021Q2": 9.3296427, "2021Q3": 9.61335885, "2021Q4": 11.889686099999999, "2018Q1": 4.15017345, "2018Q2": 4.15017345, "2018Q3": 4.2623403, "2014Q1": 1.4515710000000002, "2014Q2": 1.6956988499999999, "2014Q3": 1.1744529, "2014Q4": 1.0952762999999999, "2022Q1": 17.062557959804998, "2022Q2": 17.036165099999998, "2022Q3": 17.4716364}