{"2014Q4": 2.957607, "2014Q2": 3.8185992599999996, "2014Q1": 3.7791645, "2014Q3": 3.72658482, "2016Q4": 1.96516554, "2016Q2": 1.9388757, "2016Q1": 2.04403506, "2016Q3": 2.01117276, "2019Q4": 2.77357812, "2019Q2": 2.66841876, "2019Q1": 2.42523774, "2019Q3": 2.4843898799999997, "2013Q4": 3.77259204, "2020Q2": 2.4975348, "2020Q1": 2.0506075200000002, "2023Q2": 3.37167198, "2018Q4": 2.300361, "2018Q2": 2.87873748, "2018Q1": 3.0561939000000002, "2018Q3": 2.74728828, "2017Q4": 2.83930272, "2017Q2": 2.3660856, "2017Q1": 2.43838266, "2017Q3": 2.40552036, "2015Q4": 2.11633212, "2015Q2": 2.79986796, "2015Q1": 2.95103454, "2015Q3": 2.18862918, "2022Q4": 3.29280246}