{"2022Q3": 3.05364808, "2022Q4": 3.3057841599999995, "2022Q1": 3.47387488, "2022Q2": 3.1236858799999996, "2019Q3": 0.47260807062, "2019Q1": 0.6309985553199999, "2019Q2": 0.5748562548399999, "2018Q4": 0.5502869946, "2021Q4": 2.6684401799999997}