{"2017Q2": 3.54763684, "2017Q4": 3.50557, "2017Q1": 3.65981508, "2017Q3": 3.2321355400000003, "2023Q2": 5.1321544800000005, "2023Q1": 4.43104048, "2016Q2": 3.07789046, "2016Q4": 3.24265225, "2016Q1": 3.5160867099999997, "2016Q3": 3.7299264800000005, "2010Q4": 0, "2015Q2": 3.7229153399999997, "2015Q4": 2.95168994, "2015Q1": 3.4424697400000004, "2015Q3": 3.60723153, "2020Q2": 2.42585444, "2020Q4": 2.55556053, "2020Q1": 2.45740457, "2020Q3": 2.16293669, "2022Q2": 4.57126328, "2022Q4": 4.06996677, "2022Q1": 5.128648910000001, "2022Q3": 3.76498218, "2018Q2": 3.6212538100000002, "2018Q4": 3.35132492, "2018Q1": 3.7088930600000003, "2018Q3": 3.67033179, "2012Q2": 1.6476179000000002, "2012Q4": 2.97622893, "2012Q1": 1.4407892700000002, "2012Q3": 2.1734534, "2021Q2": 4.37495136, "2021Q4": 5.16370461, "2021Q1": 4.32587338, "2021Q3": 4.37495136, "2011Q2": 1.9105356500000001, "2011Q4": 1.09023227, "2011Q1": 0, "2011Q3": 1.05868214, "2019Q2": 3.6387816600000003, "2019Q4": 3.19707984, "2019Q1": 3.87716042, "2019Q3": 3.50907557, "2013Q2": 3.6387816600000003, "2013Q4": 6.4186986699999995, "2013Q1": 3.5230978500000005, "2013Q3": 6.60098831, "2014Q2": 3.95077739, "2014Q4": 2.98674564, "2014Q1": 4.78510305, "2014Q3": 2.8254894200000003}