{"2015Q1": 2.6627314400000004, "2015Q2": 2.60727254, "2015Q3": 3.73792986, "2015Q4": 3.70588694, "2012Q4": 0.3371549, "2020Q1": 4.21998214, "2020Q2": 4.97034986, "2020Q3": 4.19779858, "2020Q4": 3.0780569800000004, "2016Q1": 4.81031132, "2016Q2": 4.24991234, "2016Q3": 4.9486944799999995, "2016Q4": 6.8531355000000005, "2013Q1": 0.33645066, "2013Q2": 0.39014896, "2013Q3": 0.54560994, "2013Q4": 0.79790392, "2017Q1": 6.28763078, "2017Q2": 8.16073312, "2017Q3": 9.997038920000001, "2017Q4": 7.26388348, "2023Q1": 5.97952578, "2021Q1": 4.03828822, "2021Q2": 5.492543820000001, "2021Q3": 4.22244698, "2021Q4": 3.50236158, "2019Q1": 5.19500242, "2019Q2": 3.69444304, "2019Q3": 4.8390091, "2019Q4": 2.3114917399999997, "2018Q1": 5.61684218, "2018Q2": 5.48497324, "2018Q3": 4.722105259999999, "2018Q4": 5.68709012, "2014Q1": 1.19773618, "2014Q2": 1.62749864, "2014Q3": 1.698979, "2014Q4": 2.7048097799999997, "2022Q1": 3.78476182, "2022Q2": 6.455415960000001, "2022Q3": 6.8698612}