{"2023Q1": 8.660344, "2023Q2": 7.9630176, "2021Q4": 11.0672448, "2022Q1": 9.9987608, "2022Q2": 8.322928, "2022Q3": 7.794309599999999, "2022Q4": 8.2329504}