{"2017Q2": 8.84691825, "2017Q4": 6.376788950373, "2017Q1": 8.759325, "2017Q3": 7.112571549627, "2023Q1": 3.5738045999999994, "2016Q2": 9.036120020373, "2016Q4": 7.424404220372999, "2016Q1": 6.4819005, "2016Q3": 8.2337655, "2015Q2": 9.267366200372999, "2015Q4": 7.988504049626999, "2015Q1": 9.4951083, "2015Q3": 8.2337655, "2020Q2": 3.6789164999999997, "2020Q4": 3.9241775999999997, "2020Q1": 3.0482450999999995, "2020Q3": 3.4686927, "2022Q2": 4.7650727999999996, "2022Q1": 4.7650727999999996, "2022Q3": 3.3460621500000003, "2018Q2": 4.3796625, "2018Q4": 3.5387673, "2018Q1": 5.7811544999999995, "2018Q3": 4.1344014, "2012Q2": 4.8001100999999995, "2012Q4": 4.81412502, "2012Q1": 5.182016669999999, "2012Q3": 4.4847744, "2021Q2": 6.657087, "2021Q1": 4.0643268, "2021Q3": 7.00746, "2011Q4": 5.25209127, "2011Q1": 4.432355796216, "2011Q3": 4.3446252, "2019Q2": 2.7329094, "2019Q4": 1.8044209500000001, "2019Q1": 3.6438792, "2019Q3": 4.6949982, "2013Q2": 6.8322734999999994, "2013Q4": 7.708206, "2013Q1": 4.90171827, "2013Q3": 7.497982199999999, "2014Q2": 7.0424973, "2014Q4": 8.9345115, "2014Q1": 6.4819005, "2014Q3": 6.657087}