{"2017Q2": 1.443015278178, "2017Q4": 1.8660891835659998, "2017Q1": 1.233965525104, "2017Q3": 2.121513334306, "2016Q2": 1.102599588524, "2016Q4": 0.897668442242, "2016Q3": 0.963351445744, "2015Q2": 0, "2015Q4": 1.713248416516, "2015Q1": 0, "2015Q3": 2.146583926186, "2020Q2": 0.051057399999999996, "2020Q4": 0.0660225, "2020Q1": 0.0933118, "2020Q3": 0.0739452, "2022Q2": 0.0695437, "2022Q4": 0.0308105, "2022Q1": 0.0748255, "2022Q3": 0.0651422, "2018Q2": 0.837165282394, "2018Q4": 0.719205064788, "2018Q1": 1.3131088437860001, "2018Q3": 0.815157782394, "2021Q2": 0.0783467, "2021Q4": 0.08186790000000001, "2021Q1": 0.114439, "2021Q3": 0.1355662, "2019Q2": 0.1434889, "2019Q4": 0.0211272, "2019Q3": 0.049296799999999995}