{"2023Q3": 31.69, "2023Q1": 45.52, "2022Q4": 59.32, "2020Q4": 59.220001, "2021Q3": 53.080002, "2021Q2": 34.970001, "2021Q1": 54.349998}