{"2021Q1": 0.0026409, "2021Q4": 0.0026409, "2021Q2": 0.0026409, "2021Q3": 0.0026409, "2016Q4": 0.0035212000000000004, "2016Q2": 0.0026409, "2016Q3": 0.0035212000000000004, "2012Q4": 0.013204500000000001, "2020Q4": 0.0026409, "2020Q2": 0.0044015, "2020Q3": 0.0035212000000000004, "2015Q1": 0.0044015, "2015Q4": 0.0035212000000000004, "2022Q4": 0.0026409, "2022Q2": 0.0026409, "2022Q3": 0.0026409, "2018Q1": 0.0026409, "2018Q4": 0.0026409, "2013Q4": 0.0211272, "2014Q4": 0.007042400000000001, "2017Q1": 0.0026409, "2017Q4": 0.0026409, "2017Q2": 0.0017606000000000002, "2017Q3": 0.0035212000000000004, "2019Q1": 0.0017606000000000002, "2019Q4": 0.0017606000000000002, "2019Q2": 0.0017606000000000002, "2019Q3": 0.0026409, "2023Q1": 0.0026409}