{"2021Q4": 30.82288125, "2023Q2": 16.967262249999997, "2023Q1": 16.84984175, "2022Q2": 17.20210325, "2022Q4": 17.554364749999998, "2022Q1": 23.014418, "2022Q3": 15.264664999999999}