{"2017Q2": 0.19924799999999998, "2017Q4": 0.190512, "2017Q1": 0.20664, "2017Q3": 0.20227199999999998, "2023Q2": 0.144144, "2023Q1": 0.13104, "2023Q3": 0.125664, "2016Q2": 0.207984, "2016Q4": 0.19790399999999997, "2016Q1": 0.22780799999999998, "2016Q3": 0.20227199999999998, "2015Q2": 0.261408, "2015Q4": 0.24931199999999998, "2015Q1": 0.324576, "2015Q3": 0.24192, "2020Q4": 0.07761599999999999, "2022Q2": 0.15187199999999998, "2022Q4": 0.147168, "2022Q1": 0.16027199999999997, "2022Q3": 0.15724799999999997, "2018Q2": 0.187488, "2018Q1": 0.20361599999999996, "2018Q3": 0.17707199999999998, "2021Q2": 0.125664, "2021Q4": 0.16497599999999998, "2021Q1": 0.0924, "2021Q3": 0.16967999999999997, "2014Q2": 0, "2014Q4": 0.316176, "2014Q1": 0, "2014Q3": 0.26711999999999997}