{"2021Q3": 0.18065034000000002, "2021Q1": 0.11541549500000002, "2021Q2": 0.16057808, "2021Q4": 0.19068647000000002, "2020Q4": 0.13548775500000002, "2023Q1": 0.060216780000000004, "2023Q2": 0.045162585000000005, "2022Q3": 0.060216780000000004, "2022Q2": 0.060216780000000004, "2022Q4": 0.045162585000000005}