{"2015Q1": 195.98815236, "2015Q2": 224.21995596, "2015Q3": 271.60616028, "2015Q4": 272.80837584, "2012Q1": 0, "2012Q2": 0, "2012Q3": 0, "2012Q4": 0, "2011Q4": 0, "2020Q1": 1949.4127925999999, "2020Q2": 2441.13246468, "2020Q3": 2931.5148407999995, "2020Q4": 3853.00631352, "2016Q1": 284.16863748, "2016Q2": 364.79812824, "2016Q3": 563.285268, "2016Q4": 705.5114211599999, "2013Q1": 0, "2013Q2": 0, "2013Q3": 154.58600976, "2013Q4": 148.48037567999998, "2017Q1": 868.6345121999999, "2017Q2": 1003.3501951199999, "2017Q3": 1861.5294843599997, "2017Q4": 2151.2499262799997, "2018Q1": 2006.0384962799997, "2018Q2": 2400.02749896, "2018Q3": 2623.3559242799997, "2018Q4": 1439.87601576, "2021Q1": 3467.7029805599996, "2021Q2": 3354.5461294799998, "2021Q3": 3923.0590089599996, "2021Q4": 3964.4341354799994, "2019Q1": 1555.5993944399997, "2019Q2": 2457.4501769999997, "2019Q3": 1544.48227752, "2019Q4": 2018.11468404, "2014Q1": 204.56575775999997, "2014Q2": 211.17118932, "2014Q3": 188.85590724, "2014Q4": 189.34219667999997}