{"2015Q1": 78.4776321, "2015Q2": 73.77337068000001, "2015Q3": 76.938855, "2015Q4": 79.40089836, "2010Q1": 29.925550840000003, "2010Q2": 36.4909998, "2010Q3": 37.39961104, "2010Q4": 39.29010862, "2012Q1": 52.14256116, "2012Q2": 61.68297918000001, "2012Q3": 70.7104715, "2012Q4": 70.69581648, "2011Q1": 35.40652832, "2011Q2": 38.77718292, "2011Q3": 42.48490298, "2011Q4": 51.54170534000001, "2020Q1": 100.35757696000002, "2020Q2": 91.7404252, "2020Q3": 103.9773669, "2020Q4": 97.92484363999999, "2016Q1": 79.76727386, "2016Q2": 75.86903854, "2016Q3": 78.12591162000001, "2016Q4": 92.64903644, "2013Q1": 65.3613892, "2013Q2": 64.36484784000001, "2013Q3": 67.67688236000001, "2013Q4": 66.28465546, "2017Q1": 98.90672998, "2017Q2": 89.73268746, "2017Q3": 85.62928186, "2021Q1": 97.08950750000001, "2021Q2": 103.72823156000001, "2021Q3": 94.75935932, "2019Q1": 83.2405136, "2019Q2": 80.32416462, "2019Q3": 64.17433258, "2019Q4": 92.98610190000001, "2018Q1": 91.06629428000001, "2018Q2": 71.41391246, "2018Q3": 85.02842604000001, "2018Q4": 87.78356980000001, "2009Q4": 29.88158578, "2014Q1": 71.89752812, "2014Q2": 70.18289078000001, "2014Q3": 71.91218314000001, "2014Q4": 78.6241823, "2022Q1": 80.10433932, "2022Q2": 92.89817178000001, "2022Q3": 88.0033951}