{"2014Q4": 0.07981281000000001, "2014Q2": 0.09394731000000002, "2014Q3": 0.10855296, "2014Q1": 0.08414739, "2016Q4": 0.11656251000000001, "2016Q2": 0.13691619, "2016Q3": 0.13163931, "2016Q1": 0.13465467, "2019Q4": 0.19081575, "2019Q2": 0.1573641, "2019Q3": 0.17300628, "2019Q1": 0.17950815000000003, "2013Q4": 0.08414739, "2021Q4": 0.26082864, "2021Q2": 0.27364392000000004, "2021Q3": 0.32688387, "2021Q1": 0.26374977, "2020Q4": 0.23821344000000003, "2020Q2": 0.23453847000000003, "2020Q3": 0.22737699, "2020Q1": 0.19392534, "2023Q2": 0.18176967, "2023Q3": 0.16254675000000002, "2023Q1": 0.19260612000000002, "2018Q4": 0.17093322000000002, "2018Q2": 0.17187552, "2018Q3": 0.15811794, "2018Q1": 0.17074476000000002, "2017Q4": 0.16612749000000002, "2017Q2": 0.15491412000000002, "2017Q3": 0.13880079, "2017Q1": 0.13408929000000003, "2015Q4": 0.12796434, "2015Q2": 0.10619721, "2015Q3": 0.11891826, "2015Q1": 0.10384146000000001, "2022Q4": 0.20560986000000003, "2022Q2": 0.19750608000000003, "2022Q3": 0.21003867, "2022Q1": 0.26082864}