{"2020Q1": 0.118560383808, "2020Q2": 0.118560383808, "2020Q4": 0.207480671664, "2023Q1": 0.702088785464, "2021Q1": 0.402258420144, "2021Q2": 0.616485293016, "2021Q3": 0.799493140544, "2021Q4": 1.2612202409039999, "2022Q1": 1.056767156392, "2022Q2": 1.032056, "2022Q3": 0.901958785464, "2022Q4": 0.718078429072}