{"2020Q1": 1.5135593200000002, "2020Q2": 4.19136081, "2020Q3": 5.17048714, "2020Q4": 5.30620909, "2016Q4": 1.4830033400000002, "2017Q1": 1.7673519500000001, "2017Q2": 1.4606055100000002, "2017Q3": 1.56354653, "2017Q4": 1.44814579, "2023Q1": 5.432437920000001, "2023Q2": 5.85844168, "2023Q3": 6.3811566, "2021Q1": 10.110766120000001, "2021Q2": 9.05065161, "2021Q3": 7.92497524, "2019Q1": 0.9728964700000001, "2019Q2": 1.0862205900000002, "2019Q3": 1.04379821, "2019Q4": 0.9463454, "2018Q1": 1.3346733400000002, "2018Q2": 1.25027357, "2018Q3": 1.0966036900000002, "2018Q4": 1.15445239, "2022Q1": 6.8489894200000005}