{"2021Q3": 14.37488, "2021Q1": 11.162562, "2021Q2": 12.509206, "2021Q4": 13.246466, "2018Q3": 8.651681, "2018Q1": 11.4916, "2018Q2": 9.462614, "2018Q4": 9.288143, "2020Q3": 9.028919, "2020Q1": 8.726624, "2020Q2": 9.496119, "2020Q4": 11.323861, "2017Q3": 0, "2017Q4": 11.297809, "2023Q3": 8.81, "2023Q1": 8.55, "2023Q2": 10.25, "2022Q3": 12.25, "2022Q1": 12.942203, "2022Q2": 12.845089, "2022Q4": 11.7, "2016Q4": 0, "2019Q3": 10.756853, "2019Q1": 9.385487, "2019Q2": 9.52888, "2019Q4": 7.926609}