{"2021Q4": 15.449505545280001, "2021Q2": 19.343801806416003, "2021Q3": 19.343801806416003, "2020Q4": 15.599502198056003, "2020Q3": 14.677370714888001, "2023Q2": 12.82305728, "2023Q3": 13.48540528, "2023Q1": 12.556793384, "2022Q4": 12.556793384}