{"2023Q2": 10.92, "2023Q3": 6.81, "2023Q1": 14.98, "2022Q2": 19.639999, "2022Q3": 15.2, "2022Q1": 19.639999, "2022Q4": 14.6, "2020Q3": 0, "2020Q4": 28.17, "2019Q4": 0, "2021Q2": 27.690001, "2021Q3": 23.5, "2021Q1": 27.74, "2021Q4": 21.129999}