{"2020Q4": 17.780001, "2023Q3": 1.83, "2023Q2": 2.35, "2023Q1": 2.21, "2022Q3": 3.42, "2022Q2": 5.38, "2022Q1": 6.21, "2021Q3": 12.62, "2021Q2": 19.440001, "2021Q1": 16.309999, "2021Q4": 8.95}