{"2017Q2": 0.044447969934, "2017Q4": 0.04239487968, "2017Q1": 0.042677218044, "2017Q3": 0.04540517343, "2023Q2": 0.034492140000000004, "2023Q1": 0.032630589882, "2016Q2": 0.04195794816600001, "2016Q4": 0.04123867828800001, "2016Q1": 0.044229675084, "2016Q3": 0.040279641426000004, "2010Q4": 0, "2015Q2": 0.043994413829999995, "2015Q4": 0.039053865348, "2015Q1": 0.04081367919, "2015Q3": 0.03693648298800001, "2020Q2": 0.029521170072, "2020Q4": 0.030389470854, "2020Q1": 0.024887539487999998, "2020Q3": 0.025758668004, "2022Q2": 0.039095162694000006, "2022Q4": 0.03786382437, "2022Q1": 0.042777773508, "2022Q3": 0.03601678581, "2018Q2": 0.037056304332, "2018Q4": 0.035871763452, "2018Q1": 0.040638856866, "2018Q3": 0.04012305954, "2012Q2": 0.028415091042000004, "2012Q4": 0.028839188994000002, "2012Q1": 0.029262292578, "2012Q3": 0.02905123797, "2021Q2": 0.03383259435, "2021Q4": 0.041250020298000005, "2021Q1": 0.035599089102000006, "2021Q3": 0.04644444336, "2011Q2": 0.0313086087, "2011Q4": 0.028648394634000002, "2011Q1": 0, "2011Q3": 0.0278298744, "2019Q2": 0.040711880766000005, "2019Q4": 0.037607836758, "2019Q1": 0.039013842036, "2019Q3": 0.037054781706, "2013Q2": 0.028287097235999998, "2013Q4": 0.026971393002, "2013Q1": 0.031171789878, "2013Q3": 0.029164191960000002, "2014Q2": 0.036052085874, "2014Q4": 0.044441537616, "2014Q1": 0.026971393002, "2014Q3": 0.041040426168}