{"2017Q2": 0.25466727, "2017Q4": 0.30435152, "2017Q1": 0.25807419, "2017Q3": 0.27425706, "2023Q2": 0.30009287, "2023Q1": 0.31911484, "2016Q4": 0.24643388, "2020Q2": 0.27596052, "2020Q4": 0.23592921, "2020Q1": 0.3208183, "2020Q3": 0.22883146000000001, "2022Q2": 0.21605551, "2022Q4": 0.29441467, "2022Q1": 0.19703354, "2022Q3": 0.25949374000000003, "2018Q2": 0.31854702, "2018Q4": 0.37958767, "2018Q1": 0.31968266, "2018Q3": 0.33700116999999996, "2021Q2": 0.23252229, "2021Q4": 0.19362662, "2021Q1": 0.2384844, "2021Q3": 0.21463596, "2019Q2": 0.44942953, "2019Q4": 0.44914562, "2019Q1": 0.40854649, "2019Q3": 0.4514169}