{"2020Q2": 3.6957780000000002, "2020Q4": 5.737940640000001, "2021Q2": 5.8405648, "2021Q4": 4.90924328, "2019Q2": 4.916802, "2019Q4": 3.0716021600000003, "2018Q4": 6.75444312, "2022Q2": 5.89522016, "2022Q3": 5.8994356, "2022Q4": 4.6829177600000005}