{"2015Q2": 4.563393187824, "2015Q3": 4.913386924342, "2015Q4": 5.707606449250001, "2020Q1": 10.330130597536, "2020Q2": 17.939415070964003, "2020Q3": 21.147227235384005, "2020Q4": 23.990168062702004, "2016Q1": 5.8691415181540005, "2016Q2": 6.61773575929, "2016Q3": 6.333922401300001, "2016Q4": 6.363940866478001, "2017Q1": 6.494930631548001, "2017Q2": 7.487122206888, "2017Q3": 7.343352566142, "2017Q4": 7.863137299854, "2023Q1": 34.368913815510005, "2023Q2": 36.391007865954, "2023Q3": 29.8132901, "2021Q1": 24.689499627824002, "2021Q2": 30.603229682100004, "2021Q3": 36.11181180146801, "2021Q4": 41.421473343378004, "2019Q1": 10.612141024182002, "2019Q2": 14.561240183792, "2019Q3": 13.137662959122, "2019Q4": 16.188590586194003, "2018Q1": 8.875060629232001, "2018Q2": 8.932117473122, "2018Q3": 11.158146387336002, "2018Q4": 9.170120097648, "2022Q1": 36.861588012584, "2022Q2": 25.314321886668, "2022Q3": 24.07365008984, "2022Q4": 26.840116838180002}