{"2019Q4": 92.6293035, "2019Q2": 104.944182, "2019Q3": 100.660746, "2019Q1": 110.06288802, "2021Q4": 220.596954, "2021Q2": 159.557991, "2021Q3": 203.46321, "2021Q1": 113.511054, "2020Q4": 107.0859, "2020Q2": 96.9127395, "2020Q3": 103.3378935, "2020Q1": 93.164733, "2018Q4": 0, "2022Q4": 338.391444, "2022Q2": 231.305544, "2022Q3": 267.71475, "2022Q1": 254.864442}