{"2016Q2": 14.033684, "2016Q1": 14.033684, "2016Q4": 10.525262999999999, "2016Q3": 10.525262999999999, "2019Q2": 14.023659939999998, "2019Q1": 31.545716819999996, "2019Q4": 17.522056879999997, "2019Q3": 31.545716819999996, "2021Q2": 14.023659939999998, "2021Q1": 17.522056879999997, "2021Q4": 2.4558947, "2021Q3": 4.5609473, "2020Q2": 17.522056879999997, "2020Q1": 14.023659939999998, "2020Q4": 28.037295819999997, "2020Q3": 63.09143363999999, "2018Q2": 42.101051999999996, "2018Q1": 42.101051999999996, "2018Q4": 35.054137819999994, "2018Q3": 70.16842, "2017Q2": 24.558946999999996, "2017Q1": 14.033684, "2017Q4": 73.676841, "2017Q3": 24.558946999999996, "2015Q4": 7.0068179399999995, "2015Q3": 7.016842, "2022Q2": 3.1575788999999994, "2022Q1": 2.4558947, "2022Q3": 3.508421}