{"2021Q3": 2.2245499000000004, "2021Q2": 1.7936328000000001, "2021Q4": 1.5201356000000001, "2020Q4": 2.3931005000000005, "2023Q1": 5.1089913000000005, "2022Q3": 2.8605899, "2022Q1": 1.7014070000000001, "2022Q2": 2.480556, "2019Q4": 1.7936328000000001}