{"2015Q1": 104.60609324646799, "2015Q2": 75.32315831249, "2015Q3": 38.59253745116, "2015Q4": 38.586511720306, "2012Q1": 207.61393935029, "2012Q2": 145.57620284371998, "2012Q3": 122.800711122496, "2012Q4": 160.618235875262, "2011Q2": 526.980767584348, "2011Q3": 251.97515709509, "2011Q4": 238.377862441158, "2016Q1": 25.400858748539996, "2016Q2": 12.181353081414, "2016Q3": 21.513433152353997, "2016Q4": 17.4003221051, "2013Q1": 142.771757748554, "2013Q2": 133.42360987733798, "2013Q3": 144.47141254803398, "2013Q4": 93.481508064208, "2014Q1": 158.068735331012, "2014Q2": 121.87117089839998, "2014Q3": 94.788691737872, "2014Q4": 98.51253470154799}