{"2023Q2": 0.00782, "2023Q1": 0.00759, "2022Q2": 0.01035, "2022Q4": 0.009315, "2022Q1": 0.0115, "2022Q3": 0.010235000000000001, "2012Q2": 0.013455, "2012Q1": 0.013225, "2012Q3": 0.016560000000000002, "2021Q4": 0.01288, "2011Q4": 0.01288}