{"2022Q2": 0.03369404692, "2022Q3": 0.02630915495, "2022Q1": 0.0899627998}