{"2022Q1": 0.110735195, "2022Q3": 0.034366095, "2022Q2": 0.042003005}