{"2022Q3": 2.2845101999999997, "2022Q4": 2.2359036, "2022Q1": 1.8713541, "2022Q2": 2.1629937, "2020Q3": 1.6364222, "2020Q4": 1.8956574, "2020Q1": 1.0612441000000001, "2020Q2": 1.4500969000000001, "2019Q4": 0.9073232000000001, "2021Q3": 2.2602069, "2021Q4": 1.9604662, "2021Q1": 2.0576794, "2021Q2": 2.0657805}