{"2014Q4": 23.51023965, "2016Q2": 16.9149579, "2016Q1": 15.363126900000001, "2016Q3": 16.076969159999997, "2016Q4": 16.52700015, "2019Q2": 13.06641702, "2019Q1": 13.004343780000001, "2019Q3": 15.87523113, "2019Q4": 9.10924797, "2021Q2": 12.368093069999999, "2021Q1": 13.004343780000001, "2021Q3": 13.82681421, "2021Q4": 13.05089871, "2020Q2": 8.5350705, "2020Q1": 8.59714374, "2020Q3": 12.66294096, "2020Q4": 12.616386030000001, "2018Q2": 14.400991679999999, "2018Q1": 15.285535349999998, "2018Q3": 12.259464900000001, "2018Q4": 14.86654098, "2017Q2": 16.71321987, "2017Q1": 16.94599452, "2017Q3": 16.23215226, "2017Q4": 15.704529719999998, "2015Q2": 22.74984246, "2015Q1": 24.6741129, "2015Q3": 22.05151851, "2015Q4": 20.06517483, "2022Q2": 8.0695212, "2022Q1": 12.600867719999998, "2022Q3": 10.59900573, "2022Q4": 11.15766489}