{"2017Q2": 0.11972080260000001, "2017Q4": 0.124090158675, "2017Q1": 0.12493238887500001, "2017Q3": 0.123216295125, "2023Q2": 0.0995970822, "2023Q3": 0.106575, "2016Q2": 0.11768376154499999, "2016Q4": 0.14838386724, "2016Q1": 0.15150120846, "2016Q3": 0.12749075136000002, "2009Q2": 0.08326519225500001, "2009Q4": 0.11587736937000001, "2009Q3": 0.10616311986, "2010Q2": 0.11805246642, "2010Q1": 0.13599981444, "2015Q2": 0.12944195439, "2015Q4": 0.10987997496, "2015Q1": 0.13934117799, "2015Q3": 0.11529075621000001, "2020Q2": 0.07670981230500001, "2020Q4": 0.12902460753, "2020Q1": 0.07763402892, "2020Q3": 0.08492164674000001, "2022Q2": 0.11085630066, "2022Q1": 0.135225567645, "2018Q2": 0.08995878843, "2018Q4": 0.113584352385, "2018Q1": 0.11316673641000001, "2018Q3": 0.115856028435, "2012Q4": 0.174850339965, "2012Q3": 0.18625360656, "2021Q2": 0.09618198030000001, "2021Q4": 0.11324544798000001, "2021Q1": 0.12011018187000001, "2021Q3": 0.11659024660500002, "2019Q2": 0.10351203639, "2019Q4": 0.13724586918, "2019Q1": 0.094956510285, "2019Q3": 0.11876157530999999, "2013Q2": 0.13573458433500002, "2013Q4": 0.1523068323, "2013Q1": 0.14672223447000002, "2013Q3": 0.100222641015, "2014Q2": 0.186459440895, "2014Q4": 0.15222822331500002, "2014Q1": 0.17440316712, "2014Q3": 0.153033667605}