{"2020Q4": 0, "2023Q2": 0.38790565000000005, "2023Q1": 0.38790565000000005, "2022Q2": 1.37530185, "2022Q3": 1.30477355, "2022Q1": 0, "2021Q2": 0, "2021Q4": 0, "2021Q3": 0, "2021Q1": 0}