{"2023Q3": 26.1, "2023Q2": 22.53, "2023Q1": 28.809999, "2022Q3": 41.650002, "2022Q2": 40.959999, "2022Q1": 40.220001, "2022Q4": 31.5, "2017Q3": 39.783676, "2017Q2": 42.222221, "2017Q1": 36.519173, "2017Q4": 42.281219, "2020Q3": 38.779999, "2020Q2": 36.43, "2020Q1": 30.334316, "2020Q4": 44.119999, "2015Q3": 0, "2015Q2": 0, "2015Q1": 0, "2015Q4": 0, "2016Q3": 32.713863, "2016Q2": 33.126842, "2016Q1": 31.337267, "2016Q4": 38.279251, "2014Q3": 0, "2014Q2": 0, "2014Q1": 0, "2018Q3": 40.157326, "2018Q2": 46.568336, "2018Q1": 42.645035, "2018Q4": 40.521141, "2019Q3": 46.125858, "2019Q2": 41.091446, "2019Q1": 38.741398, "2019Q4": 46.637169, "2013Q3": 0, "2013Q2": 0, "2013Q1": 0, "2021Q3": 52.32, "2021Q2": 48.669998, "2021Q1": 42.849998, "2021Q4": 50.759998}