{"2021Q3": 0.28, "2016Q4": 0.41, "2020Q1": 0.031, "2020Q2": 0.035, "2020Q3": 0.10937, "2022Q1": 0.105, "2022Q4": 0.015125, "2022Q2": 0.1126, "2022Q3": 0.0475, "2018Q1": 0.09444, "2018Q4": 0.0969, "2018Q2": 0.065, "2018Q3": 0.065, "2017Q1": 0.29, "2017Q4": 0.0978, "2017Q2": 0.25, "2017Q3": 0.23, "2019Q1": 0.09082, "2019Q4": 0.027, "2019Q2": 0.0789, "2019Q3": 0.0409, "2023Q1": 0, "2023Q2": 0, "2023Q3": 0.001}