{"2014Q3": 10.76969, "2014Q1": 14.255394, "2014Q2": 12.711454, "2014Q4": 11.347483, "2017Q3": 12.585331, "2017Q1": 12.001053, "2017Q2": 10.514688, "2017Q4": 13.202725, "2022Q3": 0.09, "2022Q1": 0.35, "2022Q2": 0.31, "2022Q4": 0.43, "2013Q4": 15.448869, "2018Q3": 8.979262, "2018Q1": 14.617982, "2018Q2": 9.447331, "2018Q4": 9.838979, "2020Q3": 1.56, "2020Q1": 2.554924, "2020Q2": 1.35, "2020Q4": 1.71, "2016Q3": 7.691282, "2016Q1": 6.630416, "2016Q2": 6.251534, "2016Q4": 7.748114, "2023Q3": 0.54, "2023Q1": 0.43, "2023Q2": 0.7, "2019Q3": 10.701756, "2019Q1": 10.106447, "2019Q2": 9.033824, "2019Q4": 9.795481, "2021Q3": 1.87, "2021Q1": 1.7, "2021Q2": 2.42, "2021Q4": 0.41, "2015Q3": 4.622347, "2015Q1": 7.63445, "2015Q2": 6.668303, "2015Q4": 5.10542}