{"2004Q1": 14.201833, "2004Q3": 11.849833, "2004Q2": 13.099334, "2003Q4": 13.6955, "2003Q1": 11.188334, "2003Q3": 12.789, "2003Q2": 11.041333, "2002Q4": 11.996833, "2002Q1": 22.785, "2002Q3": 15.141001, "2002Q2": 19.763334, "2000Q4": 38.893749, "2000Q3": 50.020832, "2000Q2": 28.991667, "2001Q4": 16.578333, "2001Q1": 40.424999, "2001Q2": 16.920517}