{"2012Q3": 0, "2012Q2": 0, "2012Q1": 0, "2012Q4": 0, "2011Q3": 0, "2011Q2": 0, "2011Q1": 0, "2011Q4": 0, "2002Q4": 0, "2021Q3": 66.361023, "2021Q2": 72.190025, "2021Q1": 66.161736, "2021Q4": 69.15097, "2017Q3": 33.678715, "2017Q2": 35.870823, "2017Q1": 40.753239, "2017Q4": 29.294502, "2015Q3": 23.415674, "2015Q2": 25.607782, "2015Q1": 25.906704, "2015Q4": 23.216391, "2007Q3": 0, "2007Q2": 0, "2007Q1": 0, "2007Q4": 0, "2016Q3": 37.465076, "2016Q2": 35.970459, "2016Q1": 28.696657, "2016Q4": 35.671535, "2005Q3": 0, "2005Q2": 0, "2005Q1": 0, "2005Q4": 0, "2001Q3": 0, "2001Q2": 0, "2001Q1": 0, "2003Q3": 0, "2003Q2": 0, "2003Q1": 0, "2003Q4": 0, "2006Q3": 0, "2006Q2": 0, "2006Q1": 0, "2006Q4": 0, "2010Q3": 0, "2010Q2": 0, "2010Q1": 0, "2010Q4": 0, "2009Q3": 0, "2009Q2": 0, "2009Q1": 0, "2009Q4": 0, "1999Q4": 0, "2004Q3": 0, "2004Q2": 0, "2004Q1": 0, "2004Q4": 0, "2022Q3": 77.026848, "2022Q2": 71.841278, "2022Q1": 78.567055, "2022Q4": 100.104927, "2008Q3": 0, "2008Q2": 0, "2008Q1": 0, "2008Q4": 0, "2018Q3": 33.379791, "2018Q2": 30.888762, "2018Q1": 33.130688, "2018Q4": 32.632484, "2020Q3": 81.20755, "2020Q2": 86.289253, "2020Q1": 55.001926, "2020Q4": 70.844864, "2014Q4": 27.30168, "2023Q3": 0, "2023Q2": 137, "2023Q1": 120.400002, "2000Q3": 0, "2000Q2": 0, "2000Q1": 0, "2000Q4": 0, "2013Q3": 0, "2013Q2": 0, "2013Q1": 0, "2013Q4": 0, "2019Q3": 57.492954, "2019Q2": 46.382965, "2019Q1": 36.418846, "2019Q4": 57.891518}