{"2015Q1": 0.6241327000000001, "2015Q2": 0.6707886000000001, "2015Q3": 1.0968537999999999, "2015Q4": 0.871497, "2020Q1": 1.36745802, "2020Q2": 1.58172304, "2020Q3": 2.0238097, "2020Q4": 2.61783614, "2016Q1": 0.8912157199999999, "2016Q2": 1.2047785800000002, "2016Q3": 1.197208, "2016Q4": 1.3741482999999999, "2013Q4": 0.29155536, "2017Q1": 1.35935926, "2017Q2": 1.5128835800000002, "2017Q3": 2.3181820199999996, "2017Q4": 2.3264568399999996, "2023Q1": 6.1503039799999994, "2021Q1": 2.45885396, "2021Q2": 2.35761946, "2021Q3": 2.6312167, "2019Q1": 1.63665376, "2019Q2": 1.2732659199999998, "2019Q3": 1.5852442400000002, "2019Q4": 0.78910092, "2018Q1": 1.90655374, "2018Q2": 2.4343816200000004, "2018Q3": 2.80340338, "2018Q4": 2.0743389199999998, "2014Q1": 0.43997393999999995, "2014Q2": 0.65177412, "2014Q3": 0.99333052, "2014Q4": 0.757058, "2022Q1": 3.03685894, "2022Q2": 4.885665, "2022Q3": 4.17156564}