{"2022Q3": 1.7728636699999998, "2022Q2": 1.33506604, "2022Q1": 2.2410037099999998, "2017Q3": 1.262940397578, "2017Q2": 1.091957882987, "2017Q1": 1.146361390654, "2017Q4": 1.126931411679, "2020Q3": 0.80624118, "2020Q2": 0.88426452, "2020Q1": 0.54182875, "2020Q4": 1.04898046, "2015Q3": 1.165791369629, "2015Q2": 2.8367587249039996, "2015Q1": 7.771942175217999, "2015Q4": 0.804395928009, "2010Q3": 1638.002811419916, "2010Q2": 1539.063082798466, "2010Q1": 1766.2581212745179, "2010Q4": 1413.006412581022, "2016Q3": 2.327696743463, "2016Q2": 0.734448437162, "2016Q1": 0.769421965854, "2016Q4": 1.566046335736, "2014Q3": 112.693170643384, "2014Q2": 50.433055507617, "2014Q1": 56.519802338048, "2014Q4": 13.600899456826, "2018Q3": 0.5712374806980001, "2018Q2": 0.528491960416, "2018Q1": 1.056983920832, "2018Q4": 0.711132462392, "2011Q3": 608.2963218596599, "2011Q2": 872.135704670937, "2011Q1": 1031.905129197414, "2011Q4": 584.1110760548299, "2012Q3": 275.64273027947496, "2012Q2": 333.901597010098, "2012Q1": 381.101336266094, "2012Q4": 143.473342729418, "2019Q3": 0.7022100600000001, "2019Q2": 0.65452913, "2019Q1": 0.707246466597, "2019Q4": 0.8322489599999999, "2013Q3": 36.520487917994, "2013Q2": 56.519802338048, "2013Q1": 135.647528472171, "2013Q4": 59.128411714069, "2009Q4": 1993.453160184033, "2021Q3": 2.27568075, "2021Q2": 2.9172059900000002, "2021Q1": 2.61811652, "2021Q4": 2.30602316}