{"2021Q3": 29.822934399999998, "2021Q4": 30.501938709999997, "2022Q1": 23.405677979999997, "2022Q2": 15.643726749999999, "2022Q3": 14.88483958}