{"2014Q2": 0.5262006749979999, "2014Q4": 0.5071517099999999, "2014Q3": 0.529986107377, "2014Q1": 0.566894181438, "2016Q2": 0.599773216914, "2016Q4": 0.599773216914, "2016Q3": 0.599773216914, "2016Q1": 0.569142120556, "2019Q2": 1.34093946365, "2019Q4": 2.40571965, "2019Q3": 1.58213995, "2019Q1": 1.27871585, "2013Q2": 0.745970750628, "2013Q4": 0.5681681291949999, "2013Q3": 0.6915564063859999, "2013Q1": 0.7283543808449999, "2011Q4": 0.477030799593, "2021Q2": 7.889026599999999, "2021Q4": 8.549521481269, "2021Q3": 8.444204710010998, "2021Q1": 7.039439119999999, "2020Q2": 3.14694138, "2020Q4": 6.67099557, "2020Q3": 5.12786729, "2020Q1": 2.6364398679359997, "2023Q2": 9.64455175, "2023Q1": 8.588195483592, "2018Q2": 0.99815258862, "2018Q4": 1.49722888293, "2018Q3": 0.964880835666, "2018Q1": 0.8377756132499999, "2017Q2": 0.659980794151, "2017Q4": 0.8377756132499999, "2017Q3": 0.942497673272, "2017Q1": 0.607484523684, "2015Q2": 0.447182970876, "2015Q4": 0.569142120556, "2015Q3": 0.365877015577, "2015Q1": 0.359822837856, "2010Q2": 0.5837753979729999, "2010Q4": 0.500378850625, "2010Q3": 0.500378850625, "2010Q1": 0.6935408000000001, "2009Q4": 0.43779763, "2022Q2": 8.81663742, "2022Q4": 8.62079016734, "2022Q3": 9.03336892, "2022Q1": 8.96834947, "2012Q2": 0.43185485227, "2012Q4": 0.730309298975, "2012Q3": 0.373150524717, "2012Q1": 0.442957140089}