{"2009Q4": 0.0046059525, "2020Q2": 0.045999, "2020Q4": 0.0384939, "2020Q1": 0.039946499999999996, "2020Q3": 0.039704399999999994, "2014Q2": 0.0234205119, "2014Q4": 0.0216236457, "2014Q1": 0.019157615099999997, "2014Q3": 0.022384565999999998, "2016Q2": 0.027357299999999998, "2016Q4": 0.0355887, "2016Q1": 0.0251784, "2016Q3": 0.034136099999999996, "2010Q2": 0.0068727348, "2010Q4": 0.0093859749, "2010Q1": 0.0058324311, "2010Q3": 0.0096198435, "2022Q2": 0.0394623, "2022Q4": 0.045999, "2022Q1": 0.0426096, "2022Q3": 0.0377676, "2021Q2": 0.037525499999999996, "2021Q4": 0.0377676, "2021Q1": 0.0438201, "2021Q3": 0.038736, "2007Q4": 0.0019464087068999999, "2017Q2": 0.036557099999999995, "2017Q4": 0.043578, "2017Q1": 0.034862399999999995, "2017Q3": 0.0367992, "2023Q2": 0.0409149, "2023Q1": 0.041641199999999996, "2015Q2": 0.0261468, "2015Q4": 0.0223429248, "2015Q1": 0.0235471302, "2015Q3": 0.0256626, "2004Q4": 0, "2005Q4": 0.0009559584810000001, "2018Q2": 0.0440622, "2018Q4": 0.041399099999999994, "2018Q1": 0.0503568, "2018Q3": 0.0418833, "2008Q4": 0.0022469898987, "2013Q2": 0.0191990142, "2013Q4": 0.0199860813, "2013Q3": 0.0180599337, "2019Q2": 0.055682999999999996, "2019Q4": 0.0503568, "2019Q1": 0.0467253, "2019Q3": 0.05519879999999999, "2006Q4": 0.0010998002592}