{"2023Q2": 2.1346182000000002, "2022Q2": 1.3860245149800001, "2022Q1": 2.4908984170800004, "2020Q3": 3.6679764017700003, "2020Q2": 2.65822138521, "2020Q1": 1.10759243043, "2020Q4": 4.9614497928, "2018Q4": 0, "2019Q3": 0, "2019Q4": 0, "2021Q3": 5.642747524350001, "2021Q2": 6.67363401714, "2021Q1": 5.635348758540001, "2021Q4": 3.2455663099500005}