{"2023Q3": 10.08, "2023Q2": 10.4, "2023Q1": 8.54, "2022Q3": 10.9, "2022Q2": 20.280001, "2022Q1": 19, "2022Q4": 10, "2020Q3": 36.459999, "2020Q2": 28.879999, "2020Q4": 57.34, "2021Q3": 49.139999, "2021Q2": 52.419998, "2021Q1": 49.799999, "2021Q4": 38.939999}