{"2014Q4": 0.310947, "2021Q2": 7.701120699999999, "2021Q1": 4.933692399999999, "2021Q3": 8.2815551, "2021Q4": 6.21894, "2018Q2": 1.1608688, "2018Q1": 1.2126932999999998, "2018Q3": 1.5236402999999998, "2018Q4": 1.9071415999999999, "2020Q2": 3.1509295999999996, "2020Q1": 1.7205733999999997, "2020Q3": 4.8611381, "2020Q4": 4.4983666, "2015Q2": 0.7255429999999999, "2015Q1": 0.310947, "2015Q3": 0.518245, "2015Q4": 0.41459599999999996, "2017Q2": 1.7723978999999999, "2017Q1": 1.7620329999999997, "2017Q3": 1.9693309999999997, "2017Q4": 1.7620329999999997, "2022Q2": 5.451937399999999, "2022Q1": 4.9958818, "2022Q3": 4.3947176, "2022Q4": 4.726394399999999, "2016Q2": 0.518245, "2016Q1": 0.41459599999999996, "2016Q3": 0.8291919999999999, "2016Q4": 0.8291919999999999, "2019Q2": 1.7516680999999998, "2019Q1": 1.8553171, "2019Q3": 0.9224760999999999, "2019Q4": 1.347437}