{"2015Q1": 0.2792464, "2015Q2": 0.23207640000000002, "2015Q3": 0.2867936, "2015Q4": 0.22735940000000002, "2020Q1": 0.36603919999999995, "2020Q2": 0.334907, "2020Q3": 0.390567618868, "2020Q4": 0.4783038, "2016Q1": 0.35000138113199997, "2016Q2": 0.2490576, "2016Q3": 0.26603879999999996, "2016Q4": 0.363209, "2017Q1": 0.43207719999999994, "2017Q2": 0.430190381132, "2017Q3": 0.847173237736, "2017Q4": 0.602832618868, "2023Q1": 1.355665762264, "2021Q1": 0.627361, "2021Q2": 0.5830211999999999, "2021Q3": 0.541511618868, "2021Q4": 0.933022618868, "2019Q1": 0.429247, "2019Q2": 0.409435618868, "2019Q3": 0.372643, "2019Q4": 0.23207640000000002, "2018Q1": 0.503775618868, "2018Q2": 0.3330202, "2018Q3": 0.45094519999999993, "2018Q4": 0.390567618868, "2022Q1": 0.822644762264, "2022Q2": 0.998117237736, "2022Q3": 1.464156762264, "2022Q4": 1.083966618868}