{"2021Q2": 3.330438781312, "2021Q4": 3.2827809063520004, "2020Q2": 1.64419392428, "2020Q4": 2.41092366216, "2022Q2": 3.3514418622480004, "2022Q4": 4.947366730912, "2018Q4": 3.602368413904, "2019Q2": 3.2393281653679997, "2019Q4": 2.309300320296, "2023Q2": 7.442432}