{"2017Q2": 1.255529252018, "2017Q4": 1.055932380442, "2017Q1": 1.3481502132379999, "2017Q3": 1.2769913979499998, "2023Q1": 2.8458320989159995, "2016Q2": 1.3556419380059999, "2016Q4": 1.327567682184, "2016Q1": 1.219102511562, "2016Q3": 1.2493545212700001, "2009Q4": 1.036524859454, "2010Q2": 1.440144102468, "2010Q4": 1.54436546698, "2010Q1": 1.377611740852, "2010Q3": 1.457198746504, "2015Q2": 1.1653800114619999, "2015Q4": 1.15473378605, "2015Q1": 1.203278585582, "2015Q3": 1.1313270027439999, "2020Q2": 1.317167714656, "2020Q4": 1.4244153085940001, "2020Q1": 1.2692708418999998, "2020Q3": 1.461899929496, "2022Q4": 2.390498985944, "2022Q1": 2.08485867006, "2022Q3": 2.086943577296, "2018Q2": 1.03876260656, "2018Q4": 1.018857427528, "2018Q1": 1.148219093722, "2018Q3": 0.914707483516, "2012Q4": 0.407409386108, "2012Q1": 0.631010402052, "2012Q3": 0.435833316698, "2021Q2": 1.814255537384, "2021Q4": 1.798190781478, "2021Q1": 1.5743540778840002, "2021Q3": 1.850312033968, "2011Q4": 0.69922812115, "2011Q1": 1.3264486657899999, "2019Q2": 1.100365930312, "2019Q4": 1.149528374328, "2019Q1": 1.041498583074, "2019Q3": 1.116000163444, "2013Q2": 0.587427327496, "2013Q4": 0.7295466947639999, "2013Q1": 0.6594346183240001, "2013Q3": 0.7011230498559999, "2014Q2": 0.907669993128, "2014Q4": 1.135061152166, "2014Q1": 0.782604698532, "2014Q3": 0.964517854308}