{"2015Q2": 0.476648611268, "2015Q3": 0.52270884747, "2015Q4": 0.449974693786, "2012Q4": 0.40936569772799997, "2020Q1": 0.577754305772, "2020Q2": 0.620407393642, "2020Q3": 0.8964886289699999, "2020Q4": 0.7824887930340001, "2016Q1": 0.532479085898, "2016Q2": 0.523794451036, "2016Q3": 0.550934029612, "2016Q4": 0.7365689470760001, "2013Q1": 0.478807388564, "2013Q2": 0.45768346328, "2013Q3": 0.691554718546, "2013Q4": 0.682501748558, "2017Q1": 0.7935621923699999, "2017Q2": 0.821071690612, "2017Q3": 0.82896116809, "2017Q4": 0.556209843572, "2023Q1": 2.9005885, "2021Q1": 0.998080284286, "2021Q2": 1.106356744136, "2021Q3": 1.322210564788, "2021Q4": 1.249412941474, "2019Q1": 0.430421382156, "2019Q2": 0.427377410392, "2019Q3": 0.447028417716, "2019Q4": 0.42110150520800005, "2018Q1": 0.559027543024, "2018Q2": 0.445193291518, "2018Q3": 0.47506067331, "2018Q4": 0.462687845538, "2014Q1": 0.897763884368, "2014Q2": 0.95308822171, "2014Q3": 0.5582732843780001, "2014Q4": 0.5704154911560001, "2022Q1": 1.27565390981, "2022Q2": 1.303587888712, "2022Q3": 1.308125852818, "2022Q4": 1.882081435212}