{"2020Q1": 0.071001, "2020Q2": 0.03147711, "2020Q3": 0.0355005, "2020Q4": 0.036447179999999996, "2016Q4": 0, "2017Q2": 0.39997229999999995, "2017Q3": 0.79876125, "2017Q4": 0.9407632499999999, "2023Q1": 0.0774502575, "2023Q2": 0.069699315, "2021Q1": 0.17395244999999998, "2021Q2": 0.2958375, "2021Q3": 0.23785334999999996, "2021Q4": 0.27335385, "2019Q1": 0.11892667499999998, "2019Q2": 0.08496453, "2019Q3": 0.05798415, "2019Q4": 0.06484758, "2018Q1": 0.5478910499999999, "2018Q2": 0.48162345, "2018Q3": 0.2721705, "2018Q4": 0.139043625, "2022Q1": 0.19643609999999997, "2022Q2": 0.108749865, "2022Q3": 0.09117711749999999}