{"2020Q4": 0, "2023Q1": 16.2501494, "2021Q1": 0, "2021Q2": 0, "2021Q3": 0, "2021Q4": 12.6321946, "2022Q1": 12.6184562, "2022Q2": 18.4772233, "2022Q3": 17.5498813, "2022Q4": 14.9406421}