{"2017Q4": 0, "2023Q2": 49.8843965016, "2023Q1": 3.5432856000000004, "2020Q2": 1.8559962, "2020Q4": 1.782639, "2020Q1": 1.4415354000000002, "2020Q3": 1.4598378, "2022Q2": 2.3181318, "2022Q4": 2.824326, "2022Q1": 1.899981, "2022Q3": 2.0760678, "2018Q4": 2.765655, "2018Q3": 2.5675758, "2021Q2": 1.357182, "2021Q4": 1.8633024, "2021Q1": 1.5772536000000001, "2021Q3": 1.8853686, "2019Q2": 4.2548652, "2019Q4": 3.8880792000000004, "2019Q1": 5.9420808, "2019Q3": 3.814722}