{"2014Q4": 0.356555955, "2016Q2": 0.34513301952000003, "2016Q4": 0.35282279771999997, "2016Q3": 0.33709490094, "2016Q1": 0.32981918772, "2019Q2": 0.6110087438999999, "2019Q4": 0.42172189590000003, "2019Q3": 0.6163652988, "2019Q1": 0.57677279976, "2021Q2": 0.8872821000000001, "2021Q4": 0.8084125799999999, "2021Q3": 0.8149850399999999, "2021Q1": 0.8412748800000001, "2020Q2": 0.7426879799999999, "2020Q4": 0.8018401199999999, "2020Q3": 0.7492604399999999, "2020Q1": 0.73611552, "2023Q1": 0.72954306, "2018Q2": 0.4662831747, "2018Q4": 0.50726903526, "2018Q3": 0.4662831747, "2018Q1": 0.46323355326000004, "2017Q2": 0.39487996925999996, "2017Q4": 0.44180733365999997, "2017Q3": 0.50840607084, "2017Q1": 0.38796574134, "2015Q2": 0.33631935066, "2015Q4": 0.30201768192, "2015Q3": 0.2831744391, "2015Q1": 0.36245802408, "2022Q2": 0.70982568, "2022Q4": 0.7821227399999999, "2022Q3": 0.7492604399999999, "2022Q1": 0.69668076}