{"2021Q2": 1.17012658, "2021Q4": 1.25528404, "2021Q3": 1.45398478, "2023Q2": 0.41001740000000003, "2023Q1": 0.57560135, "2020Q4": 0, "2022Q2": 0.8925763400000001, "2022Q4": 0.74276229, "2022Q1": 1.08496912, "2022Q3": 0.7585321899999999}