{"2015Q1": 0.8715027399999999, "2015Q2": 0.84950898, "2015Q3": 0.7862769199999999, "2015Q4": 0.687305, "2020Q1": 0.8660043, "2020Q2": 0.90449338, "2020Q3": 0.98422076, "2016Q1": 0.6845557800000001, "2016Q2": 0.65156514, "2016Q3": 0.68180656, "2016Q4": 0.72029564, "2013Q1": 0.41788144, "2013Q2": 0.4673674, "2013Q3": 0.48661194, "2013Q4": 0.53059946, "2017Q1": 0.80827068, "2017Q2": 0.79452458, "2017Q3": 0.7477878400000001, "2017Q4": 0.76153394, "2019Q1": 0.80552146, "2019Q2": 0.8522582000000001, "2019Q3": 0.78902614, "2019Q4": 0.88524884, "2018Q1": 0.7477878400000001, "2018Q2": 0.73954018, "2018Q3": 0.78902614, "2018Q4": 0.88249962, "2014Q1": 0.69830188, "2014Q2": 0.80277224, "2014Q3": 0.9814715399999999, "2014Q4": 0.7780292600000001}