{"2021Q2": 0.2814, "2021Q4": 0.23785, "2021Q3": 0.23048000000000002, "2023Q2": 0.22713, "2023Q1": 0.23115, "2020Q4": 0, "2022Q2": 0.23450000000000001, "2022Q4": 0.23651, "2022Q1": 0.23517000000000002, "2022Q3": 0.23718}