{"2017Q2": 0.39938684999999996, "2017Q4": 2.0118425999999996, "2017Q1": 0.39938684999999996, "2017Q3": 0.6951998999999999, "2023Q1": 0.9902283, "2016Q4": 0.34603065, "2016Q3": 0.329553, "2015Q4": 0, "2022Q2": 1.3111501499999998, "2022Q4": 0.68656875, "2022Q1": 0.5013913499999999, "2022Q3": 1.21228425, "2018Q2": 1.27034835, "2018Q1": 1.6399184999999998, "2018Q3": 1.14794295, "2021Q4": 0.5445471, "2019Q2": 0.66616785, "2019Q1": 0.6536134499999999, "2019Q3": 0.64105905}