{"2014Q2": 0.14272236, "2014Q4": 0.15062003999999998, "2014Q3": 0.15626124, "2014Q1": 0.16951806, "2016Q2": 0.11818314, "2016Q4": 0.14131206, "2016Q3": 0.13679909999999998, "2016Q1": 0.13567085999999998, "2019Q2": 0.12072168, "2019Q4": 0.11197782, "2019Q3": 0.12015755999999998, "2019Q1": 0.12664494, "2013Q4": 0.14413266, "2021Q2": 0.1678257, "2021Q4": 0.2341098, "2021Q3": 0.19236492, "2021Q1": 0.18503135999999998, "2020Q2": 0.10633661999999999, "2020Q4": 0.1114137, "2020Q3": 0.10125954, "2020Q1": 0.11395224, "2023Q2": 0.2341098, "2023Q1": 0.20928851999999998, "2018Q2": 0.1537227, "2018Q4": 0.11592666, "2018Q3": 0.13849145999999998, "2018Q1": 0.1819287, "2017Q2": 0.21662207999999997, "2017Q4": 0.1946214, "2017Q3": 0.19349316, "2017Q1": 0.15767154, "2015Q2": 0.15879978, "2015Q4": 0.14836355999999998, "2015Q3": 0.13313232, "2015Q1": 0.15174827999999999, "2022Q2": 0.25441811999999997, "2022Q4": 0.22000679999999997, "2022Q3": 0.23664834, "2022Q1": 0.22762242}