{"2023Q3": 9.81, "2023Q2": 9.41, "2023Q1": 5.99, "2022Q3": 14.58, "2022Q2": 10.01, "2022Q1": 12.76, "2022Q4": 15.41, "2020Q4": 64.110001, "2021Q3": 17.280001, "2021Q2": 26.860001, "2021Q4": 14.36}