{"2015Q1": 27.831862960000006, "2015Q2": 28.95785456, "2015Q3": 26.123005120000002, "2015Q4": 31.050874240000002, "2012Q1": 7.497779360000001, "2012Q2": 9.56430512, "2012Q3": 12.200450160000003, "2012Q4": 16.969355760000003, "2020Q1": 67.14884024, "2020Q2": 81.58802664000001, "2020Q3": 102.66394000000001, "2020Q4": 138.15254584000002, "2016Q1": 29.408251200000002, "2016Q2": 36.6278444, "2016Q3": 44.2448464, "2016Q4": 84.11819600000001, "2013Q1": 20.34733056, "2013Q2": 25.79183112, "2013Q3": 22.24164584, "2013Q4": 23.844528, "2017Q1": 109.92327408000001, "2017Q2": 111.31420488, "2017Q3": 133.01272536000002, "2017Q4": 108.24091016, "2023Q1": 104.54500832000001, "2023Q2": 107.69778480000001, "2021Q1": 164.76568848, "2021Q2": 172.25022088, "2021Q3": 171.23020496, "2021Q4": 175.07182336, "2019Q1": 105.02189888000001, "2019Q2": 88.99307728000001, "2019Q3": 73.17620704000001, "2019Q4": 91.00661520000001, "2018Q1": 105.43255464, "2018Q2": 113.34098976000001, "2018Q3": 109.36690176, "2018Q4": 87.99955528000001, "2014Q1": 27.92459168, "2014Q2": 31.3952952, "2014Q3": 28.401482240000004, "2014Q4": 23.857774960000004, "2022Q1": 162.50045832, "2022Q2": 132.2046608, "2022Q3": 103.89590728000002}