{"2015Q1": 118.943571571736, "2015Q2": 115.774801397518, "2015Q3": 97.35576641226199, "2015Q4": 88.09714304065399, "2010Q1": 65.95026677764, "2010Q2": 57.60181025984, "2010Q3": 65.569642364488, "2010Q4": 77.140757252166, "2012Q1": 72.370212956022, "2012Q2": 75.33911571780999, "2012Q3": 80.135030289646, "2012Q4": 82.72329978214, "2011Q1": 87.18935648927, "2011Q2": 82.69792950644799, "2011Q3": 61.408103528664, "2011Q4": 62.42311253397, "2020Q1": 62.969529067638, "2020Q2": 65.70685999999999, "2020Q3": 47.53748308590799, "2020Q4": 51.194213542953996, "2016Q1": 95.39181607801599, "2016Q2": 86.680302304608, "2016Q3": 95.88280601845399, "2016Q4": 94.059133259622, "2013Q1": 86.78334408814199, "2013Q2": 100.00831635453, "2013Q3": 117.529355110542, "2013Q4": 130.559150005894, "2017Q1": 104.79071731072, "2017Q2": 129.648704326454, "2017Q3": 117.556390626612, "2017Q4": 130.46233294745798, "2023Q1": 87.532963085908, "2023Q2": 116.015461914092, "2021Q1": 61.25021908590799, "2021Q2": 92.84665, "2021Q3": 117.415302, "2021Q4": 123.757445828184, "2019Q1": 120.715256777254, "2019Q2": 122.077983057496, "2019Q3": 98.68443882674, "2019Q4": 110.551549691664, "2018Q1": 117.50027953931, "2018Q2": 113.50413172647399, "2018Q3": 127.074662940288, "2018Q4": 120.431353433386, "2009Q4": 65.975645909474, "2014Q1": 140.742761127788, "2014Q2": 136.406276348804, "2014Q3": 132.894814903076, "2014Q4": 134.51549003180398, "2022Q1": 100.902885828184, "2022Q2": 64.164178914092, "2022Q3": 57.250671085907996, "2022Q4": 84.561872}