{"2015Q1": 2.358713435725, "2015Q2": 2.3982451208750004, "2015Q3": 2.4404120874, "2015Q4": 2.369255265375, "2020Q1": 37.912335903700004, "2020Q2": 64.223979059425, "2020Q3": 71.167102615, "2020Q4": 66.538355338325, "2016Q1": 3.650076653525, "2016Q2": 4.0849230777250005, "2016Q3": 3.6869723531500003, "2016Q4": 4.9546162782000005, "2013Q1": 12.423434986825, "2013Q2": 12.650084324300002, "2013Q3": 6.061498885425, "2013Q4": 4.48023816885, "2017Q1": 5.29722257315, "2017Q2": 6.8521287156, "2017Q3": 6.931191733825001, "2017Q4": 5.4026401655, "2023Q1": 112.39749401215, "2021Q1": 112.825897815925, "2021Q2": 98.49978263485, "2021Q3": 111.4278801663, "2021Q4": 118.507555306475, "2019Q1": 16.0761472738, "2019Q2": 26.881427956875005, "2019Q3": 27.885862020225, "2019Q4": 28.156595724675, "2018Q1": 10.014649796675, "2018Q2": 9.645688575525, "2018Q3": 10.17277407275, "2018Q4": 11.385075328550002, "2014Q1": 3.6843367197000005, "2014Q2": 5.771601034575001, "2014Q3": 3.9531512633250006, "2014Q4": 2.5036623611500004, "2022Q1": 124.97160407220001, "2022Q2": 96.62829875012501, "2022Q3": 100.98998692912501}