{"2021Q1": 0.08851193500000001, "2021Q2": 0.06542186500000001, "2021Q3": 0.06157352000000001, "2020Q4": 0.05387683000000001}