{"2015Q1": 10.3847718, "2015Q3": 7.25602645, "2020Q1": 6.16429403, "2020Q2": 18.106781599999998, "2020Q3": 29.62322725, "2016Q1": 6.111038789999999, "2016Q3": 5.9912145, "2017Q1": 7.74863742, "2017Q3": 6.816670719999999, "2021Q1": 43.403017937238, "2021Q2": 28.438299491381, "2021Q3": 23.20597083, "2019Q1": 6.4438840399999995, "2019Q3": 4.673147309999999, "2018Q1": 6.86992596, "2018Q3": 8.041541239999999, "2014Q1": 13.420320479999999, "2014Q2": 16.46918297, "2014Q3": 11.889232329999999}