{"2021Q3": 0.6010129999999999, "2021Q1": 0.772731, "2021Q2": 0.7040437999999999, "2021Q4": 0.5409117, "2020Q3": 0.772731, "2020Q2": 0.4636386, "2020Q4": 0.8156604999999999, "2023Q3": 0.4636386, "2023Q1": 0.3348501, "2023Q2": 0.5409117, "2022Q3": 0.343436, "2022Q1": 0.4207091, "2022Q2": 0.4550527, "2022Q4": 0.36919369999999996}