{"2023Q1": 0.36935654, "2023Q2": 0.45309265000000004, "2021Q4": 0.73641894, "2022Q1": 0.46456335, "2022Q2": 0.35329756, "2022Q3": 0.36820947}