{"2020Q1": 0, "2020Q2": 0, "2020Q3": 0, "2020Q4": 0, "2017Q4": 0, "2023Q1": 1.1839412, "2021Q2": 0, "2021Q4": 0, "2019Q1": 0, "2019Q2": 0, "2019Q3": 0, "2019Q4": 0, "2018Q1": 0, "2018Q2": 0, "2018Q3": 0, "2018Q4": 0, "2022Q1": 0.27815671999999997, "2022Q2": 0.4268054, "2022Q3": 1.00596412, "2022Q4": 1.1584718}