{"2017Q2": 0.29254885374, "2017Q4": 0.17678145, "2017Q1": 0.15447145, "2017Q3": 0.15878625000000002, "2023Q2": 0.621, "2023Q1": 0.5630055, "2016Q2": 0.34079014647, "2016Q4": 0.24479291379499998, "2016Q1": 0.14065305, "2016Q3": 0.28799164179000003, "2015Q2": 0.1255823, "2015Q4": 0.16451325, "2015Q1": 0.12226800000000002, "2015Q3": 0.17330385, "2020Q2": 0.37241715, "2020Q4": 0.40937470000000004, "2020Q1": 0.36957435, "2020Q3": 0.3980035, "2022Q2": 0.5530833, "2022Q4": 0.5583756, "2022Q1": 0.6774604000000001, "2022Q3": 0.6086559, "2018Q4": 0.48504046386000005, "2018Q1": 0.35635622194000005, "2018Q3": 0.23365125, "2012Q2": 0.07432335, "2012Q4": 0.07904180000000001, "2012Q1": 0.19247242006999998, "2012Q3": 0.07432335, "2021Q2": 0.4661617, "2021Q4": 0.49538780000000004, "2021Q1": 0.52169175, "2021Q3": 0.46762220000000004, "2011Q4": 0.18206852785000002, "2019Q2": 0.5855036328700001, "2019Q4": 0.35177464999999997, "2019Q1": 0.3088417, "2019Q3": 0.33238565, "2013Q2": 0.10979165, "2013Q4": 0.10230515000000001, "2013Q1": 0.208078321535, "2013Q3": 0.209814860865, "2014Q2": 0.18859764158, "2014Q4": 0.0998108, "2014Q1": 0.10729615, "2014Q3": 0.18671163882}