{"2021Q4": 0.055737128175000004, "2021Q3": 0.056033602424, "2023Q2": 0.055759340000000004, "2023Q1": 0.07546613069500001, "2020Q4": 0, "2022Q2": 0.045883411139, "2022Q4": 0.051618841361, "2022Q1": 0.051586488689, "2022Q3": 0.045581544778000006}