{"2020Q4": 286.611086142224, "2020Q1": 204.32932547989603, "2020Q3": 257.245185473344, "2020Q2": 267.816920576648, "2014Q4": 0, "2014Q1": 0, "2014Q3": 0, "2014Q2": 0, "2016Q4": 0, "2016Q1": 0, "2016Q3": 0, "2016Q2": 0, "2011Q4": 0, "2011Q1": 0, "2011Q3": 0, "2011Q2": 0, "2017Q4": 203.867815965152, "2017Q1": 0, "2017Q3": 0, "2017Q2": 0, "2013Q4": 0, "2013Q1": 0, "2013Q3": 0, "2013Q2": 0, "2015Q4": 0, "2015Q1": 0, "2015Q3": 0, "2015Q2": 0, "2010Q4": 0, "2010Q1": 0, "2010Q3": 0, "2010Q2": 0, "2018Q4": 206.57346118079204, "2018Q1": 176.506605571688, "2018Q3": 213.19370759785602, "2018Q2": 202.982818360256, "2019Q4": 299.032213434776, "2019Q1": 231.37124704587202, "2019Q3": 268.624036654312, "2019Q2": 252.46620556026403, "2022Q4": 391.91980952484005, "2022Q1": 301.2429575236, "2022Q3": 314.661486850736, "2022Q2": 288.43969782532, "2021Q4": 310.401118798176, "2021Q1": 310.10380270324004, "2021Q3": 295.44276284064, "2021Q2": 283.292918717232, "2009Q4": 0, "2023Q1": 409.44365123773605, "2023Q2": 431.05607045182404, "2012Q1": 0, "2012Q3": 0, "2012Q2": 0}