{"2017Q2": 1.9309043695020003, "2017Q4": 1.158223588293, "2017Q1": 1.896281331351, "2017Q3": 1.322886860649, "2023Q2": 1.20462504, "2023Q1": 0.985321449573, "2016Q2": 1.6632270742440003, "2016Q4": 1.7711054115030003, "2016Q1": 1.159449037968, "2016Q3": 1.7178391989630002, "2015Q2": 0.7847798941440001, "2015Q4": 1.113881212419, "2015Q1": 0.777185309949, "2015Q3": 1.037934729711, "2020Q2": 0.617756389695, "2020Q4": 0.41698544290200007, "2020Q1": 0.49111633781700004, "2020Q3": 0.44169595479300006, "2022Q2": 0.759840311268, "2022Q4": 0.6733546409760001, "2022Q1": 0.787639597098, "2022Q3": 0.5884128770850001, "2018Q2": 1.2559052231190002, "2018Q4": 1.1176796258430002, "2018Q1": 1.4177773536270002, "2018Q3": 0.873822188856, "2012Q4": 0.5949136873740001, "2021Q2": 0.6517329030240001, "2021Q4": 0.7104199282440001, "2021Q1": 0.617756389695, "2021Q3": 0.6887985106710001, "2019Q2": 1.1147766717240002, "2019Q4": 0.914279648976, "2019Q1": 1.143807174051, "2019Q3": 0.926634744732, "2013Q2": 0.33669590247, "2013Q4": 0.313911829506, "2013Q1": 0.29872266111600004, "2013Q3": 0.25568647042500003, "2014Q2": 0.52656210924, "2014Q4": 0.372137508966, "2014Q1": 0.680986389135, "2014Q3": 0.501246401418}