{"2017Q2": 0.105027071832, "2017Q4": 0.09815992624799999, "2017Q1": 0.10805670649799999, "2017Q3": 0.10401721241399998, "2023Q2": 0.21013469999999998, "2023Q1": 0.212738311242, "2016Q2": 0.08796196233, "2016Q4": 0.10047380545799998, "2016Q1": 0.09795193520399999, "2016Q3": 0.09364913810999999, "2015Q2": 0.12911846517, "2015Q4": 0.088691031018, "2015Q1": 0.137396192814, "2015Q3": 0.10418523555599998, "2020Q2": 0.10841740482599999, "2020Q4": 0.116682411564, "2020Q1": 0.096097926618, "2020Q3": 0.11327916022199998, "2022Q2": 0.251539669494, "2022Q4": 0.212738311242, "2022Q1": 0.269622620712, "2022Q3": 0.228794069034, "2018Q2": 0.086182107318, "2018Q4": 0.060156826001999994, "2018Q1": 0.092504623248, "2018Q3": 0.073809432594, "2021Q2": 0.166909258854, "2021Q4": 0.279893948436, "2021Q1": 0.15193020869999999, "2021Q3": 0.23880863753999998, "2019Q2": 0.083465333604, "2019Q4": 0.07399088179199999, "2019Q1": 0.074662720506, "2019Q3": 0.07850251610999999, "2013Q4": 0.100765427292, "2014Q2": 0.12482943260399998, "2014Q4": 0.13320726334199998, "2014Q1": 0.13170910165199998, "2014Q3": 0.134045037954}