{"2020Q1": 0.1063566, "2020Q2": 0.11490569999999999, "2020Q4": 0.1292508, "2023Q1": 0.28733669999999994, "2021Q1": 0.13562639999999998, "2021Q2": 0.1459143, "2021Q3": 0.3537009, "2021Q4": 0.6145208999999999, "2019Q4": 0.0994014, "2022Q1": 0.5206257, "2022Q2": 0.5261319, "2022Q3": 0.4545513, "2022Q4": 0.2098152}