{"2014Q2": 4.2, "2014Q1": 4.8, "2014Q3": 3.66, "2014Q4": 2.67, "2017Q2": 2.24, "2017Q1": 1.5, "2017Q3": 2.09, "2017Q4": 1.66, "2022Q2": 3.3, "2022Q1": 3.4, "2022Q3": 1.06, "2022Q4": 1.18, "2024Q2": 0.8883, "2024Q1": 1.06, "2013Q2": 5.41, "2013Q1": 4.5, "2013Q3": 4.8, "2013Q4": 5.11, "2018Q2": 1.4, "2018Q1": 1.37, "2018Q3": 1.4, "2018Q4": 1, "2011Q2": 4.38, "2011Q1": 3, "2011Q3": 3.21, "2011Q4": 0.9009, "2020Q2": 1.7, "2020Q1": 1.45, "2020Q3": 0.71, "2020Q4": 0.7022, "2016Q2": 3, "2016Q1": 1.38, "2016Q3": 0.6006, "2016Q4": 1.2, "2023Q2": 1.85, "2023Q1": 1.3, "2023Q3": 1.49, "2023Q4": 1.05, "2019Q2": 0.9, "2019Q1": 1.5, "2019Q3": 1, "2019Q4": 1, "2021Q2": 2, "2021Q1": 0.751, "2021Q3": 2.15, "2021Q4": 3.25, "2015Q2": 2.04, "2015Q1": 1.56, "2015Q3": 2.61, "2015Q4": 2.52, "2012Q2": 2.37, "2012Q1": 2.7, "2012Q3": 1.5, "2012Q4": 6.01, "2009Q4": 1.35, "2010Q2": 0.63063, "2010Q1": 0.93093, "2010Q3": 1.8, "2010Q4": 7.51}