{"2016Q4": 0, "2017Q4": 238.74396538175998, "2018Q4": 180.562680736974}