{"2023Q3": 9.65, "2023Q2": 10.33, "2023Q1": 9.27, "2022Q3": 14.3, "2022Q2": 16.030001, "2022Q1": 18.15, "2022Q4": 11.85, "2017Q3": 4.85, "2017Q2": 4.42, "2017Q1": 3.52, "2017Q4": 7.13, "2020Q3": 17.75, "2020Q2": 22.66, "2020Q1": 15.91, "2020Q4": 17.610001, "2015Q3": 4.115, "2015Q2": 3.95, "2015Q1": 4.745, "2015Q4": 3.635, "2010Q3": 1.062276, "2010Q2": 1.068049, "2010Q1": 1.137328, "2010Q4": 1.371144, "2016Q3": 3.385, "2016Q2": 3.825, "2016Q1": 3.45, "2016Q4": 3.385, "2014Q3": 5.91, "2014Q2": 6.315, "2014Q1": 8.34, "2014Q4": 4.45, "2018Q3": 6.69, "2018Q2": 9.935, "2018Q1": 8, "2018Q4": 6.16, "2008Q4": 0.554231, "2011Q3": 1.070936, "2011Q2": 1.270113, "2011Q1": 1.154648, "2011Q4": 1.538568, "2012Q3": 1.472176, "2012Q2": 1.550115, "2012Q1": 1.642486, "2012Q4": 3.404804, "2019Q3": 8.38, "2019Q2": 5.44, "2019Q1": 5.16, "2019Q4": 12.13, "2013Q3": 7.487471, "2013Q2": 3.768913, "2013Q1": 2.870262, "2013Q4": 6.975, "2009Q3": 1.40001, "2009Q2": 1.082482, "2009Q1": 0.842893, "2021Q3": 19.4, "2021Q2": 17.75, "2021Q1": 15.6, "2021Q4": 18.379999}