{"2001Q4": 2.96, "2001Q2": 2.65, "2001Q1": 2.41, "2001Q3": 2.75, "1991Q2": 0, "1991Q1": 0, "2016Q4": 4.085, "2016Q2": 4.13, "2016Q1": 4.24, "2016Q3": 4.09, "2013Q4": 4.65, "2013Q2": 2.93, "2013Q1": 2.67, "2013Q3": 3.4, "2017Q4": 3.8, "2017Q2": 3.85, "2017Q1": 4.02, "2017Q3": 3.62, "1998Q4": 1.21, "1998Q2": 1.27, "1998Q1": 1.78, "1998Q3": 1.09, "2009Q4": 3.454, "2009Q2": 3.7, "2009Q1": 2.32, "2009Q3": 4.1, "2008Q4": 2.32, "2008Q2": 6.03, "2008Q1": 6.73, "2008Q3": 2.28, "2019Q4": 2, "2019Q2": 2.45, "2019Q1": 2.55, "2019Q3": 2.39, "2021Q4": 3, "2021Q2": 3, "2021Q1": 3.4, "2021Q3": 2.99, "2020Q4": 3.35, "2020Q2": 1.6, "2020Q1": 2.05, "2020Q3": 2.45, "2023Q1": 1.7, "2010Q4": 5.5, "2010Q2": 4.79, "2010Q1": 7.19, "2010Q3": 4.45, "1992Q4": 6.56, "2012Q4": 2.69, "2012Q2": 2.93, "2012Q1": 2.72, "2012Q3": 1.93, "1996Q4": 1.9, "1996Q2": 2.42, "1996Q1": 2.76, "1996Q3": 3.11, "2002Q4": 2.85, "2002Q2": 2.65, "2002Q1": 3.17, "2002Q3": 2.91, "1993Q2": 5.18, "1993Q1": 6.33, "1993Q3": 6.9, "1999Q4": 2.3, "1999Q2": 1.55, "1999Q1": 1.09, "2006Q4": 27.049999, "2006Q2": 12.05, "2006Q1": 11.4, "2006Q3": 19, "2011Q4": 3.16, "2011Q2": 3.85, "2011Q1": 5.986, "2011Q3": 3.436, "2018Q4": 2.95, "2018Q2": 3.45, "2018Q1": 3.79, "2018Q3": 3.49, "2015Q4": 4.08, "2015Q2": 6.37, "2015Q1": 6.386, "2015Q3": 6.15, "1997Q4": 1.44, "1997Q1": 2.01, "1997Q3": 2.13, "1994Q4": 2.3, "2022Q4": 2.25, "2022Q2": 2.54, "2022Q1": 2.45, "2022Q3": 2.36, "2004Q4": 17.98, "2004Q2": 10.87, "2004Q1": 13.34, "2004Q3": 28.99, "2007Q4": 6.34, "2007Q2": 10.23, "2007Q1": 12.51, "2007Q3": 8.79, "1995Q4": 3.05, "1995Q1": 2.99, "2014Q4": 6.3, "2014Q2": 6.88, "2014Q1": 5.17, "2014Q3": 6.4, "2005Q4": 10.05, "2005Q2": 14.03, "2005Q1": 20.549999, "2005Q3": 10.77, "2000Q4": 2, "2000Q2": 2.19, "2000Q3": 1.63, "2003Q4": 22, "2003Q2": 6.2, "2003Q1": 4, "2003Q3": 10.6}