{"2020Q1": 3.18125608, "2020Q2": 2.88291686, "2020Q3": 2.94604192, "2020Q4": 2.6176063999999997, "2016Q4": 0, "2017Q4": 0, "2023Q1": 4.47014942, "2021Q1": 3.03062024, "2021Q2": 2.80374044, "2021Q3": 2.7044998199999997, "2021Q4": 2.49614082, "2019Q1": 1.84775848, "2019Q2": 1.8397328, "2019Q3": 2.2718847999999996, "2019Q4": 2.6098893999999997, "2018Q1": 1.82213804, "2018Q2": 1.66594596, "2018Q3": 1.9096488200000001, "2018Q4": 2.04160952, "2022Q1": 2.46589018, "2022Q2": 3.10177098, "2022Q3": 3.29299824}