{"2023Q1": 6.991283100534, "2023Q2": 6.5325115, "2023Q3": 7.180776, "2021Q4": 5.157296454189, "2022Q1": 6.08422961694, "2022Q2": 5.694754100534, "2022Q3": 6.223339399466, "2022Q4": 8.058426699199}