{"2022Q3": 61.712703000000005, "2022Q4": 54.700601, "2022Q1": 49.6587135, "2022Q2": 58.30748975, "2020Q3": 27.43562475, "2020Q4": 38.77599325, "2020Q1": 17.49147125, "2020Q2": 26.2953825, "2008Q4": 1.8848902500000002, "2010Q4": 5.3986979999999996, "2016Q3": 6.6242645, "2016Q4": 6.6863185, "2016Q1": 6.7018320000000005, "2016Q2": 7.43872325, "2015Q3": 3.5681049999999996, "2015Q4": 4.94104975, "2015Q1": 2.41234925, "2015Q2": 2.17189, "2019Q3": 9.556316, "2019Q4": 14.4740955, "2019Q1": 9.03661375, "2019Q2": 11.51877375, "2018Q3": 10.425072, "2018Q4": 9.88985625, "2018Q1": 10.4095585, "2018Q2": 10.35526125, "2013Q3": 6.21315675, "2013Q4": 5.1970225, "2013Q1": 5.7555085, "2013Q2": 5.957184, "2014Q3": 3.8085642500000003, "2014Q4": 3.7232399999999997, "2014Q1": 4.8557255, "2014Q2": 3.7620237499999996, "2012Q3": 5.43748175, "2012Q4": 4.2351855, "2012Q1": 3.878375, "2012Q2": 5.212536, "2017Q3": 10.8439365, "2017Q4": 10.21563975, "2017Q1": 10.246666750000001, "2017Q2": 11.86007075, "2009Q4": 3.7077265, "2021Q3": 39.17934425, "2021Q4": 35.87496875, "2021Q1": 33.3074845, "2021Q2": 41.6227205}