{"2017Q2": 1.06844328, "2017Q4": 1.16124102, "2017Q1": 0.96661962, "2017Q3": 1.0817001, "2023Q2": 0.95872194, "2023Q1": 0.8955405, "2016Q2": 1.05857118, "2016Q4": 0.9403880400000001, "2016Q1": 0.9640810799999999, "2016Q3": 1.02585222, "2009Q4": 0.24934103999999999, "2010Q2": 0.20562174, "2010Q4": 0.24003306, "2010Q1": 0.24285365999999997, "2010Q3": 0.27472644, "2015Q2": 0.78158826, "2015Q4": 0.9443368799999998, "2015Q1": 0.82333314, "2015Q3": 0.7491513599999999, "2020Q2": 0.5638379399999999, "2020Q4": 0.7150221, "2020Q1": 0.44819334, "2020Q3": 0.55537614, "2022Q2": 0.94405482, "2022Q4": 0.8955405, "2022Q1": 0.9302338799999998, "2022Q3": 0.73589454, "2018Q2": 0.87128334, "2018Q4": 0.91161792, "2018Q1": 1.0154159999999999, "2018Q3": 1.0991878199999998, "2012Q2": 0.32070222, "2012Q4": 0.44875746, "2012Q1": 0.2947527, "2012Q3": 0.35257499999999997, "2021Q2": 0.83320524, "2021Q4": 0.79851186, "2021Q1": 0.902592, "2021Q3": 0.87466806, "2011Q2": 0.23495597999999998, "2011Q4": 0.23072507999999997, "2011Q1": 0.24426396, "2011Q3": 0.21210911999999998, "2019Q2": 1.11075228, "2019Q4": 0.97536348, "2019Q1": 1.0455964199999999, "2019Q3": 1.01598012, "2013Q2": 0.5754024, "2013Q4": 0.48034818, "2013Q1": 0.55650438, "2013Q3": 0.56158146, "2014Q2": 0.6879443399999999, "2014Q4": 0.7643826, "2014Q1": 0.5754024, "2014Q3": 0.8704371599999999}