{"2020Q4": 0.42957738, "2020Q1": 0.25441811999999997, "2020Q3": 0.33311286, "2020Q2": 0.36978066, "2014Q4": 0.32126634, "2014Q1": 0.2143656, "2014Q3": 0.22169916, "2014Q2": 0.21887855999999997, "2016Q4": 0.25977726, "2016Q1": 0.24623838, "2016Q3": 0.41011523999999994, "2016Q2": 0.25187958, "2017Q4": 0.44762921999999994, "2017Q1": 0.26118756, "2017Q3": 0.43324415999999993, "2017Q2": 0.42196176, "2013Q4": 0.21154499999999998, "2015Q4": 0.36837036, "2015Q1": 0.22931478, "2015Q2": 0.23467392, "2018Q4": 0.47780964000000004, "2018Q1": 0.45947573999999997, "2018Q3": 0.47780964000000004, "2018Q2": 0.45947573999999997, "2019Q4": 0.3751398, "2019Q1": 0.3680883, "2019Q3": 0.36583182, "2019Q2": 0.37485773999999994, "2022Q4": 0.36357533999999997, "2022Q1": 0.3821913, "2022Q3": 0.3638574, "2022Q2": 0.37062684, "2021Q4": 0.40024313999999994, "2021Q1": 0.38388365999999996, "2021Q3": 0.38501189999999996, "2021Q2": 0.37344743999999996, "2023Q1": 0.48034818, "2023Q2": 0.44480862}