{"2023Q2": 0.7244380800000001, "2023Q1": 0.9055476, "2022Q2": 1.06282692, "2022Q3": 0.9031645800000001, "2022Q1": 1.32853365, "2022Q4": 0.9162711900000001, "2017Q2": 0.81618435, "2017Q3": 0.8018862300000001, "2017Q1": 0.6231597300000001, "2017Q4": 1.01516652, "2020Q2": 0.95797404, "2020Q3": 1.0366137, "2020Q1": 1.37381103, "2020Q4": 0.9972938699999999, "2015Q2": 0.74707677, "2015Q3": 0.7327786500000001, "2015Q1": 0.6112446300000001, "2015Q4": 0.51354081, "2016Q2": 0.46349739000000006, "2016Q3": 0.4646889, "2016Q1": 0.41226246, "2016Q4": 0.63984087, "2014Q2": 0.94367592, "2014Q3": 0.9448674300000001, "2014Q1": 1.16648829, "2014Q4": 0.87814287, "2018Q2": 1.82777634, "2018Q3": 1.8325423800000002, "2018Q1": 1.310661, "2018Q4": 1.4989195800000001, "2012Q4": 0, "2019Q2": 1.6395177600000002, "2019Q3": 1.57636773, "2019Q1": 1.6287941700000002, "2019Q4": 1.47032334, "2013Q2": 0, "2013Q3": 0, "2013Q4": 1.39168368, "2021Q2": 1.68598665, "2021Q3": 1.58709132, "2021Q1": 1.49177052, "2021Q4": 1.34283177}