{"2020Q4": -0.000213138796, "2020Q1": -1.725324e-06, "2020Q3": 1.9035132e-05, "2020Q2": 1.9035132e-05, "2014Q4": 0.04714, "2016Q4": 0.0438402, "2016Q1": 0.04714, "2016Q3": 0.0452544, "2016Q2": 0.042426000000000005, "2017Q4": 0.04374592, "2017Q1": 0.04374592, "2017Q3": 0.04374592, "2017Q2": 0.04374592, "2015Q4": 0.04714, "2015Q1": 0.04714, "2015Q3": 0.04714, "2015Q2": 0.049402720000000004, "2018Q4": 2.8284000000000004e-08, "2018Q1": 0.0560966, "2018Q3": 0.28095440000000005, "2018Q2": 0.057699360000000005, "2019Q4": -1.734752e-06, "2019Q1": 2.8284000000000004e-08, "2019Q3": 1.60276e-07, "2019Q2": 1.60276e-07, "2024Q1": -0.0320552, "2022Q4": -0.00581245628, "2022Q1": -0.00113428268, "2022Q3": 0.00481855652, "2022Q2": 0.004700612240000001, "2021Q4": -0.00100134788, "2021Q1": -0.000213138796, "2021Q3": 0.00040663906800000003, "2021Q2": 0.00040663906800000003, "2023Q4": -0.0320552, "2023Q1": -0.0052190579600000005, "2023Q3": 0.008638593560000001, "2023Q2": 0.008619266160000002}