{"2020Q4": 36.18726375736, "2020Q1": 36.18726375736, "2020Q3": 36.18726375736, "2020Q2": 36.18726375736, "2014Q4": 25.632867600000004, "2014Q1": 25.632867600000004, "2014Q3": 25.632867600000004, "2014Q2": 25.632867600000004, "2016Q4": 25.632867600000004, "2016Q1": 25.632867600000004, "2016Q3": 25.632867600000004, "2016Q2": 25.632867600000004, "2017Q4": 13.993610328744001, "2017Q1": 13.993610328744001, "2017Q3": 13.993610328744001, "2017Q2": 13.993610328744001, "2013Q4": 25.632867600000004, "2015Q4": 25.632867600000004, "2015Q1": 25.632867600000004, "2015Q3": 25.632867600000004, "2015Q2": 25.632867600000004, "2018Q4": 27.199496804568003, "2018Q1": 17.185136816136, "2018Q3": 27.199496804568003, "2018Q2": 17.30876936912, "2019Q4": 36.18726375736, "2019Q1": 27.199496804568003, "2019Q3": 36.18726375736, "2019Q2": 36.18726375736, "2022Q4": 12.332918435304, "2022Q1": 105.94808923171202, "2022Q3": 16.614296166424, "2022Q2": 16.614296166424, "2021Q4": 105.69732295421602, "2021Q1": 36.412415713, "2021Q3": 105.69732295421602, "2021Q2": 105.69732295421602, "2023Q1": 12.332918435304, "2023Q2": 13.27345392}