{"2015Q4": 4090.5792486192645, "2020Q1": 13761.43630712041, "2020Q2": 1571.304331456923, "2020Q3": 1335.38071524921, "2020Q4": 2079.7250355827127, "2016Q1": 4646.449570325831, "2016Q2": 6201.990178741256, "2016Q3": 7883.049724573537, "2016Q4": 8228.228407665425, "2023Q1": 1653.093970652809, "2023Q2": 1617.4527999999998, "2023Q3": 1585.1037439999998, "2021Q1": 2214.6180718327128, "2022Q1": 2281.757072502294, "2022Q2": 1823.4375218231798, "2022Q3": 1890.231860991971, "2022Q4": 1846.551306227493}