{"2014Q2": 0.3401999, "2014Q4": 0.3018322177, "2014Q3": 0.3495632, "2014Q1": 0.31211, "2016Q2": 0.2557179652, "2016Q4": 0.2317479172, "2016Q3": 0.2622067321, "2016Q1": 0.2471942411, "2019Q2": 0.3277155, "2019Q4": 0.3120694257, "2019Q3": 0.3214733, "2019Q1": 0.34332100000000004, "2013Q4": 0.3214733, "2021Q2": 0.4900127, "2021Q4": 0.5056182, "2021Q3": 0.5087393, "2021Q1": 0.4837705, "2020Q2": 0.3932586, "2020Q4": 0.405743, "2020Q3": 0.4213485, "2020Q1": 0.24872670119999998, "2023Q2": 0.5680402, "2023Q1": 0.593009, "2018Q2": 0.3932586, "2018Q4": 0.31835220000000003, "2018Q3": 0.31835220000000003, "2018Q1": 0.30262497709999997, "2017Q2": 0.2829682893, "2017Q4": 0.3277155, "2017Q3": 0.3152311, "2017Q1": 0.27280286659999997, "2015Q2": 0.29284344970000004, "2015Q4": 0.2384988565, "2015Q3": 0.23017800389999998, "2015Q1": 0.2809364532, "2022Q2": 0.5586769, "2022Q4": 0.5742824, "2022Q3": 0.5742824, "2022Q1": 0.5243447999999999}