{"2023Q1": 51.297900311107995, "2023Q2": 22.555609999999998, "2021Q4": 209.44494999999998, "2022Q1": 209.44494999999998, "2022Q2": 64.4446, "2022Q3": 39.311206, "2022Q4": 24.6822818}