{"2023Q3": 154.83, "2023Q2": 169.11, "2023Q1": 152.800003, "2022Q3": 102.099998, "2022Q2": 150.529999, "2022Q1": 105.050003, "2022Q4": 137.770004}