{"2020Q4": 0.527365551168, "2020Q1": 0.357721128288, "2020Q3": 0.42803442718199997, "2020Q2": 0.42803442718199997, "2014Q4": 0.5668954139879999, "2014Q1": 0, "2014Q3": 0.608020890228, "2014Q2": 0, "2016Q4": 0.623384021484, "2016Q1": 0.536473832688, "2016Q3": 0.746480872332, "2016Q2": 0.5428488681899999, "2017Q4": 0.821493234414, "2017Q1": 0.623384021484, "2017Q3": 0.6298972099739999, "2017Q2": 0.6298972099739999, "2013Q4": 0, "2015Q4": 0.536473832688, "2015Q1": 0.5668954139879999, "2015Q3": 0.423637957962, "2015Q2": 0.5201025061679999, "2018Q4": 0.779271447366, "2018Q1": 0.821493234414, "2018Q3": 0.8297316428939999, "2018Q2": 0.8297316428939999, "2019Q4": 0.7758984328559999, "2019Q1": 0.779271447366, "2019Q3": 0.8543067127199999, "2019Q2": 0.8354386192859999, "2022Q4": 0.5821001685539999, "2022Q1": 0.5821001685539999, "2022Q3": 0.5821001685539999, "2022Q2": 0.5821001685539999, "2021Q4": 0.5821001685539999, "2021Q1": 0.716541331572, "2021Q3": 0.669331369836, "2021Q2": 0.716541331572, "2023Q1": 0.5821001685539999, "2023Q2": 0.664251271794}