{"2021Q3": 9.914974671032, "2021Q1": 11.789161195312, "2021Q2": 12.272818302480001, "2021Q4": 11.847506105936002, "2020Q3": 7.435667013952001, "2020Q1": 4.217058441536, "2020Q2": 6.092410698296001, "2020Q4": 10.139546409824002, "2011Q3": 7.450359217288, "2011Q1": 11.710861064144002, "2011Q2": 10.81681843496, "2022Q3": 8.810289481496001, "2022Q1": 9.738579476368, "2022Q2": 9.188094105392, "2022Q4": 12.552453679904, "2010Q4": 12.531257219208001, "2019Q3": 6.496811243784, "2019Q1": 4.722867115216, "2019Q2": 5.60802765772, "2019Q4": 6.953277640856001, "2023Q1": 13.111385312576001}