{"2015Q1": 4.8179849460429995, "2015Q2": 4.735035447589, "2015Q3": 6.082965673859, "2015Q4": 4.385956395901, "2010Q4": 1.223505628032, "2012Q1": 0.425116267216, "2012Q2": 0.29032324458900005, "2012Q3": 0.383641517989, "2012Q4": 0.39746643439800006, "2011Q1": 1.247699319387, "2011Q2": 0.8225830521709999, "2011Q3": 0.390554151472, "2011Q4": 0.283410961663, "2020Q1": 0.50480208, "2020Q2": 0.74668641, "2020Q3": 0.61698032, "2020Q4": 0.6976084300000001, "2016Q1": 5.447019168488, "2016Q2": 5.03049295, "2016Q3": 4.3118511, "2016Q4": 3.4915477200000002, "2013Q1": 1.150924553967, "2013Q2": 1.510372731158, "2013Q3": 2.274199625673, "2013Q4": 2.2983933170279998, "2017Q1": 3.50557, "2017Q2": 3.0813960299999996, "2017Q3": 3.1199573000000003, "2017Q4": 2.9096231, "2023Q1": 1.7773239900000002, "2023Q2": 1.81588526, "2021Q1": 0.6976084300000001, "2021Q2": 1.10074898, "2021Q4": 0.9114482, "2019Q1": 2.103342, "2019Q2": 1.88599666, "2019Q3": 1.21993836, "2019Q4": 1.04816543, "2018Q1": 3.0498458999999998, "2018Q2": 2.31017063, "2018Q3": 2.0682863, "2018Q4": 1.4723394, "2014Q1": 3.3283497647769997, "2014Q2": 2.8375650569790003, "2014Q3": 3.5875673856419996, "2014Q4": 3.508073678094, "2022Q1": 1.07270442, "2022Q2": 1.29355533, "2022Q3": 1.16384924, "2022Q4": 1.75979614}