{"2015Q1": 6.99008596, "2015Q2": 5.867748719999999, "2015Q3": 7.1712073, "2015Q4": 4.6996051, "2020Q1": 2.37383876, "2020Q2": 2.54233502, "2020Q3": 3.75693246, "2020Q4": 3.3451606199999997, "2016Q1": 5.44966434, "2016Q2": 6.280168, "2016Q3": 5.74408768, "2016Q4": 5.63321358, "2017Q1": 7.397487579999999, "2017Q2": 6.30703676, "2017Q3": 8.58197906, "2017Q4": 6.553711399999999, "2023Q1": 13.069709419999999, "2021Q1": 4.94579416, "2021Q2": 5.5273571399999994, "2021Q3": 9.261467340000001, "2021Q4": 7.454462299999999, "2019Q1": 4.33444894, "2019Q2": 3.44389522, "2019Q3": 4.290584879999999, "2019Q4": 1.91593682, "2018Q1": 5.765615059999999, "2018Q2": 5.5655561, "2018Q3": 5.49498514, "2018Q4": 5.244263999999999, "2014Q4": 6.289555879999999, "2022Q1": 10.133083439999998, "2022Q2": 11.994311579999998, "2022Q3": 10.893663579999998, "2022Q4": 9.80402206}