{"2021Q1": 135.11899200000002, "2021Q4": 135.11899200000002, "2021Q2": 135.11899200000002, "2021Q3": 135.11899200000002, "2016Q1": 60.56510244469601, "2016Q4": 70.142654524696, "2016Q2": 53.94162244469601, "2016Q3": 53.66343231060801, "2012Q1": 0, "2012Q4": 0, "2012Q2": 0, "2012Q3": 0, "2020Q1": 135.11899200000002, "2020Q4": 135.11899200000002, "2020Q2": 135.11899200000002, "2020Q3": 135.11899200000002, "2011Q1": 0, "2011Q4": 0, "2011Q2": 0, "2011Q3": 0, "2015Q1": 79.945400950608, "2015Q4": 82.396092524696, "2015Q2": 93.589775049392, "2015Q3": 83.78702200000001, "2022Q1": 135.11899200000002, "2022Q4": 135.11899200000002, "2022Q2": 135.11899200000002, "2018Q1": 135.11899200000002, "2018Q4": 147.041256, "2018Q2": 158.03623677408802, "2018Q3": 137.768384, "2013Q1": 0, "2013Q4": 0, "2013Q2": 0, "2013Q3": 0, "2010Q4": 0, "2014Q1": 0, "2014Q4": 128.429273225912, "2014Q2": 0, "2014Q3": 0, "2017Q1": 77.42848252469601, "2017Q4": 116.573248, "2017Q2": 93.126132774088, "2017Q3": 107.69778877408801, "2019Q1": 125.84612000000001, "2019Q4": 135.11899200000002, "2019Q2": 135.11899200000002, "2019Q3": 135.11899200000002, "2023Q1": 135.11899200000002, "2023Q2": 135.11899200000002}