{"2017Q2": 192.81170610878502, "2017Q4": 328.289318370054, "2017Q1": 194.920211064088, "2017Q3": 321.10843329895704, "2016Q2": 278.235395377058, "2016Q4": 192.40745056954, "2016Q1": 277.169332152959, "2016Q3": 178.738703407706, "2015Q4": 0, "2020Q2": 432.628075, "2020Q4": 409.03018000000003, "2020Q1": 404.310601, "2020Q3": 450.71979450000003, "2022Q2": 281.60154700000004, "2022Q4": 212.381055, "2022Q1": 305.9860385, "2022Q3": 228.112985, "2018Q2": 318.14604480585103, "2018Q4": 274.883742300804, "2018Q1": 344.555888571946, "2018Q3": 304.198888105614, "2021Q2": 589.9473750000001, "2021Q4": 440.49404000000004, "2021Q1": 566.34948, "2021Q3": 550.61755, "2019Q2": 349.514006106957, "2019Q4": 298.90667, "2019Q1": 343.604688888356, "2019Q3": 458.73713527684606}