{"2017Q2": 2.8488300256000003, "2017Q4": 3.6533208711999996, "2017Q1": 2.8144168416, "2017Q3": 3.0523181104, "2023Q2": 11.075999999999999, "2023Q1": 11.183529292, "2016Q2": 1.39681334, "2016Q4": 2.6992065671999996, "2016Q1": 1.5326363624, "2016Q3": 2.1601881912, "2015Q2": 1.9079756591999997, "2015Q4": 1.5295085519999998, "2015Q1": 2.4923583464, "2015Q3": 1.5576589807999999, "2020Q2": 3.2011747768, "2020Q4": 3.2405337432, "2020Q1": 2.589823912, "2020Q3": 2.5320769031999997, "2022Q2": 9.905411567999998, "2022Q4": 10.2249411576, "2022Q1": 8.566711816, "2022Q3": 8.946823433599999, "2018Q2": 3.7286472392, "2018Q4": 3.4085108199999996, "2018Q1": 3.0695431103999997, "2018Q3": 3.5026687695999996, "2021Q2": 5.368472512, "2021Q4": 8.7190092288, "2021Q1": 3.7062780975999994, "2021Q3": 5.7872896015999995, "2019Q2": 4.8136940176, "2019Q4": 3.7439841296, "2019Q1": 4.011120796799999, "2019Q3": 3.8565851999999996, "2013Q4": 3.9630049368, "2014Q2": 3.8236805464, "2014Q4": 2.4459169903999998, "2014Q1": 3.6069531472, "2014Q3": 3.1889802983999997}