{"2021Q3": 0.096997, "2021Q1": 0.24055256, "2021Q2": 0.15907507999999998, "2021Q4": 0.10087688, "2018Q4": 0, "2020Q3": 0.12803604000000002, "2020Q1": 0.1163964, "2020Q2": 0.13191592000000002, "2020Q4": 0.16295495999999998, "2023Q1": 0.0581982, "2023Q2": 0.05431832, "2022Q3": 0.06983784, "2022Q1": 0.08147747999999999, "2022Q2": 0.06983784, "2019Q3": 0.17071472000000001, "2019Q1": 0.1551952, "2019Q2": 0.13191592000000002, "2019Q4": 0.16683483999999998}