{"2023Q2": 16.859630689999996, "2023Q1": 17.22142534, "2022Q3": 14.926613559999998, "2022Q2": 15.763909749999998, "2022Q1": 18.67894093, "2022Q4": 15.877616639999998, "2017Q3": 12.321692079999998, "2017Q2": 12.00124539, "2017Q1": 11.45338492, "2017Q4": 12.00124539, "2020Q3": 12.98325944, "2020Q2": 12.91090051, "2020Q1": 11.71180967, "2020Q4": 14.44077503, "2015Q3": 7.370273869999999, "2015Q2": 7.060164169999999, "2015Q1": 7.535665709999999, "2015Q4": 7.773416479999999, "2016Q3": 9.56171575, "2016Q2": 9.365312939999999, "2016Q1": 8.786441499999999, "2016Q4": 10.41968592, "2014Q3": 7.060164169999999, "2014Q2": 7.1325231, "2014Q1": 6.54331467, "2014Q4": 7.0291532, "2018Q3": 13.221010209999998, "2018Q2": 12.28034412, "2018Q1": 11.039905319999999, "2018Q4": 14.29605717, "2012Q4": 0, "2019Q3": 17.025022529999998, "2019Q2": 15.66053985, "2019Q1": 15.453800049999998, "2019Q4": 16.001660519999998, "2013Q3": 0, "2013Q2": 0, "2013Q1": 0, "2013Q4": 0, "2021Q3": 15.970649549999997, "2021Q2": 15.546832959999998, "2021Q1": 14.254709209999998, "2021Q4": 16.71491283}