{"2020Q4": 0.00785401294, "2020Q1": 0.0048495078599999995, "2020Q3": 0.00680604048, "2020Q2": 0.00612054, "2017Q4": 0.00668737001, "2018Q4": 0.00662582458, "2019Q4": 0.006913149929999999, "2019Q3": 0.00719945519, "2019Q2": 0.007647614729999999, "2022Q4": 0, "2022Q1": 0.0052670647, "2022Q3": 0, "2022Q2": 0.0069672147, "2021Q4": 0.0078342912, "2021Q1": 0.00779212748, "2021Q3": 0.0087557725, "2021Q2": 0.00775472418, "2023Q1": 0, "2023Q2": 0}