{"2006Q3": 3.68, "2006Q2": 3.21, "2006Q1": 4.99, "2006Q4": 3.43, "2003Q3": 2.41, "2003Q2": 1.93, "2003Q1": 1.23, "2003Q4": 2.71, "2011Q3": 3.54, "2011Q2": 4.03, "2011Q1": 4.64, "2011Q4": 4.78, "2012Q3": 3.76, "2012Q2": 3.83, "2012Q1": 4.4, "2012Q4": 4.77, "2007Q3": 2.77, "2007Q2": 3.6, "2007Q1": 3.69, "2007Q4": 3.39, "2009Q3": 3.75, "2009Q2": 3.75, "2009Q1": 4.15, "2009Q4": 4.29, "2001Q3": 0.90009, "2001Q2": 1.04, "2001Q1": 0.88151, "2001Q4": 1.13, "2023Q3": 17.72, "2023Q2": 22.9, "2023Q1": 20.36, "2022Q3": 18.79, "2022Q2": 21.5, "2022Q1": 18.09, "2022Q4": 21.75, "2008Q3": 3.98, "2008Q2": 4.35, "2008Q1": 3.57, "2008Q4": 3.61, "2013Q1": 4.86, "2002Q3": 1.05, "2002Q2": 1.16, "2002Q1": 1.01, "2002Q4": 1.17, "2000Q3": 0.71455, "2000Q2": 0.91589, "2000Q1": 0.92873, "2000Q4": 0.88938, "2005Q3": 3.79, "2005Q2": 3.47, "2005Q1": 2.69, "2005Q4": 4.89, "2010Q2": 4.69, "2010Q1": 4.69, "2010Q4": 4.5, "1999Q3": 0.71455, "1999Q4": 0.8922, "2004Q3": 3.31, "2004Q2": 2.59, "2004Q1": 2.52, "2004Q4": 2.98}