{"2022Q3": 5.38361046, "2022Q2": 3.3328657976639997, "2022Q1": 5.3500673592079995, "2017Q3": 4.048504107941, "2017Q2": 3.9778908179259997, "2017Q1": 4.13339913688, "2017Q4": 4.425108899305, "2020Q3": 6.317630030455, "2020Q2": 7.067578671034, "2020Q1": 4.8059533922719995, "2020Q4": 7.585213250226, "2015Q3": 1.65167174983, "2015Q2": 2.1154420493269996, "2015Q1": 2.056817912429, "2015Q4": 2.35410721059, "2010Q4": 3.4509216130289997, "2016Q3": 3.3464964751619997, "2016Q2": 3.029784566897, "2016Q1": 3.192146802807, "2016Q4": 3.066220599751, "2014Q3": 2.110809196783, "2014Q2": 1.9179827477699998, "2014Q1": 1.9777707328229999, "2014Q4": 1.905127535579, "2018Q3": 3.8198536758299997, "2018Q2": 3.7421519653760003, "2018Q1": 4.781118129687, "2018Q4": 4.357990187995999, "2011Q3": 2.157735034237, "2011Q2": 2.903867900027, "2011Q1": 2.8473963403869997, "2011Q4": 2.397483419537, "2012Q3": 2.8378900633339996, "2012Q2": 2.175793102817, "2012Q1": 2.90162732978, "2012Q4": 2.802796031928, "2019Q3": 6.5001235884740005, "2019Q2": 7.2113054656480005, "2019Q1": 4.932708810047, "2019Q4": 8.461462605892999, "2013Q3": 2.227131160148, "2013Q2": 1.5915062185039999, "2013Q1": 1.9628934157370002, "2013Q4": 2.0608902973139998, "2021Q3": 5.0482566084939995, "2021Q2": 6.707732426176, "2021Q1": 7.360922588969, "2021Q4": 4.9961716944139996}