{"2015Q1": 5.7068252500000005, "2015Q2": 8.08705045, "2015Q3": 7.409627599999999, "2015Q4": 9.9814811, "2010Q1": 0, "2010Q2": 0, "2010Q3": 0, "2010Q4": 0, "2012Q1": 2.0574828, "2012Q2": 2.0053733499999997, "2012Q3": 1.77676415, "2012Q4": 1.5733692, "2011Q1": 0, "2011Q2": 0, "2011Q3": 0, "2011Q4": 1.77004035, "2020Q1": 3.1383336500000003, "2020Q2": 3.6745566999999997, "2020Q3": 6.06991045, "2020Q4": 6.4010576, "2016Q1": 7.7155605, "2016Q2": 6.3724814499999995, "2016Q3": 6.555705, "2016Q4": 9.522581749999999, "2013Q1": 1.9801590999999998, "2013Q2": 2.1062303499999997, "2013Q3": 1.882664, "2013Q4": 1.7179309, "2017Q1": 7.78784135, "2017Q2": 9.7125291, "2017Q3": 8.324064400000001, "2017Q4": 11.39179815, "2023Q1": 7.2583421, "2023Q2": 7.781117549999999, "2021Q1": 6.148915099999999, "2021Q3": 7.544103600000001, "2021Q4": 6.2632197, "2019Q1": 7.87525075, "2019Q2": 6.6397525, "2019Q3": 5.4462779999999995, "2019Q4": 5.728677599999999, "2018Q1": 10.428613799999999, "2018Q2": 12.35330155, "2018Q3": 10.88078935, "2018Q4": 8.35600245, "2009Q4": 0, "2014Q1": 1.580093, "2014Q2": 2.09614465, "2014Q3": 2.12303985, "2014Q4": 2.66766765, "2022Q1": 9.7058053, "2022Q2": 7.34070865, "2022Q3": 7.32389915, "2022Q4": 6.809528449999999}