{"2014Q3": 0.13093797, "2014Q1": 0.13270292999999997, "2014Q2": 0.11990696999999999, "2014Q4": 0.15454431, "2021Q4": 0.17859190103099998, "2018Q3": 0.15520617, "2018Q1": 0.16910523, "2018Q2": 0.183224921031, "2018Q4": 0.16811244, "2011Q3": 0.10027178999999999, "2011Q1": 0.12840084, "2011Q2": 0.11891417999999998, "2011Q4": 0.11317805999999998, "2008Q4": 0.12873177, "2020Q3": 0.16888461, "2020Q1": 0.15145562999999998, "2020Q2": 0.14803602, "2020Q4": 0.16193507999999998, "2015Q3": 0.16094229, "2015Q1": 0.17142174, "2015Q2": 0.14792571, "2015Q4": 0.15299996999999999, "2017Q3": 0.18686515103099996, "2017Q1": 0.18532078896899998, "2017Q2": 0.177709421031, "2017Q4": 0.17219390999999998, "2023Q1": 0.19458682896899998, "2012Q3": 0.1092069, "2012Q1": 0.09563877, "2012Q2": 0.09409442999999998, "2012Q4": 0.12156161999999998, "2022Q3": 0.1753929, "2022Q1": 0.16899492, "2022Q2": 0.1456092, "2022Q4": 0.17131143, "2016Q3": 0.16998771, "2016Q1": 0.14075555999999997, "2016Q2": 0.15366182999999997, "2016Q4": 0.17561352, "2019Q3": 0.18112902, "2019Q1": 0.17406918, "2019Q2": 0.178040328969, "2019Q4": 0.15233811, "2009Q3": 0.14064525, "2009Q4": 0.15189687, "2013Q3": 0.14781539999999999, "2013Q1": 0.13976276999999998, "2013Q2": 0.14362361999999998, "2013Q4": 0.12553278, "2010Q3": 0.13865966999999998, "2010Q1": 0.11858324999999999, "2010Q2": 0.12663588, "2010Q4": 0.12431936999999998}