{"2021Q1": 3.922465e-05, "2021Q4": 3.654415e-05, "2021Q2": 3.427466e-05, "2021Q3": 3.0468349999999998e-05, "2015Q1": 2.53754e-06, "2015Q4": 2.3231e-06, "2015Q2": 3.23447e-06, "2015Q3": 3.23447e-06, "2014Q1": 4.1101e-07, "2014Q4": 1.10794e-06, "2014Q2": 1.1794200000000002e-06, "2014Q3": 1.1794200000000002e-06, "2019Q1": 7.605472000000001e-05, "2019Q4": 8.441788e-05, "2019Q2": 8.377456000000001e-05, "2019Q3": 8.441788e-05, "2016Q1": 6.3259799999999995e-06, "2016Q4": 5.77201e-06, "2016Q2": 7.59475e-06, "2016Q3": 8.14872e-06, "2018Q1": 1.563625e-05, "2018Q4": 1.159763e-05, "2018Q2": 1.563625e-05, "2018Q3": 1.17942e-05, "2023Q1": 0.0041101, "2023Q2": 0.0041101, "2020Q1": 5.243058e-05, "2020Q4": 7.501826000000001e-05, "2020Q2": 5.0983110000000004e-05, "2020Q3": 5.0983110000000004e-05, "2022Q1": 0.00017400019000000003, "2022Q4": 0.00134743374, "2022Q2": 0.00014953616, "2022Q3": 0.00131374879, "2013Q4": 3.9314e-07, "2017Q1": 6.7012500000000004e-06, "2017Q4": 8.00576e-06, "2017Q2": 6.7012500000000004e-06, "2017Q3": 6.7012500000000004e-06}