{"2018Q2": 4905.11262, "2018Q3": 4507.97433, "2018Q4": 2566.240935, "2019Q1": 1148.97261, "2019Q2": 796.5502725, "2019Q3": 303.159, "2019Q4": 312.556924452615}