{"2023Q1": 11.613855350000001, "2023Q2": 14.9891897, "2023Q3": 17.21973852, "2021Q1": 8.619706299999999, "2021Q2": 9.17181017, "2021Q3": 8.60741, "2021Q4": 8.3860766, "2019Q1": 4.98246076, "2018Q1": 5.61326095, "2018Q2": 5.40422385, "2018Q3": 4.61357176, "2018Q4": 4.043023440000001, "2022Q3": 9.49889175, "2022Q4": 12.50779636}