{"2023Q2": 54.849998, "2023Q3": 74.75, "2023Q1": 66.519997, "2023Q4": 78.33, "2024Q1": 84.04, "2022Q2": 51.889999, "2022Q3": 56.790001, "2022Q1": 58.080002, "2022Q4": 70.349998, "2017Q2": 50.32, "2017Q3": 45.5, "2017Q1": 46.009998, "2017Q4": 30.02, "2020Q2": 30.66, "2020Q3": 43.400002, "2020Q1": 30.719999, "2020Q4": 41.630001, "2015Q2": 35.049999, "2015Q3": 33.220001, "2015Q1": 32.299999, "2015Q4": 35.360001, "2016Q2": 42.439999, "2016Q3": 39.549999, "2016Q1": 38.349998, "2016Q4": 46.580002, "2014Q2": 16.870001, "2014Q3": 19.83, "2014Q1": 16.360001, "2014Q4": 29.639999, "2018Q2": 21.98, "2018Q3": 20.290001, "2018Q1": 19.209999, "2018Q4": 18.01, "2012Q3": 12.96, "2012Q4": 13.08, "2019Q2": 15.66, "2019Q3": 19.690001, "2019Q1": 15.26, "2019Q4": 24.84, "2013Q2": 13.99, "2013Q3": 16.27, "2013Q1": 16.82, "2013Q4": 15.23, "2021Q2": 57.610001, "2021Q3": 60.259998, "2021Q1": 59.939999, "2021Q4": 75.620003}