{"2006Q3": 22.642832, "2006Q2": 16.89043, "2006Q1": 22.867346, "2006Q4": 25.053251, "1994Q3": 1.374522, "1994Q2": 1.448278, "1994Q1": 1.374579, "1994Q4": 1.26676, "2003Q3": 4.99675, "2003Q2": 4.963437, "2003Q1": 4.045286, "2003Q4": 6.201942, "2011Q3": 10.761516, "2011Q2": 8.565108, "2011Q1": 17.042006, "2011Q4": 14.000425, "2012Q3": 12.737363, "2012Q2": 11.047351, "2012Q1": 11.456511, "2012Q4": 16.563507, "2019Q3": 16.209999, "2019Q2": 17.01, "2019Q1": 16.77, "2019Q4": 12.8, "2007Q3": 39.190426, "2007Q2": 29.98954, "2007Q1": 31.705347, "2007Q4": 34.938992, "2009Q3": 9.674801, "2009Q2": 6.038716, "2009Q1": 5.966966, "2009Q4": 10.472948, "2021Q3": 20.51, "2021Q2": 25.389999, "2021Q1": 24.26, "2021Q4": 16.610001, "2001Q3": 5.747277, "2001Q2": 5.782012, "2001Q1": 5.673727, "2001Q4": 8.133867, "1990Q3": 0.804661, "1990Q2": 0.893889, "1990Q1": 0.944426, "1990Q4": 0.884951, "1991Q3": 0.85753, "1991Q2": 0.89326, "1991Q1": 1.231205, "1991Q4": 0.989315, "2014Q3": 18.713459, "2014Q2": 24.280802, "2014Q1": 25.331413, "2014Q4": 19.702927, "1992Q3": 1.18688, "1992Q2": 1.09876, "1992Q1": 1.09876, "1992Q4": 1.292894, "1998Q3": 4.636549, "1998Q2": 4.503688, "1998Q1": 5.994364, "1998Q4": 4.947395, "1996Q3": 2.886266, "1996Q2": 2.485441, "1996Q1": 1.873021, "1996Q4": 3.139606, "2023Q3": 13.56, "2023Q2": 17.45, "2023Q1": 17.219999, "2022Q3": 9.07, "2022Q2": 11.25, "2022Q1": 12.64, "2017Q3": 39.880001, "2017Q2": 31.200001, "2017Q1": 25.16, "2017Q4": 32.41, "2020Q2": 10.03, "2020Q1": 8.94, "2020Q4": 14.97, "1997Q3": 4.364836, "1997Q2": 4.940386, "1997Q1": 3.519836, "1997Q4": 5.195274, "1993Q3": 1.637393, "1993Q2": 1.650437, "1993Q1": 1.439312, "1993Q4": 1.611402, "2018Q3": 20.120001, "2018Q2": 24.360001, "2018Q1": 24.4, "2018Q4": 17.32, "2008Q3": 7.388808, "2008Q2": 20.671926, "2008Q1": 36.191925, "2008Q4": 3.008715, "2013Q3": 17.404205, "2013Q2": 18.307503, "2013Q1": 16.500902, "2013Q4": 27.324883, "2002Q3": 4.931802, "2002Q2": 6.838626, "2002Q1": 8.648668, "2002Q4": 3.499805, "2000Q3": 5.206874, "2000Q2": 4.758988, "2000Q1": 6.89465, "2000Q4": 5.066923, "2005Q3": 10.137487, "2005Q2": 9.8348, "2005Q1": 8.609851, "2005Q4": 16.43705, "1995Q3": 1.541682, "1995Q2": 1.541682, "1995Q1": 1.417567, "1995Q4": 1.802072, "2015Q3": 14.547359, "2015Q2": 15.007034, "2015Q1": 17.78311, "2015Q4": 14.357404, "2010Q3": 10.192737, "2010Q2": 9.492204, "2010Q1": 11.944064, "2010Q4": 16.724453, "2016Q3": 14.68, "2016Q2": 19.280001, "2016Q1": 24.040001, "2016Q4": 24.32, "1999Q3": 5.941396, "1999Q2": 7.721951, "1999Q1": 7.421092, "1999Q4": 5.051024, "2004Q3": 7.356917, "2004Q2": 6.936162, "2004Q1": 6.521715, "2004Q4": 8.936755, "1989Q3": 0, "1989Q4": 0}