{"2012Q4": 0.45458692, "2020Q1": 0.38240231999999996, "2020Q2": 0.8318835, "2020Q3": 1.1206219, "2020Q4": 1.4070715200000001, "2016Q4": 1.44263564, "2017Q4": 0.98892902, "2023Q1": 2.16324922, "2021Q1": 2.21254602, "2021Q2": 2.3417740599999997, "2021Q3": 2.1637774000000003, "2019Q1": 0.76462858, "2019Q2": 0.5794134599999999, "2019Q3": 0.50036252, "2019Q4": 0.22606104, "2018Q4": 0.94649856, "2022Q1": 1.8121855800000002, "2022Q2": 1.75021246, "2022Q3": 2.3724085}