{"2015Q1": 7.020888800000001, "2015Q2": 7.219593200000001, "2015Q3": 7.934929040000001, "2015Q4": 10.55782712, "2010Q1": 3.1130356000000003, "2010Q2": 3.6959018400000003, "2010Q3": 3.5766792000000005, "2010Q4": 4.05356976, "2012Q1": 4.87488128, "2012Q2": 4.91462216, "2012Q3": 4.9411160800000005, "2012Q4": 4.5834481600000005, "2011Q1": 4.87488128, "2011Q2": 4.609942080000001, "2011Q3": 4.31850896, "2011Q4": 4.225780240000001, "2020Q1": 47.31814112, "2020Q2": 58.1541544, "2020Q3": 67.30780376000001, "2020Q4": 73.98427160000001, "2016Q1": 11.326150800000002, "2016Q2": 15.33997968, "2016Q3": 13.909308000000001, "2016Q4": 14.425939440000002, "2013Q1": 4.92786912, "2013Q2": 5.06033872, "2013Q3": 5.06033872, "2013Q4": 5.41800664, "2017Q1": 16.889874000000002, "2017Q2": 22.4535972, "2017Q3": 23.394131360000003, "2017Q4": 24.520122960000005, "2023Q2": 71.4011144, "2023Q3": 61.06848560000001, "2021Q1": 68.53977104, "2021Q2": 76.38197136, "2021Q3": 74.2492108, "2021Q4": 81.41581616, "2019Q1": 34.99846832000001, "2019Q2": 43.30431224, "2019Q3": 39.03879112, "2019Q4": 52.55069032000001, "2018Q1": 25.60637368, "2018Q2": 27.831862960000006, "2018Q3": 31.050874240000002, "2018Q4": 30.09709312, "2009Q4": 3.2719991200000007, "2014Q1": 5.64320496, "2014Q2": 6.58373912, "2014Q3": 6.1598364000000005, "2014Q4": 7.020888800000001, "2022Q1": 71.09643432000001, "2022Q2": 60.896275120000006}