{"2020Q2": 8.6149532, "2020Q3": 16.658563599999997, "2020Q4": 21.5989984, "2023Q1": 16.7817944, "2023Q2": 17.5995988, "2023Q3": 19.5376832, "2021Q1": 25.486369999999997, "2021Q2": 29.0040492, "2021Q3": 32.9026236, "2021Q4": 32.5665396, "2019Q4": 0, "2022Q1": 32.622553599999996, "2022Q2": 25.4639644, "2022Q3": 18.1149276, "2022Q4": 19.156788000000002}