{"2012Q2": 2.987826828921, "2012Q4": 3.061189132353, "2011Q4": 2.045164352418, "2020Q1": 22.982771944836003, "2020Q2": 23.957272625121, "2020Q3": 25.617414551685, "2020Q4": 25.519015426806, "2013Q1": 1.717333300353, "2023Q1": 27.695021186184, "2021Q1": 31.913308527045, "2021Q2": 31.238060537375997, "2021Q3": 32.21485204146, "2021Q4": 28.667372863338, "2019Q1": 13.31714637891, "2019Q2": 13.959459690858, "2019Q3": 15.726336325788001, "2019Q4": 12.975357988164, "2018Q4": 12.349606819109999, "2022Q1": 21.354014319957, "2022Q2": 22.748379623079, "2022Q3": 23.251444833177, "2022Q4": 21.433848230223}