{"2022Q3": 1.0675846999999998, "2022Q4": 1.1505039, "2022Q1": 0.8862818691999998, "2022Q2": 0.9352560216999999, "2020Q3": 0.7262167184999999, "2020Q4": 0.7813787163, "2020Q1": 0.5764335486, "2020Q2": 0.7015482564999999, "2016Q3": 1.347437, "2016Q4": 1.2645178, "2016Q1": 1.7102084999999998, "2016Q2": 1.1505039, "2015Q3": 1.1815985999999998, "2015Q4": 1.243788, "2015Q1": 0.8402409834, "2015Q2": 1.0202896612999999, "2019Q3": 0.37975957109999997, "2019Q4": 0.47365520019999996, "2019Q1": 0.8684957007999999, "2019Q2": 0.8154896022, "2018Q3": 0.8433193586999999, "2018Q4": 1.1090442999999999, "2018Q1": 0.8436406705999999, "2018Q2": 0.7011129306999999, "2014Q4": 0.8289017827999999, "2017Q3": 0.8215945282999999, "2017Q4": 0.8140592459999999, "2017Q1": 1.0146200609999998, "2017Q2": 0.9816493140999999, "2021Q3": 1.140139, "2021Q4": 0.9004092278999999, "2021Q1": 0.9014249880999999, "2021Q2": 0.9906253174999999}