{"2007Q3": 11, "2007Q1": 10.72, "2007Q2": 11.256633, "2007Q4": 9.819616, "2004Q4": 9.82, "2014Q4": 5.84387, "2021Q3": 14.782995, "2021Q1": 11.853827, "2021Q2": 14.058051, "2021Q4": 14.009068, "2006Q3": 11.687739, "2006Q1": 13.220557, "2006Q2": 11.496137, "2006Q4": 11.304534, "2018Q3": 16.584658, "2018Q1": 14.97969, "2018Q2": 16.536022, "2018Q4": 13.47, "2005Q3": 10.65, "2005Q1": 10.45, "2005Q2": 10.53, "2005Q4": 11.12, "2008Q3": 7.05, "2008Q1": 7.99, "2008Q2": 5.84387, "2008Q4": 7.070123, "2020Q3": 7.42, "2020Q1": 9.55, "2020Q2": 8.963843, "2020Q4": 10.335361, "2015Q3": 6.706079, "2015Q1": 5.987571, "2015Q2": 6.945582, "2015Q4": 8.622102, "2017Q3": 13.51, "2017Q1": 10.064978, "2017Q2": 13.378113, "2017Q4": 14.201525, "2023Q3": 12.71, "2023Q1": 11.87, "2023Q2": 12.46, "2022Q3": 13.350111, "2022Q1": 14.82, "2022Q2": 13.350111, "2022Q4": 12.86, "2016Q3": 7.82, "2016Q1": 7.826953, "2016Q4": 10.03, "2019Q3": 13.421274, "2019Q1": 14.547878, "2019Q2": 13.832729, "2019Q4": 14.058051, "2009Q3": 6.945582, "2009Q1": 6.945582, "2009Q2": 7.05, "2009Q4": 5.64, "2010Q1": 4.550554, "2010Q2": 4.14}