{"2020Q1": 201.36990149999997, "2020Q2": 162.97741872, "2020Q3": 168.40279277999997, "2020Q4": 219.95407188, "2017Q4": 142.55265294, "2023Q1": 282.1077648, "2023Q2": 258.81985061999995, "2021Q1": 219.98328768, "2021Q2": 254.87571761999996, "2021Q3": 30806.503897859995, "2021Q4": 36526.11320124, "2019Q1": 153.7043238, "2019Q2": 186.11633231999997, "2019Q3": 208.97185265999997, "2019Q4": 246.29503715999996, "2018Q1": 127.50943751999999, "2018Q2": 121.99641605999999, "2018Q3": 132.62804567999999, "2018Q4": 135.68401835999998, "2022Q1": 34392.874818959994, "2022Q2": 281.59356671999996, "2022Q3": 29321.052841079996, "2022Q4": 31469.769754199995}