{"2017Q2": 457.612488, "2017Q4": 478.102539, "2017Q1": 467.44928, "2017Q3": 450.782379, "2023Q2": 1550, "2023Q1": 1418.735352, "2023Q3": 1750, "2016Q2": 266.773621, "2016Q4": 375.15036, "2016Q1": 252.622665, "2016Q3": 324.534821, "2015Q4": 282.786621, "2015Q1": 240.764191, "2015Q3": 268.243286, "2020Q2": 964.186401, "2020Q4": 1234.918457, "2020Q3": 1063.92981, "2022Q2": 1554.314087, "2022Q4": 1539.787842, "2022Q1": 1743.142944, "2022Q3": 1515.577393, "2018Q2": 666.562134, "2018Q4": 819.479248, "2018Q1": 536.157898, "2018Q3": 654.799194, "2021Q2": 1377.415405, "2021Q4": 1662.397949, "2021Q1": 1296.664429, "2021Q3": 1467.659912, "2019Q2": 1127.166138, "2019Q4": 1127.166138, "2019Q1": 1074.341187, "2019Q3": 1118.46228, "2013Q4": 229.77446, "2014Q2": 242.725601, "2014Q4": 224.582489, "2014Q1": 206.797012, "2014Q3": 235.370316}