{"2012Q4": 0.62871026, "2020Q2": 38.3300226, "2020Q4": 48.04606976, "2021Q2": 64.36102178, "2021Q4": 71.41028812, "2019Q2": 12.65378432, "2019Q4": 21.227378140000003, "2018Q4": 12.13563974, "2022Q2": 78.6838549, "2022Q4": 74.90719184000001}