{"2015Q1": 57.249771040000006, "2015Q2": 55.89616032, "2015Q3": 59.061220680000005, "2015Q4": 60.3153012, "2010Q2": 43.33544908, "2010Q4": 48.471207400000004, "2012Q1": 52.3528852, "2012Q2": 57.66779788, "2012Q3": 56.59287172, "2012Q4": 53.0495966, "2011Q4": 47.71477788, "2020Q1": 69.2730192, "2020Q2": 78.58904591999999, "2020Q3": 79.20613316, "2020Q4": 86.63108608, "2016Q1": 63.77895216, "2016Q2": 69.2730192, "2016Q3": 71.24371716, "2016Q4": 72.35845540000001, "2013Q1": 55.0402006, "2013Q2": 57.44883144, "2013Q3": 59.956992480000004, "2013Q4": 60.335207239999995, "2017Q1": 71.42287152, "2017Q2": 74.2495292, "2017Q3": 72.31864331999999, "2017Q4": 75.96144864, "2018Q1": 77.01646876, "2018Q2": 73.69216008000001, "2018Q3": 75.00595872, "2018Q4": 81.05739488, "2019Q1": 80.85833448, "2019Q2": 84.16273712, "2019Q3": 57.70760996, "2019Q4": 69.15358296000001, "2009Q4": 40.15048268, "2014Q1": 62.64430788, "2014Q2": 61.848066280000005, "2014Q3": 60.63379784, "2014Q4": 58.10573076000001}