{"2020Q4": 2.687528790836, "2023Q1": 3.4195193450530006, "2023Q2": 3.05650202, "2021Q1": 3.455393701629, "2021Q2": 4.107875661167, "2021Q3": 4.510801711721, "2021Q4": 4.31425260123, "2022Q1": 3.9309822098200002, "2022Q2": 3.5522174871220003, "2022Q3": 2.9601815955040003, "2022Q4": 3.3378594431830004}