{"2022Q3": 1.9382363, "2022Q4": 1.9382363, "2022Q1": 1.7827627999999998, "2022Q2": 1.7620329999999997, "2020Q3": 2.4461163999999997, "2020Q4": 2.5704952, "2020Q1": 1.5132754, "2020Q2": 2.0211555, "2016Q3": 0.912733094, "2016Q4": 1.0036332669999999, "2016Q1": 0.7343946245999999, "2016Q2": 0.6926240775999999, "2015Q4": 0.7015275267, "2019Q3": 0.9839399569999999, "2019Q4": 1.1815985999999998, "2019Q1": 1.6272893, "2019Q2": 1.554735, "2018Q3": 1.3888966, "2018Q4": 1.5236402999999998, "2018Q1": 1.7827627999999998, "2018Q2": 1.1505039, "2017Q3": 1.7516680999999998, "2017Q4": 1.9175065, "2017Q1": 1.0468548999999998, "2017Q2": 1.2645178, "2021Q3": 2.7466984999999995, "2021Q4": 1.6894786999999998, "2021Q1": 2.3839269999999995, "2021Q2": 2.6223196999999994}