{"2014Q3": 36.24, "2014Q1": 34.29, "2014Q2": 36.74, "2014Q4": 38.57, "2006Q3": 15.24, "2006Q1": 13.4, "2006Q2": 12.84, "2006Q4": 17.03, "2008Q3": 12.21, "2008Q1": 14.42, "2008Q2": 15.77, "2008Q4": 10.69, "2017Q3": 61.38, "2017Q1": 55.99, "2017Q2": 60, "2017Q4": 60.01, "2022Q3": 65.79, "2022Q1": 74.17, "2022Q2": 74.13, "2022Q4": 70.19, "1995Q3": 0.69056, "1995Q4": 0.60674, "2003Q3": 9.89, "2003Q1": 9.5, "2003Q2": 9.39, "2013Q3": 32.6, "2013Q1": 30.59, "2013Q2": 33.01, "2013Q4": 34.14, "2000Q3": 2.4, "2000Q1": 1.82, "2000Q2": 2.2, "2000Q4": 2.99, "2018Q3": 52.99, "2018Q1": 58.7, "2018Q2": 57.44, "2018Q4": 55.17, "2011Q3": 15.73, "2011Q1": 15.91, "2011Q2": 15.59, "2011Q4": 19.23, "2020Q3": 42.52, "2020Q1": 38.71, "2020Q2": 45.88, "2020Q4": 49.02, "2016Q3": 51.4, "2016Q1": 43.54, "2016Q2": 50.01, "2016Q4": 51.97, "2002Q3": 6.13, "2002Q1": 6.79, "2002Q2": 5.96, "2002Q4": 7.62, "1996Q3": 0.68752, "1996Q1": 0.72321, "1996Q2": 0.65527, "2007Q3": 15.93, "2007Q1": 15.5, "2007Q2": 15.59, "2007Q4": 15.2, "2004Q3": 14.93, "2004Q1": 9.9, "2004Q2": 11.56, "2004Q4": 16.25, "2023Q3": 66.93, "2023Q1": 68.38, "2023Q2": 71.17, "2019Q3": 52.33, "2019Q1": 51.82, "2019Q2": 50.96, "2019Q4": 45.75, "2021Q3": 54.25, "2021Q1": 54.04, "2021Q2": 55.89, "2021Q4": 71.56, "2005Q3": 14.44, "2005Q1": 15.68, "2005Q2": 14.08, "2015Q3": 39.05, "2015Q1": 36.55, "2015Q2": 38.57, "2015Q4": 43.5, "1999Q3": 1.49, "1999Q2": 1.35, "1999Q4": 1.78, "2012Q3": 20.38, "2012Q1": 19.89, "2012Q2": 20.54, "2012Q4": 28.74, "2001Q3": 4.14, "2001Q1": 3.47, "2001Q2": 4.33, "2001Q4": 5.81, "2009Q3": 11.2, "2009Q1": 11.83, "2009Q2": 10.96, "2009Q4": 12.21, "2010Q3": 14.27, "2010Q1": 13.74, "2010Q2": 13.65, "2010Q4": 15.43}