{"2020Q2": 9.69740168, "2020Q4": 12.44121704, "2021Q4": 25.26153296, "2019Q2": 5.03832296, "2019Q4": 4.91651128, "2018Q4": 0, "2022Q2": 21.4689452, "2022Q4": 18.66029928}