{"2012Q2": 2.591976635849, "2012Q4": 2.968595388005, "2011Q4": 2.424102781525, "2020Q2": 10.838739317423999, "2020Q4": 10.588219696632999, "2013Q2": 2.501071861806, "2013Q4": 3.1444090261059996, "2023Q1": 12.838061916951, "2021Q2": 12.272479909001, "2021Q4": 11.172424873487, "2019Q2": 11.721818425918999, "2019Q4": 9.842697596377, "2018Q4": 9.629778474361999, "2014Q2": 4.818538789819, "2022Q2": 11.529964022171999, "2022Q3": 12.40507817248, "2022Q4": 10.523735650088}