{"2014Q3": 0, "2014Q1": 0, "2014Q2": 0, "2014Q4": 0, "2021Q3": 5.8477005, "2021Q1": 5.20661926, "2021Q2": 6.012302440000001, "2021Q4": 6.159577860000001, "2018Q3": 0, "2018Q1": 0, "2018Q2": 0, "2018Q4": 3.8898037400000005, "2020Q3": 4.68682366, "2020Q1": 3.9331200400000004, "2020Q2": 3.90713026, "2020Q4": 4.94672146, "2015Q3": 0, "2015Q1": 0, "2015Q2": 0, "2015Q4": 0, "2017Q3": 0, "2017Q1": 0, "2017Q2": 0, "2017Q4": 0, "2023Q1": 4.34029326, "2023Q2": 4.13237502, "2022Q3": 5.18062948, "2022Q1": 6.2635369800000005, "2022Q2": 5.3192416399999995, "2022Q4": 4.972711240000001, "2016Q3": 0, "2016Q1": 0, "2016Q2": 0, "2016Q4": 0, "2019Q3": 4.6348441, "2019Q1": 3.8638139600000003, "2019Q2": 4.66083388, "2019Q4": 4.6781604, "2013Q4": 0}