{"2021Q1": 0.580636, "2021Q2": 0.25983461, "2020Q3": 1.2904635100000001, "2020Q1": 0.6241837, "2020Q2": 1.41820343, "2020Q4": 0.8448253800000001, "2018Q3": 0.8927278500000001, "2018Q1": 0, "2018Q2": 3.1064026, "2018Q4": 0.93192078, "2017Q4": 0, "2019Q3": 1.5793299200000002, "2019Q1": 1.8435193, "2019Q2": 0.9304691900000001, "2019Q4": 1.24691581}