{"2020Q1": 1.0531982800000002, "2020Q2": 1.56582784, "2020Q3": 1.9390703200000001, "2020Q4": 2.04480692, "2017Q4": 1.57616996, "2023Q1": 5.238206600000001, "2021Q1": 4.606256760000001, "2021Q2": 4.25863804, "2021Q3": 4.299234719999999, "2021Q4": 3.39792668, "2019Q1": 2.14220808, "2019Q2": 1.88488996, "2019Q3": 1.3758106799999998, "2019Q4": 0.7477198399999999, "2018Q1": 1.7226576, "2018Q2": 1.5111844, "2018Q3": 2.0387868800000004, "2018Q4": 2.22093168, "2022Q1": 2.67567624, "2022Q2": 2.6682669600000004, "2022Q3": 2.6951256, "2022Q4": 3.37230292}