{"2006Q3": 2.89, "2006Q2": 2.76, "2006Q1": 3.59, "2006Q4": 3.29, "2003Q3": 8.17, "2003Q1": 6.95, "2003Q4": 11.48, "2011Q3": 2.3, "2011Q2": 2.86, "2011Q1": 2.77, "2011Q4": 1.94, "2012Q3": 3.09, "2012Q2": 2.1, "2012Q1": 2.57, "2012Q4": 3.15, "2019Q3": 14.59, "2019Q2": 12.96, "2019Q1": 13.66, "2019Q4": 8.2, "2007Q3": 2.78, "2007Q2": 3.14, "2007Q1": 3.36, "2007Q4": 2.05, "2009Q3": 1.01, "2009Q2": 0.79406, "2009Q1": 0.579, "2009Q4": 1.66, "2021Q3": 23.75, "2021Q2": 21.83, "2021Q1": 23.32, "2021Q4": 22.22, "2001Q3": 5.96, "2001Q2": 5.13, "2001Q1": 5.39, "2014Q3": 4.51, "2014Q2": 4.63, "2014Q1": 4.87, "2014Q4": 5.7, "2023Q3": 13.42, "2023Q2": 18.44, "2023Q1": 10.57, "2022Q3": 14.79, "2022Q2": 19.33, "2022Q1": 20.98, "2022Q4": 11.13, "2017Q3": 8.97, "2017Q2": 8.97, "2017Q1": 8.64, "2017Q4": 10.25, "2020Q3": 12.4, "2020Q2": 13.95, "2020Q1": 10.2, "2020Q4": 20.56, "2018Q3": 11.96, "2018Q2": 12.32, "2018Q1": 10.49, "2018Q4": 12.17, "2008Q3": 0.82714, "2008Q2": 1.7, "2008Q1": 1.64, "2008Q4": 0.36394, "2013Q3": 5.01, "2013Q2": 3.57, "2013Q1": 3.38, "2013Q4": 5.31, "2002Q3": 5.46, "2002Q2": 6.95, "2002Q4": 7.26, "2000Q4": 5.17, "2005Q3": 3.51, "2005Q2": 3.72, "2005Q4": 3.19, "2015Q3": 6.02, "2015Q2": 6.85, "2015Q1": 6.25, "2010Q3": 2.33, "2010Q2": 2.25, "2010Q1": 2.11, "2010Q4": 2.91, "2016Q4": 8.61, "2004Q3": 6.45, "2004Q2": 6.22, "2004Q1": 8.6, "2004Q4": 7.11}