{"2020Q4": 0.15848468, "2020Q1": 0.15537344, "2020Q3": 0.15593912000000001, "2020Q2": 0.157919, "2014Q4": 0.1701385233952812, "2016Q4": 0.13887444000000002, "2016Q1": 0.22514064, "2016Q3": 0.18356316, "2016Q2": 0.17055252, "2017Q4": 0.16800696, "2017Q1": 0.10691352000000001, "2017Q3": 0.15584484, "2017Q2": 0.13189772000000002, "2015Q4": 0.22810990191708244, "2015Q1": 0.20451232585617443, "2015Q3": 0.24266174048719003, "2015Q2": 0.21631111388662844, "2018Q4": 0.18478880000000003, "2018Q1": 0.15659908, "2018Q3": 0.17988624, "2018Q2": 0.15263932000000002, "2019Q4": 0.15537344, "2019Q1": 0.21288424, "2019Q3": 0.21524124, "2019Q2": 0.21524124, "2024Q1": 0.18375172, "2022Q4": 0.14886812, "2022Q1": 0.12322396000000001, "2022Q3": 0.14387128000000002, "2022Q2": 0.13302908, "2021Q4": 0.14603972, "2021Q1": 0.15848468, "2021Q3": 0.13689456, "2021Q2": 0.11172180000000001, "2023Q4": 0.19148268, "2023Q1": 0.16093596000000002, "2023Q3": 0.17036396, "2023Q2": 0.17488940000000003}