{"2020Q4": 0.07532972, "2020Q1": 0.05675656, "2020Q3": 0.07042716, "2020Q2": 0.07174708, "2014Q4": 0, "2014Q1": 0, "2014Q3": 0, "2014Q2": 0, "2008Q4": 0, "2016Q4": 0.089566, "2016Q1": 0.062319080000000006, "2016Q3": 0.06873012, "2016Q2": 0.06873012, "2011Q4": 0, "2011Q1": 0, "2011Q3": 0, "2011Q2": 0, "2017Q4": 0.09871116, "2017Q1": 0.08051512, "2017Q3": 0.09569420000000001, "2017Q2": 0.08174076000000001, "2013Q4": 0, "2013Q1": 0, "2013Q3": 0, "2013Q2": 0, "2015Q4": 0.07344412, "2015Q1": 0, "2015Q3": 0.10116244, "2015Q2": 0, "2010Q4": 0, "2010Q1": 0, "2010Q3": 0, "2010Q2": 0, "2018Q4": 0.07881808, "2018Q1": 0.11153324, "2018Q3": 0.08079796, "2018Q2": 0.11511588000000002, "2019Q4": 0.06495892, "2019Q1": 0.07297272, "2019Q3": 0.07985516000000001, "2019Q2": 0.07834668000000002, "2022Q1": 0.08711472, "2021Q1": 0.06580744000000001, "2021Q3": 0.07730959999999999, "2021Q2": 0.07448120000000001, "2009Q4": 0, "2009Q3": 0, "2009Q2": 0, "2023Q1": 0.091923, "2023Q3": 0.10399084, "2023Q2": 0.110779, "2012Q4": 0, "2012Q1": 0, "2012Q3": 0, "2012Q2": 0}