{"2006Q3": 15.43, "2006Q2": 12.95, "2006Q1": 17.4, "2006Q4": 13.65, "2011Q3": 13.35, "2011Q2": 14.24, "2011Q1": 18, "2011Q4": 13.58, "2012Q3": 15.59, "2012Q2": 14.65, "2012Q1": 13.2, "2012Q4": 18.93, "2019Q3": 11.16, "2019Q2": 13.82, "2019Q1": 17.309999, "2019Q4": 4.46, "2007Q3": 19.299999, "2007Q2": 15.11, "2007Q1": 15.05, "2007Q4": 20.370001, "2009Q3": 17.690001, "2009Q2": 13.8, "2009Q1": 12.91, "2009Q4": 15.51, "2021Q3": 11.83, "2021Q2": 10.01, "2021Q1": 10.49, "2021Q4": 11.14, "2014Q3": 24.85, "2014Q2": 30.26, "2014Q1": 30.299999, "2014Q4": 18.950001, "2023Q3": 13.91, "2023Q2": 10.35, "2023Q1": 10.49, "2022Q3": 12.34, "2022Q2": 9.77, "2022Q1": 12.1, "2017Q3": 27.450001, "2017Q2": 25.200001, "2017Q1": 26.299999, "2017Q4": 27.450001, "2020Q3": 10.19, "2020Q2": 6.78, "2020Q1": 6.14, "2020Q4": 9.44, "2018Q3": 20, "2018Q2": 23, "2018Q1": 24.950001, "2018Q4": 18.040001, "2008Q3": 17.469999, "2008Q2": 22.93, "2008Q1": 26.5, "2008Q4": 7.01, "2013Q3": 27.84, "2013Q2": 25.209999, "2013Q1": 22.889999, "2013Q4": 31.58, "2005Q3": 21.08, "2005Q2": 16.879999, "2005Q4": 17.879999, "2015Q3": 23.98, "2015Q2": 20.34, "2015Q1": 24, "2015Q4": 20.290001, "2010Q3": 15.37, "2010Q2": 15.7, "2010Q1": 17.35, "2010Q4": 16.360001, "2016Q3": 21.65, "2016Q2": 24.559999, "2016Q1": 23.07, "2016Q4": 26.200001}