{"2022Q4": 6.313994500000001, "2020Q4": 4.53769875, "2020Q2": 4.08780725, "2016Q4": 3.5138077500000002, "2015Q4": 2.48991675, "2015Q2": 2.078809, "2019Q4": 3.133727, "2018Q4": 5.00310375, "2013Q4": 1.74526875, "2013Q2": 1.32640425, "2014Q4": 1.9081605, "2014Q2": 1.85386325, "2012Q4": 1.09370175, "2012Q2": 1.1014585, "2017Q4": 3.6068887500000004, "2021Q4": 5.34440075}