{"2014Q4": 0, "2014Q2": 0, "2014Q3": 0, "2014Q1": 0, "2016Q4": 0, "2016Q2": 0, "2016Q3": 0, "2016Q1": 0, "2019Q4": 0, "2019Q2": 0, "2019Q3": 0, "2019Q1": 0, "2013Q4": 0, "2020Q1": 0, "2023Q2": 1.1881226, "2023Q1": 1.4014997200000001, "2018Q4": 0, "2018Q2": 0, "2018Q3": 0, "2018Q1": 0, "2017Q4": 0, "2017Q2": 0, "2017Q3": 0, "2017Q1": 0, "2015Q4": 0, "2015Q2": 0, "2015Q3": 0, "2015Q1": 0, "2022Q4": 0.9610456989999999, "2022Q3": 1.085246216228}