{"2022Q4": 0.65192730884, "2021Q4": 0.92859904}