{"2015Q1": 0, "2015Q2": 0, "2015Q3": 0, "2015Q4": 0, "2020Q1": 0, "2020Q2": 0, "2020Q3": 0.953044439382, "2020Q4": 0.81225375, "2016Q2": 0, "2016Q3": 0, "2016Q4": 0, "2017Q1": 0, "2017Q2": 0, "2017Q3": 0, "2017Q4": 0, "2023Q1": 0.5828536000000001, "2021Q1": 0.87132675, "2021Q2": 0.796500969691, "2021Q3": 0.6281429, "2021Q4": 0.586791780309, "2019Q1": 0, "2019Q4": 0, "2018Q1": 0, "2018Q2": 0, "2018Q3": 0, "2018Q4": 0, "2014Q4": 0, "2022Q1": 0.567100780309, "2022Q2": 0.5789154, "2022Q3": 0.667524939382, "2022Q4": 0.5099969}