{"2012Q2": 35.814763714605, "2012Q4": 43.05990595912, "2011Q4": 30.664372055359998, "2020Q2": 35.85926144911, "2013Q2": 43.35131972445, "2023Q2": 48.501485858585, "2019Q4": 41.75916543266499, "2022Q4": 46.17126396252999}