{"2010Q1": 170.634169917064, "2010Q2": 153.374644797048, "2010Q3": 151.52540494784, "2010Q4": 166.54344110956802, "2012Q1": 148.36927698696002, "2012Q2": 110.98490929892802, "2012Q3": 117.99447194812801, "2012Q4": 118.87067622097601, "2011Q1": 174.89073741680002, "2011Q2": 186.285556483352, "2011Q3": 114.28839246876, "2011Q4": 108.16580652028001, "2020Q1": 142.093606519328, "2020Q2": 173.085208561504, "2020Q3": 221.7361938866, "2020Q4": 359.257571096352, "2013Q1": 134.34887733100803, "2013Q2": 129.7376463218, "2013Q3": 170.677911378984, "2013Q4": 166.752132392712, "2023Q1": 472.91647200000006, "2023Q2": 548.159188903648, "2021Q1": 365.351140903648, "2021Q2": 381.247492903648, "2021Q3": 369.325228903648, "2021Q4": 418.07406554817607, "2019Q1": 156.181661049392, "2019Q2": 133.661829049392, "2019Q3": 176.052090451824, "2019Q4": 213.01112077408803, "2009Q4": 159.249002585568, "2022Q1": 404.82710554817606, "2022Q2": 399.52832154817605, "2022Q3": 477.95030090364804}