{"2015Q2": 0.9169850392080001, "2015Q3": 0.8159001368400001, "2015Q4": 0.794238707848, "2010Q1": 2.377969737776, "2010Q2": 2.197110317592, "2010Q3": 2.11002877664, "2010Q4": 1.9358670194320002, "2012Q1": 1.3062072179280002, "2012Q2": 1.2995095549520002, "2012Q3": 1.319605193272, "2012Q4": 1.305715755712, "2011Q1": 1.7416122732960002, "2011Q2": 1.507163601128, "2011Q3": 1.232524977016, "2011Q4": 1.1923337003760002, "2013Q1": 1.389059004552, "2013Q2": 1.44407098004, "2013Q3": 1.3429874023680002, "2013Q4": 1.155256784032, "2009Q4": 2.2440005819040003, "2014Q1": 1.119154843944, "2014Q2": 1.0180712662720002, "2014Q3": 1.010850348376, "2014Q4": 0.714815234472}