{"2021Q4": 0.30155247, "2023Q1": 0.117642692, "2023Q2": 0.058821346, "2022Q3": 0.13402332, "2022Q1": 0.35739551999999997, "2022Q2": 0.12657758, "2022Q4": 0.05584305}