{"2014Q3": 43.269485, "2014Q1": 69.614494, "2014Q2": 92.490829, "2014Q4": 39.556572, "2006Q3": 30.745903, "2006Q1": 29.913479, "2006Q2": 28.795567, "2006Q4": 49.750008, "2008Q3": 28.194372, "2008Q1": 70.453369, "2008Q2": 58.832157, "2008Q4": 20.987839, "2017Q3": 17.700001, "2017Q1": 17.700001, "2017Q2": 13.1, "2017Q4": 7.1, "2022Q3": 1.9, "2022Q1": 3.32, "2022Q2": 2.14, "2022Q4": 1.66, "2013Q3": 63.983082, "2013Q1": 38.624886, "2013Q2": 56.486622, "2013Q4": 69.614494, "2018Q3": 3.5, "2018Q1": 7.1, "2018Q2": 8.5, "2018Q4": 4.84, "2011Q3": 30.235575, "2011Q1": 45.6875, "2011Q2": 38.597084, "2011Q4": 35.023716, "2020Q3": 1.76, "2020Q1": 2.24, "2020Q2": 2.11, "2020Q4": 6.92, "2016Q3": 16.299999, "2016Q1": 15.7, "2016Q2": 9.7, "2016Q4": 17.700001, "2007Q3": 125.275017, "2007Q1": 51.001995, "2007Q2": 96.897873, "2007Q4": 62.685268, "2023Q3": 2, "2023Q1": 1.81, "2023Q2": 1.73, "2019Q3": 4.57, "2019Q1": 4.84, "2019Q2": 4.9, "2019Q4": 2.24, "2021Q3": 4.77, "2021Q1": 8.76, "2021Q2": 9.13, "2021Q4": 3.58, "2005Q4": 25.426556, "2015Q3": 27.1, "2015Q1": 39.556572, "2015Q2": 27.780363, "2015Q4": 15.7, "2012Q3": 33.802681, "2012Q1": 26.748421, "2012Q2": 29.881323, "2012Q4": 38.624886, "2009Q3": 38.075218, "2009Q1": 20.987839, "2009Q2": 26.821335, "2009Q4": 48.91975, "2010Q3": 44.908005, "2010Q1": 50.954922, "2010Q2": 43.586922, "2010Q4": 45.6875}