{"2021Q3": 22.860001, "2021Q1": 25.049999, "2021Q2": 21.389999, "2021Q4": 26.040001, "2018Q3": 19.139999, "2018Q1": 14.6, "2018Q2": 20.9, "2018Q4": 22.790001, "2020Q3": 22.790001, "2020Q1": 14.85, "2020Q2": 15.72, "2020Q4": 24.15, "2015Q4": 5.12, "2017Q3": 14.4, "2017Q1": 11.5, "2017Q2": 11.8, "2017Q4": 20.549999, "2023Q3": 27.96, "2023Q1": 23.09, "2023Q2": 28.39, "2022Q3": 21.84, "2022Q1": 18.639999, "2022Q2": 20.389999, "2022Q4": 23.870001, "2016Q3": 8.15, "2016Q1": 6.26, "2016Q2": 6.98, "2016Q4": 11.1, "2019Q3": 31.995001, "2019Q1": 28.08, "2019Q2": 25.5, "2019Q4": 29.65}