{"2021Q3": 0.03028, "2021Q1": 0.3688, "2021Q2": 0.13047, "2021Q4": 0.0155, "2023Q3": 0.0014, "2023Q1": 0.003, "2023Q2": 0.003, "2009Q3": 0, "2009Q2": 0}