{"2019Q2": 10.41826956989, "2019Q4": 12.595221184480001, "2019Q3": 12.128732849515, "2013Q2": 1.284125948265, "2013Q4": 2.216646408365, "2013Q3": 2.01791256462, "2013Q1": 1.284125948265, "2021Q2": 13.09684120635, "2021Q4": 14.364277674445, "2021Q3": 15.989195559525, "2021Q1": 9.885123498865, "2020Q2": 9.21548596879, "2020Q4": 9.05604819748, "2020Q3": 9.247373086005, "2020Q1": 9.174298323319999, "2023Q2": 3.6140425, "2023Q1": 5.5975633319049996, "2022Q2": 4.824326668095, "2022Q3": 3.4459475, "2022Q1": 8.449575221269999, "2012Q2": 0.9172330603250001, "2012Q4": 0.9172330603250001, "2012Q3": 0.9248766761649999}