{"2017Q2": 0.09838256847999999, "2017Q4": 0.08503036407999999, "2017Q1": 0.12789748122, "2017Q3": 0.08854402723999999, "2016Q2": 0.09627451278, "2016Q4": 0.11524843603999999, "2016Q1": 0.1011937834, "2016Q3": 0.07448937459999999, "2015Q2": 0.17919682116, "2015Q4": 0.10259867987999999, "2015Q1": 0.21114399647999998, "2015Q3": 0.1229782106, "2020Q2": 0.07308447811999999, "2020Q4": 0.07167887065999999, "2020Q1": 0.05200249915999999, "2020Q3": 0.06043472195999999, "2018Q2": 0.08643597153999999, "2018Q4": 0.08011180443999999, "2018Q1": 0.08924718645999999, "2018Q3": 0.08292230837999999, "2021Q2": 0.06886765573999999, "2021Q4": 0.06394838511999999, "2021Q1": 0.06816520749999999, "2021Q3": 0.06675960003999999, "2019Q2": 0.07659814127999999, "2019Q4": 0.11805893998, "2019Q1": 0.07027326319999999, "2019Q3": 0.06957081495999999, "2013Q4": 0.2548792202, "2014Q2": 0.25136200214, "2014Q4": 0.21784711592, "2014Q1": 0.24532080507999998, "2014Q3": 0.27147136046}