{"2015Q1": 6.0101157473599995, "2015Q2": 7.022882484167, "2015Q3": 8.232334673288, "2015Q4": 8.546791323483001, "2010Q1": 2.945314462346, "2010Q2": 3.0368789490699997, "2010Q3": 3.76176224629, "2010Q4": 4.597285581051, "2012Q1": 2.380668895656, "2012Q2": 1.59474301141, "2012Q3": 1.892326623367, "2012Q4": 2.022042696673, "2011Q1": 4.520981922939, "2011Q2": 3.166594658665, "2011Q3": 1.816022965255, "2011Q4": 1.8694355016859998, "2020Q1": 3.414960898102, "2020Q2": 4.826159335628001, "2020Q3": 6.577147015736, "2020Q4": 7.206408508789999, "2016Q1": 6.845496507409, "2016Q2": 6.072854318779, "2016Q3": 6.775809601046, "2016Q4": 7.058654188439, "2013Q1": 2.6477312141000002, "2013Q2": 3.0193426232049996, "2013Q3": 3.987080240894, "2013Q4": 4.219337477667, "2017Q1": 7.65346024733, "2017Q2": 7.3017126720159995, "2017Q3": 6.975282898175, "2017Q4": 5.961633798482, "2023Q1": 2.156806351237, "2023Q2": 1.65852216, "2021Q1": 7.277542015037, "2021Q2": 8.205235051626, "2021Q3": 6.496748093001, "2021Q4": 6.125826643662999, "2019Q1": 4.920548280741, "2019Q2": 5.2248127788200005, "2019Q3": 5.514543142865, "2019Q4": 6.741071199724999, "2018Q1": 6.455573825535, "2018Q2": 6.225170181255, "2018Q3": 5.678944636923, "2018Q4": 4.445647312168, "2009Q4": 3.197115952178, "2014Q1": 4.432240318523, "2014Q2": 4.397164757105, "2014Q3": 4.949275872838999, "2014Q4": 5.501386503625, "2022Q1": 4.671364176501999, "2022Q2": 3.3218938, "2022Q3": 2.531428438763, "2022Q4": 2.582347978763}