{"2014Q3": 0.07844096, "2014Q1": 0.10091102352400001, "2014Q2": 0.08139506352400001, "2014Q4": 0.07906949647599999, "2021Q3": 0.05235682352400001, "2021Q1": 0.05656800000000001, "2021Q2": 0.058233616476000005, "2018Q3": 0.053079640000000004, "2018Q1": 0.060842023524000005, "2018Q2": 0.06656168, "2018Q4": 0.0523254, "2011Q3": 0.07668533440800002, "2011Q1": 0.09989600504400001, "2011Q2": 0.08886548074400001, "2011Q4": 0.08544758561600001, "2008Q4": 0.083738628624, "2020Q3": 0.039911863524, "2020Q1": 0.029666776476000002, "2020Q2": 0.029132520000000002, "2020Q4": 0.054368136476, "2015Q3": 0.06241336000000001, "2015Q1": 0.081489343524, "2015Q2": 0.059710663524, "2015Q4": 0.060967736476000005, "2017Q3": 0.079792303524, "2017Q1": 0.07071000000000001, "2017Q2": 0.07303557647600001, "2017Q4": 0.069987183524, "2023Q3": 0.07193564000000001, "2023Q1": 0.06656168, "2023Q2": 0.07297272, "2012Q3": 0.076561035656, "2012Q1": 0.070533102436, "2012Q2": 0.06431873051600001, "2012Q4": 0.078984635048, "2022Q1": 0.04431160000000001, "2016Q3": 0.06891868, "2016Q1": 0.060276343524000006, "2016Q2": 0.06467608000000001, "2016Q4": 0.072564176476, "2019Q3": 0.048491343524, "2019Q1": 0.05326820000000001, "2019Q2": 0.043211663524, "2019Q4": 0.027026936476, "2009Q3": 0.125530275072, "2009Q2": 0.114779413536, "2009Q4": 0.12124236410400001, "2013Q3": 0.105488930344, "2013Q1": 0.08463971915200001, "2013Q2": 0.10632787149600001, "2013Q4": 0.086046216476, "2010Q3": 0.11046042788, "2010Q1": 0.104556783984, "2010Q2": 0.10676286998800001, "2010Q4": 0.09974063160400001}