{"2021Q3": 0.041461200000000004, "2021Q1": 0.03326319, "2021Q2": 0.036843930000000004, "2021Q4": 0, "2024Q1": 0.04023621, "2016Q3": 0.0791532, "2016Q1": 0.09620883000000002, "2016Q2": 0, "2016Q4": 0.05983605, "2020Q3": 0.05616108, "2020Q1": 0.06313410000000001, "2020Q2": 0, "2020Q4": 0.028834380000000003, "2015Q3": 0.08669160000000001, "2015Q1": 0.12664512, "2015Q2": 0.11844711000000001, "2015Q4": 0.08320509000000001, "2022Q3": 0, "2022Q1": 0.05342841, "2022Q2": 0.04881114, "2022Q4": 0.03043629, "2018Q3": 0, "2018Q1": 0.06652638, "2018Q2": 0, "2018Q4": 0.08056665000000002, "2014Q4": 0, "2017Q3": 0.07170903, "2017Q1": 0.05512455, "2017Q2": 0.69325011, "2017Q4": 0.06275718000000001, "2019Q3": 0.07924743000000001, "2019Q1": 0.08245125, "2019Q2": 0.10289916, "2019Q4": 0.07623207, "2023Q3": 0, "2023Q1": 0.027232470000000005, "2023Q2": 0.03364011, "2023Q4": 0.049093830000000005}