{"2014Q3": 0.18280892, "2014Q1": 0.19864796, "2014Q2": 0.21854104000000002, "2014Q4": 0.22740336000000003, "2021Q3": 0.11351312, "2021Q1": 0.14792532, "2021Q2": 0.12143264000000002, "2018Q3": 0.14302276, "2018Q1": 0.17064680000000002, "2018Q2": 0.19289688000000002, "2018Q4": 0.15999316, "2011Q3": 0.09333720000000001, "2011Q1": 0.14688824, "2011Q2": 0.10964764000000002, "2011Q4": 0.11568156, "2008Q4": 0.05562520000000001, "2020Q3": 0.15065944, "2020Q1": 0.12925788000000002, "2020Q2": 0.13529180000000002, "2020Q4": 0.17790636, "2015Q3": 0.17102392000000002, "2015Q1": 0.24031972000000001, "2015Q2": 0.15113084000000002, "2015Q4": 0.1447198, "2017Q3": 0.25917572, "2017Q1": 0.20402192000000002, "2017Q2": 0.22306648, "2017Q4": 0.22278364, "2023Q3": 0.0985226, "2023Q1": 0.11803856, "2023Q2": 0.1093648, "2012Q3": 0.10691352000000001, "2012Q1": 0.09569420000000001, "2012Q2": 0.08664332, "2012Q4": 0.11445592000000002, "2022Q1": 0.09644844000000001, "2016Q3": 0.21439272, "2016Q1": 0.11653008000000001, "2016Q2": 0.16508428000000003, "2016Q4": 0.23202308000000002, "2019Q3": 0.16367008, "2019Q1": 0.1503766, "2019Q2": 0.14594544, "2019Q4": 0.11257032, "2009Q3": 0.13944012, "2009Q2": 0.08843464000000001, "2009Q4": 0.11539872000000001, "2013Q3": 0.18950280000000003, "2013Q1": 0.14415412, "2013Q2": 0.16131308, "2013Q4": 0.15659908, "2010Q3": 0.1301064, "2010Q1": 0.10201096000000001, "2010Q2": 0.09861688000000002, "2010Q4": 0.1268066}