{"2014Q4": 0, "2014Q2": 0, "2014Q3": 0, "2014Q1": 0, "2016Q4": 0.17783040000000003, "2016Q2": 0.15954216, "2016Q3": 0.17783040000000003, "2016Q1": 2.72808e-07, "2019Q4": 0.05415744, "2019Q2": 0.1985436, "2019Q3": 0.123774, "2019Q1": 0.1985436, "2013Q4": 0, "2021Q4": 0.12700728, "2021Q2": 0.159138, "2021Q3": 0.159138, "2021Q1": 0.29736072, "2020Q4": 0.19167288, "2020Q2": 0.10255560000000001, "2020Q3": 0.10255560000000001, "2020Q1": 0.045468, "2023Q2": 0.12215736, "2023Q3": 0.123774, "2018Q4": 0.1985436, "2018Q2": 0.1985436, "2018Q3": 0.1985436, "2018Q1": 0.1985436, "2017Q4": 0.18288240000000003, "2017Q2": 0.17783040000000003, "2017Q3": 0.17783040000000003, "2017Q1": 0.17783040000000003, "2015Q4": 2.72808e-07, "2015Q2": 0.15954216, "2015Q3": 0.15954216, "2015Q1": 0.15954216, "2022Q2": 0.15822864, "2022Q1": 0.12700728}