{"2014Q3": 0.000272, "2014Q1": 0.000818, "2014Q2": 0.000909, "2012Q4": 0.005454, "2013Q3": 0.001818, "2013Q1": 0.002727, "2013Q2": 0.002, "2013Q4": 0.000818}