{"2014Q3": 0.06949329774400001, "2014Q1": 0.069153757752, "2014Q2": 0.069795116308, "2014Q4": 0.07526554360400001, "2021Q3": 0.20270200000000002, "2021Q1": 0.14698252, "2021Q2": 0.18563732942800001, "2018Q3": 0.10116244, "2018Q1": 0.10955336, "2018Q2": 0.12803224000000002, "2018Q4": 0.10031392000000001, "2011Q3": 0.06390657606800002, "2011Q1": 0.068136825388, "2011Q2": 0.060482750728, "2011Q4": 0.06390657606800002, "2008Q4": 0, "2020Q3": 0.13255768, "2020Q1": 0.11351312, "2020Q2": 0.12954072, "2020Q4": 0.150848, "2015Q3": 0.09231819347600001, "2015Q1": 0.083754137684, "2015Q2": 0.09510999398, "2015Q4": 0.09627953738, "2017Q3": 0.11153324, "2017Q1": 0.029427126144, "2017Q2": 0.09786264000000001, "2017Q4": 0.0961656, "2023Q3": 0.13350048, "2023Q1": 0.134349, "2023Q2": 0.12576952, "2012Q3": 0.058770842772, "2012Q1": 0.054073709464, "2012Q2": 0.057073086244, "2012Q4": 0.055403613716, "2022Q1": 0.12473244000000001, "2016Q3": 0.09205410576800001, "2016Q1": 0.09194092262800001, "2016Q2": 0.0972227145, "2016Q4": 0.089375478976, "2019Q3": 0.12888076, "2019Q1": 0.11690720000000002, "2019Q2": 0.12341252000000001, "2019Q4": 0.07891236, "2009Q3": 0.40329659076548446, "2009Q2": 0.40329659076548446, "2009Q4": 0.378967794106548, "2013Q3": 0.06983284716400001, "2013Q1": 0.0709947256, "2013Q2": 0.067372836836, "2013Q4": 0.075944633016, "2010Q3": 0.057723891656000004, "2010Q1": 0.378967794106548, "2010Q2": 0.3924422045644868, "2010Q4": 0.068136825388}