{"2020Q1": 106.718487, "2020Q2": 132.24099999999999, "2020Q3": 147.210674852432, "2020Q4": 202.699011147568, "2016Q4": 187.597079426216, "2017Q1": 180.826346573784, "2017Q2": 186.882974852432, "2017Q3": 145.570899147568, "2017Q4": 129.622629786892, "2023Q1": 208.067992573784, "2023Q2": 260.567669573784, "2021Q1": 309.179458, "2021Q2": 293.046056, "2021Q3": 280.615402, "2021Q4": 464.959356, "2019Q1": 128.27376999999998, "2019Q2": 124.67681321310799, "2019Q3": 151.01922199999998, "2019Q4": 177.546763426216, "2018Q1": 131.897176573784, "2018Q2": 133.616309573784, "2018Q3": 127.030701426216, "2018Q4": 121.873302426216, "2022Q1": 421.055344, "2022Q2": 318.436328, "2022Q3": 300.98051599999997, "2022Q4": 224.280736}