{"2015Q1": 15.737388480000002, "2015Q2": 15.300238800000002, "2015Q3": 13.458911360000002, "2015Q4": 14.518668160000002, "2012Q1": 7.550767200000001, "2012Q2": 6.716208720000001, "2012Q3": 7.31232192, "2012Q4": 9.02117976, "2011Q4": 8.13363344, "2020Q1": 17.27403584, "2020Q2": 17.77742032, "2020Q3": 18.717954480000003, "2020Q4": 21.340852560000002, "2016Q1": 14.028530640000001, "2016Q2": 14.47892728, "2016Q3": 15.27374488, "2016Q4": 14.95581784, "2013Q1": 9.431835520000002, "2013Q2": 10.58432104, "2013Q3": 10.902248080000001, "2013Q4": 13.207219120000001, "2017Q1": 17.1548132, "2017Q2": 17.64495072, "2017Q3": 16.691169600000002, "2017Q4": 17.1548132, "2018Q1": 17.287282800000003, "2018Q2": 20.863962, "2018Q3": 22.54632592, "2018Q4": 21.7912492, "2021Q1": 24.2419368, "2021Q2": 25.142730080000003, "2019Q1": 24.98376656, "2019Q2": 24.281677679999998, "2019Q3": 24.7055804, "2019Q4": 23.182180000000002, "2014Q1": 14.717372560000001, "2014Q2": 16.638181760000002, "2014Q3": 17.181307120000003, "2014Q4": 15.33997968}