{"2023Q3": 24.96, "2023Q2": 39.09, "2023Q1": 43.650002, "2022Q3": 51.610001, "2022Q2": 65.43, "2022Q4": 38.970001}