{"2014Q1": 5.23, "2006Q2": 20.1, "2006Q1": 19.1, "2008Q2": 20.1, "2008Q1": 40.5, "2008Q3": 29.5, "2008Q4": 24, "2017Q2": 4.45, "2017Q1": 5.5, "2017Q3": 4.25, "2017Q4": 3.45, "2022Q2": 3.99, "2022Q1": 4.79, "2022Q3": 3.01, "2022Q4": 3.05, "2024Q2": 2.82, "2024Q1": 2, "2013Q2": 8.26, "2013Q1": 6.21, "2013Q3": 10.65, "2013Q4": 11.17, "2018Q2": 4.6, "2018Q1": 3.49, "2018Q3": 5, "2018Q4": 6.65, "2011Q2": 20.1, "2011Q1": 15.1, "2011Q3": 17.200001, "2011Q4": 7.3, "2020Q2": 3.9, "2020Q1": 4.73, "2020Q3": 3.07, "2020Q4": 2.87, "2016Q2": 7.23, "2016Q1": 5.66, "2016Q3": 6.64, "2016Q4": 6.55, "2007Q2": 16.1, "2007Q1": 16.6, "2007Q3": 17.6, "2007Q4": 23.299999, "2023Q2": 2.91, "2023Q1": 3.03, "2023Q3": 2.29, "2023Q4": 1.75, "2019Q2": 6.8, "2019Q1": 7.89, "2019Q3": 7.12, "2019Q4": 5.8, "2021Q2": 5.21, "2021Q1": 2.8, "2021Q3": 3.84, "2021Q4": 4.1, "2005Q2": 22.4, "2005Q1": 17, "2005Q3": 19.299999, "2005Q4": 21.5, "2015Q2": 5.25, "2015Q1": 3.22, "2015Q3": 6.32, "2015Q4": 5.7, "2012Q2": 6.4, "2012Q1": 4.6, "2012Q3": 6, "2012Q4": 4.77, "2009Q2": 3.7, "2009Q1": 10.2, "2009Q3": 4.5, "2009Q4": 8.9, "2010Q2": 9.2, "2010Q1": 9.3, "2010Q3": 8.4, "2010Q4": 10.3}