{"2012Q3": 1.04094756, "2012Q4": 1.08509868, "2020Q1": 4.7537926, "2020Q2": 12.19986012, "2020Q3": 11.489291239999998, "2020Q4": 8.7566388, "2013Q1": 1.06755144, "2017Q4": 6.9028578000000005, "2023Q1": 20.068004799999997, "2021Q1": 11.446460879999998, "2021Q2": 10.713061719999999, "2021Q3": 10.28268264, "2019Q1": 6.2160626, "2019Q2": 5.733796519999999, "2019Q3": 5.12417144, "2019Q4": 3.2452959999999997, "2018Q1": 6.4790825199999995, "2018Q2": 6.429837039999999, "2018Q3": 6.65870588, "2018Q4": 5.9660616, "2022Q1": 7.1847457200000004, "2022Q2": 7.40814284, "2022Q3": 7.191349519999999}