{"2014Q4": 0, "2021Q3": -1.9797723e-05, "2021Q1": -1.9053306000000002e-05, "2021Q2": -2.9541105000000005e-05, "2021Q4": -4.2083118000000006e-05, "2016Q3": 0, "2016Q1": 0, "2016Q2": 0, "2016Q4": 0, "2018Q3": -1.4963724000000001e-05, "2018Q1": 0, "2018Q2": 0, "2018Q4": -1.799793e-05, "2020Q3": -1.9053306000000002e-05, "2020Q1": -1.9053306000000002e-05, "2020Q2": -1.9053306000000002e-05, "2020Q4": -1.9053306000000002e-05, "2015Q3": 0, "2015Q1": 0, "2015Q2": 0, "2015Q4": 0, "2017Q3": 0, "2017Q1": 0, "2017Q2": 0, "2017Q4": 0, "2023Q1": -0.000192106701, "2022Q3": -0.000103106466, "2022Q1": -4.2083118000000006e-05, "2022Q2": -0.000103106466, "2022Q4": -0.000274275261, "2024Q3": 0.27232470000000003, "2024Q1": 0.25771905000000006, "2024Q2": -0.00108590652, "2019Q3": -1.8780039e-05, "2019Q1": -1.9109844e-05, "2019Q2": -1.9373688e-05, "2019Q4": -1.8780039e-05}