{"2011Q4": 15.67, "2011Q1": 32.240002, "2011Q3": 15.19, "2011Q2": 24.9, "2017Q4": 48.23, "2017Q1": 76.940002, "2017Q3": 54.59, "2017Q2": 76.900002, "2013Q4": 36.900002, "2013Q1": 20.700001, "2013Q3": 31.389999, "2013Q2": 26.1, "2019Q4": 78.970001, "2019Q1": 60.599998, "2019Q3": 66.459999, "2019Q2": 60.02, "2018Q4": 55.419998, "2018Q1": 53.139999, "2018Q3": 62.509998, "2018Q2": 58.049999, "2022Q4": 43.970001, "2022Q1": 56.32, "2022Q3": 37.529999, "2022Q2": 53.169998, "2009Q4": 40, "2009Q1": 38.709999, "2009Q3": 36.950001, "2009Q2": 42.169998, "2023Q1": 41.82, "2023Q2": 41.35, "2021Q4": 51.25, "2021Q1": 70.160004, "2021Q3": 55.110001, "2021Q2": 65.400002, "2010Q4": 27.93, "2010Q1": 40.66, "2010Q3": 24, "2010Q2": 32.5, "2020Q4": 58.5, "2020Q1": 56.810001, "2020Q3": 49.27, "2020Q2": 53.73, "2016Q4": 72.639999, "2016Q1": 51.66, "2016Q3": 58.84, "2016Q2": 62, "2015Q4": 41.82, "2015Q1": 45.66, "2015Q3": 47.099998, "2015Q2": 50.470001, "2014Q4": 45.5, "2014Q1": 33.709999, "2014Q3": 39.259998, "2014Q2": 38.220001, "2012Q4": 18.24, "2012Q1": 20.389999, "2012Q3": 13.92, "2012Q2": 21.65}