{"2021Q4": 0, "2021Q3": 0, "2023Q2": 0.07965620000000001, "2023Q1": 0.08271990000000001, "2020Q4": 0, "2022Q2": 0, "2022Q4": 0, "2022Q1": 0, "2022Q3": 0}