{"2015Q1": 5.325480866997, "2015Q2": 4.380266720871, "2015Q3": 3.8033503661250005, "2015Q4": 4.394115118224001, "2020Q1": 5.483867708934, "2020Q2": 7.027067265507, "2020Q3": 7.650967949154001, "2020Q4": 7.4796784331040005, "2016Q1": 3.9986443645560006, "2016Q2": 2.951380539774, "2016Q3": 3.346025013819, "2016Q4": 4.002058793916, "2013Q4": 4.913817980427001, "2017Q1": 4.306012400934001, "2017Q2": 4.278149797608, "2017Q3": 4.001911101423, "2017Q4": 4.001911101423, "2023Q1": 5.864712300000001, "2023Q2": 5.404132800000001, "2021Q1": 6.851613189618, "2021Q2": 7.108548691905, "2021Q3": 6.976512217269001, "2021Q4": 6.3091933182630004, "2019Q1": 4.173610840281, "2019Q2": 4.886821880667, "2019Q3": 4.9878401682960005, "2019Q4": 5.897225221011, "2018Q1": 4.754746717353, "2018Q2": 4.5962545562370005, "2018Q3": 4.517009089785001, "2018Q4": 3.922665942024, "2014Q1": 4.401444166281, "2014Q2": 4.354044087618, "2014Q3": 4.945090100265, "2014Q4": 5.5122194476890005, "2022Q1": 6.430524697107001, "2022Q2": 5.834007000000001, "2022Q3": 4.1759208}