{"2023Q2": 0.47514369650000005, "2023Q3": 0.281724388, "2023Q1": 0.7225652499999999, "2022Q4": 0.71648049}