{"2022Q3": 0.8958152749999999, "2022Q4": 0.57467395, "2022Q1": 0.37184785000000004, "2022Q2": 0.422554375, "2020Q4": 1.49415227, "2021Q3": 1.06821746, "2021Q4": 0.51382612, "2021Q1": 1.70373924, "2021Q2": 1.4873914000000001}