{"2018Q4": 0.24420651428, "2017Q4": 0.35487579112}