{"2020Q4": 2.7818616000000005, "2020Q1": 2.39769976, "2020Q3": 2.63614504, "2020Q2": 3.4442096, "2014Q4": 19.296290259680003, "2014Q1": 19.472684129648, "2014Q3": 19.741086084992002, "2014Q2": 24.588052046184, "2016Q4": 9.263599128000001, "2016Q1": 9.606695392, "2016Q3": 8.242258512000001, "2016Q2": 8.71649968, "2017Q4": 8.86221624, "2017Q1": 10.581671648000002, "2017Q3": 8.031631848, "2017Q2": 8.776111, "2013Q4": 25.937896075048, "2013Q1": 11.709574784328, "2013Q3": 18.458279621904, "2013Q2": 15.100478617288001, "2015Q4": 8.409170208, "2015Q1": 13.612060789256, "2015Q3": 8.66351184, "2015Q2": 12.558942040912001, "2018Q4": 6.80893744, "2018Q1": 8.372078720000001, "2018Q3": 7.52427328, "2018Q2": 8.0144108, "2019Q4": 4.46422552, "2019Q1": 6.7559496, "2019Q3": 4.47747248, "2019Q2": 5.53722928, "2022Q1": 2.3844528, "2022Q2": 2.0532788, "2021Q4": 2.9275781600000004, "2021Q1": 3.23225824, "2021Q3": 2.8878372800000003, "2021Q2": 3.02030688}