{"2015Q2": 875.480940019588, "2015Q4": 719.5868330000001, "2016Q2": 452.956835509794, "2013Q4": 803.031418, "2021Q4": 3591.0622580000004, "2014Q2": 729.011139039176, "2014Q4": 638.1056500000001, "2022Q4": 1275.818596039176}