{"2020Q4": 1117.016263188342, "2019Q4": 1109.687636745138, "2018Q4": 1128.23149005446}