{"2023Q2": 5.40528361, "2023Q1": 4.70307355, "2022Q3": 3.7364510599999994, "2022Q2": 3.9531825599999997, "2022Q1": 5.16254433, "2022Q4": 3.8491514400000004, "2017Q3": 5.56133029, "2017Q2": 4.139571650000001, "2017Q1": 3.96185182, "2017Q4": 5.77372716, "2020Q3": 4.65105799, "2020Q2": 5.44429528, "2020Q1": 5.470303059999999, "2020Q4": 5.70437308, "2015Q3": 3.22929935, "2015Q2": 3.6410892, "2015Q1": 3.58473901, "2015Q4": 3.22063009, "2010Q3": 1.9375796099999998, "2010Q2": 1.53445902, "2010Q1": 1.50411661, "2010Q4": 2.46206984, "2016Q3": 4.49934594, "2016Q2": 4.61204632, "2016Q1": 3.89249774, "2016Q4": 4.40831871, "2014Q3": 2.89553284, "2014Q2": 3.06458341, "2014Q1": 2.8738596899999997, "2014Q4": 3.23796861, "2018Q3": 4.69440429, "2018Q2": 4.76375837, "2018Q1": 5.4269567599999995, "2018Q4": 5.08452099, "2011Q3": 2.74815542, "2011Q2": 2.56176633, "2011Q4": 2.63978967, "2012Q3": 3.467704, "2012Q2": 3.09492582, "2012Q1": 3.0775873, "2012Q4": 3.29865343, "2019Q3": 6.07281663, "2019Q2": 6.83137688, "2019Q1": 6.07715126, "2019Q4": 6.36323684, "2013Q3": 3.06458341, "2013Q2": 2.8738596899999997, "2013Q1": 2.84785191, "2013Q4": 3.12960286, "2009Q4": 1.48677809, "2021Q3": 6.74901891, "2021Q2": 5.3359295300000005, "2021Q1": 5.16254433, "2021Q4": 5.17554822}