{"2020Q4": 0.004406788799999999, "2019Q4": 0.0061273405999999996}