{"2019Q2": 0, "2019Q4": 0, "2019Q3": 0, "2019Q1": 0, "2021Q2": 0.27301460159999996, "2021Q4": 0.2555816304, "2021Q3": 0.36894691679999997, "2021Q1": 0.35712104159999997, "2020Q2": 0, "2020Q4": 0, "2020Q3": 0, "2020Q1": 0, "2018Q4": 0, "2022Q2": 0.0925680576, "2022Q1": 0.2025690864}