{"2021Q3": 11.439245999999999, "2021Q1": 6.147622, "2021Q2": 11.3419735, "2021Q4": 10.388703, "2016Q4": 1.0310885, "2018Q3": 3.7919738675, "2018Q1": 2.5485395, "2018Q2": 2.995020275, "2018Q4": 4.912261249999999, "2020Q3": 6.770166, "2020Q2": 6.2059855, "2020Q4": 4.902534, "2017Q3": 1.751877725, "2017Q1": 2.3501035999999997, "2017Q2": 1.8092685, "2017Q4": 1.72172325, "2023Q3": 1.5174509999999999, "2023Q1": 3.50181, "2023Q2": 2.3345399999999996, "2022Q3": 4.085445, "2022Q1": 6.770166, "2022Q2": 6.419985, "2022Q4": 4.163263, "2019Q1": 4.053053257499999, "2019Q2": 6.247812675}