{"2020Q4": 0.02291200176, "2020Q1": 0.017012032160000003, "2020Q3": 0.024302369020000002, "2020Q2": 0.023072415680000003, "2014Q4": 0.00392980118, "2014Q1": 0.00521481184, "2014Q3": 0.004518438700000001, "2014Q2": 0.00542722434, "2016Q4": 0.0128382115, "2016Q1": 0.006983783140000001, "2016Q3": 0.008694978240000002, "2016Q2": 0.0071605103400000005, "2017Q4": 0.011711235740000001, "2017Q1": 0.01157087356, "2017Q3": 0.014669377180000002, "2017Q2": 0.0111423101, "2013Q4": 0.006216039400000001, "2013Q1": 0.008021035860000001, "2013Q3": 0.0065385665400000004, "2013Q2": 0.005854768220000001, "2015Q4": 0.005603951540000001, "2015Q1": 0.005500294240000001, "2015Q3": 0.00554379632, "2015Q2": 0.007094237640000001, "2018Q4": 0.008568550320000002, "2018Q1": 0.011994678980000001, "2018Q3": 0.010605331300000001, "2018Q2": 0.01026920976, "2019Q4": 0.0164679163, "2019Q1": 0.01047686422, "2019Q3": 0.015724982340000002, "2019Q2": 0.01601726194, "2022Q1": 0.014002232, "2021Q4": 0.02158111, "2021Q1": 0.024732291920000003, "2021Q3": 0.023348382000000004, "2021Q2": 0.02463509196, "2012Q4": 0.00839250284, "2012Q3": 0.009632991840000002, "2012Q2": 0.01136729742}