{"2022Q4": 20.2837305, "2022Q2": 15.981121, "2022Q3": 20.2837305, "2022Q1": 27.6596325, "2021Q4": 18.439754999999998}