{"2022Q3": 1.29047048, "2022Q1": 1.7562616, "2022Q2": 1.4431888800000001, "2022Q4": 1.47373256, "2018Q4": 2.290776, "2020Q3": 1.2217472000000003, "2020Q1": 1.0690288, "2020Q2": 1.2217472000000003, "2020Q4": 1.2217472000000003, "2023Q1": 1.4126452000000003, "2023Q2": 1.26756272, "2019Q3": 1.8326208, "2019Q1": 1.8326208, "2019Q2": 1.3744656000000002, "2019Q4": 1.527184, "2021Q3": 2.1380576, "2021Q1": 1.6799024000000002, "2021Q2": 1.8326208, "2021Q4": 2.09224208}