{"2006Q3": 7.55, "2006Q2": 6.77, "2006Q1": 5.83, "2006Q4": 7.72, "1994Q3": 1.01, "1994Q2": 0.90118, "1994Q1": 0.98153, "1994Q4": 0.9799, "2003Q3": 3.23, "2003Q2": 3.28, "2003Q1": 3.15, "2003Q4": 3.75, "2011Q3": 16.5, "2011Q2": 15.08, "2011Q1": 13.6, "2011Q4": 18.42, "2012Q3": 21.24, "2012Q2": 19.91, "2012Q1": 19.3, "2012Q4": 20.2, "2019Q3": 50.43, "2019Q2": 49.87, "2019Q1": 48.09, "2019Q4": 54.41, "2007Q3": 9.74, "2007Q2": 8.93, "2007Q1": 8.99, "2007Q4": 9.06, "2009Q3": 7.42, "2009Q2": 6.76, "2009Q1": 5.24, "2009Q4": 8.89, "2021Q3": 55.97, "2021Q2": 44.64, "2021Q1": 44.21, "2021Q4": 56.76, "2001Q3": 2.65, "2001Q2": 2.57, "2001Q1": 3.17, "2001Q4": 3.06, "2014Q3": 31.08, "2014Q2": 34.03, "2014Q1": 34.88, "2014Q4": 25.31, "1998Q3": 2.39, "1998Q2": 2.62, "1998Q1": 2.67, "1998Q4": 2.33, "1996Q3": 1.7, "1996Q2": 1.68, "1996Q1": 1.32, "1996Q4": 1.73, "2023Q3": 63.63, "2023Q2": 62.33, "2023Q1": 60.17, "2022Q3": 54.97, "2022Q2": 56.24, "2022Q1": 60.75, "2022Q4": 61.77, "2017Q3": 35.4, "2017Q2": 35.45, "2017Q1": 33.39, "2017Q4": 38.01, "2020Q3": 22.95, "2020Q2": 22.7, "2020Q1": 23.61, "2020Q4": 37.98, "1997Q3": 2.1, "1997Q2": 1.94, "1997Q1": 1.81, "1997Q4": 2.42, "1993Q4": 1.09, "2018Q3": 44.87, "2018Q2": 46.03, "2018Q1": 42.28, "2018Q4": 45.18, "2008Q3": 5.64, "2008Q2": 8.91, "2008Q1": 9.08, "2008Q4": 4.52, "2013Q3": 26.9, "2013Q2": 24.29, "2013Q1": 21.96, "2013Q4": 31.46, "2002Q3": 2.83, "2002Q2": 3, "2002Q1": 3.34, "2002Q4": 2.82, "2000Q3": 3.06, "2000Q2": 2.24, "2000Q1": 1.86, "2000Q4": 2.94, "2005Q3": 4.95, "2005Q2": 6.1, "2005Q1": 5.12, "2005Q4": 5.21, "1995Q3": 1.3, "1995Q2": 1.11, "1995Q1": 0.99561, "1995Q4": 1.41, "2015Q3": 18.32, "2015Q2": 19.96, "2015Q1": 25.32, "2015Q4": 12.78, "2010Q3": 10.72, "2010Q2": 9.99, "2010Q1": 10.27, "2010Q4": 11.81, "2016Q3": 29.17, "2016Q2": 27.97, "2016Q1": 23.28, "2016Q4": 34.22, "1999Q3": 1.89, "1999Q2": 2.22, "1999Q1": 1.82, "1999Q4": 1.81, "2004Q3": 4.57, "2004Q2": 3.8, "2004Q1": 3.47, "2004Q4": 5.28}