{"2021Q3": 57.450001, "2021Q2": 39.889999, "2021Q4": 39.400002, "2023Q3": 3.69, "2023Q1": 20.950001, "2023Q2": 17.39, "2022Q3": 14.9, "2022Q1": 32.549999, "2022Q2": 18.82, "2022Q4": 28.43}