{"2022Q3": 0.036632000000000005, "2022Q4": 0.061560000000000004, "2022Q1": 0.054340000000000006, "2022Q2": 0.039900000000000005, "2020Q3": 0.024016000000000003, "2020Q4": 0.024624, "2020Q1": 0.025688000000000002, "2020Q2": 0.024016000000000003, "2023Q1": 0.04408, "2023Q2": 0.039900000000000005, "2016Q3": 0.0228, "2016Q4": 0.016416, "2016Q1": 0.0228, "2016Q2": 0.0228, "2015Q4": 0.0228, "2019Q3": 0.10640000000000001, "2019Q4": 0.07448, "2019Q1": 0.13604, "2019Q2": 0.13604, "2018Q3": 0.13604, "2018Q4": 0.13604, "2018Q1": 0.14402, "2018Q2": 0.1368, "2017Q3": 0.028880000000000003, "2017Q4": 0.06688000000000001, "2017Q1": 0.02204, "2017Q2": 0.028880000000000003, "2021Q3": 0.06612, "2021Q4": 0.06422, "2021Q1": 0.024472, "2021Q2": 0.07790000000000001}