{"2014Q3": 1.62306988, "2014Q1": 1.8121653999999998, "2014Q2": 2.19035644, "2014Q4": 1.28449435144, "2021Q3": 10.69965484, "2021Q1": 7.62685264, "2021Q2": 10.10085236, "2021Q4": 9.97478868, "2018Q3": 5.01103128, "2018Q1": 4.52253452, "2018Q2": 5.10557904, "2018Q4": 3.9237320400000004, "2020Q3": 2.8679487200000002, "2020Q1": 2.8364328, "2020Q2": 3.5297830400000003, "2020Q4": 6.03529868, "2015Q3": 1.41358355976, "2015Q1": 1.33239854984, "2015Q2": 1.62306988, "2015Q4": 1.6861017200000001, "2017Q3": 4.50677656, "2017Q1": 2.757643, "2017Q2": 4.04979572, "2017Q4": 4.90072556, "2023Q1": 9.72266132, "2023Q2": 16.65616372, "2022Q3": 7.705642439999999, "2022Q1": 8.3517188, "2022Q2": 9.880240919999999, "2016Q3": 2.01701888, "2016Q1": 1.63882784, "2016Q2": 1.85943928, "2016Q4": 2.47399972, "2019Q3": 5.60983376, "2019Q1": 4.85345168, "2019Q2": 5.121337, "2019Q4": 5.84620316, "2013Q3": 2.01701888, "2013Q1": 1.5296251772, "2013Q2": 1.84368132, "2013Q4": 1.95398704, "2010Q3": 0, "2010Q1": 0, "2010Q2": 0, "2010Q4": 1.0525214222800001}