{"2021Q1": 0.5871852, "2021Q2": 0.52339224, "2021Q4": 0.19427856000000002, "2020Q3": 0.53354112, "2020Q1": 1.03083624, "2020Q2": 0.78871296, "2020Q4": 0.5509392, "2022Q4": 0, "2018Q3": 2.14721304, "2018Q1": 0, "2018Q2": 0, "2018Q4": 1.46723808, "2017Q4": 0, "2019Q3": 1.16567136, "2019Q1": 1.04968416, "2019Q2": 1.29905664, "2019Q4": 0.98734104, "2023Q3": 0}