{"2020Q1": 0.026344096376, "2020Q2": 0.022742368188, "2020Q3": 0.039413248187999995, "2020Q4": 0.026755728188, "2017Q4": 0.093377565932, "2023Q1": 0.33033039999999997, "2021Q1": 0.064419568188, "2021Q2": 0.064625376376, "2021Q3": 0.16948728000000002, "2021Q4": 0.18600380000000002, "2019Q1": 0.058645068640000006, "2019Q2": 0.037458016376, "2019Q3": 0.033547568188, "2019Q4": 0.026961536376, "2018Q2": 0.071847880776, "2018Q4": 0.073553666828, "2022Q1": 0.1605344, "2022Q2": 0.1559036, "2022Q3": 0.2454324, "2022Q4": 0.28788139999999995}