{"2016Q1": 3785, "2016Q2": 3556, "2016Q3": 4053, "2016Q4": 4410, "2017Q1": 2932, "2017Q2": 2346, "2017Q3": 2437, "2017Q4": 1747, "2021Q1": 1430, "2021Q2": 1288, "2021Q3": 1177, "2021Q4": 1545, "2019Q1": 888.900024, "2019Q2": 731, "2019Q3": 736, "2019Q4": 514.700012, "2020Q1": 470, "2020Q2": 1080, "2020Q3": 1260, "2020Q4": 1287, "2023Q1": 499.899994, "2023Q2": 671, "2023Q3": 601.3, "2018Q1": 1100, "2018Q2": 1675, "2018Q3": 1328, "2018Q4": 1103, "2013Q4": 2937, "2015Q1": 5794, "2015Q2": 5974, "2015Q3": 3420, "2015Q4": 3955, "2014Q1": 3132, "2014Q2": 3082, "2014Q3": 3165, "2014Q4": 3943, "2022Q1": 1108, "2022Q2": 871.700012, "2022Q3": 660.799988, "2022Q4": 406.899994}