{"2011Q1": 1028, "2011Q2": 1198, "2011Q3": 970, "2012Q1": 672, "2012Q2": 622, "2012Q3": 660, "2023Q1": 1.03, "2023Q2": 0.61, "2023Q3": 0.54, "2023Q4": 0.6, "2024Q1": 0.4, "2024Q2": 0.315, "2022Q3": 1.3, "2022Q4": 0.64, "2017Q1": 159, "2017Q2": 70, "2017Q3": 48.799999, "2017Q4": 27.200001, "2015Q1": 272, "2015Q2": 168, "2015Q3": 104, "2015Q4": 114, "2016Q1": 92, "2016Q2": 50.599998, "2016Q3": 52.799999, "2016Q4": 165.800003}