{"2023Q2": 0.70656322, "2023Q1": 0.66832645, "2020Q4": 0, "2020Q3": 0, "2022Q2": 0.82061991, "2022Q4": 0.74937533, "2022Q1": 0.784344, "2022Q3": 0.8232343900000001, "2021Q2": 0.92258463, "2021Q4": 0.84513066, "2021Q1": 0.99644369, "2021Q3": 0.8611443500000001, "2019Q4": 0}