{"2021Q3": 26.113602427792003, "2021Q1": 25.145069493136003, "2021Q2": 26.113602427792003, "2021Q4": 25.574168995544003, "2016Q3": 17.683629193808, "2016Q1": 15.628256049432002, "2016Q2": 15.628256049432002, "2016Q4": 19.998244020688002, "2012Q3": 0, "2012Q1": 0, "2012Q2": 0, "2012Q4": 0, "2020Q3": 29.378144834008, "2020Q1": 20.922575823912002, "2020Q2": 29.24928768, "2020Q4": 27.778875120000002, "2011Q3": 0, "2011Q1": 0, "2011Q2": 0, "2011Q4": 0, "2015Q3": 19.122977632608002, "2015Q1": 14.430762658136002, "2015Q2": 14.430762658136002, "2015Q4": 14.944251919224001, "2022Q3": 25.85806592, "2022Q1": 28.690201057896004, "2022Q2": 25.616250613376, "2022Q4": 35.926790107576004, "2018Q3": 18.593972207272003, "2018Q1": 15.352259611920003, "2018Q2": 15.760023560552002, "2018Q4": 19.51277208, "2013Q3": 0, "2013Q1": 0, "2013Q2": 0, "2013Q4": 0, "2010Q4": 0, "2014Q3": 0, "2014Q1": 0, "2014Q2": 0, "2014Q4": 14.430762658136002, "2017Q3": 30.593507049648, "2017Q1": 25.64696236544, "2017Q2": 30.593507049648, "2017Q4": 17.813331503864, "2019Q3": 20.083992917464002, "2019Q1": 22.440350240000004, "2019Q2": 17.790518914048, "2019Q4": 22.270299014480003, "2023Q3": 25.169224000000003, "2023Q1": 34.78651696000001, "2023Q2": 32.3225824}