{"2020Q4": 0.47659298413999995, "2019Q4": 0.6819799999999999}