{"2021Q1": 0.19844838, "2021Q4": 0.17724663000000002, "2021Q2": 0.23614038, "2021Q3": 0.19477341000000004, "2016Q1": 0.11043756000000002, "2016Q4": 0.11269908000000002, "2016Q2": 0.12532590000000002, "2016Q3": 0.12381822000000002, "2012Q1": 37.92804615000001, "2012Q4": 0.64962162, "2012Q2": 15.798224880000001, "2012Q3": 0.18026199, "2020Q1": 0.15774102, "2020Q4": 0.21437325000000002, "2020Q2": 0.2280366, "2020Q3": 0.20975598000000004, "2009Q1": 16.25034042, "2009Q4": 19.574209440000004, "2009Q2": 30.447786060000002, "2009Q3": 31.018631400000004, "2011Q1": 28.95197904, "2011Q4": 20.312878410000003, "2011Q2": 16.065649620000002, "2011Q3": 20.701388700000003, "2015Q1": 0.12004902, "2015Q4": 0.09771651, "2015Q2": 0.11269908000000002, "2015Q3": 0.11863557000000001, "2022Q1": 0.14087385, "2022Q4": 0.14615073, "2022Q2": 0.13286430000000002, "2022Q3": 0.12966048000000002, "2018Q1": 0.16047369000000003, "2018Q4": 0.15114492000000002, "2018Q2": 0.14275845, "2018Q3": 0.14332383, "2013Q1": 0.6942866400000002, "2013Q4": 0.08885889000000001, "2013Q2": 0.0857493, "2013Q3": 0.20146374, "2010Q1": 24.388325910000002, "2010Q4": 18.466253100000003, "2010Q2": 17.764522290000002, "2010Q3": 18.539752500000002, "2014Q1": 0.09394731000000002, "2014Q4": 0.11392407, "2014Q2": 0.09187425, "2014Q3": 0.09460692, "2008Q4": 13.396207950000003, "2017Q1": 0.1347489, "2017Q4": 0.15321798000000003, "2017Q2": 0.14200461, "2017Q3": 0.13898925, "2019Q1": 0.13248738000000002, "2019Q4": 0.13936617, "2019Q2": 0.13974309000000001, "2019Q3": 0.13974309000000001, "2023Q1": 0.16254675000000002}