{"2021Q1": 0.099048, "2021Q4": 0.096191, "2021Q2": 0.080476, "2021Q3": 0.100952, "2020Q1": 0.114286, "2020Q4": 0.254762, "2020Q2": 0.169048, "2020Q3": 0.172857, "2022Q1": 0.100952, "2019Q1": 0.139524, "2019Q4": 0.144762, "2019Q2": 0.126667, "2019Q3": 0.109048}