{"2015Q1": 8.092281729664, "2015Q2": 4.937330098832001, "2015Q3": 2.25119500588, "2015Q4": 2.985565402704, "2010Q1": 39.800619815512, "2010Q2": 30.444413839544005, "2010Q3": 35.685845126224, "2010Q4": 33.995850957264004, "2012Q1": 15.025637267376, "2012Q2": 7.316996772184001, "2012Q3": 7.928338677400001, "2012Q4": 7.584459518064, "2011Q1": 30.55309322408, "2011Q2": 22.83980569532, "2011Q3": 12.40125420316, "2011Q4": 12.701284600200001, "2020Q1": 2.7336042494160004, "2020Q2": 3.199702511104, "2020Q3": 2.8784730039760005, "2020Q4": 4.056315854808, "2016Q1": 3.7461634556320007, "2016Q2": 4.104606322792, "2016Q3": 6.682552168728001, "2016Q4": 9.294377114864, "2013Q1": 5.664463681408001, "2013Q2": 4.757958312256, "2013Q3": 4.753182783176, "2013Q4": 3.8848856207520006, "2017Q1": 10.096061938928, "2017Q2": 7.721166820568, "2017Q3": 9.70945206072, "2017Q4": 8.549618452008001, "2023Q1": 6.652623312000001, "2023Q2": 6.493659792000001, "2021Q1": 6.223042944944001, "2021Q2": 6.364132341816001, "2021Q3": 6.653869850936001, "2021Q4": 6.928488604608, "2019Q1": 3.8992996379280003, "2019Q2": 3.6126923854560005, "2019Q3": 2.9106260252880003, "2019Q4": 3.3790716482880003, "2018Q1": 6.373585372472, "2018Q2": 6.12747407672, "2018Q3": 5.823859052304, "2018Q4": 3.6744139461840004, "2009Q4": 31.785035334856, "2014Q1": 5.270092409336001, "2014Q2": 8.026713251752001, "2014Q3": 6.032329111216001, "2014Q4": 5.21490424928, "2022Q1": 6.119745800256, "2022Q2": 5.1292520553120005, "2022Q3": 4.6015077405680005}