{"2014Q3": 7.128684612304001, "2014Q1": 1.5035047907760002, "2014Q2": 7.128684612304001, "2014Q4": 3.8780051497280006, "2021Q3": 3.5368985791200003, "2021Q1": 3.285969364016, "2021Q2": 3.7041838393920004, "2021Q4": 3.6085924513360004, "2018Q3": 3.285969364016, "2018Q1": 5.197806398008001, "2018Q2": 3.9670604877200004, "2018Q4": 2.17471368232, "2020Q3": 1.5175200744560002, "2020Q1": 1.3502348141840002, "2020Q2": 1.8998882760720002, "2020Q4": 2.4136941395040004, "2015Q3": 2.0530615498560003, "2015Q1": 3.8780051497280006, "2015Q2": 3.763946174736, "2015Q4": 2.110091037352, "2017Q3": 5.161167956040001, "2017Q1": 6.2556119208, "2017Q2": 4.481461139656001, "2017Q4": 4.9538000442, "2023Q1": 3.73564272, "2023Q2": 3.78863056, "2022Q3": 2.409114665432, "2022Q1": 3.094785263208, "2022Q2": 3.38511491144, "2022Q4": 3.199797889216, "2016Q3": 3.478798737256, "2016Q1": 2.235555644904, "2016Q2": 2.110091037352, "2016Q4": 4.60798152992, "2019Q3": 1.7565005316400002, "2019Q1": 2.580979399776, "2019Q2": 1.6609078188880002, "2019Q4": 1.840143161776, "2013Q4": 3.007008256856}