{"2021Q1": 0.20906548, "2021Q4": 0.04824588, "2021Q2": 0.14473764, "2021Q3": 0.0804098, "2020Q1": 0.29751626, "2020Q4": 0.28545478999999996, "2020Q2": 0.41008998, "2020Q3": 0.32968018, "2022Q1": 0.04824588, "2022Q4": 0.02010245, "2022Q2": 0.02814343, "2022Q3": 0.02814343, "2019Q4": 0.17288107, "2023Q1": 0.01608196, "2023Q2": 0.00804098, "2023Q3": 0.02412294}