{"2016Q2": 2.02824126, "2010Q4": 5.66110377, "2015Q2": 1.7201539800000003, "2012Q2": 2.2978176300000004, "2012Q4": 2.67008976, "2011Q2": 3.7098843300000004, "2011Q4": 3.15789462, "2013Q2": 2.2207958100000003, "2014Q4": 1.5404364000000002}