{"2017Q2": 0.053650660806, "2017Q4": 0.03984732135, "2017Q1": 0.057187947059999994, "2017Q3": 0.049744045188, "2023Q2": 0.03694986, "2023Q1": 0.037445552244, "2016Q2": 0.064336447494, "2016Q4": 0.058209173495999994, "2016Q1": 0.071439197796, "2016Q3": 0.059740984944, "2015Q2": 0.09525231073799999, "2015Q4": 0.071439197796, "2015Q1": 0.07194589038, "2015Q3": 0.09018569516399999, "2020Q2": 0.017917607646, "2020Q4": 0.014659871057999999, "2020Q1": 0.009375843636, "2020Q3": 0.013845422808, "2022Q2": 0.05141778922799999, "2022Q4": 0.038004454134, "2022Q1": 0.061034455692, "2022Q3": 0.048064462505999994, "2018Q2": 0.022137394481999997, "2018Q4": 0.020053873673999998, "2018Q1": 0.033075878724, "2018Q3": 0.023960489292, "2021Q2": 0.05243413602599999, "2021Q4": 0.06380874144, "2021Q1": 0.041886869003999995, "2021Q3": 0.044111250575999995, "2019Q2": 0.022397848686, "2019Q4": 0.016147286262, "2019Q1": 0.024741795492, "2019Q3": 0.018751687272, "2013Q4": 0.014946500429999999, "2014Q2": 0.029639682774, "2014Q4": 0.150731651142, "2014Q1": 0.015706511099999997, "2014Q3": 0.036226263275999995}