{"2020Q2": 12.4258785, "2020Q4": 9.09180615, "2020Q1": 8.55048075, "2020Q3": 18.651120600000002, "2022Q4": 3.9369120000000004, "2021Q2": 5.782339500000001, "2021Q4": 3.3217695000000003, "2021Q1": 6.934918469115001, "2021Q3": 3.5186151, "2019Q4": 6.80347605}