{"2015Q1": 326.42051904, "2015Q2": 287.02020864, "2015Q3": 289.63148544, "2015Q4": 263.00645184, "2012Q2": 66.6851328, "2012Q3": 71.98574592, "2012Q4": 70.3906368, "2011Q4": 56.200066559999996, "2020Q1": 448.4054784, "2020Q2": 480.40918464, "2020Q3": 624.46965504, "2020Q4": 689.22235008, "2016Q1": 304.72880064, "2016Q2": 329.19163199999997, "2016Q3": 297.81890688, "2016Q4": 319.54129152, "2013Q1": 86.7459648, "2013Q2": 93.50577983999999, "2013Q3": 109.90246079999999, "2013Q4": 138.85603776, "2017Q1": 366.44902271999996, "2017Q2": 404.29743552, "2017Q3": 560.89877184, "2017Q4": 498.9227654399999, "2023Q1": 868.8814463999998, "2021Q1": 671.13902592, "2021Q2": 721.94322816, "2021Q3": 923.79144, "2021Q4": 989.4439103999999, "2019Q1": 459.89532864, "2019Q2": 504.57604031999995, "2019Q3": 525.37402368, "2019Q4": 381.957312, "2018Q1": 612.6231935999999, "2018Q2": 725.18200128, "2018Q3": 559.7525049599999, "2018Q4": 556.84525248, "2014Q1": 153.63228672, "2014Q2": 170.90295551999998, "2014Q3": 253.13029631999999, "2014Q4": 296.1592128, "2022Q1": 921.6517728, "2022Q2": 1163.98569408, "2022Q3": 985.60784256, "2022Q4": 873.45094848}