{"2023Q2": 2.902564, "2023Q1": 2.63506075, "2022Q3": 4.06789425, "2022Q2": 3.1485440000000002, "2022Q1": 6.164873442525, "2017Q3": 0, "2017Q4": 10.979931942525, "2020Q3": 11.594881942525001, "2020Q2": 13.587319942525, "2020Q1": 6.619937057474999, "2020Q4": 14.875640807475, "2016Q4": 0, "2018Q3": 7.982050692525, "2018Q2": 8.53243125, "2018Q1": 11.782442, "2018Q4": 8.769187, "2019Q3": 12.48348438505, "2019Q2": 14.303737000000002, "2019Q1": 8.769187, "2019Q4": 6.619937057474999, "2021Q3": 15.902607307475002, "2021Q2": 17.19400138505, "2021Q1": 14.236092192525, "2021Q4": 4.562929}