{"2015Q4": 0, "2020Q1": 2.8171138469600003, "2020Q2": 3.19405188872, "2020Q3": 3.85865238416, "2020Q4": 4.10350547432, "2016Q1": 0, "2016Q2": 2.26493744568, "2016Q3": 2.3986319756000003, "2016Q4": 3.06981114944, "2017Q1": 3.12685670808, "2017Q2": 2.96141468504, "2017Q3": 2.98623071376, "2017Q4": 3.2674827024, "2023Q1": 6.64361612488, "2023Q2": 6.237756124880001, "2021Q1": 4.93882429768, "2021Q2": 5.4295745996800004, "2021Q3": 5.65928761328, "2021Q4": 6.53403217656, "2019Q1": 3.16470259112, "2019Q2": 3.25912273568, "2019Q3": 3.30316491456, "2019Q4": 3.40005793288, "2018Q1": 3.19023205928, "2018Q2": 3.31094393952, "2018Q3": 3.43165519536, "2018Q4": 2.9143204389600004, "2022Q1": 6.8305345108, "2022Q2": 5.49817330664, "2022Q3": 5.114173800400001, "2022Q4": 5.56799096728}