{"2015Q1": 9.177301225055999, "2015Q2": 8.79170004176, "2015Q3": 8.94594006264, "2015Q4": 8.48322, "2010Q2": 12.339228816703999, "2010Q3": 14.112992450111998, "2010Q4": 15.88675608352, "2012Q1": 12.493469591648, "2012Q2": 10.179863245936, "2012Q3": 10.873944470991999, "2012Q4": 9.64002204176, "2011Q1": 16.657958450111998, "2011Q2": 15.809636450111999, "2011Q3": 12.416348450111999, "2011Q4": 10.719704450112, "2020Q1": 12.407780774944, "2020Q2": 13.196119999999999, "2020Q3": 12.236401633407999, "2020Q4": 12.167851183296, "2016Q1": 9.177301225055999, "2016Q2": 9.562902408351999, "2016Q3": 11.645146837583999, "2016Q4": 10.64258406264, "2013Q1": 13.033310041759998, "2013Q2": 12.030747266816, "2013Q3": 12.339228816703999, "2013Q4": 11.876506491871998, "2017Q1": 13.341790083520001, "2017Q2": 14.652834408352, "2017Q3": 13.710254408351998, "2017Q4": 11.825094408352, "2023Q1": 17.103542408352, "2023Q2": 20.359728, "2021Q1": 12.853363225055999, "2021Q2": 13.641702450111998, "2021Q3": 14.121561633407998, "2021Q4": 13.367497633407998, "2019Q1": 17.566263225055998, "2019Q2": 19.879868816703997, "2019Q3": 17.909019999999998, "2019Q4": 17.137817633407998, "2018Q1": 12.956190408351999, "2018Q2": 13.641702450111998, "2018Q3": 15.526862450111999, "2018Q4": 13.641702450111998, "2009Q4": 20.85091492122, "2014Q1": 11.799386858464, "2014Q2": 11.568027204176, "2014Q3": 10.719704450112, "2014Q4": 8.328979225055999, "2022Q1": 14.567145591648, "2022Q2": 14.567145591648, "2022Q3": 12.510606450111998, "2022Q4": 12.476331225055999}