{"2014Q3": 9.61768e-05, "2014Q1": 9.131575e-05, "2014Q2": 9.61768e-05, "2014Q4": 0.00010905565, "2021Q3": 0.00024725, "2021Q1": 0.00023574999999999998, "2021Q2": 0.00021965, "2021Q4": 5.4994150000000006e-05, "2018Q3": 0.00016214999999999998, "2018Q1": 0.00018285000000000003, "2018Q2": 0.00016214999999999998, "2018Q4": 0.00018170000000000003, "2020Q3": 0.00018630000000000003, "2020Q1": 0.00018630000000000003, "2020Q2": 0.0002208, "2020Q4": 0.00026565000000000003, "2015Q3": 8.8803e-05, "2015Q1": 0.00011615, "2015Q2": 0.0001242, "2015Q4": 9.763040000000001e-05, "2017Q3": 0.00014375, "2017Q1": 0.00012765, "2017Q2": 0.00014605, "2017Q4": 0.00016099999999999998, "2023Q1": 6.62308e-05, "2023Q2": 6.95681e-05, "2022Q3": 6.0118549999999994e-05, "2022Q1": 6.0644100000000004e-05, "2022Q2": 5.3018450000000004e-05, "2022Q4": 5.59728e-05, "2016Q3": 0.00011615, "2016Q1": 0.0001007469, "2016Q2": 0.0001015841, "2016Q4": 0.000109963, "2019Q3": 0.00021735, "2019Q1": 0.00019205, "2019Q2": 0.0002162, "2019Q4": 0.00024380000000000002, "2013Q4": 7.806545000000001e-05}