{"2021Q1": 0.21443675, "2021Q2": 0.3197057, "2021Q4": 1.3100136, "2020Q4": 0.11696549999999999, "2023Q1": 0.8733424000000001, "2023Q2": 0.6082206, "2022Q3": 0.6082206, "2022Q1": 1.0292964, "2022Q2": 0.4912551, "2022Q4": 0.7875677}