{"2022Q4": 8.168808656112, "2023Q2": 9.067768117044}