{"2015Q1": 0.77531718, "2015Q2": 0.7368717, "2015Q3": 0.7528906500000001, "2015Q4": 0.5446443000000001, "2012Q4": 0.9130801500000001, "2020Q1": 0.48056850000000007, "2020Q2": 0.9066725700000001, "2020Q3": 1.0572507, "2020Q4": 0.95472942, "2016Q1": 0.48697608000000003, "2016Q2": 0.42610407000000006, "2016Q3": 0.41649270000000005, "2016Q4": 0.38445480000000004, "2013Q1": 1.2110326200000001, "2013Q2": 1.1854023000000002, "2013Q3": 1.19180988, "2013Q4": 1.1405492400000001, "2017Q1": 0.42930786000000004, "2017Q2": 0.47095713, "2017Q3": 0.44212302, "2017Q4": 0.44212302, "2023Q1": 1.0700658600000001, "2023Q2": 1.08288102, "2021Q1": 0.91628394, "2021Q2": 0.9066725700000001, "2021Q3": 0.8778384600000001, "2021Q4": 0.75609444, "2019Q1": 0.4229002800000001, "2019Q2": 0.45493818, "2019Q3": 0.44212302, "2019Q4": 0.52221777, "2018Q1": 0.40688133000000004, "2018Q2": 0.42930786000000004, "2018Q3": 0.41649270000000005, "2018Q4": 0.40367754000000006, "2014Q1": 0.9483218400000001, "2014Q2": 0.9451180500000002, "2014Q3": 0.8009475, "2014Q4": 0.74327928, "2022Q1": 0.7945399200000001, "2022Q2": 0.8137626600000001, "2022Q3": 0.9290991000000001, "2022Q4": 0.9803597400000001}