{"2020Q2": 0.21153915604800003, "2020Q4": 0.35256529519200003, "2017Q4": 0.32878224720000004, "2021Q2": 0.6097425523200001, "2021Q4": 0.574963509384, "2019Q2": 0.295414556184, "2019Q4": 0.16232692924800002, "2018Q2": 0.320503394376, "2018Q4": 0.255555534168, "2022Q2": 0.583766183088, "2022Q4": 0.549558196704}