{"2006Q4": 7.390526, "2010Q3": 3.23, "2010Q4": 2.254736, "2010Q1": 3.212105, "2010Q2": 4.411052, "2013Q3": 0.416052, "2013Q4": 0.263947, "2013Q1": 0.433947, "2013Q2": 0.416052, "2007Q3": 4.55421, "2007Q4": 5.735263, "2007Q1": 6.925263, "2007Q2": 6.075263, "2014Q3": 0.375, "2014Q4": 0.245, "2014Q1": 0.34, "2014Q2": 0.36, "2009Q3": 3.53421, "2009Q4": 3.212105, "2009Q1": 4.026316, "2009Q2": 3.74, "2016Q3": 0.105, "2016Q4": 0.047, "2016Q1": 0.15, "2016Q2": 0.086, "2017Q3": 0.17, "2017Q1": 0.047, "2017Q2": 0.047, "2008Q3": 3.042105, "2008Q4": 4.411052, "2008Q1": 3.489473, "2008Q2": 2.218947, "2015Q3": 0.24, "2015Q4": 0.185, "2015Q1": 0.17, "2015Q2": 0.24, "2012Q4": 0.782894, "2011Q3": 1.641842, "2011Q4": 1.118421, "2011Q1": 1.087105}