{"2012Q1": 40.938824494971, "2012Q2": 43.831328872850996, "2012Q3": 48.387793999779, "2012Q4": 53.390022864632996, "2011Q2": 34.305213389967, "2011Q3": 37.053430884756, "2011Q4": 41.507416764333, "2013Q1": 54.479603134710004, "2013Q2": 59.686186824576005, "2013Q3": 61.837049295099}