{"2022Q3": 24.057203129999998, "2022Q1": 23.083912589999997, "2022Q2": 21.35596924, "2022Q4": 27.132237009999997, "2020Q4": 0, "2021Q3": 20.13582965, "2021Q1": 0, "2021Q2": 18.4078863, "2021Q4": 24.83301443, "2023Q1": 26.17305213, "2023Q2": 21.20785981}