{"2020Q4": 3.1518391963499996, "2020Q3": 3.2488188639299995, "2020Q2": 2.8609001936099996, "2014Q4": 0, "2014Q1": 0, "2014Q3": 0, "2014Q2": 0, "2016Q4": 1.8054534315599997, "2016Q1": 0, "2016Q3": 0, "2016Q2": 0, "2017Q4": 2.16298841877, "2017Q1": 2.13335825715, "2017Q3": 2.2420017086399997, "2017Q2": 2.4000277190399997, "2013Q4": 0, "2013Q3": 0, "2015Q4": 0, "2015Q1": 0, "2015Q3": 0, "2015Q2": 0, "2018Q4": 2.3675588281799995, "2018Q1": 2.3901510933899996, "2018Q3": 2.7865961995499995, "2018Q2": 2.45136653019, "2019Q4": 3.3858934469999995, "2019Q1": 2.5351739475299997, "2019Q3": 3.25045770912, "2019Q2": 3.11502254058, "2022Q4": 3.5042877, "2022Q1": 4.1133129753599995, "2022Q3": 3.7547972999999994, "2022Q2": 3.95711084565, "2021Q4": 4.68605221983, "2021Q1": 3.61249219035, "2021Q3": 4.29554817657, "2021Q2": 3.8529762822899993, "2023Q1": 3.8715119999999996, "2023Q2": 4.7482956, "2012Q4": 0}