{"2020Q2": 0.9730173, "2020Q3": 1.2902931, "2020Q4": 1.366844, "2023Q1": 3.199484, "2021Q2": 1.7650613999999998, "2021Q4": 1.5079190999999998, "2019Q2": 1.0367779, "2019Q4": 1.0379232999999999, "2018Q4": 1.2839934, "2022Q2": 1.4439676, "2022Q3": 1.9964321999999999, "2022Q4": 2.1985953}