{"2015Q2": 0.65089382, "2015Q4": 0.48821438, "2016Q2": 0.5572299, "2016Q4": 0.61832272, "2017Q2": 0.572195, "2017Q4": 0.3714866, "2018Q2": 0.2279977, "2014Q2": 0.6320553999999999, "2014Q4": 0.77607248, "2022Q2": 0.24349098, "2022Q3": 0.27324512, "2022Q4": 0.21532138}