{"2022Q3": 0.019591860250000002, "2022Q4": 0.025624211734, "2022Q1": 0.028864155144000002, "2022Q2": 0.016070312112, "2020Q3": 0.012871851682000002, "2020Q4": 0.018566671322, "2020Q1": 0.024844721291999997, "2020Q2": 0.017080744156, "2023Q1": 0.022196767862000002, "2023Q2": 0.015826, "2016Q3": 0.004272893392, "2016Q4": 0.004199223034, "2016Q1": 0.003839464844, "2016Q2": 0.004199223034, "2015Q3": 0.004926105638, "2015Q4": 0.004998547882, "2015Q1": 0.00492400611, "2015Q2": 0.004998547882, "2019Q3": 0.018167700813999998, "2019Q4": 0.025310555748, "2019Q1": 0.021991908, "2019Q2": 0.033074530342, "2018Q3": 0.017593525662000002, "2018Q4": 0.021081900208, "2018Q1": 0.012067879812, "2018Q2": 0.015166831930000001, "2014Q3": 0.00918394998, "2014Q4": 0.007386009616000001, "2017Q3": 0.010791470764000001, "2017Q4": 0.011690759351999999, "2017Q1": 0.004272893392, "2017Q2": 0.004121741808, "2021Q3": 0.015602244222000001, "2021Q4": 0.034793006884, "2021Q1": 0.016538380002, "2021Q2": 0.019346784882}