{"2006Q4": 130.91716, "2010Q1": 71.938835, "2010Q2": 50.916252, "2010Q3": 61.958885, "2010Q4": 83.951752, "2016Q1": 23.08333, "2016Q2": 19.671705, "2016Q3": 17.507021, "2016Q4": 29.200001, "2017Q1": 22.65, "2017Q2": 14.5, "2017Q3": 18.83, "2017Q4": 16.65, "1996Q2": 0, "1996Q4": 0, "2021Q1": 6.19, "2021Q2": 4.53, "2021Q3": 5.5, "2021Q4": 3.67, "2019Q1": 19.93, "2019Q2": 13.305, "2019Q3": 12.38, "2019Q4": 17.200001, "2001Q4": 0, "2012Q1": 76.928818, "2012Q2": 67.594688, "2012Q3": 88.659523, "2012Q4": 89.268059, "2020Q1": 3.049, "2020Q2": 3.848, "2020Q3": 2.73, "2020Q4": 5.246, "2023Q1": 9.65, "2023Q2": 5.958, "2023Q3": 9.37, "2018Q1": 24.25, "2018Q2": 38.189999, "2018Q3": 36.610001, "2018Q4": 11.81, "2005Q4": 61.958466, "2007Q1": 141.864182, "2011Q1": 81.9188, "2011Q2": 71.245796, "2011Q3": 55.351784, "2011Q4": 60.48037, "2000Q4": 0, "2013Q1": 84.025269, "2013Q2": 70.604988, "2013Q3": 70.891235, "2013Q4": 68.171982, "2015Q1": 40.84502, "2015Q2": 42.086678, "2015Q3": 32.649845, "2015Q4": 36.260979, "1999Q4": 0, "2009Q4": 61.450645, "2014Q1": 69.555458, "2014Q2": 64.020409, "2014Q3": 40.086624, "2014Q4": 41.701908, "2022Q1": 2.946, "2022Q2": 6.645, "2022Q3": 6.37, "2022Q4": 7.01}