{"2015Q1": 73.590851895408, "2015Q2": 66.859426422856, "2015Q3": 61.219581628036, "2015Q4": 45.664525848384, "2010Q3": 58.035794539959994, "2012Q4": 22.104542997636, "2011Q2": 41.480128785656, "2011Q3": 28.017280992144, "2011Q4": 31.29203090432, "2020Q1": 79.248886103456, "2020Q2": 140.052440253736, "2020Q3": 164.551829162496, "2020Q4": 108.17759174404, "2016Q1": 47.029007604784, "2016Q2": 38.84214227912, "2016Q3": 51.486307321976, "2016Q4": 49.303138087532, "2013Q4": 42.025916760828004, "2017Q1": 54.215259804203995, "2017Q2": 71.589614612348, "2017Q3": 59.855096720044, "2017Q4": 45.11873472162, "2023Q1": 68.46283194457199, "2023Q2": 47.998744584204, "2023Q3": 50.614567519999994, "2021Q1": 150.762988571484, "2021Q2": 116.33442082214799, "2021Q3": 114.21813624892401, "2021Q4": 87.442510018164, "2019Q1": 26.834734338719997, "2019Q2": 32.820242592507995, "2019Q3": 33.16591235466, "2019Q4": 64.94915511548801, "2018Q1": 29.982133145563996, "2018Q2": 27.726192076044, "2018Q3": 27.689803794812, "2018Q4": 19.830412514888, "2009Q2": 92.056779502304, "2009Q3": 87.872387166964, "2014Q1": 48.48445376108, "2014Q2": 53.669473404828, "2014Q3": 51.850158618376, "2014Q4": 48.575413433588, "2022Q1": 104.92488091471999, "2022Q2": 103.20731685178401, "2022Q3": 84.16190602384799, "2022Q4": 99.55133776491999}