{"2015Q1": 228.064122, "2015Q2": 214.128486, "2015Q3": 203.726952, "2015Q4": 170.36019000000002, "2010Q4": 206.65873800000003, "2012Q1": 147.18904200000003, "2012Q2": 122.08482000000001, "2012Q3": 117.639522, "2012Q4": 168.573834, "2011Q2": 188.985654, "2011Q3": 144.687114, "2011Q4": 162.154278, "2020Q1": 373.237722, "2020Q2": 281.026746, "2020Q3": 348.86709, "2020Q4": 536.1436080000001, "2016Q1": 188.025552, "2016Q2": 172.421964, "2016Q3": 202.156812, "2016Q4": 262.02033, "2013Q2": 215.255898, "2013Q3": 231.77325600000003, "2013Q4": 236.40903000000003, "2017Q1": 284.78736000000004, "2017Q2": 291.263544, "2017Q3": 318.347172, "2017Q4": 373.891518, "2023Q1": 905.175414, "2023Q2": 947.126466, "2021Q1": 643.5051480000001, "2021Q2": 704.29788, "2021Q3": 852.230808, "2021Q4": 949.0235040000001, "2019Q1": 378.35226000000006, "2019Q2": 456.290406, "2019Q3": 484.110198, "2019Q4": 458.424252, "2018Q1": 378.015066, "2018Q2": 383.97902400000004, "2018Q3": 441.87858000000006, "2018Q4": 382.169502, "2014Q1": 254.01519000000002, "2014Q2": 232.00749000000002, "2014Q3": 232.57891800000002, "2014Q4": 202.941882, "2022Q1": 991.9578240000001, "2022Q2": 845.1034020000001, "2022Q3": 846.701856, "2022Q4": 934.6863240000001}