{"2012Q4": 2.12099482, "2020Q1": 26.24244724, "2020Q2": 34.41761728, "2020Q3": 38.32016324, "2020Q4": 39.474940780000004, "2023Q1": 68.83611486, "2021Q1": 50.8769385, "2021Q2": 55.59340984, "2021Q3": 53.07205458, "2021Q4": 49.37725942, "2019Q1": 20.40341734, "2019Q2": 22.7627974, "2019Q3": 25.1809815, "2019Q4": 20.41626972, "2018Q4": 17.9475564, "2022Q1": 44.82153086, "2022Q2": 52.553205760000004, "2022Q3": 59.94191578}