{"2021Q2": 0.6548025574999999, "2021Q1": 0.22655598419999998, "2021Q3": 0.7628255452999999, "2021Q4": 1.0468548999999998, "2020Q2": 0.19118058049999997, "2020Q3": 0.09368003918, "2020Q4": 0.1816241427, "2023Q2": 2.4150217, "2023Q1": 2.7777932, "2023Q3": 2.6326845999999997, "2023Q4": 3.2234838999999997, "2022Q2": 2.280278, "2022Q1": 1.4614508999999998, "2022Q3": 2.2699130999999997, "2022Q4": 1.5340052}