{"2020Q1": 0, "2020Q2": 0, "2020Q3": 0, "2020Q4": 0, "2023Q1": 15.531601346879999, "2021Q1": 0, "2021Q2": 0, "2021Q3": 0, "2021Q4": 0, "2019Q1": 0, "2019Q2": 0, "2019Q3": 0, "2019Q4": 0, "2018Q4": 0, "2022Q1": 13.739828416169999, "2022Q2": 14.76114869454, "2022Q3": 14.393546863799997, "2022Q4": 12.766194755759999}