{"2022Q1": 0.0372712725, "2022Q2": 0.022588650000000002, "2022Q3": 0.011294325000000001, "2021Q4": 0.06211878750000001}