{"2014Q3": 0.60221868, "2014Q1": 0, "2014Q2": 0, "2014Q4": 0.45958794, "2021Q3": 6.168779505, "2021Q1": 3.50237706, "2021Q2": 2.5198097400000004, "2021Q4": 4.47702045, "2018Q1": 0.57052296, "2020Q3": 0.446909652, "2020Q1": 0.36450078, "2020Q2": 0.28526148, "2020Q4": 2.0285260800000002, "2015Q3": 0.5071315200000001, "2015Q1": 0.07923930000000001, "2015Q2": 0.5071315200000001, "2015Q4": 0.36450078, "2017Q1": 2.2187004, "2017Q2": 0.9508715999999999, "2017Q4": 0.7131537, "2023Q1": 0.412836753, "2023Q2": 0.133122024, "2012Q4": 0, "2022Q3": 0.66561012, "2022Q1": 2.3969888249999998, "2022Q2": 0.8874801600000001, "2022Q4": 0.486529302, "2016Q3": 0.8082408600000001, "2016Q1": 0.57052296, "2016Q4": 0.60221868, "2019Q3": 0.47543579999999996, "2019Q1": 0.49128366, "2019Q2": 0.31695720000000005, "2019Q4": 0.5071315200000001, "2013Q3": 0, "2013Q1": 0, "2013Q2": 0, "2013Q4": 0}