{"2021Q1": 11.314676, "2021Q4": 13.75, "2021Q2": 11.731282, "2021Q3": 12.469721, "2016Q4": 8.334009, "2020Q1": 7.566472, "2020Q4": 10.694498, "2020Q2": 8.581488, "2020Q3": 8.890988, "2022Q1": 12.59313, "2022Q4": 11.2, "2022Q2": 12.38, "2022Q3": 11.492658, "2018Q1": 11.432784, "2018Q4": 9.929887, "2018Q2": 11.600288, "2018Q3": 10.314772, "2017Q1": 9.162087, "2017Q4": 11.299847, "2017Q2": 9.07483, "2017Q3": 10.02415, "2019Q1": 10.381245, "2019Q4": 7.335786, "2019Q2": 10.652061, "2019Q3": 11.397943, "2023Q1": 10.75, "2023Q2": 0, "2023Q3": 0}