{"2021Q4": 0.033237644, "2018Q3": 0.21906628999999997, "2018Q1": 0.36863568799999996, "2018Q2": 0.33993045, "2018Q4": 0.124641165, "2020Q3": 0.033237644, "2020Q1": 0.055144272999999994, "2020Q2": 0.06798609, "2020Q4": 0.033993045, "2017Q4": 1.830336623, "2023Q3": 0.004532406, "2023Q1": 0.014352618999999999, "2023Q2": 0.00755401, "2022Q3": 0.009064812, "2022Q1": 0.026439035000000003, "2022Q2": 0.018129624, "2022Q4": 0.008309411, "2019Q3": 0.036259248, "2019Q1": 0.102734536, "2019Q2": 0.079317105, "2019Q4": 0.033993045}