{"2014Q4": 0.024428550880000004, "2014Q2": 0.024428550880000004, "2014Q3": 0.024428550880000004, "2016Q1": 0.012214275440000002, "2013Q4": 0.036643464808, "2015Q4": 0.012214275440000002, "2015Q2": 0.012214275440000002, "2015Q3": 0.024428550880000004, "2015Q1": 0.024428550880000004, "2012Q4": 0.109930394424}