{"2017Q2": 0.17005579999999998, "2017Q4": 0.1910703, "2017Q1": 0.1791082, "2017Q3": 0.1804014, "2023Q2": 0.25573029999999997, "2023Q1": 0.271572, "2016Q2": 0.15744709999999998, "2016Q4": 0.1719956, "2016Q1": 0.19591979999999998, "2016Q3": 0.15421409999999997, "2015Q2": 0.16423639999999998, "2015Q4": 0.2082052, "2015Q1": 0.13093649999999998, "2015Q3": 0.16876259999999998, "2020Q2": 0.18654409999999996, "2020Q4": 0.19688969999999997, "2020Q1": 0.0921405, "2020Q3": 0.18201789999999998, "2022Q2": 0.2062654, "2022Q4": 0.24150509999999997, "2022Q1": 0.2486177, "2022Q3": 0.22049059999999998, "2018Q2": 0.18331109999999998, "2018Q4": 0.18331109999999998, "2018Q1": 0.1726422, "2018Q3": 0.20885179999999998, "2021Q2": 0.19527319999999998, "2021Q4": 0.24085849999999998, "2021Q1": 0.2298663, "2021Q3": 0.19527319999999998, "2019Q2": 0.23762549999999996, "2019Q4": 0.2337459, "2019Q1": 0.190747, "2019Q3": 0.26445939999999996, "2013Q4": 0, "2014Q2": 0, "2014Q4": 0, "2014Q3": 0}