{"2024Q2": 2.7449485, "2024Q1": 9.75633124, "2023Q2": 2.7449485, "2023Q1": 9.75633124, "2023Q3": 1.2313054700000001, "2023Q4": 0.25616643673}