{"2006Q3": 39.299999, "2006Q2": 38.5, "2006Q1": 62.099998, "2006Q4": 30, "2003Q3": 62.599998, "2003Q2": 40.599998, "2003Q1": 54.299999, "2003Q4": 71.599998, "2011Q3": 2.23, "2011Q2": 1.57, "2011Q1": 5.5, "2011Q4": 1.31, "2012Q3": 0.74, "2012Q2": 1.13, "2012Q1": 1.23, "2012Q4": 0.17, "2019Q3": 2.73, "2019Q2": 2.09, "2019Q1": 2.42, "2019Q4": 4.14, "2007Q3": 35.400002, "2007Q2": 30, "2007Q1": 31.700001, "2007Q4": 29.4, "2009Q3": 9.2, "2009Q2": 7.6, "2009Q1": 9.5, "2009Q4": 5.9, "2021Q3": 40.720001, "2021Q2": 26, "2021Q1": 34.02, "2021Q4": 24.85, "2014Q3": 3.72, "2014Q2": 6.11, "2014Q1": 4.03, "2014Q4": 2.61, "2023Q3": 5.93, "2023Q2": 10.75, "2023Q1": 8.01, "2022Q3": 14.81, "2022Q2": 24.67, "2022Q1": 16.629999, "2022Q4": 14.21, "2017Q3": 2.58, "2017Q2": 2.17, "2017Q1": 2.09, "2017Q4": 2.08, "2020Q3": 20.309999, "2020Q2": 12.04, "2020Q1": 4.55, "2020Q4": 24.58, "2018Q3": 1.87, "2018Q2": 1.91, "2018Q1": 2.02, "2018Q4": 2.38, "2008Q3": 8.5, "2008Q2": 20.9, "2008Q1": 30.5, "2008Q4": 8.3, "2013Q3": 0.67, "2013Q2": 0.4, "2013Q1": 0.23, "2013Q4": 7.1, "2002Q3": 53.5, "2002Q4": 50.599998, "2005Q3": 59.299999, "2005Q2": 75, "2005Q1": 57.5, "2005Q4": 48.599998, "2015Q3": 2.37, "2015Q2": 2.37, "2015Q1": 2.55, "2015Q4": 1.93, "2010Q3": 5, "2010Q2": 4.9, "2010Q1": 5.8, "2010Q4": 7.6, "2016Q3": 1.26, "2016Q2": 1.72, "2016Q1": 1.86, "2016Q4": 1.01, "2004Q3": 57.599998, "2004Q2": 47.700001, "2004Q1": 75.599998, "2004Q4": 71}