{"2015Q1": 2.3915127924, "2015Q2": 1.8631844154, "2015Q3": 1.6346806794, "2015Q4": 1.6171034925999999, "2020Q1": 0.2557937004, "2020Q2": 0.35373999999999994, "2020Q3": 0.5998199999999999, "2020Q4": 0.41064599999999996, "2016Q1": 1.4471904817999999, "2016Q2": 1.0253373834, "2016Q3": 1.3007136688, "2016Q4": 1.108994125, "2017Q1": 1.14907825, "2017Q2": 0.975380375, "2017Q3": 0.8484473893999999, "2017Q4": 0.761598375, "2023Q1": 0.582133, "2023Q2": 0.33836, "2023Q3": 0.367582, "2021Q1": 0.901268, "2021Q2": 0.858204, "2021Q3": 0.7843799999999999, "2021Q4": 0.636732, "2019Q1": 0.4208832356, "2019Q2": 0.29222, "2019Q3": 0.56906, "2019Q4": 0.49831200000000003, "2018Q1": 0.4930346606, "2018Q2": 0.3647654606, "2018Q3": 0.43691688559999997, "2018Q4": 0.49971542499999994, "2014Q4": 0.8315941391999999, "2022Q1": 0.8397479999999999, "2022Q2": 0.6736439999999999, "2022Q3": 0.519844, "2022Q4": 0.614431}