{"2017Q2": 0.2129553, "2017Q4": 0.22903271999999997, "2017Q1": 0.1678257, "2017Q3": 0.25131546, "2023Q2": 0.2341098, "2023Q1": 0.23693039999999999, "2016Q2": 0.15344064, "2016Q4": 0.15118416, "2016Q1": 0.15851772, "2016Q3": 0.15287652, "2015Q2": 0.15964596, "2015Q4": 0.16726158, "2015Q1": 0.15231240000000001, "2015Q3": 0.15767154, "2020Q2": 0.15626124, "2020Q4": 0.18615959999999998, "2020Q1": 0.11508048, "2020Q3": 0.18503135999999998, "2022Q2": 0.22705830000000002, "2022Q4": 0.24793073999999996, "2022Q1": 0.24369984, "2022Q3": 0.23354567999999998, "2018Q2": 0.19490346, "2018Q4": 0.16980011999999997, "2018Q1": 0.23326361999999998, "2018Q3": 0.17967222, "2021Q2": 0.30518892, "2021Q4": 0.24341778, "2021Q1": 0.21182705999999998, "2021Q3": 0.24595632, "2019Q2": 0.18615959999999998, "2019Q4": 0.16415891999999999, "2019Q1": 0.17882604, "2019Q3": 0.18503135999999998, "2013Q4": 0.10295189999999999, "2014Q2": 0.14723531999999998, "2014Q4": 0.13426055999999997, "2014Q1": 0.12128579999999999, "2014Q3": 0.14695326}