{"2023Q2": 1.1021400000000001, "2023Q1": 1.08567573426, "2020Q2": 0.81999766368, "2020Q4": 0.68333137704, "2020Q1": 0.67682345094, "2020Q3": 0.84602932596, "2022Q2": 1.11936179394, "2022Q4": 1.0253603575799999, "2022Q1": 0.90460063278, "2022Q3": 1.17949957164, "2021Q2": 0.8004738783600001, "2021Q4": 0.9306322388999999, "2021Q1": 0.8004738783600001, "2021Q3": 0.79396595226, "2019Q4": 0.8980927066800001}