{"2003Q1": 2.064999, "2003Q4": 8.749999, "2003Q2": 2.099999, "2003Q3": 4.899999, "2002Q4": 1.399999, "2004Q1": 9.099999, "2004Q4": 11.549999, "2004Q2": 9.799999, "2004Q3": 6.299999, "2007Q1": 2.449999, "2007Q4": 1.224999, "2007Q2": 3.464999, "2007Q3": 2.799999, "2005Q1": 6.999999, "2005Q4": 4.199999, "2005Q2": 5.249999, "2005Q3": 8.749999, "2008Q1": 1.049999, "2008Q2": 1.399999, "2008Q3": 0.65, "2006Q1": 4.374999, "2006Q4": 4.899999, "2006Q2": 2.414999, "2006Q3": 6.649999}