{"2021Q4": 0, "2011Q3": 0, "2011Q1": 0, "2011Q2": 0, "2011Q4": 0, "2023Q1": 9.450451560000001, "2023Q2": 9.57635883, "2012Q3": 0, "2012Q1": 0, "2012Q2": 0, "2012Q4": 0, "2022Q3": 8.70241425, "2022Q1": 10.220707800000001, "2022Q2": 8.19137886, "2022Q4": 10.102206840000001, "2009Q3": 0, "2009Q1": 0, "2009Q2": 0, "2009Q4": 0, "2010Q3": 0, "2010Q1": 0, "2010Q2": 0, "2010Q4": 0}