{"2015Q1": 89.12093899999999, "2015Q2": 101.14825979999999, "2015Q3": 109.59000628, "2015Q4": 122.67301667999999, "2010Q2": 32.846890788867995, "2010Q3": 32.846890788867995, "2010Q4": 40.078501599999996, "2012Q1": 8.4737942, "2012Q2": 7.206966679999999, "2012Q3": 10.370265159999999, "2012Q4": 16.342452039999998, "2011Q1": 32.02698323999999, "2011Q2": 19.67730008, "2011Q3": 4.5413504399999995, "2011Q4": 6.5754380800000005, "2020Q1": 38.11416488, "2020Q2": 62.16503615999999, "2020Q3": 78.97123756, "2020Q4": 117.49825247999999, "2016Q1": 122.46376391999999, "2016Q2": 129.53311392, "2016Q3": 114.39339395999998, "2016Q4": 131.9612, "2013Q1": 21.773598, "2013Q2": 26.42805804, "2013Q3": 30.988260079999996, "2013Q4": 40.01063584, "2017Q1": 111.46008499999999, "2017Q2": 88.89849011999999, "2017Q3": 92.2031756, "2017Q4": 101.78167355999999, "2023Q1": 121.6682264, "2023Q2": 113.0907484, "2021Q1": 117.256952, "2021Q2": 146.43168816, "2021Q3": 136.38378536, "2021Q4": 143.3381406, "2019Q1": 50.218777239999994, "2019Q2": 37.63156392, "2019Q3": 45.67931196, "2019Q4": 48.1564122, "2018Q1": 99.41202744, "2018Q2": 68.20131848, "2018Q3": 62.83992343999999, "2018Q4": 41.564007679999996, "2009Q4": 0, "2014Q1": 49.69470276, "2014Q2": 57.874412, "2014Q3": 64.05585164, "2014Q4": 69.93378052, "2022Q1": 117.09294308, "2022Q2": 80.731977, "2022Q3": 64.92868072, "2022Q4": 88.25376539999999}