{"2021Q4": 0, "2023Q2": 0.23603067, "2023Q1": 0.33445045, "2022Q4": 0.34004917999999995, "2022Q3": 0}