{"2023Q2": 1.42175864, "2023Q1": 0.8149104399999999, "2022Q3": 0.72821784, "2022Q2": 0.64152524, "2022Q1": 0.7022100600000001, "2022Q4": 0.76722951, "2017Q3": 0.9276108200000001, "2017Q2": 0.57650579, "2017Q1": 0.5981789399999999, "2017Q4": 1.0533150900000001, "2020Q3": 0.7368870999999999, "2020Q2": 0.80190655, "2020Q1": 0.67186765, "2020Q4": 0.79323729, "2015Q3": 0.39304257524999997, "2015Q2": 0.5028170799999999, "2015Q1": 0.48547856000000006, "2015Q4": 0.42831779419, "2010Q3": 0.46380541000000003, "2010Q2": 0.17846538635999998, "2010Q1": 0.16210215811, "2010Q4": 0.64152524, "2016Q3": 0.66753302, "2016Q2": 0.5201555999999999, "2016Q1": 0.5635019, "2016Q4": 0.57217116, "2014Q3": 0.95795323, "2014Q2": 1.0316419399999999, "2014Q1": 1.0403111999999999, "2014Q4": 0.8235796999999999, "2018Q3": 0.6892061700000001, "2018Q2": 0.67186765, "2018Q1": 0.84958748, "2018Q4": 0.9059376699999999, "2011Q3": 0.6068482, "2011Q2": 0.71954858, "2011Q1": 0.65452913, "2011Q4": 0.71954858, "2012Q3": 1.12266917, "2012Q2": 0.9362800800000001, "2012Q1": 0.8712606299999999, "2012Q4": 1.3697430800000001, "2019Q3": 0.8712606299999999, "2019Q2": 0.9146069299999999, "2019Q1": 0.9882956399999999, "2019Q4": 1.25270807, "2013Q3": 1.4824434599999998, "2013Q2": 1.45210105, "2013Q1": 1.5171204999999999, "2013Q4": 1.14434232, "2009Q4": 0.14293442425, "2021Q3": 0.7498909899999999, "2021Q2": 0.9102723, "2021Q1": 0.7368870999999999, "2021Q4": 0.7542256199999999}