{"2023Q2": 42.390272, "2023Q3": 34.7070352, "2022Q1": 41.64222279228, "2022Q2": 32.729249500344004}