{"2021Q1": 0.0041, "2021Q4": 0.0041, "2021Q2": 0.0041, "2021Q3": 0.0041, "2020Q1": 0.0041, "2020Q4": 0.0041, "2020Q2": 0.0041, "2020Q3": 0.0041, "2022Q1": 0.0041, "2022Q2": 0.0041, "2022Q3": 0.0041, "2018Q4": 0.41615, "2019Q1": 0.24846000000000001, "2019Q4": 0.012792, "2019Q2": 0.1886, "2019Q3": 0.14268}