{"2017Q2": 0.03456, "2017Q4": 0.025776, "2017Q1": 0.04068, "2017Q3": 0.02664, "2023Q2": 0.07272, "2023Q1": 0.06696, "2016Q4": 0, "2020Q2": 0.03168, "2020Q4": 0.029664, "2020Q1": 0.0414, "2020Q3": 0.03168, "2022Q2": 0.04032, "2022Q4": 0.05904, "2022Q1": 0.0432, "2022Q3": 0.04824, "2018Q2": 0.0432, "2018Q4": 0.0396, "2018Q1": 0.04464, "2018Q3": 0.0396, "2021Q2": 0.054720000000000005, "2021Q4": 0.0468, "2021Q1": 0.031392, "2021Q3": 0.045, "2019Q2": 0.03816, "2019Q4": 0.03636, "2019Q1": 0.0396, "2019Q3": 0.04104}