{"2020Q1": 0, "2020Q2": 0, "2020Q3": 0, "2020Q4": 0, "2021Q1": 0, "2021Q2": 104.700470695275, "2021Q3": 147.61049978976, "2021Q4": 167.96211785619, "2019Q4": 0}