{"2020Q1": 136.90518156000002, "2020Q2": 81.67802076000001, "2020Q3": 84.36191904, "2020Q4": 85.43564316, "2017Q2": 0, "2017Q3": 0, "2017Q4": 163.96583112000002, "2023Q1": 156.33357264000003, "2023Q2": 138.4716816, "2021Q1": 104.53277016, "2021Q2": 124.08888744, "2021Q3": 154.61297712, "2021Q4": 165.42685404000002, "2019Q1": 157.00928544, "2019Q2": 133.34450472, "2019Q3": 136.37449980000002, "2019Q4": 134.48085588, "2018Q1": 119.2344678, "2018Q2": 156.71015892, "2018Q3": 124.91951976000001, "2018Q4": 119.08449252000001, "2022Q1": 167.88084516, "2022Q2": 181.34730684000002, "2022Q3": 149.45531076, "2022Q4": 162.35318484}