{"2022Q3": 21.496802599999995, "2022Q4": 25.3318156, "2022Q1": 22.2948999, "2022Q2": 23.2484707, "2020Q3": 28.399825999999997, "2020Q4": 34.47365739999999, "2020Q1": 23.445403799999998, "2020Q2": 29.135733899999998, "2016Q3": 36.0491222, "2016Q4": 38.619617399999996, "2016Q1": 31.467836399999996, "2016Q2": 32.856733, "2015Q3": 28.555299499999997, "2015Q4": 26.9591049, "2015Q1": 25.207436799999996, "2015Q2": 29.664343799999997, "2019Q3": 20.802354299999998, "2019Q4": 24.461164, "2019Q1": 30.037480199999997, "2019Q2": 32.99147669999999, "2018Q3": 29.964925899999997, "2018Q4": 32.7219893, "2018Q1": 31.986081399999996, "2018Q2": 24.409339499999998, "2014Q4": 29.861276899999996, "2017Q3": 33.8310336, "2017Q4": 30.2344133, "2017Q1": 36.7124758, "2017Q2": 34.25599449999999, "2021Q3": 31.644039699999997, "2021Q4": 26.2957513, "2021Q1": 33.685925, "2021Q2": 31.695864199999995}