{"2023Q3": 12.95, "2023Q2": 11.28, "2023Q1": 9.13, "2022Q3": 9.39, "2022Q2": 5.71, "2022Q1": 7.71, "2022Q4": 10.55, "2017Q3": 17.16, "2017Q2": 15.11, "2017Q1": 17.41, "2017Q4": 18.91, "2020Q3": 0.57518, "2020Q2": 0.84979, "2020Q1": 0.25112, "2020Q4": 1.43, "2016Q4": 18.83, "2018Q3": 20.86, "2018Q2": 17.24, "2018Q1": 17.52, "2018Q4": 10.52, "2019Q3": 4.31, "2019Q2": 7.25, "2019Q1": 8.39, "2019Q4": 4.41, "2021Q3": 6.4, "2021Q2": 6.47, "2021Q1": 4.01, "2021Q4": 5.71}