{"2014Q3": 50.290001, "2014Q1": 56.130001, "2014Q2": 63.849998, "2014Q4": 57.75, "2008Q3": 7.52, "2008Q1": 13.426667, "2008Q2": 10.716667, "2008Q4": 12.04, "2017Q3": 38.299999, "2017Q1": 34.549999, "2017Q2": 34.299999, "2017Q4": 39, "2022Q3": 42.560001, "2022Q1": 38.669998, "2022Q2": 31.059999, "2022Q4": 23.950001, "2013Q3": 54.23, "2013Q1": 52.080002, "2013Q2": 57.299999, "2013Q4": 56.740002, "2018Q3": 27.32, "2018Q1": 36.200001, "2018Q2": 28.190001, "2018Q4": 29.360001, "2011Q3": 23.256666, "2011Q1": 25.013332, "2011Q2": 24.200001, "2011Q4": 23.77, "2020Q3": 36.860001, "2020Q1": 44.119999, "2020Q2": 36.32, "2020Q4": 39.27, "2016Q3": 35.950001, "2016Q1": 28.889999, "2016Q2": 27, "2016Q4": 36.400002, "2007Q3": 12.506667, "2007Q1": 17.416668, "2007Q2": 15.036667, "2007Q4": 14.67, "2023Q3": 26.2, "2023Q1": 21.67, "2023Q2": 16.89, "2019Q3": 38.549999, "2019Q1": 32.529999, "2019Q2": 36.779999, "2019Q4": 34.389999, "2021Q3": 45.049999, "2021Q1": 41.779999, "2021Q2": 45.73, "2021Q4": 39.119999, "2015Q3": 22.629999, "2015Q1": 63.970001, "2015Q2": 45, "2015Q4": 25.040001, "2012Q3": 38.976665, "2012Q1": 31.643333, "2012Q2": 33.060001, "2012Q4": 47.516666, "2009Q3": 17.75, "2009Q1": 14.873333, "2009Q2": 15.58, "2009Q4": 21.153334, "2010Q3": 28.333332, "2010Q1": 23.296667, "2010Q2": 21.846666, "2010Q4": 27.780001}