{"2023Q1": 0.202469, "2020Q2": 0.1073966, "2020Q4": 0.1373268, "2020Q1": 0.1188405, "2020Q3": 0.1980675, "2022Q2": 0.237681, "2022Q4": 0.1778206, "2022Q3": 0.272893, "2018Q4": 0.1540525, "2012Q4": 0.1294041, "2021Q2": 0.355641217606, "2021Q4": 0.2878581, "2021Q3": 0.4155016, "2019Q2": 0.114439, "2019Q4": 0.08274820000000001, "2019Q1": 0.1338056, "2019Q3": 0.10563600000000001}