{"2010Q2": 10.374776299999999, "2010Q4": 10.678487549999998, "2016Q2": 11.8082934, "2016Q4": 16.6190796, "2017Q4": 20.822442085155, "2021Q4": 13.096029099999999, "2019Q4": 11.55317595, "2012Q2": 30.371125, "2012Q4": 31.719604164845, "2020Q4": 8.9169623, "2018Q4": 18.5628316, "2011Q2": 51.059934135155, "2011Q4": 63.17194, "2013Q2": 25.341667914845, "2013Q4": 18.4899409, "2015Q2": 16.75271255, "2015Q4": 13.472631049999999, "2009Q4": 10.70278445, "2014Q2": 17.250798999999997, "2014Q4": 18.0282998}