{"2015Q4": 0.059027100869999995, "2020Q1": 0.7759068648399999, "2020Q2": 0.76136406466, "2020Q3": 0.7759068648399999, "2020Q4": 0.71431345709, "2016Q1": 0.54150947897, "2016Q4": 0.5894155476199999, "2017Q1": 1.03511290838, "2017Q2": 0.57658355506, "2017Q3": 1.03511290838, "2017Q4": 0.81354740053, "2023Q1": 2.3814775, "2021Q1": 2.09422799829, "2021Q2": 1.5406670786799999, "2021Q3": 2.09422799829, "2021Q4": 1.70068797282, "2019Q1": 0.69378223845, "2019Q2": 0.5996810996699999, "2019Q3": 0.69378223845, "2019Q4": 0.50386901964, "2018Q1": 0.72885635272, "2018Q2": 0.63304427269, "2018Q3": 0.72885635272, "2018Q4": 0.71003615169, "2022Q1": 1.87990155207, "2022Q2": 1.9188680409799999, "2022Q3": 1.87990155207, "2022Q4": 2.1060980839299996}