{"2014Q3": 6.43, "2014Q1": 7.71, "2014Q2": 6.25, "2014Q4": 6.75, "2006Q3": 15.07, "2006Q1": 11.87, "2006Q2": 11.52, "2006Q4": 13.17, "2008Q3": 0.89187, "2008Q1": 2.88, "2008Q2": 2.56, "2008Q4": 1.22, "2017Q3": 16.67, "2017Q1": 14.54, "2017Q2": 16.62, "2017Q4": 18.76, "2022Q3": 16.76, "2022Q1": 17.06, "2022Q2": 16.56, "2022Q4": 20.44, "1995Q3": 8.79, "1995Q1": 9.83, "1995Q2": 12.32, "1995Q4": 7.32, "2003Q3": 24.88, "2003Q1": 20.36, "2003Q2": 22, "2003Q4": 28.7, "2013Q3": 6.41, "2013Q1": 8.21, "2013Q2": 6.62, "2013Q4": 6.98, "2000Q3": 7.14, "2000Q1": 6.08, "2000Q2": 7.02, "2000Q4": 9.08, "1994Q3": 0, "1994Q1": 0, "1994Q2": 0, "1994Q4": 9.72, "2018Q3": 18.86, "2018Q1": 17.01, "2018Q2": 19.62, "2018Q4": 17.26, "2011Q3": 5.67, "2011Q1": 6.44, "2011Q2": 6.39, "2011Q4": 5.05, "2020Q3": 17.71, "2020Q1": 11.85, "2020Q2": 17.38, "2020Q4": 18.77, "1997Q3": 11.37, "1997Q1": 10.16, "1997Q2": 10.64, "1997Q4": 9.94, "2016Q3": 16.33, "2016Q1": 15.67, "2016Q2": 15.74, "2016Q4": 13.36, "2002Q3": 18.98, "2002Q1": 23.68, "2002Q2": 22.7, "2002Q4": 22.26, "1996Q3": 7.5, "1996Q1": 8.79, "1996Q2": 8.67, "1996Q4": 8.79, "2007Q3": 6.24, "2007Q1": 12.09, "2007Q2": 12.2, "2007Q4": 5.17, "2004Q3": 29.12, "2004Q1": 30.3, "2004Q2": 34.18, "2004Q4": 23.43, "2023Q3": 18.55, "2023Q1": 20.28, "2023Q2": 16.33, "1998Q3": 7.38, "1998Q1": 6.57, "1998Q2": 9.39, "2019Q3": 15.21, "2019Q1": 17.78, "2019Q2": 16.01, "2019Q4": 16.4, "2021Q3": 18.96, "2021Q1": 19.32, "2021Q2": 19.65, "2021Q4": 21.29, "2005Q3": 16.16, "2005Q1": 23.2, "2005Q2": 21.07, "2005Q4": 13.6, "1993Q4": 0, "2015Q3": 12.39, "2015Q1": 10.05, "2015Q2": 10.43, "2015Q4": 13.16, "1999Q4": 6.08, "2012Q3": 6.13, "2012Q1": 5.19, "2012Q2": 6.57, "2012Q4": 6.36, "2001Q3": 18.67, "2001Q1": 14.21, "2001Q2": 13.16, "2001Q4": 20.13, "2009Q3": 6.19, "2009Q1": 0.99447, "2009Q2": 5.17, "2009Q4": 6.84, "2010Q3": 6.38, "2010Q1": 6.25, "2010Q2": 4.88, "2010Q4": 7.06}