{"2019Q3": 55.26, "2019Q2": 67.41, "2019Q1": 45.05, "2019Q4": 50.69, "2007Q4": 14.05, "2021Q3": 30.02, "2021Q2": 42.21, "2021Q1": 40.95, "2021Q4": 30.78, "2023Q3": 31.15, "2023Q2": 33.630001, "2023Q1": 26.73, "2022Q3": 24.93, "2022Q2": 23.86, "2022Q1": 28.64, "2022Q4": 29.120001, "2017Q3": 24.73, "2017Q2": 29.02, "2017Q1": 24.96, "2017Q4": 32.59, "2020Q3": 31.41, "2020Q2": 38.69, "2020Q1": 33.31, "2020Q4": 44.82, "2018Q3": 31.76, "2018Q2": 38.11, "2018Q1": 30.06, "2018Q4": 40.11, "2008Q3": 5.69, "2008Q2": 10.46, "2008Q1": 12.47, "2015Q3": 24.49, "2015Q2": 21.29, "2015Q1": 21.55, "2015Q4": 11.1, "2016Q3": 21.8, "2016Q2": 18.83, "2016Q1": 11.55, "2016Q4": 23.09}