{"2015Q1": 13.754790377726998, "2015Q2": 16.69182988339, "2015Q3": 17.647468183197997, "2015Q4": 18.029721202576997, "2010Q4": 5.792000167640999, "2012Q1": 7.454830050725999, "2012Q2": 7.056566906759, "2012Q3": 6.058913879096, "2012Q4": 5.401923496350999, "2011Q1": 5.387631019040999, "2011Q2": 5.086118092926999, "2011Q3": 6.492915422861999, "2011Q4": 6.342617405601, "2020Q1": 21.912997265968, "2020Q2": 39.217312673032, "2020Q3": 47.825989675423, "2020Q4": 57.664473995700995, "2016Q1": 15.417644097775998, "2016Q2": 31.7814083402, "2016Q3": 44.85279351439499, "2016Q4": 64.58625769984899, "2013Q1": 4.769265526131, "2013Q2": 5.028540460733, "2013Q3": 5.103037625409, "2013Q4": 4.904378704389, "2017Q4": 46.275894357597, "2023Q1": 23.945598884624996, "2023Q2": 25.084246999999998, "2023Q3": 26.747290999999997, "2021Q1": 60.670680194259, "2021Q2": 85.33168859408698, "2021Q3": 50.541559809975, "2021Q4": 54.445176841704, "2019Q1": 46.003685652632996, "2019Q2": 43.894052944592, "2019Q3": 41.37609872529799, "2019Q4": 30.215438297284997, "2018Q1": 59.668686205994995, "2018Q2": 49.37910466539199, "2018Q3": 56.293267054649, "2018Q4": 48.998007323006, "2014Q1": 5.028540460733, "2014Q2": 6.387281916896, "2014Q3": 5.919302305405, "2014Q4": 7.778571222944, "2022Q1": 50.95246555301699, "2022Q2": 33.303649195483, "2022Q3": 34.335785717659995, "2022Q4": 28.074148992355997}