{"2015Q2": 163.409588245059, "2015Q4": 190.97513682259702, "2016Q2": 229.48879718286798, "2016Q4": 291.64417969215805, "2013Q4": 0, "2017Q4": 464.82046944628206, "2018Q4": 426.060061100981, "2014Q2": 0, "2014Q4": 0}