{"2023Q2": 1.0179, "2023Q1": 1.01088, "2020Q2": 0.68796, "2020Q4": 0.83538, "2020Q1": 0.8073, "2020Q3": 0.77922, "2022Q2": 1.25658, "2022Q4": 1.02492, "2022Q1": 1.31274, "2022Q3": 1.1934, "2021Q2": 1.25658, "2021Q4": 1.5163200000000001, "2021Q1": 0.85644, "2021Q3": 1.13022, "2019Q4": 1.4040000000000001}