{"2022Q3": 4.06206608, "2022Q4": 4.65481392, "2022Q1": 4.018481680000001, "2022Q2": 4.19281928, "2020Q3": 2.64993152, "2020Q4": 2.8417028799999997, "2020Q1": 2.2663888, "2020Q2": 2.3884251200000004, "2016Q3": 1.4034176800000002, "2016Q4": 1.6213396800000002, "2016Q1": 1.60390592, "2016Q2": 1.4121345600000001, "2015Q3": 1.08961, "2015Q4": 1.20292944, "2015Q2": 1.1506281600000001, "2019Q3": 1.7520928799999997, "2019Q4": 1.97873176, "2019Q1": 2.0920511999999998, "2019Q2": 2.397142, "2018Q3": 1.92643048, "2018Q4": 1.961298, "2018Q1": 2.1879368799999996, "2018Q2": 1.9438642400000001, "2017Q3": 2.07461744, "2017Q4": 2.1007680800000004, "2017Q1": 2.0397499199999998, "2017Q2": 2.1443524800000002, "2021Q3": 3.73954152, "2021Q4": 3.41701696, "2021Q1": 3.43445072, "2021Q2": 3.8702947200000004}