{"2023Q2": 21.086691469999998, "2023Q1": 19.277117679999996, "2022Q3": 15.68609819, "2022Q2": 14.18593339, "2022Q1": 15.020400059999998, "2022Q4": 19.333373860000002, "2017Q3": 23.8151162, "2017Q2": 21.89303005, "2017Q1": 20.67414615, "2017Q4": 24.049516949999997, "2020Q3": 6.96639029, "2020Q2": 7.14453486, "2020Q1": 6.14129965, "2020Q4": 8.51343524, "2016Q4": 23.383818820000002, "2018Q3": 17.401911679999998, "2018Q2": 19.73654315, "2018Q1": 21.27421207, "2018Q4": 13.698379829999999, "2019Q3": 14.78599931, "2019Q2": 14.560974589999999, "2019Q1": 14.09217309, "2019Q4": 12.35760754, "2021Q3": 11.579397049999999, "2021Q2": 12.77952889, "2021Q1": 11.48563675, "2021Q4": 11.75754162}