{"2023Q3": 61.07, "2023Q2": 54.42, "2023Q1": 45.23, "2022Q3": 47.59, "2022Q2": 41.720001, "2022Q1": 38.32, "2022Q4": 44.860001, "2020Q3": 31.68, "2020Q2": 35.52, "2020Q1": 35.990002, "2020Q4": 36.77, "2018Q4": 0, "2019Q3": 37.799999, "2019Q2": 35.93, "2019Q1": 32.959999, "2019Q4": 32.91, "2021Q3": 36.049999, "2021Q2": 32, "2021Q1": 41.91, "2021Q4": 30.76}