{"2017Q2": 0.5345442700000002, "2017Q4": 0.60091712, "2017Q1": 0.6504539300000001, "2017Q3": 0.6284375700000001, "2023Q2": 0.38010598000000007, "2023Q1": 0.43611819000000007, "2016Q2": 0.6702039000000001, "2016Q4": 0.8955478200000001, "2016Q1": 0.3788109, "2016Q3": 0.7109989200000001, "2015Q2": 0.41086413000000005, "2015Q4": 0.34902406, "2015Q1": 0.26711025000000005, "2015Q3": 0.3949994, "2020Q2": 0.46558126000000005, "2020Q4": 0.46169602000000004, "2020Q1": 0.27876597000000003, "2020Q3": 0.53713443, "2022Q2": 0.40892151000000004, "2022Q4": 0.44518375000000004, "2022Q1": 0.40892151000000004, "2022Q3": 0.48468369000000006, "2018Q2": 0.40050349, "2018Q4": 0.23926603000000002, "2018Q1": 0.47561813000000003, "2018Q3": 0.37265927000000004, "2012Q4": 0, "2021Q2": 0.55008523, "2021Q4": 0.44906899, "2021Q1": 0.6125728400000001, "2021Q3": 0.48176976000000005, "2019Q2": 0.55299916, "2019Q4": 0.4565157, "2019Q1": 0.28362252000000004, "2019Q3": 0.53324919, "2013Q2": 0.10360640000000002, "2013Q4": 0.09648346000000001, "2013Q1": 0, "2013Q3": 0.09939739, "2014Q2": 0.09259822000000001, "2014Q4": 0.1554096, "2014Q1": 0.09486461000000002, "2014Q3": 0.13824979}