{"2017Q2": 822.293091, "2017Q4": 1325.249023, "2017Q1": 842.251587, "2017Q3": 902.12738, "2023Q2": 3620, "2023Q1": 4969.930664, "2023Q3": 3220, "2016Q2": 383.204559, "2016Q4": 574.806824, "2016Q1": 365.641022, "2016Q3": 427.113434, "2015Q2": 353.665863, "2015Q4": 231.519409, "2015Q1": 608.466858, "2015Q3": 231.519409, "2020Q2": 1252.952148, "2020Q4": 1831.967896, "2020Q1": 990.086914, "2020Q3": 1528.221924, "2022Q2": 2799.960938, "2022Q4": 4329.939453, "2022Q1": 2719.962158, "2022Q3": 2729.961914, "2018Q2": 1315.553345, "2018Q4": 1463.091919, "2018Q1": 1916.022949, "2018Q3": 1672.105103, "2021Q2": 1909.973389, "2021Q4": 2169.969727, "2021Q1": 1841.459961, "2021Q3": 2369.967041, "2019Q2": 1419.416748, "2019Q4": 1406.274048, "2019Q1": 1499.976563, "2019Q3": 1209.13269, "2013Q4": 836.916931, "2014Q2": 988.274109, "2014Q4": 716.983215, "2014Q1": 1015.216553, "2014Q3": 930.140442}