{"2020Q1": 3.7365514757550002, "2020Q2": 5.77128169842, "2020Q3": 4.571312151105, "2020Q4": 5.71242486402, "2023Q1": 12.519959624235, "2021Q1": 8.83787040486, "2021Q2": 9.605929948650001, "2021Q3": 10.726223778795001, "2021Q4": 12.454338682905, "2019Q1": 6.708442685175, "2019Q2": 7.2972632376, "2019Q3": 5.813633029260001, "2019Q4": 6.440054782140001, "2018Q4": 8.51171693022, "2022Q1": 12.394747368360001, "2022Q2": 10.192066019204999}