{"2013Q2": 1.60624992, "2013Q4": 1.47848004, "2009Q2": 13.455993648, "2009Q4": 11.4012714492, "2008Q2": 1.2727705331999999, "2008Q4": 1.4545688196, "2010Q4": 5.773373292, "2012Q2": 3.1212356399999996, "2012Q4": 2.90220156, "2006Q2": 9.2737204188, "2006Q4": 6.364217722799999, "2011Q2": 4.3806816, "2011Q4": 3.07560354, "2007Q2": 7.455372498, "2007Q4": 2.9093201676000002}