{"2017Q2": 0.54579679578, "2017Q4": 0.48524472179999995, "2017Q1": 0.58213592712, "2017Q3": 0.52423912698, "2016Q2": 0.43877085714, "2016Q4": 0.5800524573, "2016Q1": 0.41056185881999996, "2016Q3": 0.50701928178, "2015Q2": 0.45986845374, "2015Q4": 0.42053228064, "2015Q1": 0.42673011042000003, "2015Q3": 0.40458749268, "2018Q2": 0.4121261043, "2018Q4": 0.26682873108, "2018Q1": 0.43758781434, "2018Q3": 0.34208339808000005, "2012Q2": 0.25223129742, "2012Q4": 0.26095295184, "2012Q1": 0.23831739959999998, "2012Q3": 0.25242189876, "2011Q4": 0.18429835086, "2019Q2": 0.34951027788, "2019Q4": 0.390732747, "2019Q1": 0.38313498324, "2019Q3": 0.36889246242, "2013Q2": 0.35603015819999995, "2013Q4": 0.29702261232, "2013Q1": 0.31211955294, "2013Q3": 0.32042714238000003, "2014Q2": 0.3183699624, "2014Q4": 0.36766998485999997, "2014Q1": 0.3078211641, "2014Q3": 0.36957599826}