{"2015Q1": 2.22548928, "2015Q2": 2.1857484, "2015Q3": 1.8015865600000003, "2015Q4": 1.8015865600000003, "2010Q1": 1.6558700000000002, "2010Q2": 1.3644368800000002, "2010Q3": 1.70885784, "2010Q4": 3.3779748, "2012Q1": 2.21224232, "2012Q2": 2.3314649600000004, "2012Q3": 2.26523016, "2012Q4": 2.2519832, "2011Q1": 2.7156268, "2011Q2": 3.07329472, "2011Q3": 2.1062666400000003, "2011Q4": 2.1327605600000004, "2020Q1": 1.2904128675200002, "2020Q2": 1.7883396000000003, "2020Q3": 1.7221048, "2020Q4": 2.23873624, "2016Q1": 1.3511899200000002, "2016Q2": 1.3776838400000002, "2016Q3": 2.43744064, "2016Q4": 2.3447119200000004, "2013Q1": 2.79510856, "2013Q2": 3.07329472, "2013Q3": 4.42448464, "2013Q4": 4.75565864, "2017Q1": 1.89431528, "2017Q2": 2.15925448, "2017Q3": 2.2917240800000003, "2017Q4": 1.86782136, "2023Q1": 1.1723559600000002, "2023Q2": 0.919339024, "2021Q1": 2.5169224, "2021Q2": 2.50367544, "2021Q3": 2.68913288, "2021Q4": 2.59640416, "2019Q1": 1.56314128, "2019Q2": 1.7618456800000002, "2019Q3": 1.61612912, "2019Q4": 1.3644368800000002, "2018Q1": 1.7618456800000002, "2018Q2": 1.7353517600000001, "2018Q3": 2.02678488, "2018Q4": 1.60288216, "2009Q4": 1.7353517600000001, "2014Q1": 4.00058192, "2014Q2": 3.5766792000000005, "2014Q3": 2.54341632, "2014Q4": 1.987044, "2022Q1": 2.19899536, "2022Q2": 1.4836595200000002, "2022Q3": 0.8888710160000001}