{"2014Q4": 0.090035084412, "2008Q4": 0, "2016Q2": 0.072057912444, "2016Q4": 0.10889589992399999, "2016Q3": 0.076810666296, "2016Q1": 0.06375692988, "2019Q2": 0.16133321946, "2019Q4": 0.09275721369599998, "2019Q3": 0.12094115132399999, "2019Q1": 0.209775611892, "2013Q1": 0.057237864264, "2021Q2": 0.153064422588, "2021Q4": 0.132572865348, "2021Q3": 0.15866765896799997, "2021Q1": 0.16544421012, "2020Q2": 0.104033909784, "2020Q4": 0.14656193748, "2020Q3": 0.096486852672, "2020Q1": 0.0554715525, "2023Q2": 0.06339606, "2023Q1": 0.05364282, "2018Q2": 0.243459401556, "2018Q4": 0.200709975312, "2018Q3": 0.22431574208399999, "2018Q1": 0.282767884728, "2017Q2": 0.075644178792, "2017Q4": 0.47593860552, "2017Q3": 0.160684629, "2017Q1": 0.078720350688, "2015Q2": 0.091370302968, "2015Q4": 0.066757026504, "2015Q3": 0.092004263568, "2015Q1": 0.08713056954, "2009Q1": 0, "2022Q2": 0.09354820146, "2022Q4": 0.076806765, "2022Q3": 0.09467470068, "2022Q1": 0.101548784232, "2012Q4": 0.028618932132}