{"2021Q3": 2.7396938800000004, "2021Q1": 3.5063880600000004, "2021Q2": 5.641428800000001, "2021Q4": 1.98950388, "2020Q3": 1.6099077400000001, "2020Q1": 1.0787732200000002, "2020Q2": 1.44336556, "2020Q4": 3.4268679200000003, "2023Q1": 2.5131365, "2022Q3": 2.17255024, "2022Q1": 1.8079579000000001, "2022Q2": 2.17255024, "2022Q4": 2.5386429600000002, "2019Q3": 1.200304, "2019Q2": 1.58440128, "2019Q4": 1.21380742}