{"2020Q1": 150.772256785458, "2020Q3": 170.29305987945602, "2020Q4": 204.03286548181802, "2016Q4": 0, "2017Q1": 0, "2017Q3": 0, "2017Q4": 0, "2021Q1": 212.334991753452, "2021Q3": 195.62625057275702, "2021Q4": 203.86316344759499, "2019Q1": 181.031460974499, "2019Q3": 174.218572865418, "2018Q1": 0, "2018Q3": 165.57153797915103, "2022Q4": 132.158132565744}