{"2023Q3": 29.8, "2023Q2": 34.25, "2023Q1": 22.99, "2022Q3": 26.440001, "2022Q2": 46.16, "2022Q1": 49.299999, "2022Q4": 31.719999, "2017Q3": 40.950001, "2017Q2": 37.700001, "2017Q1": 38.200001, "2017Q4": 45.700001, "2020Q3": 100.709999, "2020Q2": 102.540001, "2020Q1": 84.43, "2020Q4": 137.5, "2015Q3": 27.73, "2015Q2": 27.950001, "2015Q1": 23.48, "2015Q4": 18.309999, "2016Q3": 27, "2016Q2": 28.75, "2016Q1": 24.74, "2016Q4": 35.799999, "2014Q3": 17.91, "2014Q4": 19.08, "2018Q3": 53.740002, "2018Q2": 59.650002, "2018Q1": 55.200001, "2018Q4": 65.150002, "2019Q3": 68.779999, "2019Q2": 86.010002, "2019Q1": 69.32, "2019Q4": 84.769997, "2021Q3": 87.110001, "2021Q2": 92.440002, "2021Q1": 94.93, "2021Q4": 66.07}