{"2020Q4": 0.83596022, "2023Q1": 0.8231530300000001, "2023Q2": 0.87438179, "2021Q1": 0.6287166000000001, "2021Q2": 0.78589575, "2021Q3": 0.67761678, "2021Q4": 0.7102169, "2022Q1": 0.88718898, "2022Q2": 0.95006064, "2022Q3": 0.7451456000000001, "2022Q4": 0.7987029400000001}