{"2022Q4": 2.48029955, "2022Q1": 2.14004185, "2022Q2": 2.4176205, "2020Q3": 2.4892537, "2020Q4": 2.6325201, "2020Q1": 2.06840865, "2020Q2": 2.42657465, "2016Q3": 1.8624631999999999, "2016Q4": 1.92514225, "2016Q1": 1.67442605, "2016Q2": 1.6475636, "2015Q3": 1.67442605, "2015Q4": 1.56697625, "2015Q1": 1.3699849499999999, "2015Q2": 1.56697625, "2019Q3": 1.6923343499999999, "2019Q4": 2.3818039, "2019Q1": 2.49820785, "2019Q2": 2.686245, "2018Q3": 2.1669042999999997, "2018Q4": 2.3459873, "2018Q1": 2.0773628, "2018Q2": 2.05050035, "2013Q3": 1.4863889, "2013Q4": 1.5222054999999999, "2013Q1": 1.3520766499999999, "2013Q2": 1.3699849499999999, "2014Q3": 2.0236378999999998, "2014Q4": 1.60279285, "2014Q1": 1.6833801999999998, "2014Q2": 1.5759303999999998, "2012Q4": 1.0834521499999998, "2017Q3": 1.6296553, "2017Q4": 1.7997841499999998, "2017Q1": 1.8266466, "2017Q2": 1.8982798, "2021Q3": 2.65938255, "2021Q4": 2.3191248499999997, "2021Q1": 2.7757865, "2021Q2": 2.6683367}