{"2015Q1": 1.5188262247120001, "2015Q2": 1.4058561498320001, "2015Q3": 1.2207100133920001, "2015Q4": 1.2144336037440002, "2010Q1": 1.594140491096, "2010Q2": 1.280333255656, "2010Q3": 1.3430947027440001, "2010Q4": 1.4058561498320001, "2012Q1": 0.8598310302880001, "2012Q2": 0.7405845457600001, "2012Q3": 0.93389080956, "2012Q4": 1.4184076444320002, "2011Q1": 1.7447676991680001, "2011Q2": 1.330541883448, "2011Q3": 1.0543917812, "2011Q4": 0.90501906024, "2020Q1": 7.488518410264001, "2020Q2": 8.862992511856, "2020Q3": 10.138280000448, "2020Q4": 12.594226643568001, "2016Q1": 1.161086771128, "2016Q2": 1.3650621365120001, "2016Q3": 1.575311262152, "2016Q4": 2.127612791344, "2013Q1": 1.317990388848, "2013Q2": 1.305437569552, "2013Q3": 1.4937219108160003, "2013Q4": 1.5690361772, "2017Q1": 2.7583667917440002, "2017Q2": 3.043930183768, "2017Q3": 3.185142777368, "2017Q4": 3.8049123985360005, "2023Q1": 6.48292313092, "2023Q2": 8.0806456, "2021Q1": 13.498118387512, "2021Q2": 16.70270770216, "2021Q3": 16.994033521784, "2021Q4": 22.747728725752, "2019Q1": 5.729810935088, "2019Q2": 7.652831052712, "2019Q3": 8.429887128744001, "2019Q4": 9.336950194912001, "2018Q1": 4.922851171552001, "2018Q2": 4.687495082624, "2018Q3": 5.533585041304, "2018Q4": 5.258868260128001, "2009Q4": 1.8200806408560002, "2014Q1": 1.898533112064, "2014Q2": 1.594140491096, "2014Q3": 1.6286594194640003, "2014Q4": 1.594140491096, "2022Q1": 7.145134687232001, "2022Q2": 5.455924738304, "2022Q3": 5.366062660448, "2022Q4": 6.04644904588}