{"2016Q2": 178.19516, "2016Q4": 320.562714, "2012Q4": 0, "2015Q2": 148.89502, "2015Q4": 148.89502, "2018Q4": 270.848724, "2013Q2": 74.29348, "2013Q4": 102.903381, "2014Q2": 158.435974, "2014Q4": 137.992615, "2017Q4": 419.33429}