{"2014Q3": 4.3811198099999995, "2014Q1": 4.435347599999999, "2014Q2": 4.5000972, "2014Q4": 4.3511731199999995, "2021Q3": 8.301708089999998, "2021Q1": 6.343842059999999, "2021Q2": 8.19163377, "2021Q4": 7.41949479, "2018Q3": 7.52228478, "2018Q1": 6.77847375, "2018Q2": 6.81084855, "2018Q4": 5.77971117, "2011Q3": 1.6705396799999999, "2011Q1": 0, "2011Q2": 0, "2011Q4": 1.6988676299999999, "2020Q3": 3.4713879299999997, "2020Q1": 4.13264322, "2020Q2": 4.08974661, "2020Q4": 6.09131862, "2015Q3": 5.3580293999999995, "2015Q1": 4.555134359999999, "2015Q2": 5.39121357, "2015Q4": 5.23419579, "2017Q3": 6.56722818, "2017Q1": 6.683777459999999, "2017Q2": 6.96301011, "2017Q4": 6.501669209999999, "2012Q3": 2.79151713, "2012Q1": 2.0064282299999996, "2012Q2": 2.24438301, "2012Q4": 3.38964156, "2022Q3": 8.69910876, "2022Q1": 9.76747716, "2022Q2": 7.28675811, "2016Q3": 6.64330896, "2016Q1": 5.96748501, "2016Q2": 6.30256419, "2016Q4": 6.908782319999999, "2019Q3": 5.984481779999999, "2019Q1": 6.25319262, "2019Q2": 6.54294708, "2019Q4": 6.986481839999999, "2013Q3": 4.31475147, "2013Q1": 3.6923459399999996, "2013Q2": 4.0039533899999995, "2013Q4": 4.59964971, "2010Q4": 0}