{"2015Q4": 0, "2020Q1": 0.279820783344, "2020Q2": 0.3098016, "2020Q3": 0.38725200000000004, "2020Q4": 0.392248783344, "2016Q1": 0, "2016Q2": 0, "2016Q4": 0.9608513280000001, "2017Q1": 0.936600158688, "2017Q2": 1.007754657312, "2017Q3": 1.0204131840000001, "2017Q4": 1.0591883353440001, "2023Q1": 0.18738000000000002, "2021Q1": 0.432223216656, "2021Q2": 0.399744, "2021Q3": 0.40140960000000003, "2021Q4": 0.429724783344, "2019Q1": 0.7728384333120001, "2019Q2": 0.501678736656, "2019Q3": 0.37909056, "2019Q4": 0.24817440000000002, "2018Q1": 0.8132125606560001, "2018Q2": 0.834931934688, "2018Q3": 0.8369307046560001, "2018Q4": 0.79682304, "2022Q1": 0.37559278334400004, "2022Q2": 0.404740783344, "2022Q3": 0.417232783344, "2022Q4": 0.1798848}