{"2020Q4": 1.68360138, "2023Q1": 1.81429574, "2021Q2": 1.72356693, "2021Q3": 1.56678979, "2021Q4": 1.14343542, "2022Q1": 1.23851136, "2022Q2": 1.41379886, "2022Q3": 1.73380372, "2022Q4": 1.4028609200000002}