{"2023Q2": 0.0667, "2023Q1": 0.06814451201, "2020Q2": 0.055637654925, "2020Q4": 0.078266758075, "2020Q1": 0.043575039965, "2020Q3": 0.05352436145, "2022Q2": 0.061805487990000005, "2022Q4": 0.060220735435000006, "2022Q1": 0.076246972365, "2022Q3": 0.058635975980000005, "2021Q2": 0.068167815265, "2021Q4": 0.066148036455, "2021Q1": 0.078771700995, "2021Q3": 0.069177715135}