{"2015Q2": 0.02118624, "2015Q4": 0.021916799999999997, "2020Q1": 0.011585403119999999, "2020Q2": 0.01055220864, "2020Q3": 0.011585403119999999, "2020Q4": 0.0170074368, "2016Q1": 0.027395999999999997, "2016Q2": 0.03177936, "2016Q4": 0.031596719999999995, "2017Q2": 0.039632879999999995, "2017Q3": 0.052235039999999996, "2017Q4": 0.0429204, "2023Q1": 0.2246472, "2021Q1": 0.08237064, "2021Q2": 0.05954063999999999, "2021Q3": 0.08237064, "2021Q4": 0.07597824, "2019Q1": 0.011439656399999998, "2019Q2": 0.01401688944, "2019Q3": 0.011439656399999998, "2019Q4": 0.004619513519999999, "2018Q1": 0.02283, "2018Q2": 0.02283, "2018Q3": 0.02283, "2018Q4": 0.02776128, "2014Q4": 0, "2022Q1": 0.20236511999999998, "2022Q2": 0.1305876, "2022Q3": 0.20236511999999998, "2022Q4": 0.16948992}