{"2015Q2": 1.8424716605999998, "2015Q4": 1.4993211281699999, "2020Q2": 2.9239992997199997, "2020Q4": 4.26604015674, "2021Q2": 4.94505006195, "2021Q4": 3.5039211655199995, "2019Q2": 3.02300228109, "2019Q4": 1.8908309396999998, "2018Q4": 3.3958348097099997, "2022Q2": 3.13781386332, "2022Q4": 2.0726614507799996}