{"2020Q1": 60.70531564093499, "2020Q2": 62.310452134174994, "2020Q3": 114.30563538831498, "2020Q4": 130.355940805405, "2017Q4": 0, "2023Q1": 64.18800499999999, "2023Q2": 73.60959530582, "2021Q1": 118.42381161698499, "2021Q2": 130.51433118164, "2021Q3": 143.63440513414997, "2021Q4": 199.73128262489496, "2019Q1": 49.00120924380499, "2019Q2": 50.806982013515, "2019Q3": 55.287989067255, "2019Q4": 96.97691593313499, "2018Q1": 46.37056633929999, "2018Q2": 43.851401745865, "2018Q3": 50.494879547314994, "2018Q4": 43.450112388339996, "2022Q1": 193.26364001182, "2022Q2": 147.54975938835997, "2022Q3": 146.00705, "2022Q4": 91.736505}