{"2020Q4": 0, "2023Q1": 5.713680982044, "2021Q2": 0, "2021Q4": 4.568483482044, "2022Q1": 3.258514241022, "2022Q2": 3.6858265359119997, "2022Q3": 3.9018759820440003, "2022Q4": 4.699753964088}