{"2020Q4": 69.624762451104, "2022Q4": 83.1578426721, "2021Q4": 144.732457119012}