{"2022Q4": 1.4505480000000002, "2023Q1": 1.8425880000000001, "2023Q2": 1.3172544}