{"2006Q3": 2.096723, "2006Q2": 1.684368, "2006Q1": 2.096723, "2006Q4": 2.477628, "1994Q2": 1.037441, "1994Q1": 1.419656, "1994Q4": 1.201248, "2003Q3": 2.166614, "2003Q2": 1.492168, "2003Q1": 0.978471, "2003Q4": 2.418221, "2011Q3": 1.541092, "2011Q2": 1.579531, "2011Q1": 1.995382, "2011Q4": 1.810171, "2012Q3": 1.956942, "2012Q2": 1.939469, "2012Q1": 1.991887, "2012Q4": 2.132963, "2019Q3": 2.94, "2019Q2": 4, "2019Q1": 3.87, "2019Q4": 2.38, "2007Q3": 1.960436, "2007Q2": 2.449672, "2007Q1": 2.439188, "2007Q4": 1.467706, "2009Q3": 0.824711, "2009Q2": 0.803744, "2009Q1": 0.590577, "2021Q4": 12.59, "2001Q3": 1.422277, "2001Q2": 2.037316, "2001Q1": 1.887051, "2001Q4": 1.834633, "1991Q3": 3.057721, "1991Q4": 3.385334, "2014Q3": 3.284348, "2014Q2": 2.982006, "2014Q1": 2.712798, "1992Q2": 0.873635, "1992Q1": 5.132604, "1998Q3": 7.862712, "1998Q2": 4.149765, "1998Q4": 6.595941, "1996Q3": 3.188766, "1996Q2": 3.53822, "1996Q1": 4.411855, "1996Q4": 3.01404, "2023Q3": 21.8, "2023Q2": 17.37, "2023Q1": 12.83, "2022Q3": 16.610001, "2022Q2": 14.92, "2022Q1": 17.030001, "2022Q4": 12.98, "2017Q3": 5.522085, "2017Q2": 4.529835, "2017Q1": 4.124307, "2017Q4": 6.09, "2020Q3": 1.4, "2020Q2": 1.64, "2020Q1": 1.25, "1997Q3": 5.831511, "1997Q2": 4.586582, "1997Q1": 3.581902, "1993Q3": 1.146645, "1993Q2": 1.201248, "1993Q1": 0.382215, "1993Q4": 1.747269, "2018Q3": 4.17, "2018Q2": 4.77, "2018Q1": 5.13, "2018Q4": 3.74, "2008Q3": 0.349454, "2008Q2": 1.076318, "2008Q1": 1.502652, "2008Q4": 0.405366, "2013Q3": 2.671381, "2013Q2": 2.282063, "2013Q1": 2.319338, "2013Q4": 2.820481, "2002Q3": 1.331419, "2002Q2": 1.460717, "2002Q1": 1.757753, "2002Q4": 1.083307, "2000Q3": 1.725428, "2000Q2": 2.358813, "2000Q1": 3.494538, "2000Q4": 1.485179, "2005Q4": 2.166614, "1995Q3": 1.201248, "1995Q2": 1.310452, "1995Q1": 1.146645, "1995Q4": 2.129484, "2015Q4": 4.80594, "2010Q4": 1.708829, "2016Q3": 5.211468, "2016Q2": 4.780055, "2016Q1": 4.529835, "2016Q4": 4.771427, "1999Q3": 6.159123, "1999Q1": 5.460216, "1999Q4": 6.028079, "2004Q3": 1.404804, "2004Q2": 1.77872, "2004Q1": 1.946458}