{"2014Q4": 0, "2021Q3": 0.12007044, "2021Q1": 0.09708158400000001, "2021Q2": 0.1207605, "2018Q3": 0.0463326, "2018Q1": 0.051261600000000004, "2018Q2": 0.058162200000000004, "2018Q4": 0.05619060000000001, "2020Q3": 0.08290578, "2020Q1": 0.06713298, "2020Q2": 0.07925832, "2020Q4": 0.09700272, "2015Q3": 0, "2015Q1": 0, "2015Q2": 0, "2015Q4": 0, "2017Q3": 0, "2017Q1": 0, "2017Q2": 0, "2017Q4": 0, "2023Q3": 0.08241288, "2023Q1": 0.06240114, "2023Q2": 0.06023238000000001, "2022Q1": 0.057373560000000004, "2016Q3": 0, "2016Q1": 0, "2016Q2": 0, "2016Q4": 0, "2019Q3": 0.0744279, "2019Q1": 0.06516138, "2019Q2": 0.0601338, "2019Q4": 0.05086728}