{"2015Q1": 1.10053756636, "2015Q2": 1.098598211416, "2015Q3": 0.86685456848, "2015Q4": 0.601659702152, "2010Q1": 4.36317770912, "2010Q2": 3.1099596558880003, "2010Q3": 3.6475239420800003, "2010Q4": 3.3902838752320004, "2012Q1": 2.127171667576, "2012Q2": 1.726472322712, "2012Q3": 4.386261861616, "2012Q4": 4.1389172738880005, "2011Q1": 4.115831796696, "2011Q2": 3.776143975504, "2011Q3": 2.334943611696, "2011Q4": 2.2294090554640005, "2020Q1": 0.7484161485120001, "2020Q2": 0.6704312949920002, "2020Q3": 0.549819048888, "2020Q4": 0.6193616148000001, "2016Q1": 0.456989651992, "2016Q2": 0.780072408824, "2016Q3": 0.909034213816, "2016Q4": 0.8091614082880001, "2013Q1": 3.13139588656, "2013Q2": 1.3322798846000001, "2013Q3": 1.173259402672, "2013Q4": 1.2799199505040002, "2017Q1": 1.14514008068, "2017Q2": 1.1878045647520001, "2017Q3": 1.276041240616, "2017Q4": 1.184895532336, "2023Q1": 0.9360341676880001, "2023Q2": 0.965703384, "2021Q1": 0.7758320569280001, "2021Q2": 0.7994818546160001, "2021Q3": 0.7656054038080001, "2021Q4": 0.999351987096, "2019Q1": 1.235316111488, "2019Q2": 0.960776839576, "2019Q3": 0.9783012429600001, "2019Q4": 1.0391233351040001, "2018Q1": 1.161624597704, "2018Q2": 1.047206630096, "2018Q3": 0.9667273740080001, "2018Q4": 1.117020758688, "2009Q4": 4.181791059928, "2014Q1": 1.6037776544960003, "2014Q2": 1.1878045647520001, "2014Q3": 1.038480857544, "2014Q4": 0.9061251814000001, "2022Q1": 0.872880610584, "2022Q2": 0.776969970792, "2022Q3": 0.805111812616, "2022Q4": 0.821018762184}