{"2014Q3": 0.48, "2014Q1": 26.4, "2014Q2": 8.8, "2014Q4": 2.16, "2021Q3": 0.1024, "2021Q1": 0.09, "2021Q2": 0.101, "2021Q4": 0.06555, "2011Q3": 192, "2011Q1": 384, "2011Q2": 384, "2011Q4": 108, "2008Q4": 280, "2020Q4": 0.111, "2015Q3": 1.2, "2015Q1": 3.92, "2015Q2": 0.8, "2017Q3": 0.456, "2017Q1": 0.75648, "2017Q2": 0.624, "2023Q3": 0.0518, "2023Q1": 0.067, "2023Q2": 0.0538, "2012Q3": 124, "2012Q1": 72, "2012Q2": 192, "2012Q4": 100.800003, "2022Q3": 0.0668, "2022Q1": 0.065, "2022Q2": 0.065, "2022Q4": 0.065, "2019Q3": 0.0356, "2009Q3": 384, "2009Q1": 168, "2009Q2": 288, "2009Q4": 320, "2013Q3": 96, "2013Q1": 84, "2013Q2": 41.599998, "2013Q4": 39.84, "2010Q3": 256, "2010Q1": 240, "2010Q2": 72.800003, "2010Q4": 384}