{"2023Q2": 2.70480912, "2023Q1": 2.267330085305, "2022Q3": 2.93444047888, "2022Q2": 3.229995491578, "2022Q1": 3.64654216454, "2022Q4": 2.909107167308, "2017Q3": 2.504811459115, "2017Q2": 2.383542815994, "2017Q1": 2.49644779053, "2017Q4": 2.571717773554, "2020Q3": 4.186956091308, "2020Q2": 4.10321710819, "2020Q1": 2.92715830048, "2020Q4": 4.873617833498, "2015Q3": 1.667911441125, "2015Q2": 2.1238867754929998, "2015Q1": 2.803088619453, "2015Q4": 1.7879048360999998, "2010Q3": 5.547548333915, "2010Q2": 3.746189673221, "2010Q1": 3.941670649646, "2010Q4": 5.321183552202999, "2016Q3": 2.446267946335, "2016Q2": 2.92715830048, "2016Q1": 2.079889414067, "2016Q4": 2.279001510043, "2014Q2": 4.096237053501, "2014Q1": 4.287765714291999, "2018Q3": 1.446852679996, "2018Q2": 1.46357915024, "2018Q1": 2.588444243798, "2018Q4": 2.2999100313109997, "2011Q3": 3.1603444894229997, "2011Q2": 4.38845743534, "2011Q1": 4.017190307358, "2011Q4": 3.645039781782, "2012Q2": 3.59919066642, "2012Q1": 3.6024650459219996, "2012Q4": 4.142834759464, "2019Q3": 4.152383082428, "2019Q2": 2.910431830236, "2019Q1": 2.2999100313109997, "2019Q4": 6.590288227104, "2013Q3": 5.102726869463, "2013Q2": 5.071141721042, "2013Q1": 4.912452217130999, "2013Q4": 4.7601467562840005, "2009Q4": 5.549872995984, "2021Q3": 5.176413412147999, "2021Q2": 5.029713494817, "2021Q1": 3.4333043763199997, "2021Q4": 4.275256405575}