{"2021Q1": 7.626532869999999, "2021Q2": 7.30350437, "2016Q3": 3.90490452, "2016Q2": 3.90490452, "2016Q4": 4.15210633, "2020Q3": 6.907369419999999, "2020Q1": 8.79963637, "2020Q2": 7.31472536, "2020Q4": 6.75401589, "2015Q3": 3.64988202, "2015Q1": 3.7552913199999995, "2015Q4": 3.2081830499999997, "2018Q3": 4.65263049, "2018Q2": 4.65263049, "2018Q4": 4.65263049, "2013Q3": 0, "2013Q1": 0, "2013Q2": 0, "2013Q4": 0, "2014Q1": 0, "2014Q4": 3.7552913199999995, "2017Q3": 4.27587725, "2017Q4": 4.27587725, "2019Q3": 4.94675644, "2019Q2": 4.94675644, "2019Q4": 13.04253071}