{"2022Q4": 0.1644872, "2022Q2": 0.4113824872, "2022Q1": 0.1398963636, "2022Q3": 0.38440658639999997, "2021Q4": 0.153384314, "2023Q4": 0.00032897439999999997, "2023Q2": 0.01644872, "2023Q1": 0.11925321999999998, "2023Q3": 0.01644872, "2024Q1": 0.1644872}