{"2006Q3": 6.785, "2006Q2": 6.42, "2006Q1": 8.815, "2006Q4": 6.735, "2011Q3": 10.795, "2011Q2": 17.42, "2011Q1": 17.719999, "2011Q4": 17.705, "2012Q3": 18.01, "2012Q2": 19.145, "2012Q1": 18.719999, "2012Q4": 18.865, "2019Q3": 23.68, "2019Q2": 24.73, "2019Q1": 26.24, "2019Q4": 20.49, "2007Q3": 8.11, "2007Q2": 7.075, "2007Q1": 6.48, "2007Q4": 4.965, "2009Q3": 5.695, "2009Q2": 3.9, "2009Q1": 2.95, "2009Q4": 10.53, "2021Q3": 33.720001, "2021Q2": 30.780001, "2021Q1": 26.08, "2021Q4": 30.25, "2001Q3": 4.365, "2001Q2": 9.025, "2001Q1": 5.65625, "2001Q4": 5.25, "2014Q3": 17.48, "2014Q2": 17, "2014Q1": 17.879999, "2014Q4": 23.52, "2023Q3": 14.38, "2023Q2": 16.01, "2023Q1": 17.629999, "2022Q3": 19.860001, "2022Q2": 22.9, "2022Q1": 28.629999, "2022Q4": 21.1, "2017Q3": 17.34, "2017Q2": 17.57, "2017Q1": 15.94, "2017Q4": 21.15, "2020Q3": 24.24, "2020Q2": 25.709999, "2020Q1": 20.49, "2020Q4": 28.950001, "2018Q3": 25.25, "2018Q2": 25.41, "2018Q1": 21.120001, "2018Q4": 26.25, "2008Q3": 3.255, "2008Q2": 4.345, "2008Q1": 5.25, "2008Q4": 2.8, "2013Q3": 13.78, "2013Q2": 13.79, "2013Q1": 18.865, "2013Q4": 17.68, "2002Q1": 5.25, "2005Q3": 9.525, "2005Q2": 7.66, "2005Q1": 7.66, "2005Q4": 7.965, "2015Q3": 17.32, "2015Q2": 20.75, "2015Q1": 20.889999, "2015Q4": 10.87, "2010Q3": 17.18, "2010Q2": 10.235, "2010Q4": 17.674999, "2016Q3": 13.15, "2016Q2": 11.26, "2016Q1": 11.22, "2016Q4": 16.5, "2004Q3": 11.495, "2004Q2": 8.505, "2004Q4": 11.75}