{"2023Q1": 1.5488899999999999, "2023Q2": 1.538208, "2022Q2": 0.683648, "2022Q3": 0.7012733}