{"2023Q3": 1.61, "2023Q2": 2.17, "2022Q2": 3.05, "2022Q1": 4.41, "2020Q3": 14.2, "2020Q2": 14.98, "2020Q1": 12.81, "2020Q4": 28.18, "2018Q4": 0, "2019Q3": 19.370001, "2019Q2": 14.28, "2019Q1": 0, "2019Q4": 11.39, "2021Q3": 13.72, "2021Q2": 16.23, "2021Q1": 20.309999, "2021Q4": 8.91}