{"2015Q1": 5.822006099999999, "2015Q2": 6.5317378, "2015Q3": 6.2715112, "2015Q4": 4.4948003, "2010Q4": 0, "2012Q2": 0.8914892, "2012Q3": 0.9860030999999999, "2012Q4": 0.7225174, "2011Q2": 0.5387542999999999, "2011Q4": 0.36802759999999995, "2020Q1": 15.7630132, "2020Q2": 16.591576699999997, "2020Q3": 20.1520181, "2020Q4": 21.8119028, "2016Q1": 6.214853, "2016Q2": 5.495845399999999, "2016Q3": 4.9646121, "2016Q4": 6.1609525, "2013Q1": 0.9822426, "2013Q2": 1.0489288, "2013Q3": 1.4079312, "2013Q4": 1.8113074999999998, "2017Q1": 5.932314099999999, "2017Q2": 6.496389099999999, "2017Q3": 8.388171299999998, "2017Q4": 7.946187199999999, "2023Q1": 22.7267071, "2021Q1": 28.669801299999996, "2021Q2": 28.457458399999997, "2021Q3": 32.7557099, "2021Q4": 26.594506699999997, "2019Q1": 10.7522723, "2019Q2": 12.5783711, "2019Q3": 15.2959591, "2019Q4": 14.9068727, "2018Q1": 8.511265, "2018Q2": 9.068069699999999, "2018Q3": 9.0848666, "2018Q4": 9.4554012, "2014Q1": 2.3618447, "2014Q2": 2.9439701, "2014Q3": 3.4631697999999993, "2014Q4": 4.0167154, "2022Q1": 24.0381188, "2022Q2": 25.173288399999997, "2022Q3": 22.7530306, "2022Q4": 21.275404799999997}