{"2014Q4": 89.5494496, "2016Q2": 105.20735632000002, "2016Q1": 105.10138064000002, "2019Q2": 185.03353728000002, "2019Q1": 166.99117776000003, "2019Q3": 154.94969112, "2019Q4": 115.31478680000001, "2021Q2": 254.96423912000003, "2021Q1": 249.75818384000002, "2021Q3": 314.50932432, "2021Q4": 260.19678832, "2020Q2": 219.15770624, "2020Q1": 172.27671480000004, "2020Q3": 241.6907852, "2020Q4": 235.31899744, "2018Q2": 160.73861264, "2018Q1": 159.91730112000002, "2018Q3": 134.68184232000002, "2018Q4": 164.42126752000001, "2017Q3": 168.46159032000003, "2017Q4": 171.30968672, "2015Q2": 77.86563088000001, "2015Q1": 88.90034856000001, "2015Q3": 87.09876200000001, "2015Q4": 92.6624852, "2022Q2": 215.88570712, "2022Q1": 224.85389904000002, "2022Q3": 213.68671176, "2022Q4": 231.72907128000003}