{"2023Q2": 29.15472138, "2023Q1": 22.726465089999998, "2022Q3": 25.643671079999997, "2022Q2": 21.79885427, "2022Q1": 25.27956216, "2022Q4": 22.48372581, "2017Q3": 7.273509140000001, "2017Q2": 5.65235752, "2017Q1": 4.96748598, "2017Q4": 8.3658359, "2020Q3": 23.18593587, "2020Q2": 16.70999865, "2020Q1": 10.71953999, "2020Q4": 28.24444908, "2015Q3": 2.8045056099999996, "2015Q2": 3.50238104, "2015Q1": 4.15691017, "2015Q4": 2.86519043, "2010Q3": 2.47507373, "2010Q2": 1.8205446, "2010Q1": 1.62548625, "2010Q4": 2.34503483, "2016Q3": 4.65539262, "2016Q2": 4.0312059, "2016Q1": 3.45036548, "2016Q4": 4.061548309999999, "2014Q3": 3.9921942300000004, "2014Q2": 4.10055998, "2014Q1": 3.6974393899999995, "2014Q4": 4.00953275, "2018Q3": 8.69526778, "2018Q2": 9.04637281, "2018Q1": 10.91893297, "2018Q4": 11.404411529999999, "2011Q3": 2.19332278, "2011Q2": 2.45340058, "2011Q1": 2.22799982, "2011Q4": 2.26267686, "2012Q3": 3.17294916, "2012Q2": 2.70480912, "2012Q1": 2.9822254399999997, "2012Q4": 3.35066899, "2019Q3": 17.563920760000002, "2019Q2": 15.79972635, "2019Q1": 12.709135159999999, "2019Q4": 19.27609961, "2013Q3": 3.1209336, "2013Q2": 2.9908947, "2013Q1": 3.24663787, "2013Q4": 3.6974393899999995, "2009Q4": 1.62115162, "2021Q3": 22.43171025, "2021Q2": 26.30686947, "2021Q1": 24.50366339, "2021Q4": 21.876877609999998}