{"2021Q1": 1.9900935, "2021Q2": 2.4765607999999997, "2021Q3": 1.55669536, "2020Q1": 3.537944, "2020Q4": 1.9900935, "2020Q2": 2.211215, "2020Q3": 3.1399253, "2018Q4": 2.653458, "2019Q1": 5.306916, "2019Q4": 4.42243, "2019Q2": 6.191402, "2019Q3": 3.537944}