{"2015Q1": 2.23877896, "2015Q2": 1.4195717799999998, "2015Q3": 1.93173032, "2015Q4": 1.41869148, "2012Q4": 1.56464522, "2020Q1": 1.33347844, "2020Q2": 1.83665792, "2020Q3": 3.2766526600000003, "2020Q4": 2.9366808000000004, "2016Q1": 1.39597974, "2016Q2": 1.27801954, "2016Q3": 1.13312216, "2016Q4": 1.51305964, "2013Q1": 1.5889415, "2013Q2": 1.522919, "2023Q1": 2.8680174000000003, "2021Q1": 2.52012284, "2021Q2": 2.15462228, "2021Q3": 2.99178758, "2021Q4": 3.1984820199999997, "2019Q1": 1.58735696, "2019Q2": 1.59457542, "2019Q3": 1.6320762, "2019Q4": 1.42555782, "2018Q4": 1.61200536, "2022Q1": 2.0762755800000003, "2022Q2": 2.5502291, "2022Q3": 2.0627189599999998, "2022Q4": 2.16747466}