{"2020Q2": 149.44232603999998, "2020Q4": 179.32089222, "2017Q2": 141.37461822, "2017Q4": 238.6490667, "2019Q2": 263.18215776, "2019Q4": 283.92062142, "2018Q2": 248.10263844, "2018Q4": 228.83253059999996, "2022Q4": 285.8344335}