{"2016Q3": 7.081965692203, "2016Q1": 7.049105877742, "2016Q2": 7.09231984224, "2016Q4": 6.428518571878999, "2012Q4": 0, "2015Q3": 7.191258758493, "2015Q1": 7.525118520815, "2015Q2": 7.500485309553, "2015Q4": 6.77316118892, "2022Q4": 4.994434841538999, "2018Q3": 7.769450899172999, "2018Q1": 7.645231720492, "2018Q2": 6.256428257961999, "2018Q4": 5.61623104135, "2013Q3": 7.519496098851999, "2013Q1": 0, "2013Q2": 5.902987875273, "2013Q4": 9.645996471385999, "2014Q3": 6.937714554996, "2014Q1": 8.842165872969, "2014Q2": 8.696934839346, "2014Q4": 7.517180827292999, "2017Q3": 7.0276253766879995, "2017Q1": 6.772902901005999, "2017Q2": 6.64550837864, "2017Q4": 7.7013773886429995, "2023Q2": 5.52523115}