{"2020Q4": 0.078336696, "2015Q4": 0.12934023672}