{"2016Q4": 0, "2017Q2": 1.65332652966, "2017Q4": 0.9918295276499999, "2018Q2": 0.8301435337799999, "2022Q2": 0.0667155, "2022Q3": 0.058270499999999996, "2022Q4": 0.042225}