{"2015Q1": 0.63716114, "2015Q2": 0.74350138, "2015Q3": 0.77272734, "2015Q4": 0.55423688, "2012Q4": 0.09718512, "2020Q1": 0.55423688, "2020Q2": 0.49701738, "2020Q3": 0.62976662, "2020Q4": 0.61251274, "2016Q1": 0.6926200400000001, "2016Q2": 1.02854252, "2016Q3": 0.89737782, "2016Q4": 0.9345264799999999, "2013Q1": 0.09577664000000001, "2013Q2": 0.08838212, "2017Q1": 0.9023075, "2017Q2": 1.54246166, "2017Q3": 1.68542238, "2017Q4": 1.3084779199999999, "2023Q1": 1.7861287000000001, "2021Q1": 0.8403343799999999, "2021Q2": 0.82730594, "2021Q3": 0.75283256, "2021Q4": 0.5484268999999999, "2019Q1": 1.01340136, "2019Q2": 0.75494528, "2019Q3": 0.78822062, "2019Q4": 0.33997185999999996, "2018Q1": 1.11393162, "2018Q2": 1.1558339000000002, "2018Q3": 1.1885810600000002, "2018Q4": 1.0774872, "2022Q1": 0.72941658, "2022Q2": 0.9672736399999999, "2022Q3": 1.4424595800000002}