{"2020Q4": 0.029310720000000005, "2020Q2": 0.0366384, "2014Q4": 0.43138489665600005, "2014Q2": 0.55520829192, "2016Q4": 0.5465037624000001, "2016Q2": 0.5164305110880001, "2011Q4": 0.6577804022400001, "2017Q4": 0.42214850688000005, "2017Q2": 0.46225264089600004, "2013Q4": 0.4249436719680001, "2013Q2": 0.355766795136, "2015Q4": 0.4955731320480001, "2015Q2": 0.325954258368, "2010Q4": 0.811378402752, "2018Q4": 0.129312, "2018Q2": 0.26508960000000004, "2019Q4": 0.023707200000000005, "2019Q2": 0.0366384, "2022Q4": 0.129312, "2022Q2": 0.129312, "2021Q4": 0.086208, "2021Q2": 0.06638016000000001, "2009Q4": 1.2613076531520002, "2012Q4": 0.368353895904, "2012Q2": 0.551949888144}