{"2014Q4": 15.76983385, "2014Q2": 13.2268722, "2014Q3": 15.421557807142001, "2014Q1": 12.412777310000001, "2016Q4": 20.142339240000002, "2016Q2": 19.470985734473, "2016Q3": 19.23798223, "2016Q1": 19.689292830000003, "2019Q4": 30.788061970000005, "2019Q2": 26.5058187, "2019Q3": 28.121843576358003, "2019Q1": 26.514881884753002, "2013Q4": 11.66290739, "2013Q2": 10.9008868, "2013Q3": 12.219269731943, "2013Q1": 11.967845291007002, "2011Q4": 11.165488642551, "2011Q2": 12.705556556281001, "2011Q3": 11.550501021087001, "2011Q1": 12.994316187345001, "2021Q4": 49.04010412, "2021Q2": 43.950650356041, "2021Q3": 44.257947570000006, "2021Q1": 36.158658110000005, "2020Q4": 34.12949622, "2020Q2": 31.834755400000002, "2020Q3": 34.674245645881, "2020Q1": 28.680788630000002, "2023Q2": 54.157272000000006, "2023Q1": 55.54592, "2018Q4": 24.528198389911, "2018Q2": 24.138173860000002, "2018Q3": 24.391602120000005, "2018Q1": 25.926177410147005, "2017Q4": 23.036285317201, "2017Q2": 22.1836518, "2017Q3": 23.329286400000004, "2017Q1": 22.8085434, "2015Q4": 18.971454332673, "2015Q2": 18.2086469, "2015Q3": 18.376905732959, "2015Q1": 16.748830690000002, "2010Q4": 10.45478363, "2022Q4": 50.43048793, "2022Q2": 54.90707439699101, "2022Q3": 49.80906795, "2022Q1": 55.41226263000001, "2012Q4": 9.822948790000002, "2012Q2": 9.68929142, "2012Q3": 9.55563405, "2012Q1": 11.834530222739001}