{"2006Q2": 15.94, "2006Q3": 14.24, "2006Q1": 14.78, "2006Q4": 16.05, "1994Q2": 1.32, "1994Q3": 1.25, "1994Q1": 1.41, "1994Q4": 1.53, "2003Q2": 6.38, "2003Q3": 7.8, "2003Q1": 5.48, "2003Q4": 8.1, "2011Q2": 19.45, "2011Q3": 15.43, "2011Q1": 20.53, "2011Q4": 14.47, "2012Q2": 19.8, "2012Q3": 19.39, "2012Q1": 19.62, "2012Q4": 21.19, "2019Q2": 53.72, "2019Q3": 47.66, "2019Q1": 49.3, "2019Q4": 55.56, "2007Q2": 15.68, "2007Q3": 15.93, "2007Q1": 16, "2007Q4": 16.71, "2009Q2": 8.92, "2009Q3": 11.96, "2009Q1": 11.16, "2009Q4": 12.76, "2021Q2": 87.19, "2021Q3": 86.68, "2021Q1": 70.11, "2021Q4": 96.96, "2001Q2": 6.44, "2001Q3": 6.18, "2001Q1": 7.85, "2001Q4": 7.41, "1990Q4": 0.37758, "1991Q2": 0.74281, "1991Q3": 0.80122, "1991Q1": 0.44601, "1991Q4": 0.9594, "2014Q2": 28.39, "2014Q3": 29.51, "2014Q1": 28.34, "2014Q4": 32.72, "1992Q2": 1.48, "1992Q3": 1.15, "1992Q1": 1.13, "1992Q4": 0.95292, "1998Q2": 6.39, "1998Q3": 5.31, "1998Q1": 5.03, "1998Q4": 4.25, "1996Q2": 1.96, "1996Q3": 2.01, "1996Q1": 2, "1996Q4": 2.72, "2023Q2": 84.79, "2023Q3": 106.58, "2023Q1": 109.62, "2023Q4": 103.49, "2024Q1": 110.65, "2022Q2": 90.73, "2022Q3": 99.17, "2022Q1": 110.88, "2022Q4": 120.56, "2017Q2": 45.28, "2017Q3": 48.23, "2017Q1": 45.7, "2017Q4": 51.22, "2020Q2": 41.89, "2020Q3": 47.13, "2020Q1": 58.62, "2020Q4": 59.52, "1997Q2": 3.62, "1997Q3": 3.67, "1997Q1": 3.21, "1997Q4": 5.22, "1993Q2": 1.27, "1993Q3": 1.34, "1993Q1": 1.25, "1993Q4": 1.58, "2018Q2": 56.03, "2018Q3": 56.1, "2018Q1": 52.02, "2018Q4": 46.44, "2008Q2": 15.41, "2008Q3": 16.51, "2008Q1": 13.62, "2008Q4": 11.54, "2013Q2": 24.22, "2013Q3": 25.11, "2013Q1": 25.68, "2013Q4": 27.57, "2002Q2": 7.18, "2002Q3": 5.99, "2002Q1": 7.13, "2002Q4": 6.88, "2000Q2": 4.16, "2000Q3": 5.67, "2000Q1": 3.87, "2000Q4": 7.04, "2005Q2": 9.08, "2005Q3": 10.2, "2005Q1": 10.23, "2005Q4": 12.69, "1995Q2": 1.56, "1995Q3": 1.83, "1995Q1": 1.46, "1995Q4": 1.88, "2015Q2": 33.79, "2015Q3": 34.28, "2015Q1": 32.74, "2015Q4": 34.19, "2010Q2": 15.33, "2010Q3": 14.89, "2010Q1": 13.8, "2010Q4": 16.01, "2016Q2": 30.04, "2016Q3": 33.19, "2016Q1": 24.7, "2016Q4": 43.7, "1999Q2": 4.55, "1999Q3": 4.11, "1999Q1": 4.11, "1999Q4": 3.78, "2004Q2": 8.16, "2004Q3": 7.66, "2004Q1": 8.37, "2004Q4": 9.96}