{"2010Q1": 4797.9214093, "2010Q2": 4154.5577608, "2010Q3": 4719.0132601, "2010Q4": 4751.3552709000005, "2007Q4": 3588.7315006, "2011Q1": 4406.3407122, "2011Q2": 4733.853236800001, "2011Q3": 4579.9902923, "2011Q4": 4449.8474712, "2008Q3": 3416.4526814, "2008Q4": 3248.8423956999995, "2021Q1": 11832.110097300001, "2021Q2": 11834.2755022, "2019Q4": 10875.8156416, "2009Q1": 3363.0724707, "2009Q2": 3551.8401529000002, "2009Q3": 3988.4374326, "2009Q4": 4377.097813, "2022Q1": 10929.930898, "2022Q2": 11756.360658, "2022Q4": 11082.5422782}