{"2006Q2": 1.88004252, "2006Q4": 1.293213714, "2010Q2": 61.74935771999999, "2010Q4": 52.25788092, "2016Q2": 60.635934479999996, "2016Q4": 65.72847684, "2008Q2": 84.32812080000001, "2008Q4": 41.561716679999996, "2017Q4": 62.36995428, "2021Q4": 61.220025359999994, "2019Q4": 67.62677219999999, "2012Q2": 44.64644664, "2012Q4": 41.81725644, "2020Q4": 47.712923759999995, "2018Q4": 62.315195759999995, "2005Q4": 1.421896236, "2007Q2": 121.14409908, "2007Q4": 97.3789014, "2011Q2": 54.630750119999995, "2011Q4": 50.8341594, "2013Q2": 41.81725644, "2013Q4": 48.71682996, "2015Q2": 65.21739731999999, "2015Q4": 69.78060731999999, "2009Q2": 52.25788092, "2009Q4": 62.93579231999999, "2014Q2": 50.925423599999995, "2014Q4": 60.38039471999999, "2022Q4": 48.4612902}