{"2015Q1": 2935.6555345, "2015Q2": 3066.0398546700003, "2015Q3": 3142.9636213, "2015Q4": 3376.41896446, "2020Q1": 4196.45194814, "2020Q2": 4207.722780489999, "2020Q3": 5225.84836707, "2020Q4": 5050.619836469999, "2016Q1": 2752.06321341, "2016Q2": 2763.2480704, "2016Q3": 2910.06980471, "2016Q4": 3013.5196566299996, "2013Q4": 3373.66237948, "2017Q1": 2984.45192476, "2017Q2": 3373.15458751, "2017Q3": 3581.2633198500002, "2017Q4": 3697.35154969, "2023Q1": 5339.2149394200005, "2023Q2": 5674.645119729999, "2021Q1": 4873.28759628, "2021Q2": 4959.74656768, "2021Q3": 5450.582584649999, "2021Q4": 5544.90292803, "2019Q1": 4015.4791888, "2019Q2": 3933.0261318299995, "2019Q3": 4177.55348932, "2019Q4": 4243.458976219999, "2018Q1": 3521.47820389, "2018Q2": 3607.52341887, "2018Q3": 3530.11066738, "2018Q4": 3982.35986809, "2014Q1": 3594.07364849, "2014Q2": 3178.3236748299996, "2014Q3": 3326.05352388, "2014Q4": 264172.30812011997, "2022Q1": 6060.65299229, "2022Q2": 6146.300571229999, "2022Q3": 6357.63875303, "2022Q4": 6172.21408208}