{"2019Q4": 942.1044844200001, "2021Q4": 2178.05696944, "2020Q4": 1251.28243922, "2022Q4": 2091.30662114}