{"2014Q2": 0.08725521, "2014Q4": 0.07666545, "2014Q3": 0.10005117, "2014Q1": 0.07523142, "2016Q2": 0.06342824999999999, "2016Q4": 0.08482839, "2016Q3": 0.06397979999999999, "2016Q1": 0.06938499, "2019Q2": 0.0540519, "2019Q4": 0.07390769999999999, "2019Q3": 0.07126025999999999, "2019Q1": 0.051514769999999994, "2013Q2": 0.0297837, "2013Q4": 0.06044988, "2013Q3": 0.0297837, "2013Q1": 0.03673323, "2011Q2": 0.09530784, "2011Q4": 0.06607568999999999, "2011Q3": 0.06375918, "2011Q1": 0.09210884999999999, "2021Q2": 0.11770077, "2021Q4": 0.13424727, "2021Q3": 0.13700501999999998, "2021Q1": 0.11891417999999998, "2020Q2": 0.06265607999999999, "2020Q4": 0.11317805999999998, "2020Q3": 0.07986444, "2020Q1": 0.03938066999999999, "2023Q2": 0.20473535999999998, "2023Q1": 0.1610526, "2018Q2": 0.10777286999999999, "2018Q4": 0.04908795, "2018Q3": 0.06872313, "2018Q1": 0.11361929999999999, "2017Q2": 0.09608001000000001, "2017Q4": 0.12773898, "2017Q3": 0.12255440999999999, "2017Q1": 0.10435326, "2015Q2": 0.08041598999999999, "2015Q4": 0.07037777999999999, "2015Q3": 0.056478719999999996, "2015Q1": 0.07854072, "2010Q2": 0.12906269999999997, "2010Q4": 0.10534605, "2010Q3": 0.0915573, "2010Q1": 0.1125117876, "2009Q4": 0.09210884999999999, "2022Q2": 0.09938931, "2022Q4": 0.09641094, "2022Q3": 0.09188822999999999, "2022Q1": 0.13182044999999998, "2012Q2": 0.0341961, "2012Q4": 0.0397116, "2012Q3": 0.03927036, "2012Q1": 0.0694953}