{"2014Q3": 10.550292249152001, "2014Q2": 15.920335621080001, "2014Q4": 9.647097295304, "2021Q3": 25.082537218456, "2021Q1": 24.877168272880002, "2021Q2": 25.3765720414, "2021Q4": 23.382243538096002, "2018Q3": 25.145905376312, "2018Q1": 33.244923185136, "2018Q2": 25.382016541960002, "2018Q4": 21.013949379904002, "2011Q3": 0, "2011Q1": 0, "2011Q2": 0, "2011Q4": 0, "2020Q3": 22.529322122144002, "2020Q1": 17.434969182952, "2020Q2": 21.792498388328, "2020Q4": 26.912794173984, "2015Q3": 13.69257448744, "2015Q1": 10.706593130192001, "2015Q2": 11.322488015560001, "2015Q4": 14.782138272136002, "2017Q3": 26.247215240440003, "2017Q1": 19.074194377712, "2017Q2": 22.178781066624, "2017Q4": 29.583334945624003, "2023Q1": 77.50168390096, "2023Q2": 72.593339475304, "2012Q3": 0, "2012Q1": 0, "2012Q2": 0, "2012Q4": 9.969271310680002, "2022Q3": 39.983719296632, "2022Q1": 53.923617176664, "2022Q2": 59.988610641848005, "2022Q4": 51.908461802848, "2016Q3": 15.918031974736001, "2016Q1": 17.646458224048, "2016Q2": 13.333638833368001, "2016Q4": 15.094685721680001, "2019Q3": 29.874728324744, "2019Q1": 24.083401156808005, "2019Q2": 29.126653947800005, "2019Q4": 27.135806745584002, "2013Q3": 12.788152865096, "2013Q1": 9.874326374272, "2013Q2": 10.374457400896}