{"2010Q1": 657.16208672268, "2010Q2": 571.375083741544, "2010Q3": 668.61879956044, "2010Q4": 786.73941171108, "2012Q1": 601.679244067392, "2012Q2": 616.342425963424, "2012Q3": 625.5588619397361, "2012Q4": 723.48242896688, "2011Q1": 719.7129800049601, "2011Q2": 711.3839870223601, "2011Q3": 573.404899525992, "2011Q4": 522.51095085596, "2020Q1": 1558.0549772384002, "2020Q2": 2111.8655510998483, "2020Q3": 2855.461787917064, "2020Q4": 2679.037247262576, "2016Q2": 1431.927327545696, "2016Q3": 1427.093771482112, "2016Q4": 1436.7608836092802, "2013Q1": 811.613603392048, "2013Q2": 945.1998651581201, "2013Q3": 1036.3317369884, "2017Q1": 1430.718735851312, "2017Q2": 1687.0991584511603, "2017Q3": 1931.446062457448, "2017Q4": 1989.1560423145602, "2023Q1": 2212.2423200000003, "2023Q2": 2326.166176, "2021Q1": 3103.762728, "2021Q2": 3523.6913600000003, "2021Q3": 3106.4121200000004, "2021Q4": 3179.2704000000003, "2019Q1": 1725.3563855546402, "2019Q2": 1914.18183864072, "2019Q3": 1685.2430964175521, "2019Q4": 1831.5096185336083, "2018Q1": 2019.853188280464, "2018Q2": 2778.010408022008, "2018Q3": 2840.297640435928, "2018Q4": 1862.3881988377602, "2009Q4": 659.323773344536, "2022Q1": 2940.8251200000004, "2022Q2": 2114.214816, "2022Q3": 1594.933984}