{"2010Q1": 635.425033485432, "2010Q2": 528.41819422268, "2010Q3": 651.788554101488, "2010Q4": 758.7823755766481, "2012Q1": 591.605521801808, "2012Q2": 609.374430950008, "2012Q3": 622.3518669771521, "2012Q4": 715.450732208776, "2011Q1": 708.0146797082881, "2011Q2": 695.7456367894081, "2011Q3": 546.182615300832, "2011Q4": 510.50896532598404, "2020Q1": 1525.926086588736, "2020Q2": 2287.921724264744, "2020Q3": 3110.0440376985043, "2020Q4": 2903.557371924328, "2016Q2": 1429.6982099233521, "2016Q3": 1410.761945542552, "2016Q4": 1474.6722206648963, "2013Q1": 800.6503371648961, "2013Q2": 917.286489679152, "2013Q3": 1022.0047430667281, "2017Q1": 1464.0206434842803, "2017Q2": 1722.1436096187122, "2017Q3": 2053.833289926984, "2017Q4": 2113.9222900058, "2023Q1": 2226.151628, "2023Q2": 2335.439048, "2021Q1": 3408.3021239601044, "2021Q2": 3891.378910953816, "2021Q3": 3510.2710516061366, "2021Q4": 3645.3793705304643, "2019Q1": 1898.1616196165442, "2019Q2": 2079.229226374512, "2019Q3": 1699.6085767321122, "2019Q4": 1957.6513378225281, "2018Q1": 2157.186098340904, "2018Q2": 3034.136304857112, "2018Q3": 3348.2645459306164, "2018Q4": 2069.8362057720083, "2009Q4": 659.0387265839521, "2022Q1": 2844.925344039896, "2022Q2": 2072.179811570848, "2022Q3": 1560.4584142567762}