{"2021Q2": 0.21571264, "2021Q4": 0.17008112, "2021Q3": 0.19299116, "2021Q1": 0.21015012, "2020Q2": 0.13585748, "2020Q4": 0.16461288000000002, "2020Q3": 0.15914464, "2020Q1": 0.11153324, "2023Q2": 0.17922628000000002, "2023Q3": 0.18299748000000002, "2023Q1": 0.1899742, "2022Q1": 0.14688824}