{"2017Q4": 0.14, "2022Q4": 0.48, "2013Q3": 0.090909, "2013Q1": 0.409092, "2013Q2": 0.136364, "2018Q2": 0.04, "2020Q3": 0.17, "2020Q1": 0.09, "2020Q2": 0.1, "2020Q4": 0.18, "2023Q3": 0.42, "2023Q1": 0.41, "2023Q2": 0.31, "2021Q3": 0.3, "2021Q1": 0.2, "2021Q4": 0.2, "2012Q3": 0.409092, "2012Q1": 0.522728, "2012Q2": 0.363637, "2012Q4": 0.272728}