{"2019Q2": 2.412294, "2019Q3": 1.67252384, "2019Q1": 2.42033498, "2021Q4": 1.4875813, "2020Q2": 2.20322852, "2020Q3": 2.814343, "2020Q1": 1.2463519, "2023Q2": 0.41813096, "2023Q1": 0.49049978, "2018Q4": 1.51974522, "2022Q2": 0.66740134, "2022Q4": 0.61915546, "2022Q3": 0.61111448, "2022Q1": 0.94883564}