{"2020Q1": 0, "2020Q2": 12.22345968, "2020Q3": 16.645410599999998, "2020Q4": 21.36049116, "2023Q1": 24.41712788, "2021Q1": 26.10906784, "2021Q2": 29.57043648, "2021Q3": 27.0461874, "2021Q4": 23.42891516, "2019Q4": 0, "2022Q1": 18.879925959999998, "2022Q2": 20.8007818, "2022Q3": 18.537401120000002}