{"2015Q1": 0.899268505495, "2015Q2": 0.862174953842, "2015Q3": 1.1625255795329998, "2015Q4": 1.011069840934, "2012Q2": 1.9689670298779998, "2012Q3": 1.8717217634380001, "2012Q4": 1.23311075691, "2011Q4": 2.348925525693, "2020Q1": 0.08698475, "2020Q2": 0.056284249999999994, "2020Q3": 0.06958779999999999, "2020Q4": 0.08903144999999998, "2016Q1": 1.050980409066, "2016Q2": 0.975252590934, "2016Q3": 0.843240420467, "2016Q4": 0.984462659066, "2013Q1": 1.295267521352, "2013Q2": 1.352411610489, "2013Q3": 1.467702446626, "2013Q4": 1.416573526921, "2017Q1": 0.870870829533, "2017Q2": 0.841193659066, "2017Q3": 1.02846675, "2017Q4": 0.7388586590659999, "2023Q1": 0.28756135, "2021Q1": 0.307005, "2021Q2": 0.27937455, "2021Q3": 0.27835119999999997, "2021Q4": 0.2763045, "2019Q1": 0.08493805, "2019Q2": 0.0450274, "2019Q3": 0.07163449999999999, "2019Q4": 0.02558375, "2018Q1": 0.654944, "2018Q2": 0.5341887, "2018Q3": 0.58637955, "2018Q4": 0.21797355, "2014Q1": 2.172480419241, "2014Q2": 1.4095559452300002, "2014Q3": 1.238123350347, "2014Q4": 1.1328578648199998, "2022Q1": 0.23537049999999998, "2022Q2": 0.3356588, "2022Q3": 0.29370145, "2022Q4": 0.20364664999999998}