{"2023Q1": 1.012345, "2016Q2": 3.427480339404, "2016Q4": 4.72704444724, "2016Q1": 2.9265872801999997, "2016Q3": 4.061906440122, "2015Q2": 2.018486684354, "2015Q4": 2.135830287022, "2015Q1": 1.5517147926019998, "2015Q3": 1.83283856239, "2020Q2": 0.881180282394, "2020Q4": 1.006182935212, "2020Q1": 1.1628763528180002, "2020Q3": 0.966569435212, "2022Q2": 0.649661435212, "2022Q4": 0.700718782394, "2022Q1": 0.6382175, "2022Q3": 0.713923282394, "2018Q4": 2.016767352818, "2012Q4": 0.687201388562, "2021Q2": 1.1672778528180001, "2021Q4": 0.728888435212, "2021Q1": 1.182242935212, "2021Q3": 1.158474852818, "2019Q2": 1.6901760000000001, "2019Q4": 0.5431451, "2019Q1": 1.880320852818, "2019Q3": 1.2200958528180001, "2013Q2": 0.70222904268, "2013Q1": 0.59797678625}