{"2020Q1": 2.8040200941999998, "2020Q2": 3.5827399528999995, "2020Q3": 5.3489901884, "2020Q4": 5.2932549058, "2023Q1": 6.922129905799999, "2021Q1": 8.8320348116, "2021Q2": 15.108109811599999, "2021Q3": 11.257684811599999, "2021Q4": 9.1892098116, "2019Q4": 1.8518149528999999, "2022Q1": 7.748734811599999, "2022Q2": 7.9394901884, "2022Q3": 7.0752049058, "2022Q4": 5.728929905799999}