{"2021Q3": 0.21563335200000003, "2021Q1": 0.231042192, "2021Q2": 0.237729672, "2021Q4": 0.292026624, "2016Q3": 0.33251145600000004, "2016Q1": 0.3295266, "2016Q2": 0.36326157600000003, "2016Q4": 0.29704629600000004, "2020Q3": 0.288936504, "2020Q1": 0.182420088, "2020Q2": 0.30605868, "2020Q4": 0.32061249599999997, "2015Q3": 0.315186048, "2015Q1": 0.378285336, "2015Q2": 0.323015208, "2015Q4": 0.27643617600000003, "2022Q3": 0.225084528, "2022Q1": 0.23428754400000001, "2022Q2": 0.192995544, "2022Q4": 0.221621712, "2018Q3": 0.3064806, "2018Q1": 0.321722952, "2018Q2": 0.302105328, "2018Q4": 0.322940136, "2013Q4": 0, "2014Q3": 0.28362312, "2014Q1": 0.306254232, "2014Q2": 0.32934883200000004, "2014Q4": 0.3484686, "2017Q3": 0.426071088, "2017Q1": 0.304426368, "2017Q2": 0.351166512, "2017Q4": 0.42875733600000004, "2019Q3": 0.322289568, "2019Q1": 0.323148504, "2019Q2": 0.314916888, "2019Q4": 0.300171624, "2023Q1": 0.22739308800000002, "2023Q2": 0.23112000000000002}