{"2014Q4": 1.3215138, "2021Q3": 0.12453998999999998, "2021Q1": 0.04423430999999999, "2021Q2": 0.12917301, "2021Q4": 0.05041167, "2018Q3": 0.04158687, "2018Q1": 2.0229750899999996, "2018Q2": 0.059015849999999995, "2018Q4": 1.2762867, "2020Q3": 0.0341961, "2020Q1": 0.29430708, "2020Q2": 0.04037346, "2020Q4": 0.04908795, "2015Q3": 0.05316942, "2015Q1": 0.04291059, "2015Q2": 0.051514769999999994, "2015Q4": 0.02890122, "2017Q3": 0.06596538, "2017Q1": 1.7288886299999997, "2017Q2": 0.05471375999999999, "2017Q4": 0.04710236999999999, "2023Q1": 0.05140446, "2022Q3": 0.057030269999999994, "2022Q1": 0.041145629999999996, "2022Q2": 0.04677144, "2022Q4": 0.05140446, "2016Q3": 0.055485929999999996, "2016Q1": 0.90707913, "2016Q2": 0.04710236999999999, "2016Q4": 1.83798522, "2019Q3": 0.04125594, "2019Q1": 1.15979934, "2019Q2": 0.03938066999999999, "2019Q4": 0.26948732999999997}