{"2016Q2": 158.737366, "2016Q4": 196.417465, "2016Q3": 156.33226, "2016Q1": 141.910614, "2013Q2": 225.480499, "2013Q4": 298.216156, "2013Q3": 269.121918, "2013Q1": 223.862076, "2017Q2": 184.391922, "2017Q4": 175.573135, "2017Q3": 180.383392, "2017Q1": 172.366333, "2009Q2": 153.578613, "2009Q4": 197.263199, "2009Q3": 153.578613, "2009Q1": 167.794754, "2008Q2": 206.560638, "2008Q4": 148.054184, "2008Q3": 148.054184, "2008Q1": 204.358337, "2019Q2": 170.044571, "2019Q4": 123.282318, "2019Q3": 178.546799, "2019Q1": 169.279785, "2021Q2": 140.488434, "2021Q4": 212.557175, "2021Q3": 170.593094, "2021Q1": 152.182983, "2020Q2": 122.100288, "2020Q4": 138.477646, "2020Q3": 137.141647, "2020Q1": 108.828529, "2023Q2": 165, "2023Q3": 173.98, "2023Q1": 199.557434, "2010Q2": 156.99147, "2010Q4": 293.505768, "2010Q3": 211.597198, "2010Q1": 163.817184, "2012Q2": 201.358612, "2012Q4": 216.118423, "2012Q3": 199.993484, "2012Q1": 241.630325, "2006Q2": 0, "2006Q4": 0, "2006Q3": 0, "2006Q1": 0, "2011Q2": 215.01004, "2011Q4": 255.964325, "2011Q3": 184.294312, "2011Q1": 254.599182, "2018Q2": 172.566757, "2018Q4": 164.349304, "2018Q3": 162.705795, "2018Q1": 170.362091, "2015Q2": 226.681778, "2015Q4": 140.699036, "2015Q3": 183.690414, "2015Q1": 277.914124, "2022Q2": 237.568375, "2022Q4": 205.259079, "2022Q3": 218.562912, "2022Q1": 218.09462, "2004Q2": 0, "2004Q4": 0, "2004Q3": 0, "2007Q2": 118.468605, "2007Q4": 180.664627, "2007Q3": 162.894333, "2007Q1": 93.886375, "2014Q2": 354.606262, "2014Q4": 275.636078, "2014Q3": 303.731293, "2014Q1": 320.036804, "2005Q1": 0}