{"2021Q3": 0.886176, "2021Q1": 1.378496, "2021Q2": 1.2701856, "2021Q4": 0.8270976, "2020Q3": 0.1920048, "2020Q1": 0.1673888, "2020Q2": 0.42339519999999997, "2020Q4": 0.6301696, "2023Q1": 0.1920048, "2023Q2": 0.1870816, "2022Q3": 0.1920048, "2022Q1": 0.6301696, "2022Q2": 0.27569920000000003, "2022Q4": 0.1870816, "2019Q3": 0.1870816, "2019Q1": 0.1870816, "2019Q2": 0.20185119999999998, "2019Q4": 0.2264672}