{"2021Q3": 10.226433, "2021Q1": 9.850393, "2021Q2": 9.456019, "2021Q4": 12.830431, "2020Q3": 5.538072, "2020Q1": 6.118768, "2020Q2": 6.469752, "2020Q4": 9.611441, "2022Q1": 12.943604, "2022Q2": 13.405668, "2019Q3": 11.134386, "2019Q2": 13.470588, "2019Q4": 10.238945}