{"2023Q2": 0.95814576, "2023Q1": 1.3015728, "2022Q4": 1.1076462936}