{"2011Q4": 5.184488, "2011Q1": 4.213993, "2011Q3": 4.120348, "2011Q2": 4.971662, "2017Q4": 22.53005, "2017Q1": 19.04871, "2017Q3": 19.447216, "2017Q2": 18.402483, "2013Q4": 10.819872, "2013Q1": 9.926293, "2013Q3": 11.164828, "2013Q2": 10.600835, "2019Q4": 17.667574, "2019Q1": 25.020452, "2019Q3": 23.070648, "2019Q2": 19.668818, "2018Q4": 23.746613, "2018Q1": 25.438639, "2018Q3": 25.159657, "2018Q2": 30.737062, "2022Q4": 18.127514, "2022Q1": 19.61248, "2022Q3": 18.643927, "2022Q2": 17.649567, "2009Q4": 3.549969, "2009Q1": 3.541457, "2009Q3": 2.639066, "2009Q2": 3.175392, "2023Q1": 21.379999, "2021Q4": 22.296597, "2021Q1": 26.075663, "2021Q3": 18.629602, "2021Q2": 19.458014, "2010Q4": 4.222506, "2010Q1": 3.711719, "2010Q3": 3.677668, "2010Q2": 3.269037, "2020Q4": 23.128063, "2020Q1": 9.257004, "2020Q3": 10.335865, "2020Q2": 7.744674, "2016Q4": 16.554234, "2016Q1": 14.863818, "2016Q3": 14.374496, "2016Q2": 14.280858, "2015Q4": 15.603005, "2015Q1": 13.005198, "2015Q3": 13.706364, "2015Q2": 15.224641, "2014Q4": 13.27705, "2014Q1": 11.018322, "2014Q3": 10.79889, "2014Q2": 9.052197, "2012Q4": 8.03638, "2012Q1": 5.891077, "2012Q3": 5.661223, "2012Q2": 5.703789}