{"2023Q3": 30.38, "2023Q2": 21.54, "2023Q1": 30.17, "2022Q3": 24.370001, "2022Q2": 19.77, "2022Q1": 23.76, "2022Q4": 24.440001, "2020Q3": 44.459999, "2020Q2": 38.040001, "2020Q4": 29.799999, "2021Q3": 18.92, "2021Q2": 31.700001, "2021Q1": 26.9, "2021Q4": 14.99}