{"2020Q3": 0, "2020Q4": 7.47399102, "2021Q1": 6.7519241, "2021Q2": 10.02416383, "2021Q3": 7.46302039, "2021Q4": 3.98134136, "2019Q4": 0, "2022Q1": 2.2559604600000003, "2022Q2": 3.4816790299999996, "2022Q3": 3.17948804}