{"2014Q4": 1.5, "2014Q3": 1.46, "2006Q2": 1.05, "2006Q1": 1.27, "2006Q4": 0.80841, "2006Q3": 1.12, "2008Q1": 0.6889, "2003Q4": 0.6397, "2007Q2": 0.66079, "2007Q1": 0.7592, "2007Q4": 0.61861, "2007Q3": 0.58346, "2004Q2": 0.28119, "2004Q1": 0.42178, "2004Q4": 0.38663, "2004Q3": 0.31633, "2019Q2": 6.79, "2005Q2": 0.91385, "2005Q1": 0.77326, "2005Q4": 1.51, "2005Q3": 1.51, "2015Q2": 1.5, "2015Q1": 1.52, "2015Q3": 1.34}