{"2017Q2": 0.12072168, "2017Q4": 0.0916695, "2017Q1": 0.12720905999999998, "2017Q3": 0.10492632, "2023Q2": 0.03553956, "2023Q1": 0.0479502, "2016Q2": 0.13313232, "2016Q4": 0.11649077999999999, "2016Q1": 0.13567085999999998, "2016Q3": 0.12354227999999999, "2009Q4": 0.010716587639999999, "2010Q2": 0.01162764144, "2010Q4": 0.01162764144, "2010Q1": 0.01162764144, "2010Q3": 0.01162764144, "2015Q2": 0.18164664, "2015Q4": 0.15795359999999997, "2015Q1": 0.18249281999999997, "2015Q3": 0.15005592, "2020Q2": 0.04343724, "2020Q4": 0.044001359999999996, "2020Q1": 0.033847199999999994, "2020Q3": 0.03582162, "2022Q2": 0.053027279999999996, "2022Q4": 0.0507708, "2022Q1": 0.05415551999999999, "2022Q3": 0.049924619999999996, "2018Q2": 0.07643826, "2018Q4": 0.08179739999999999, "2018Q1": 0.10069542, "2018Q3": 0.09561834, "2012Q2": 0.0648738, "2012Q4": 0.0648738, "2012Q1": 0.0648738, "2012Q3": 0.0648738, "2021Q2": 0.05697612, "2021Q4": 0.055565819999999995, "2021Q1": 0.05979672, "2021Q3": 0.056412, "2011Q2": 0.01283485824, "2011Q4": 0.01283485824, "2011Q1": 0.01283485824, "2011Q3": 0.01283485824, "2019Q2": 0.0973107, "2019Q4": 0.06938675999999999, "2019Q1": 0.08602829999999999, "2019Q3": 0.08179739999999999, "2013Q2": 0, "2013Q4": 0, "2013Q1": 0.0648738, "2013Q3": 0, "2014Q2": 0, "2014Q4": 0.20646792, "2014Q1": 0, "2014Q3": 0.24877691999999998}