{"2015Q2": 29.970226150000002, "2015Q4": 29.6908118, "2012Q2": 30.50475795, "2012Q4": 30.50475795, "2020Q4": 33.6998003, "2016Q2": 29.43569435, "2016Q4": 29.678663349999997, "2013Q2": 30.5169064, "2013Q4": 30.249640499999998, "2017Q2": 29.678663349999997, "2017Q4": 31.853235899999998, "2021Q4": 32.49710375, "2019Q2": 32.61858825, "2019Q4": 33.6998003, "2018Q2": 32.18124405, "2018Q4": 32.39991615, "2014Q2": 29.970226150000002, "2014Q4": 30.249640499999998, "2022Q4": 33.4568313}