{"2015Q1": 3149.45103304953, "2015Q2": 3833.676752815155, "2015Q3": 3582.6314836768047, "2015Q4": 3456.3985946825705, "2020Q1": 363.94059705784497, "2020Q2": 331.10867516931, "2020Q3": 294.531855659085, "2020Q4": 387.68455071253504, "2016Q1": 3493.41239656743, "2016Q2": 3477.7902362249697, "2016Q3": 3628.2120678454953, "2016Q4": 3379.50427418841, "2013Q4": 0, "2017Q1": 3715.99185251517, "2017Q2": 3936.5655655995897, "2017Q4": 2207.4723145064104, "2023Q1": 205.15236642507003, "2021Q1": 596.9211, "2021Q2": 558.5924914250701, "2021Q3": 490.10364000000004, "2021Q4": 447.37663714986, "2019Q1": 2273.7369687957002, "2019Q2": 828.2355050430451, "2019Q3": 1006.845011325945, "2019Q4": 897.40541673885, "2018Q3": 2435.2703421749848, "2018Q4": 2230.797790340565, "2014Q1": 0, "2014Q2": 2970.776617880385, "2014Q3": 2988.72954305427, "2014Q4": 3134.062427512515, "2022Q1": 353.440125, "2022Q2": 248.19351, "2022Q3": 134.93558864169, "2022Q4": 292.648428212535}