{"2023Q2": 0.16830715000000002, "2023Q1": 0.199431586651, "2020Q4": 0.26369942677100006, "2020Q3": 0, "2022Q2": 0.239317897445, "2022Q4": 0.194645225434, "2022Q1": 0.28662985433500004, "2022Q3": 0.213790637621, "2021Q2": 0.31812760604900003, "2021Q4": 0.31812760604900003, "2021Q1": 0.343277334961, "2021Q3": 0.26143156145700003, "2019Q4": 0}