{"2015Q2": 0.21074382000000003, "2015Q4": 0.35828210000000005, "2012Q4": 0.04947286, "2020Q2": 0.6355766, "2020Q4": 0.6241327000000001, "2016Q2": 0.31814042000000003, "2016Q4": 0.39859984000000004, "2013Q2": 0.06056464, "2017Q2": 0.32236586, "2017Q4": 0.36074693999999996, "2021Q2": 1.8900040999999999, "2021Q4": 1.5598915999999998, "2019Q2": 0.41990310000000003, "2019Q4": 0.22306802, "2018Q2": 0.39666318, "2018Q4": 0.46286173999999997, "2022Q2": 1.7907062599999999, "2022Q4": 2.54283458}