{"2021Q3": 2.306368686544, "2021Q1": 2.3404175904759996, "2021Q2": 2.378183576286, "2021Q4": 2.3919942748959997, "2018Q3": 0, "2018Q1": 0, "2018Q2": 0, "2018Q4": 0, "2020Q3": 1.813555970922, "2020Q1": 1.109957681386, "2020Q2": 1.586610386144, "2020Q4": 1.946777534772, "2017Q3": 0, "2017Q1": 0, "2017Q2": 0, "2017Q4": 0, "2023Q1": 1.5489094897619997, "2023Q2": 1.48606, "2022Q3": 1.1798500553059998, "2022Q1": 2.762117876918, "2022Q2": 2.5306931586939996, "2022Q4": 1.380766556154, "2016Q3": 0, "2016Q1": 0, "2016Q2": 0, "2016Q4": 0, "2019Q3": 1.4741419474059998, "2019Q1": 0, "2019Q2": 1.4058571931939998, "2019Q4": 1.704434585122}