{"2015Q1": 0.03909675, "2015Q2": 0.0402138, "2015Q3": 0.07260825, "2015Q4": 0.06367185, "2020Q1": 0.0871299, "2020Q2": 0.0625548, "2020Q3": 0.09494925, "2020Q4": 0.0692571, "2016Q1": 0.05250135, "2016Q2": 0.06143775, "2016Q3": 0.08154465, "2016Q4": 0.11058795, "2017Q1": 0.1519188, "2017Q2": 0.11282205, "2017Q3": 0.14633355, "2017Q4": 0.16420635, "2023Q1": 0.35633895, "2021Q1": 0.13516305, "2021Q2": 0.22005885, "2021Q3": 0.27367725, "2021Q4": 0.22229295, "2019Q1": 0.06814005, "2019Q2": 0.0692571, "2019Q3": 0.056969549999999994, "2019Q4": 0.0402138, "2018Q1": 0.1541529, "2018Q2": 0.1318119, "2018Q3": 0.1452165, "2018Q4": 0.11393909999999999, "2022Q1": 0.19101555, "2022Q2": 0.3418173, "2022Q3": 0.33623205, "2022Q4": 0.3060717}