{"2017Q2": 0.29023973999999997, "2017Q4": 0.29136797999999997, "2017Q1": 0.30829157999999995, "2017Q3": 0.36696006, "2023Q2": 0.11733696, "2023Q1": 0.12184992, "2016Q2": 0.37683215999999997, "2016Q4": 0.22367357999999998, "2016Q1": 0.31900986, "2016Q3": 0.25385399999999997, "2015Q2": 0.48965615999999995, "2015Q4": 0.32436899999999996, "2015Q1": 0.54409374, "2015Q3": 0.45693719999999993, "2020Q2": 0.16613334, "2020Q4": 0.13313232, "2020Q1": 0.13143996, "2020Q3": 0.12918348, "2022Q2": 0.17121042, "2022Q4": 0.18644166, "2022Q1": 0.20336526, "2022Q3": 0.19574964, "2018Q2": 0.17967222, "2018Q4": 0.17572338, "2018Q1": 0.24031511999999997, "2018Q3": 0.20787822, "2021Q2": 0.1889802, "2021Q4": 0.15964596, "2021Q1": 0.18362105999999997, "2021Q3": 0.17036424, "2019Q2": 0.27049554, "2019Q4": 0.20110878, "2019Q1": 0.19490346, "2019Q3": 0.24793073999999996, "2013Q4": 0.26372609999999996, "2014Q2": 0.3187278, "2014Q4": 0.48598937999999997, "2014Q1": 0.29108592, "2014Q3": 0.49247676}