{"2023Q2": 1.7750926400000002, "2022Q2": 3.642914, "2022Q1": 16.0288216}