{"2020Q2": 1.65419198, "2020Q4": 1.2029670799999999, "2021Q2": 1.42596048, "2021Q4": 1.51396056, "2019Q2": 1.07949758, "2019Q4": 0.9629124400000001, "2018Q4": 0, "2022Q2": 1.878233, "2022Q4": 1.5646953}