{"2015Q1": 32.309335440000005, "2015Q2": 43.185089600000005, "2015Q3": 54.28604208, "2010Q1": 0.41571609872000004, "2010Q2": 0, "2010Q3": 21.340852560000002, "2010Q4": 26.81184704, "2012Q1": 13.061502560000001, "2012Q2": 7.656742880000001, "2012Q3": 8.18662128, "2012Q4": 6.70296176, "2011Q1": 22.970228640000002, "2011Q2": 19.12861024, "2011Q3": 10.928742000000002, "2011Q4": 12.90253904, "2020Q1": 52.11354064000001, "2020Q2": 68.04963352, "2020Q3": 75.01753448000001, "2020Q4": 93.45730280000001, "2013Q1": 8.292596960000001, "2013Q2": 7.775965520000001, "2013Q3": 12.0547336, "2013Q4": 13.07474952, "2023Q1": 62.06200760000001, "2023Q2": 57.06790368, "2021Q1": 80.9389256, "2021Q2": 77.95835960000001, "2021Q3": 85.35016328000002, "2021Q4": 84.75405008, "2019Q1": 57.27985504000001, "2019Q2": 74.67311352, "2019Q3": 79.08435120000001, "2019Q4": 82.59479560000001, "2018Q1": 60.20743320000001, "2018Q2": 56.89569320000001, "2018Q3": 53.75616368, "2018Q4": 46.8942384, "2009Q4": 0.41876289952000006, "2014Q1": 13.352935680000002, "2014Q2": 16.3599956, "2014Q3": 17.73767944, "2014Q4": 25.235458800000004, "2022Q1": 76.67340448, "2022Q2": 54.32578296, "2022Q3": 46.61605224, "2022Q4": 55.41203368}