{"2015Q2": 0, "2015Q3": 0, "2015Q4": 0, "2020Q1": 0, "2020Q2": 0, "2020Q3": 0, "2020Q4": 0, "2023Q1": 12.59989454, "2021Q1": 1.6508682199999998, "2021Q2": 3.7243799899999996, "2021Q3": 5.11654533, "2021Q4": 6.97617695, "2019Q2": 0, "2019Q3": 0, "2019Q4": 0, "2018Q4": 0, "2022Q1": 5.367880089999999, "2022Q2": 9.373885999999999, "2022Q3": 8.29711713}