{"2006Q4": 7.75, "2011Q2": 15.01, "2011Q3": 15.52, "2011Q1": 14.37, "2011Q4": 20.459999, "2012Q2": 26.969999, "2012Q3": 26.24, "2012Q1": 21.940001, "2012Q4": 24.25, "2019Q2": 15.93, "2019Q3": 13.74, "2019Q1": 18.84, "2019Q4": 18.280001, "2007Q2": 9.48, "2007Q3": 7.85, "2007Q1": 9.45, "2007Q4": 8.71, "2009Q2": 7.5, "2009Q3": 7.2, "2009Q1": 4.59, "2009Q4": 7.51, "2021Q2": 24.32, "2021Q3": 20.219999, "2021Q1": 15.67, "2021Q4": 21.709999, "2014Q2": 25.360001, "2014Q3": 25.950001, "2014Q1": 29.959999, "2014Q4": 30.42, "2023Q2": 12.05, "2023Q3": 11.74, "2023Q1": 17.969999, "2023Q4": 8.64, "2024Q1": 13.14, "2022Q2": 14.87, "2022Q3": 13.6, "2022Q1": 18, "2022Q4": 11.89, "2017Q2": 19.860001, "2017Q3": 20.209999, "2017Q1": 21.610001, "2017Q4": 15.16, "2020Q2": 9.92, "2020Q3": 11.61, "2020Q1": 13.5, "2020Q4": 12.21, "2018Q2": 15.12, "2018Q3": 14.11, "2018Q1": 16.610001, "2018Q4": 20.309999, "2008Q2": 6.64, "2008Q3": 8.17, "2008Q1": 7.76, "2008Q4": 2.7, "2013Q2": 30, "2013Q3": 26.83, "2013Q1": 26.190001, "2013Q4": 27.299999, "2015Q2": 31.469999, "2015Q3": 26.809999, "2015Q1": 32.240002, "2015Q4": 24.4, "2010Q2": 9.25, "2010Q3": 9.6, "2010Q1": 8.08, "2010Q4": 12.46, "2016Q2": 30.129999, "2016Q3": 26.49, "2016Q1": 30.129999, "2016Q4": 24.84}