{"2017Q2": 0.021351152231999997, "2017Q4": 0.044721995094, "2017Q1": 0.016013364174, "2017Q3": 0.04010554728, "2023Q2": 0.13200408, "2023Q1": 0.14936947057799999, "2016Q2": 0.009695163762, "2016Q4": 0.013943607894, "2016Q1": 0.006318200412, "2016Q3": 0.011111302404, "2015Q2": 0.00436445541, "2015Q4": 0.0048320826839999996, "2015Q1": 0.004442388588, "2015Q3": 0.004403436102, "2020Q2": 0.095400843534, "2020Q4": 0.10423425758399998, "2020Q1": 0.030433879116, "2020Q3": 0.09716752634399999, "2022Q2": 0.13292514693, "2022Q4": 0.12586715955, "2022Q1": 0.106157963196, "2022Q3": 0.12704349078, "2018Q2": 0.03378162105, "2018Q4": 0.020573315369999998, "2018Q1": 0.040971104801999995, "2018Q3": 0.035303306544, "2021Q2": 0.17046521748000001, "2021Q4": 0.11942772974999999, "2021Q1": 0.11748436455599999, "2021Q3": 0.133718215032, "2019Q2": 0.022399343603999998, "2019Q4": 0.038651020272, "2019Q1": 0.021547183932, "2019Q3": 0.029216536362, "2013Q4": 0.0019189105919999998, "2014Q2": 0.002983264002, "2014Q4": 0.003152105118, "2014Q1": 0.0028143946799999995, "2014Q3": 0.003912002964}