{"2017Q2": 11.29960566, "2017Q4": 11.04039252, "2017Q1": 11.87218746, "2017Q3": 11.40537816, "2023Q2": 9.01125288, "2023Q1": 8.7593733, "2016Q2": 10.292087339999998, "2016Q4": 10.90472166, "2016Q1": 9.89269038, "2016Q3": 11.344453199999998, "2009Q4": 4.09438296, "2010Q2": 4.64863086, "2010Q4": 6.15511332, "2010Q1": 4.4777024999999995, "2010Q3": 6.0106986, "2015Q2": 10.880464499999999, "2015Q4": 9.765481320000001, "2015Q1": 10.713202919999999, "2015Q3": 9.85038138, "2020Q2": 9.259465679999998, "2020Q4": 9.65265732, "2020Q1": 7.9789132799999996, "2020Q3": 8.222613119999998, "2022Q2": 10.23088032, "2022Q4": 9.51021702, "2022Q1": 10.2035205, "2022Q3": 9.065126339999999, "2018Q2": 9.647016119999998, "2018Q4": 10.35357642, "2018Q1": 11.40537816, "2018Q3": 10.59107094, "2012Q2": 6.04228932, "2012Q4": 8.53175088, "2012Q1": 6.65548776, "2012Q3": 6.76718352, "2021Q2": 11.27365614, "2021Q4": 10.28334348, "2021Q1": 10.18913544, "2021Q3": 10.709536139999999, "2011Q2": 6.51727836, "2011Q4": 5.8682583, "2011Q1": 6.33534966, "2011Q3": 4.9120748999999995, "2019Q2": 11.430763559999999, "2019Q4": 9.6535035, "2019Q1": 11.44571274, "2019Q3": 10.04754132, "2013Q2": 8.76529656, "2013Q4": 8.01529902, "2013Q1": 9.5011911, "2013Q3": 8.47562094, "2014Q2": 9.21179754, "2014Q4": 9.24677298, "2014Q1": 8.37605376, "2014Q3": 9.288235799999999}