{"2017Q2": 0, "2017Q4": 0, "2017Q1": 0, "2017Q3": 0, "2023Q2": 3.9347369999999997, "2023Q1": 3.9347369999999997, "2016Q2": 0, "2016Q4": 0, "2016Q1": 0, "2016Q3": 0, "2009Q4": 4.7727372599999995, "2010Q2": 4.88217654, "2010Q4": 5.01700122, "2010Q1": 4.88217654, "2010Q3": 5.01700122, "2015Q2": 0, "2015Q4": 0, "2015Q1": 0, "2015Q3": 0, "2020Q2": 0, "2020Q4": 0, "2020Q1": 0, "2020Q3": 0, "2022Q2": 0, "2022Q4": 3.69301158, "2022Q1": 0, "2022Q3": 0, "2018Q2": 0, "2018Q4": 0, "2018Q1": 0, "2018Q3": 0, "2012Q2": 5.44488624, "2012Q4": 5.6214558, "2012Q1": 5.2984971, "2012Q3": 5.6214558, "2021Q2": 0, "2021Q4": 0, "2021Q1": 0, "2021Q3": 0, "2011Q2": 5.1320817, "2011Q4": 5.2984971, "2011Q1": 5.1320817, "2011Q3": 5.2984971, "2019Q2": 0, "2019Q4": 0, "2019Q1": 0, "2019Q3": 0, "2013Q2": 0, "2013Q4": 0, "2013Q1": 5.6214558, "2013Q3": 0, "2014Q2": 0, "2014Q4": 0, "2014Q1": 0, "2014Q3": 0}