{"2017Q2": 6.60189636, "2017Q4": 5.451091559999999, "2017Q1": 5.66291862, "2017Q3": 5.8448473199999995, "2023Q2": 3.7420900199999996, "2023Q1": 3.7420900199999996, "2016Q2": 5.50947798, "2016Q4": 5.18623722, "2016Q1": 5.607070739999999, "2016Q3": 5.64373854, "2009Q4": 3.33479538, "2010Q2": 3.1035061799999997, "2010Q4": 3.483441, "2010Q1": 3.33564156, "2010Q3": 3.57257196, "2015Q2": 6.62389704, "2015Q4": 5.80733334, "2015Q1": 6.67551402, "2015Q3": 6.189524639999999, "2020Q2": 2.95711704, "2020Q4": 3.0820696199999995, "2020Q1": 2.7069298199999996, "2020Q3": 2.71821222, "2022Q2": 3.82275918, "2022Q4": 3.88594062, "2022Q1": 3.88594062, "2022Q3": 3.8735299800000003, "2018Q2": 4.23174618, "2018Q4": 4.39054596, "2018Q1": 5.40962874, "2018Q3": 5.3543449800000005, "2012Q2": 5.25223926, "2012Q4": 6.863648039999999, "2012Q1": 4.8105333, "2012Q3": 6.2425519199999995, "2021Q2": 4.08169026, "2021Q4": 3.75760332, "2021Q1": 3.9857898599999997, "2021Q3": 3.8656323, "2011Q2": 3.26399832, "2011Q4": 4.0560228, "2011Q1": 3.17261088, "2011Q3": 3.42731106, "2019Q2": 5.2336233, "2019Q4": 4.21341228, "2019Q1": 4.8189950999999995, "2019Q3": 4.767942239999999, "2013Q2": 6.336759959999999, "2013Q4": 6.697232639999999, "2013Q1": 7.90952652, "2013Q3": 6.79821012, "2014Q2": 7.721392499999999, "2014Q4": 7.584029279999999, "2014Q1": 5.82200046, "2014Q3": 7.584029279999999}