{"2014Q4": 0.8060261000000001, "2014Q2": 0.70344096, "2014Q1": 0.8939562200000001, "2014Q3": 0.68878594, "2016Q4": 0.90861124, "2016Q2": 0.90861124, "2016Q1": 0.9525763, "2016Q3": 0.9379212800000001, "2019Q4": 1.19438413, "2019Q2": 1.1211090300000002, "2019Q1": 0.9745588300000001, "2019Q3": 0.9745588300000001, "2013Q4": 0.92326626, "2013Q2": 1.1577465800000002, "2013Q1": 0.732751, "2013Q3": 1.3629168600000001, "2011Q4": 0.39568554000000006, "2021Q4": 1.21636666, "2021Q2": 1.30429678, "2021Q1": 1.20903915, "2021Q3": 1.21636666, "2020Q4": 1.14309156, "2020Q2": 1.26765923, "2020Q1": 1.11378152, "2020Q3": 1.5387771000000001, "2018Q4": 1.0991265000000001, "2018Q2": 1.06981646, "2018Q1": 1.0844714800000002, "2018Q3": 1.05516144, "2017Q4": 1.2749867400000001, "2017Q2": 0.9818863400000001, "2017Q1": 1.0844714800000002, "2017Q3": 1.3189518, "2015Q4": 1.0258514, "2015Q2": 1.6120522000000002, "2015Q1": 1.04050642, "2015Q3": 1.06981646, "2022Q2": 1.1577465800000002, "2012Q4": 0.4396506, "2012Q2": 0.23448032000000002, "2012Q1": 0.38103052000000004, "2012Q3": 0.4982706800000001}