{"2021Q1": 26.150071199999996, "2021Q2": 16.2481176, "2012Q4": 0, "2020Q3": 0, "2020Q1": 0, "2020Q2": 0, "2020Q4": 0}