{"1992Q4": 0, "1992Q1": 0, "1992Q3": 0, "1992Q2": 0, "1994Q4": 0, "1994Q1": 0, "1994Q3": 0, "1994Q2": 0, "2011Q4": 8.302507, "2011Q1": 8.106512, "2011Q3": 8.223436, "2011Q2": 8.16078, "2004Q4": 9.396911, "2004Q1": 7.751378, "2004Q3": 9.825541, "2004Q2": 9.758927, "2003Q1": 8.060088, "2003Q3": 9.536237, "2003Q2": 9.858999, "1999Q4": 21.529551, "1999Q1": 21.529551, "1999Q3": 21.529551, "1999Q2": 21.529551, "1991Q4": 0, "1991Q1": 0, "1991Q3": 0, "2017Q4": 7.807059, "2017Q1": 11.290431, "2017Q3": 10.478028, "2017Q2": 11.386112, "2013Q4": 7.6627, "2013Q1": 10.711648, "2013Q3": 7.576602, "2013Q2": 5.873994, "1993Q4": 0, "1993Q1": 0, "1993Q3": 0, "1993Q2": 0, "1997Q4": 17.751192, "1997Q1": 15.184752, "1997Q3": 16.895704, "1997Q2": 15.256042, "2006Q4": 13.292953, "2006Q1": 16.382877, "2006Q3": 9.660011, "2006Q2": 10.282143, "2019Q4": 6.67, "2019Q1": 6.75, "2019Q3": 7.6, "2019Q2": 4.76, "2018Q4": 6.75, "2018Q1": 8.4, "2018Q3": 7.15, "2018Q2": 8.3, "2022Q4": 0.4057, "2022Q1": 13.1, "2022Q3": 0.4057, "2022Q2": 0.4057, "2009Q4": 6.160221, "2009Q1": 18.258821, "2009Q3": 17.047014, "2009Q2": 18.346888, "2023Q1": 9.12, "2023Q3": 8.4, "2023Q2": 8.4, "2002Q4": 10.137112, "2002Q1": 8.866331, "2002Q3": 7.290526, "2002Q2": 10.783377, "2008Q4": 15.260724, "2008Q1": 13.608337, "2008Q3": 18.072744, "2008Q2": 14.40036, "2007Q4": 11.758713, "2007Q1": 13.292953, "2007Q3": 12.929343, "2007Q2": 11.264469, "2005Q4": 10.648874, "2005Q1": 9.463317, "2005Q3": 9.597549, "2005Q2": 9.530197, "1995Q4": 0, "1995Q1": 0, "1995Q3": 0, "1995Q2": 0, "1996Q4": 0, "1996Q1": 0, "1996Q3": 0, "1996Q2": 0, "2021Q4": 8, "2021Q1": 4, "2021Q3": 6.6, "2021Q2": 3.8, "2000Q4": 14.257989, "2000Q1": 21.529551, "2000Q3": 12.832184, "2000Q2": 11.976708, "2010Q4": 8.106512, "2010Q1": 8.26689, "2010Q3": 7.785156, "2010Q2": 7.291689, "2020Q4": 4, "2020Q1": 6.67, "2020Q3": 4, "2020Q2": 5.78, "2016Q4": 11.195554, "2016Q1": 11.459884, "2016Q3": 10.030529, "2016Q2": 9.382586, "2015Q4": 15.381329, "2015Q1": 13.90807, "2015Q3": 19.006708, "2015Q2": 13.998147, "1998Q4": 21.529551, "1998Q1": 20.959244, "1998Q3": 22.527611, "1998Q2": 21.101818, "2024Q1": 11, "2024Q2": 11, "2001Q4": 8.866331, "2001Q1": 14.257989, "2001Q3": 10.381092, "2001Q2": 10.265748, "1990Q4": 0, "1990Q3": 0, "2014Q4": 13.818571, "2014Q1": 9.084145, "2014Q3": 13.438093, "2014Q2": 13.349743, "2012Q4": 10.628932, "2012Q1": 8.382339, "2012Q3": 10.546855, "2012Q2": 8.111712}