{"2015Q1": 1.7035946065660001, "2015Q2": 1.683842399954, "2015Q3": 1.655460594836, "2015Q4": 1.56650282906, "2012Q4": 0, "2020Q1": 0.662993473076, "2020Q2": 0.45078284439800004, "2020Q3": 0.566773778086, "2020Q4": 0.5702886927440001, "2016Q1": 1.381809744566, "2016Q2": 1.463630390062, "2016Q3": 1.07839699005, "2016Q4": 1.117689057308, "2013Q1": 0, "2013Q2": 0, "2017Q1": 1.12110588894, "2017Q2": 1.279061146172, "2017Q3": 1.5628176643820002, "2017Q4": 1.947916008768, "2023Q1": 4.611011294364, "2021Q1": 0.828632076738, "2021Q2": 0.709126210786, "2021Q3": 0.702975220172, "2021Q4": 1.096641348398, "2019Q1": 1.079582789362, "2019Q2": 1.086536085396, "2019Q3": 0.9762568021979999, "2019Q4": 0.536457971474, "2018Q1": 2.054863814222, "2018Q2": 1.6439004776300001, "2018Q3": 1.3686869011940002, "2018Q4": 1.35913707228, "2014Q1": 1.921483240668, "2014Q2": 1.727979761654, "2014Q3": 1.757410092102, "2014Q4": 1.63085971343, "2022Q1": 1.271506411572, "2022Q2": 2.051808891526, "2022Q3": 2.110079064788, "2022Q4": 2.709563294364}