{"2021Q3": 51.16, "2021Q1": 61.740002, "2021Q2": 59.369999, "2021Q4": 27.4, "2020Q3": 52.689999, "2020Q2": 74.260002, "2020Q4": 72.589996, "2023Q3": 21.82, "2023Q1": 30.120001, "2023Q2": 50.24, "2022Q3": 24.66, "2022Q1": 26.879999, "2022Q2": 34.709999, "2022Q4": 21.73}