{"2017Q2": 0.039728320000000004, "2017Q4": 0.02728861216, "2017Q1": 0.032612800000000004, "2017Q3": 0.03320576, "2023Q2": 0.026507387360000002, "2023Q1": 0.030537440000000002, "2016Q2": 0, "2016Q4": 0, "2016Q3": 0, "2015Q4": 0, "2020Q2": 0.015085791840000001, "2020Q4": 0.015203494400000002, "2020Q1": 0.0123750752, "2020Q3": 0.01437839056, "2022Q2": 0.02813061536, "2022Q4": 0.03439168, "2022Q1": 0.038542400000000004, "2022Q3": 0.03439168, "2018Q2": 0.02205840848, "2018Q4": 0.02106075328, "2018Q1": 0.02815492672, "2021Q2": 0.03320576, "2021Q4": 0.03794944, "2021Q1": 0.02354762752, "2021Q3": 0.03824592, "2019Q2": 0.02128489216, "2019Q4": 0.02246814384, "2019Q1": 0.021850872480000002, "2019Q3": 0.02150191552}