{"2020Q4": 9.853962536, "2023Q3": 7.24, "2023Q2": 7.08, "2023Q1": 8.79, "2022Q3": 8.23, "2022Q2": 8.7, "2022Q1": 7.6, "2022Q4": 7.885, "2021Q3": 13.2, "2021Q2": 9.7851224784, "2021Q4": 11}