{"2015Q1": 11.35384505, "2015Q2": 10.27483575, "2015Q3": 9.57166115, "2015Q4": 12.18795561, "2016Q1": 12.60986037, "2016Q2": 12.40860695, "2016Q3": 13.80040771, "2016Q4": 13.761611870000001, "2013Q1": 5.231376549999999, "2013Q2": 5.20349204, "2013Q3": 6.51285164, "2013Q4": 6.06427474, "2017Q1": 13.435484339999999, "2017Q2": 13.93619315, "2017Q3": 13.385777169999999, "2017Q4": 14.05379304, "2023Q1": 10.75493427, "2023Q2": 10.523371599999999, "2021Q4": 14.041669339999999, "2018Q1": 13.91073338, "2018Q2": 14.809099550000001, "2018Q3": 15.541371029999999, "2014Q1": 6.64984945, "2014Q2": 7.27422, "2014Q3": 7.35666116, "2014Q4": 8.6684455, "2022Q1": 11.99155167, "2022Q2": 10.269986269999999, "2022Q3": 9.04306783, "2022Q4": 10.134200830000001}