{"2014Q2": 2.6853786, "2014Q1": 2.3345859, "2014Q3": 2.7216675, "2014Q4": 1.814445, "2008Q2": 6.3868464, "2008Q1": 7.995654299999999, "2008Q3": 7.233587399999999, "2008Q4": 3.0482676, "2017Q2": 2.4555489, "2017Q1": 2.5039341, "2017Q4": 1.1733411, "2013Q2": 2.2015266, "2013Q1": 1.9233117, "2013Q3": 1.693482, "2013Q4": 2.7942453, "2011Q2": 9.0238398, "2011Q1": 13.1123892, "2011Q3": 4.959483, "2011Q4": 3.1692306, "2016Q2": 1.5967116, "2016Q1": 1.4636523, "2016Q3": 2.4918378000000003, "2016Q4": 2.661186, "2015Q2": 1.7660598, "2015Q1": 1.6330005, "2015Q3": 2.41926, "2015Q4": 1.4878449, "2012Q2": 2.9756898, "2012Q1": 3.1813269, "2012Q3": 1.7176745999999998, "2012Q4": 1.8628302, "2009Q2": 3.1692306, "2009Q1": 2.4676451999999998, "2009Q3": 5.8425129, "2009Q4": 15.6647085, "2010Q2": 12.084203700000002, "2010Q1": 15.6647085, "2010Q3": 8.709336, "2010Q4": 12.265648200000001}