{"2015Q1": 0.052818000000000004, "2015Q2": 0.0580998, "2015Q3": 0.08626940000000001, "2015Q4": 0.0572195, "2012Q4": 0.0519377, "2020Q1": 14.9651, "2020Q2": 38.733200000000004, "2020Q3": 40.4938, "2020Q4": 23.7681, "2016Q1": 0.0757058, "2016Q2": 0.0536983, "2016Q3": 0.0519377, "2016Q4": 0.0554589, "2013Q1": 0.0580998, "2013Q2": 0.0669028, "2013Q3": 0.0598604, "2013Q4": 0.054578600000000005, "2017Q1": 0.0519377, "2017Q2": 0.0448953, "2017Q3": 0.052818000000000004, "2017Q4": 0.0343317, "2023Q1": 2.316949705636, "2021Q1": 23.7681, "2021Q2": 23.7681, "2021Q3": 0.744733782394, "2021Q4": 14.458047411272, "2019Q1": 0.0149651, "2019Q2": 0.0105636, "2019Q3": 0.0149651, "2019Q4": 0.0079227, "2018Q1": 0.0369726, "2018Q2": 0.020246899999999998, "2018Q3": 0.027289300000000002, "2018Q4": 0.020246899999999998, "2014Q1": 0.09859359999999999, "2014Q2": 0.08010729999999999, "2014Q3": 0.0713043, "2014Q4": 0.0607407, "2022Q1": 17.338388588728, "2022Q2": 11.838274822544001, "2022Q3": 10.808323822544, "2022Q4": 2.7245285}