{"2022Q4": 42.302313579090004, "2022Q2": 63.59662661844, "2022Q1": 79.04076618513001, "2022Q3": 52.061939632560005, "2019Q4": 38.29053439548, "2019Q2": 41.613666963570004, "2019Q1": 42.22697196930001, "2019Q3": 42.3159525435, "2021Q4": 70.69478172633, "2021Q2": 55.879126950990006, "2021Q1": 51.4911357, "2021Q3": 57.92973684267001, "2020Q4": 42.67552543386001, "2020Q2": 39.108350897790004, "2020Q1": 46.68500131713001, "2020Q3": 48.7732836, "2023Q4": 53.9869065, "2023Q2": 59.16880455753, "2023Q1": 52.571130809790006, "2023Q3": 59.327433000000006, "2018Q4": 43.192155277110004, "2024Q1": 61.442493000000006}