{"2020Q1": 0.09132, "2020Q2": 0.06666359999999999, "2020Q3": 0.08858039999999999, "2020Q4": 0.073056, "2016Q4": 0.506826, "2017Q1": 0.44564159999999997, "2017Q2": 0.37989118173599995, "2017Q3": 0.583534818264, "2017Q4": 0.478516818264, "2023Q1": 0.1698552, "2021Q1": 0.08766719999999999, "2021Q2": 0.11049719999999999, "2021Q3": 0.200904, "2021Q4": 0.1378932, "2019Q1": 0.1634628, "2019Q2": 0.2337792, "2019Q3": 0.09405960000000001, "2019Q4": 0.042007199999999995, "2018Q1": 0.2721336, "2018Q2": 0.19085879999999997, "2018Q3": 0.2200812, "2018Q4": 0.1488516, "2022Q1": 0.1543308, "2022Q2": 0.15707039999999997, "2022Q3": 0.1890324}