{"2020Q4": 30.462762203840004, "2020Q1": 10.495900231392, "2020Q3": 16.035764331736, "2020Q2": 16.035764331736, "2014Q4": 7.680559589384, "2014Q1": 12.831206809792, "2014Q3": 7.680559589384, "2014Q2": 12.831206809792, "2016Q4": 8.251413486056, "2016Q1": 11.33920567908, "2016Q3": 8.734042629128, "2016Q2": 10.729432213928002, "2017Q4": 25.636465474336003, "2017Q1": 11.780318849512, "2017Q3": 20.87503645856, "2017Q2": 16.21739869908, "2013Q4": 10.98890969232, "2015Q4": 10.379134902472, "2015Q1": 7.8492212088, "2015Q3": 8.134648157136, "2015Q2": 7.8492212088, "2018Q4": 14.621606312072, "2018Q1": 23.768220211616, "2018Q3": 20.69340076652, "2018Q2": 23.768220211616, "2019Q4": 16.879068454728, "2019Q1": 12.792284591920001, "2019Q3": 11.922264, "2019Q2": 16.04873840436, "2022Q4": 20.918984573056, "2022Q1": 23.508742733224, "2022Q3": 20.918984573056, "2022Q2": 20.918984573056, "2021Q4": 31.760153569888004, "2021Q1": 34.510626498168, "2021Q3": 38.300308866792, "2021Q2": 43.82589804304, "2023Q1": 28.250466896000002, "2023Q3": 34.3096264, "2023Q2": 28.533953164696}