{"2021Q2": 0.20342968, "2021Q4": 0.20649338, "2021Q1": 0.1685035, "2021Q3": 0.21537811, "2023Q2": 0.13572191, "2023Q1": 0.14430027, "2020Q4": 0.12990088000000002, "2022Q2": 0.14797671, "2022Q4": 0.14338116, "2022Q1": 0.17003535, "2022Q3": 0.15073404}