{"2014Q2": 13.49222238, "2014Q1": 13.65802542, "2014Q3": 13.5405816, "2014Q4": 14.645935199999998, "2018Q2": 12.78755946, "2018Q1": 11.8134666, "2018Q3": 11.93781888, "2018Q4": 12.44213646, "2011Q2": 9.50604096, "2011Q1": 9.51294942, "2011Q4": 10.127802359999999, "2020Q2": 9.354054839999998, "2020Q1": 10.314330779999999, "2015Q2": 11.896368119999998, "2015Q1": 14.4041391, "2015Q3": 12.366143399999999, "2015Q4": 13.60275774, "2017Q2": 14.01035688, "2017Q1": 14.1968853, "2017Q3": 13.9896315, "2017Q4": 13.623483119999998, "2023Q1": 12.227974199999998, "2012Q2": 10.715021459999999, "2012Q1": 10.535401499999999, "2012Q3": 11.47495206, "2012Q4": 12.20034036, "2022Q2": 11.90327658, "2022Q3": 12.538854899999999, "2022Q4": 12.117438839999998, "2016Q2": 14.49394908, "2016Q1": 14.770287479999999, "2016Q3": 12.51812952, "2016Q4": 14.10707532, "2019Q2": 12.78755946, "2019Q1": 14.38341372, "2019Q3": 14.645935199999998, "2019Q4": 10.383415379999999, "2009Q4": 7.972362839999999, "2013Q2": 12.946454039999999, "2013Q1": 12.511221059999999, "2013Q3": 12.815193299999999, "2013Q4": 12.822101759999999, "2010Q2": 8.635575, "2010Q1": 7.544038319999999, "2010Q3": 8.8082865, "2010Q4": 8.93954724}