{"2023Q3": 214.37, "2023Q2": 192.98, "2023Q1": 200.759995, "2022Q3": 131.25, "2022Q2": 177.429993, "2022Q1": 130.229996, "2022Q4": 142.050003}