{"2023Q3": 28.28, "2023Q2": 36.94, "2023Q1": 37.16, "2022Q3": 24.639999, "2022Q2": 34.77, "2022Q1": 54.91, "2022Q4": 33.990002, "2017Q3": 9.6, "2017Q2": 12.15, "2017Q1": 20.950001, "2017Q4": 17.15, "2020Q3": 22.959999, "2020Q2": 19.309999, "2020Q1": 10.82, "2020Q4": 42.040001, "2015Q3": 18.9, "2015Q2": 0, "2015Q4": 16, "2016Q3": 14.75, "2016Q2": 16.84, "2016Q1": 13.91, "2016Q4": 18.85, "2014Q4": 0, "2018Q3": 14.24, "2018Q2": 17, "2018Q1": 18.25, "2018Q4": 13.42, "2019Q3": 10.65, "2019Q2": 6.47, "2019Q1": 10.47, "2019Q4": 6.39, "2021Q3": 48.02, "2021Q2": 47.98, "2021Q1": 50.290001, "2021Q4": 54.439999}