{"2020Q1": 1.0387081999999999, "2020Q2": 1.32825004, "2020Q3": 1.6455730800000001, "2020Q4": 1.52673128, "2016Q4": 0, "2023Q1": 2.59800522, "2021Q1": 2.73150932, "2021Q2": 2.6722427599999996, "2021Q3": 2.1460977000000003, "2021Q4": 1.78154662, "2019Q1": 1.66826106, "2019Q2": 1.30741414, "2019Q3": 1.39554228, "2019Q4": 0.69468434, "2018Q4": 1.93604096, "2022Q1": 1.55003662, "2022Q2": 1.99962904, "2022Q3": 2.31263056, "2022Q4": 2.0587412599999997}