{"2015Q4": 0, "2020Q1": 5.3347792316480005, "2020Q2": 5.1445724020079995, "2020Q3": 5.2306896533959994, "2020Q4": 6.159258829988, "2016Q3": 0, "2016Q4": 0, "2017Q1": 11.867922470224, "2017Q2": 21.001082017312, "2017Q3": 26.154144890755997, "2017Q4": 25.76606663712, "2023Q1": 10.955942438368, "2021Q1": 6.7718147834160005, "2021Q2": 8.861843587084, "2021Q3": 7.967720943387999, "2021Q4": 11.787584942003999, "2019Q1": 6.504969830508, "2019Q2": 4.846217443384, "2019Q3": 4.634901716932, "2019Q4": 3.318136801508, "2018Q1": 22.804362215376, "2018Q2": 18.111360776663997, "2018Q3": 7.734025304188, "2018Q4": 6.0106057924159995, "2022Q1": 10.016565196328, "2022Q2": 10.460982912916, "2022Q3": 10.06149697784, "2022Q4": 9.200198540684001}