{"2015Q1": 12.3189324, "2015Q2": 11.4863796, "2015Q3": 11.3819148, "2015Q4": 10.717138799999999, "2012Q3": 6.831364799999999, "2012Q4": 6.4514928, "2011Q4": 4.8053808, "2020Q1": 9.8117772, "2020Q2": 10.438566000000002, "2020Q3": 8.8890048, "2020Q4": 9.7484652, "2016Q1": 10.3499292, "2016Q2": 10.201146000000001, "2016Q3": 11.8140192, "2016Q4": 12.686142000000002, "2013Q1": 10.45603552188, "2013Q2": 7.760468400000001, "2013Q3": 7.9250796, "2013Q4": 9.109014, "2017Q1": 12.8175144, "2017Q2": 12.5785116, "2017Q3": 12.8175144, "2017Q4": 11.7016404, "2023Q1": 12.708301200000001, "2023Q2": 12.779527199999999, "2021Q1": 11.6684016, "2021Q2": 11.8773312, "2021Q3": 12.0941748, "2021Q4": 12.037194, "2019Q1": 11.578182000000002, "2019Q2": 10.8437628, "2019Q3": 10.878584400000001, "2019Q4": 11.9089872, "2018Q1": 11.657322, "2018Q2": 11.1381636, "2018Q3": 12.557935200000001, "2018Q4": 10.997294400000001, "2014Q1": 9.8465988, "2014Q2": 9.916242, "2014Q3": 10.291365599999999, "2014Q4": 11.1144216, "2022Q1": 11.2869468, "2022Q2": 11.3550072, "2022Q3": 11.899490400000001, "2022Q4": 13.65165}