{"2014Q4": 0.17170569000000002, "2016Q2": 0.10542388999999999, "2016Q4": 0.35881742, "2016Q3": 0.19812884, "2016Q1": 0.08500193, "2019Q2": 0.09888527999999999, "2019Q4": 0.09010742000000001, "2019Q3": 0.12969736, "2019Q1": 0.09082398, "2021Q2": 0.107484, "2021Q4": 0.08222526, "2021Q3": 0.09691474, "2021Q1": 0.14250587, "2020Q2": 0.09987055, "2020Q4": 0.14922362, "2020Q3": 0.12315875, "2020Q1": 0.09476506, "2023Q2": 0.05410028, "2023Q3": 0.06287814, "2023Q1": 0.04845737, "2018Q2": 0.18048355, "2018Q4": 0.08992827999999999, "2018Q3": 0.08365837999999999, "2018Q1": 0.2069067, "2017Q2": 0.25930515, "2017Q4": 0.25034815, "2017Q3": 0.29387917, "2017Q1": 0.31627167, "2015Q2": 0.11903852999999999, "2015Q4": 0.1012141, "2015Q3": 0.08249397, "2015Q1": 0.11473917, "2022Q1": 0.0671775}