{"2015Q2": 0.8827720537156, "2015Q4": 1.8507397387784, "2020Q2": 1.7001913177191998, "2020Q4": 2.6167520065888, "2016Q4": 6.6257497123268, "2017Q4": 8.6098389882748, "2021Q2": 3.3293357003084, "2021Q4": 3.8100320872371998, "2019Q2": 2.2077391063928, "2019Q4": 1.5867833678627998, "2018Q2": 4.6978371875, "2018Q4": 3.002010045728, "2022Q2": 3.0179365415092, "2022Q4": 2.261329762264}