{"2015Q2": 252.06604579, "2015Q4": 180.35773953, "2020Q4": 61.78167715, "2016Q2": 220.65569764, "2013Q4": 0, "2017Q2": 207.85178473000002, "2017Q4": 175.29052306, "2021Q4": 90.60246988, "2019Q2": 290.58967889, "2019Q4": 158.5703072, "2018Q2": 185.1052578, "2018Q4": 211.97589151000003, "2014Q2": 0, "2014Q4": 206.47708247}