{"2020Q1": 0.15883644, "2020Q2": 0.27259976, "2020Q3": 0.49071043999999997, "2020Q4": 0.3233842, "2017Q4": 0.36181984, "2023Q1": 0.76161224, "2021Q2": 0.41615456, "2021Q3": 0.41152376, "2021Q4": 0.39315491999999996, "2019Q1": 0.36104804, "2019Q2": 0.3195252, "2019Q4": 0.16501084, "2018Q1": 0.26951256, "2018Q2": 0.285566, "2018Q3": 0.44517424, "2018Q4": 0.4028796, "2022Q1": 0.35842392, "2022Q2": 0.42927516, "2022Q3": 0.48654272, "2022Q4": 0.5620247599999999}