{"2016Q4": 1.204610242606, "2019Q2": 0.16460499, "2019Q4": 0.06983242, "2019Q3": 0.03990424, "2019Q1": 0.25438953, "2021Q2": 0.46887481999999997, "2021Q4": 0.32920998, "2021Q3": 0.41899452, "2021Q1": 0.55865936, "2020Q2": 0.1995212, "2020Q4": 0.32422195, "2020Q3": 0.32422195, "2020Q1": 0.11971272, "2023Q2": 0.28930574, "2023Q3": 0.2494015, "2023Q1": 0.24441347, "2018Q2": 0.37909028, "2018Q4": 0.2992818, "2018Q3": 0.3990424, "2017Q2": 0.6983242, "2017Q1": 0.8030728300000001, "2022Q2": 0.2992818, "2022Q4": 0.28930574, "2022Q3": 0.31923392, "2022Q1": 0.2992818}