{"2015Q1": 7.604031399999999, "2015Q3": 4.4349514, "2012Q3": 0.44648815999999997, "2020Q1": 1.04174702, "2020Q3": 1.23048334, "2016Q1": 5.11172604, "2016Q3": 5.400112320000001, "2013Q1": 0.35370454, "2013Q3": 0.33785914, "2021Q1": 6.41879548, "2021Q3": 6.49890278, "2019Q1": 1.44263564, "2019Q3": 0.66938012, "2018Q3": 3.4861640599999997, "2014Q1": 1.3010834, "2014Q3": 6.83341678, "2022Q1": 6.1048805, "2022Q2": 5.22246778, "2022Q3": 4.19533374, "2022Q4": 5.9735397400000005}