{"2017Q2": 0.2396236, "2017Q4": 0.20754799999999998, "2017Q1": 0.3000012, "2017Q3": 0.35943538113199996, "2023Q1": 0.29056719999999997, "2016Q2": 0.1679252, "2016Q4": 0.2396236, "2016Q1": 0.1386798, "2016Q3": 0.2650954, "2015Q2": 0.075472, "2015Q4": 0.11132120000000001, "2015Q1": 0.0698116, "2015Q3": 0.14717039999999998, "2020Q2": 0.1433968, "2020Q4": 0.19056679999999998, "2020Q1": 0.09905699999999999, "2020Q3": 0.1528308, "2022Q2": 0.2698124, "2022Q4": 0.1613214, "2022Q1": 0.2132084, "2022Q3": 0.23490659999999997, "2018Q2": 0.122642, "2018Q4": 0.10471739999999999, "2018Q1": 0.1801894, "2018Q3": 0.127359, "2021Q2": 0.25377459999999996, "2021Q4": 0.2481142, "2021Q1": 0.2396236, "2021Q3": 0.310378618868, "2019Q2": 0.0764154, "2019Q4": 0.0698116, "2019Q1": 0.09528339999999999, "2019Q3": 0.09434, "2013Q4": 0.055660600000000005, "2014Q2": 0.1358496, "2014Q4": 0.0792456, "2014Q1": 0.136793, "2014Q3": 0.1264156}