{"2020Q4": 2.32581189712, "2020Q1": 4.55806467976, "2020Q3": 2.2946762604399997, "2020Q2": 2.2946762604399997, "2014Q4": 0, "2014Q1": 0, "2014Q3": 0, "2014Q2": 0, "2016Q4": 4.4377158989200005, "2016Q1": 4.42671337132, "2016Q3": 4.430673494960001, "2016Q2": 4.430673494960001, "2011Q4": 0, "2011Q1": 0, "2011Q3": 0, "2011Q2": 0, "2017Q4": 4.45116998512, "2017Q1": 4.4377158989200005, "2017Q3": 4.44218879988, "2017Q2": 4.44218879988, "2013Q4": 0, "2013Q1": 0, "2013Q3": 0, "2013Q2": 0, "2015Q4": 4.42671337132, "2015Q1": 0, "2015Q3": 0, "2015Q2": 0, "2010Q4": 0, "2018Q4": 4.50485322124, "2018Q1": 4.45116998512, "2018Q3": 4.488014130760001, "2018Q2": 4.488014130760001, "2019Q4": 4.55806467976, "2019Q1": 4.50485322124, "2019Q3": 4.53947832724, "2019Q2": 4.53947832724, "2022Q4": 15.59247826748, "2022Q1": 62.11374064132001, "2022Q3": 15.55844288348, "2022Q2": 31.1226234812, "2021Q4": 62.11374064132001, "2021Q1": 2.32581189712, "2021Q3": 62.103401410560004, "2021Q2": 62.05793328272, "2023Q1": 15.660985429760002, "2023Q2": 15.69222216164, "2012Q4": 0, "2012Q1": 0, "2012Q3": 0, "2012Q2": 0}