{"2020Q1": 26.1009025, "2020Q2": 32.89146925, "2020Q3": 37.06111549999999, "2020Q4": 35.36076625, "2016Q4": 0, "2017Q1": 0, "2017Q2": 0, "2017Q3": 0, "2017Q4": 0, "2021Q1": 38.69648324999999, "2021Q2": 41.14411975, "2021Q3": 48.4545385, "2021Q4": 58.84074824999999, "2019Q1": 27.822912249999998, "2019Q2": 30.270548749999996, "2019Q3": 27.844572749999998, "2019Q4": 32.86980875, "2018Q1": 0, "2018Q2": 0, "2018Q3": 0, "2018Q4": 22.916808999999997, "2022Q4": 45.08633075}