{"2015Q2": 29.1592014, "2015Q4": 27.68121272, "2012Q4": 14.45273424, "2020Q1": 32.79537044, "2020Q2": 24.517919720000002, "2020Q3": 24.14903624, "2020Q4": 27.845235319999997, "2013Q1": 13.610974719999998, "2013Q2": 11.28564752, "2013Q3": 11.62819812, "2013Q4": 9.82216424, "2023Q1": 62.71175372, "2023Q2": 74.07617671999999, "2023Q3": 83.8568332, "2021Q1": 34.6946852, "2021Q2": 40.776911, "2021Q3": 44.69203004, "2021Q4": 47.088098959999996, "2019Q4": 33.219374439999996, "2018Q4": 20.56910352, "2014Q1": 13.596692479999998, "2014Q2": 16.01864796, "2014Q3": 19.8266502, "2014Q4": 17.155424999999997, "2022Q1": 52.2172084, "2022Q2": 52.545253599999995, "2022Q3": 53.26070455999999}