{"2015Q4": 0.321152002584, "2012Q4": 0.141631165032, "2020Q1": 0.158502096696, "2020Q2": 0.151369511568, "2020Q3": 0.158502096696, "2020Q4": 0.31224916099199995, "2023Q1": 0.470298, "2021Q1": 0.245678250792, "2021Q2": 0.23141306227199998, "2021Q3": 0.245678250792, "2021Q4": 0.19020251968799998, "2019Q1": 0.178314847368, "2019Q2": 0.18623996224800002, "2019Q3": 0.178314847368, "2019Q4": 0.149784470328, "2018Q4": 0.23379059673599997, "2014Q4": 0.287824969488, "2022Q1": 0.61491289992, "2022Q2": 0.391630404264, "2022Q3": 0.61491289992, "2022Q4": 0.45542540563199996}