{"2022Q4": 0.00756928, "2022Q1": 0.6812352, "2022Q3": 0.0094616, "2022Q2": 0.2270784, "2021Q4": 1.3624704, "2023Q1": 0.01513856, "2023Q2": 0.01513856}