{"2017Q3": 1.497080497132, "2017Q4": 1.020736630804, "2023Q1": 0.06280722799999999, "2023Q2": 0.04008972, "2021Q4": 0.08989815999999999, "2018Q1": 0.9945638748759998, "2018Q2": 0.942218484504, "2018Q3": 0.7893696239, "2022Q1": 0.078843116, "2022Q2": 0.041061592, "2022Q3": 0.03492665, "2022Q4": 0.030553226}