{"2015Q4": 1.0483552356480001, "2020Q1": 5.420223338271001, "2020Q2": 11.020198285187, "2020Q3": 10.135264714813001, "2020Q4": 18.528314, "2016Q1": 0.822466465891, "2016Q3": 0.97481055, "2023Q1": 3.8549953417290004, "2023Q2": 3.36689885, "2021Q1": 21.238426429626003, "2021Q2": 19.911024, "2021Q3": 23.658168929626, "2021Q4": 15.914991823458001, "2019Q1": 1.59288192, "2019Q2": 2.06853416, "2019Q3": 2.09895378, "2019Q4": 3.96146415, "2018Q4": 1.2029577, "2022Q1": 8.912948521729, "2022Q2": 4.603732668458, "2022Q3": 2.081808176, "2022Q4": 5.28610033}