{"2014Q4": 4.987908119999999, "2016Q2": 4.5595836, "2016Q4": 4.37996364, "2016Q3": 3.94473066, "2016Q1": 4.44904824, "2019Q2": 4.2487029, "2019Q4": 2.6252147999999997, "2019Q3": 4.24179444, "2019Q1": 4.33851288, "2020Q2": 1.6234880999999999, "2020Q3": 2.0310872399999997, "2020Q1": 1.72020654, "2023Q1": 3.44732154, "2018Q2": 4.4214144, "2018Q4": 4.47668208, "2018Q3": 4.36614672, "2018Q1": 4.704661259999999, "2017Q2": 4.61485128, "2017Q4": 5.13989424, "2017Q3": 4.88428122, "2017Q1": 4.39378056, "2015Q2": 4.2141606, "2015Q4": 4.8013797, "2015Q3": 4.490499, "2015Q1": 4.50431592, "2022Q2": 2.26597488, "2022Q4": 2.81865168, "2022Q3": 2.6183063399999997}