{"2019Q4": 0.017180839, "2021Q4": 0.015686853}