{"2020Q4": 0.10821411, "2020Q1": 0.10821411, "2020Q3": 0.10821411, "2020Q2": 0.10821411, "2014Q4": 0.10821411, "2016Q4": 0.10821411, "2016Q1": 0.10821411, "2016Q3": 0.10821411, "2016Q2": 0.10821411, "2017Q4": 0.10821411, "2017Q1": 0.10821411, "2017Q3": 0.10821411, "2017Q2": 0.10821411, "2015Q4": 0.10821411, "2015Q1": 0.10821411, "2015Q3": 0.10821411, "2015Q2": 0.10821411, "2018Q4": 0.10821411, "2018Q1": 0.10821411, "2018Q3": 0.10821411, "2018Q2": 0.10821411, "2019Q4": 0.10821411, "2019Q1": 0.10821411, "2019Q3": 0.10821411, "2019Q2": 0.10821411, "2022Q4": 0.09232946999999998, "2022Q1": 0.10821411, "2022Q3": 0.09232946999999998, "2022Q2": 0.08637273, "2021Q4": 0.10821411, "2021Q1": 0.10821411, "2021Q3": 0.10821411, "2021Q2": 0.10821411, "2023Q1": 0.09232946999999998}