{"2010Q1": 5.7843673099999995, "2010Q2": 5.246286629999999, "2010Q3": 5.183346, "2010Q4": 5.246286629999999, "2012Q1": 3.79494975, "2012Q2": 3.9800692499999997, "2012Q3": 3.4740759499999996, "2012Q4": 3.7394138999999997, "2011Q1": 5.76585536, "2011Q2": 5.03031388, "2011Q3": 4.95256369, "2011Q4": 4.30217718, "2020Q3": 12.079664439999998, "2020Q4": 12.12656138, "2013Q1": 3.84308082, "2023Q1": 13.4273344, "2023Q2": 14.278884099999999, "2023Q3": 15.64383188, "2021Q1": 11.462599439999998, "2021Q2": 14.73921459, "2021Q3": 15.484629109999998, "2021Q4": 21.22209948, "2009Q4": 4.53789601, "2022Q1": 19.122844349999998, "2022Q2": 16.61632632, "2022Q3": 18.899466819999997, "2022Q4": 16.168337129999998}