{"2021Q4": 8.844155204755, "2023Q2": 13.649313495714999, "2023Q3": 11.867506999999998, "2023Q1": 16.36436729431, "2022Q4": 16.745706434645, "2022Q2": 24.43878305173, "2022Q3": 14.50741846741, "2022Q1": 17.033187210304998}