{"2013Q4": 3.11700327, "2022Q4": 1.7336891, "2022Q3": 1.5675944099999999, "2023Q1": 2.0707279599999997, "2023Q3": 1.8791735, "2023Q2": 2.0428434500000003}