{"2014Q4": 0.08004372000000001, "2016Q2": 8079897141822.096, "2016Q1": 0.07071000000000001, "2015Q4": 0.06590172000000001, "2015Q1": 0.07202992, "2015Q3": 0.04534868}