{"2022Q3": 0.48814528000000007, "2022Q4": 0.50557904, "2022Q1": 0.5753140800000001, "2022Q2": 0.6319738, "2020Q3": 0.7908938543440001, "2020Q4": 0.8106698400000001, "2020Q1": 0.812385321984, "2020Q2": 0.911246944816, "2016Q4": 2.145798610392, "2019Q3": 0.48814528000000007, "2019Q4": 0.851069963736, "2019Q1": 0.871688, "2019Q2": 0.76708544, "2018Q3": 1.255427721488, "2018Q4": 1.306323840432, "2018Q1": 1.8645319151200002, "2018Q2": 1.20522633788, "2017Q3": 1.675559545288, "2017Q4": 2.116495946584, "2017Q1": 1.990514366696, "2017Q2": 1.9569186394879998, "2021Q3": 0.81938672, "2021Q4": 0.62761536, "2021Q1": 0.8498958, "2021Q2": 1.03730872}