{"2019Q4": 1.6295457201199999, "2021Q1": 1.5623151594799998, "2020Q2": 0.635522792048, "2020Q4": 1.170944680096, "2020Q3": 0.44277035364800005, "2020Q1": 0.687063117968, "2023Q2": 0.0204081688, "2023Q3": 0.028711111999999997, "2023Q1": 0.019011412000000002, "2022Q2": 0.06494919119999999, "2022Q4": 0.02008225888, "2022Q3": 0.04655856, "2022Q1": 0.1801816272}