{"2023Q2": 0.01104, "2023Q1": 0.012282, "2020Q2": 0.35012402487, "2020Q4": 0.33809999999999996, "2020Q1": 0.32701236033000003, "2020Q3": 0.33809999999999996, "2022Q2": 0.015179999999999999, "2022Q1": 0.030084, "2018Q4": 0, "2021Q2": 0.7313999999999999, "2021Q4": 0.0552, "2021Q1": 0.49679999999999996, "2021Q3": 0.22424999999999998, "2019Q4": 0.295966908672, "2019Q3": 0}