{"2014Q2": 113.58895236000001, "2014Q4": 73.54102314000001, "2014Q3": 93.82577152, "2014Q1": 100.39470324, "2008Q4": 23.24499658, "2016Q2": 67.49365896, "2016Q4": 95.19312426, "2016Q3": 73.75246944, "2016Q1": 66.66197018, "2019Q2": 95.27770278000001, "2019Q4": 64.50521792, "2019Q3": 69.48125418000001, "2019Q1": 93.30420398, "2013Q2": 93.036372, "2013Q4": 96.01071662, "2013Q3": 103.45362638, "2013Q1": 90.95010184, "2011Q2": 68.367637, "2011Q4": 79.16549472, "2011Q3": 59.24725326, "2011Q1": 78.24922742, "2021Q2": 47.53312824, "2021Q4": 40.71046096, "2021Q3": 46.92698218, "2021Q1": 51.28277596000001, "2020Q2": 31.068509680000002, "2020Q4": 42.17648864, "2020Q3": 30.39188152, "2020Q1": 38.130816100000004, "2023Q2": 75.69777540000001, "2023Q1": 81.2658613, "2018Q2": 129.27826782, "2018Q4": 71.06005322, "2018Q3": 118.36763874, "2018Q1": 111.77051418000002, "2017Q2": 71.76487422, "2017Q4": 106.39977816000001, "2017Q3": 84.3670737, "2017Q1": 82.08345366, "2015Q2": 67.12715204, "2015Q4": 62.70087616, "2015Q3": 61.82689812, "2015Q1": 71.80716348, "2010Q2": 42.23287432, "2010Q4": 72.97716634000001, "2010Q3": 54.172542060000005, "2009Q4": 37.679730660000004, "2022Q2": 72.85029856, "2022Q4": 79.77164078000001, "2022Q3": 61.319427000000005, "2022Q1": 64.87172484000001, "2012Q2": 74.38680834, "2012Q4": 91.52805506000001, "2012Q3": 94.10769992000002, "2012Q1": 78.78489138}