{"2019Q4": 2.211526944144, "2021Q1": 1.9787341441439998, "2020Q2": 0.8613310320719999, "2020Q4": 1.489870816096, "2020Q3": 0.605259728048, "2020Q1": 0.9311688720719999, "2023Q2": 0.03103904, "2023Q3": 0.04655856, "2023Q1": 0.02715916, "2022Q2": 0.09311712, "2022Q4": 0.03103904, "2022Q3": 0.0581982, "2022Q1": 0.2327928}