{"2019Q2": 0, "2019Q3": 0, "2019Q4": 59.716368, "2021Q2": 138.230952254091, "2021Q1": 134.7227387991, "2021Q3": 164.095595435454, "2021Q4": 98.05925262, "2020Q2": 59.716368, "2020Q1": 59.716368, "2020Q3": 124.40910000000001, "2020Q4": 123.47615491500902, "2022Q2": 96.30508928636401, "2022Q1": 108.770752964991, "2022Q3": 103.07293686181801, "2022Q4": 94.488707717727}