{"2021Q1": 44.377316, "2021Q2": 49.013752000000004, "2021Q3": 71.003702950608, "2016Q1": 57.198443197928, "2016Q4": 38.536245172568, "2016Q2": 57.597654909184, "2016Q3": 39.175173871984, "2012Q1": 30.940756235608003, "2012Q4": 35.811738935280005, "2012Q2": 30.107466814376, "2012Q3": 30.165142753520005, "2020Q1": 32.3225824, "2020Q4": 39.475939475304, "2020Q2": 33.6472784, "2020Q3": 35.766792, "2009Q4": 14.361337990168002, "2011Q1": 22.197638114184002, "2011Q4": 26.428948959984, "2011Q2": 29.259151366416003, "2011Q3": 24.022910238664, "2015Q1": 56.844267176584, "2015Q4": 62.518658129816004, "2015Q2": 55.899034319872, "2015Q3": 56.879721340328, "2013Q1": 37.149846157584, "2013Q4": 54.214157451560006, "2013Q2": 41.85820917629601, "2013Q3": 46.19487177028001, "2010Q1": 14.73142096108, "2010Q4": 21.18024641696, "2010Q2": 15.9083073814, "2010Q3": 18.276055764840002, "2014Q1": 54.320216587408005, "2014Q4": 50.47890551688, "2014Q2": 64.72147391308, "2014Q3": 56.760270852616, "2017Q4": 33.744271316424005, "2019Q4": 45.039664}