{"2022Q4": 4.083770599999999, "2020Q3": 1.22824065, "2020Q1": 0.5856168499999999, "2020Q2": 0.9224760999999999, "2019Q4": 0.80327975}