{"2021Q4": 0.25720284, "2022Q3": 0.21488591999999998, "2022Q1": 0.2501, "2022Q2": 0.2501}