{"2020Q4": 1.2179419999999999, "2023Q1": 1.4208687, "2021Q1": 1.364935, "2021Q2": 1.3624533, "2021Q3": 1.3779162, "2021Q4": 1.4168598, "2022Q1": 1.6919467, "2022Q2": 1.4361407, "2022Q4": 1.3317184}