{"2023Q3": 0.0542416, "2023Q2": 0.0467712, "2023Q1": 0.049532, "2023Q4": 0.07007560000000002, "2024Q1": 0.0684516, "2022Q3": 0.055134800000000005, "2022Q2": 0.0569212, "2022Q1": 0.0559468, "2022Q4": 0.0483952, "2017Q3": 0.0620368, "2017Q2": 0.054810000000000005, "2017Q1": 0.0464464, "2017Q4": 0.06349840000000001, "2020Q3": 0.060169200000000006, "2020Q2": 0.0555408, "2020Q1": 0.0573272, "2020Q4": 0.0453908, "2015Q3": 0.0591136, "2015Q2": 0.066584, "2015Q1": 0.06877640000000002, "2015Q4": 0.071862, "2010Q3": 0.046284000000000006, "2010Q2": 0.05505360000000001, "2010Q1": 0.0651224, "2010Q4": 0.05278, "2016Q3": 0.0616308, "2016Q2": 0.0619556, "2016Q1": 0.07218680000000001, "2016Q4": 0.0464464, "2014Q3": 0.08517880000000001, "2014Q2": 0.07900760000000001, "2014Q1": 0.07486640000000001, "2014Q4": 0.06569080000000001, "2018Q2": 0.0626052, "2018Q1": 0.06382320000000001, "2018Q4": 0.06317360000000001, "2011Q3": 0.057733200000000005, "2011Q2": 0.046284000000000006, "2011Q1": 0.045472, "2011Q4": 0.0508312, "2012Q3": 0.0447412, "2012Q2": 0.0444164, "2012Q1": 0.049938, "2012Q4": 0.0492884, "2019Q3": 0.052861200000000004, "2019Q2": 0.0652036, "2019Q4": 0.056758800000000005, "2013Q3": 0.0596008, "2013Q2": 0.0501816, "2013Q1": 0.0539168, "2013Q4": 0.079982, "2009Q4": 0.0565152, "2021Q3": 0.0501004, "2021Q2": 0.0453908, "2021Q1": 0.045634400000000006, "2021Q4": 0.05667760000000001}