{"2017Q2": 0.9974135907849999, "2017Q4": 0.987439464872, "2017Q1": 0.867922046362, "2017Q3": 1.009881220689, "2023Q2": 0.686475, "2023Q1": 0.682062261747, "2023Q3": 0.7260249999999999, "2016Q2": 0.901674561474, "2016Q4": 0.88479833149, "2016Q1": 0.948083242244, "2016Q3": 0.9740015136859999, "2010Q4": 0.774133867244, "2015Q2": 1.1181325723079998, "2015Q4": 1.062225822308, "2015Q1": 1.236742183622, "2015Q3": 0.8432581411379999, "2020Q2": 0.996745522468, "2020Q4": 1.2867078261859999, "2020Q1": 0.786277946282, "2020Q3": 0.9501443886859998, "2022Q4": 0.71183483742, "2018Q2": 0.72154704391, "2018Q4": 1.1646020566829998, "2018Q1": 1.032323086907, "2018Q3": 1.005102335994, "2012Q2": 0.9491828955289999, "2012Q4": 1.3705308730609997, "2012Q1": 1.02898153125, "2012Q3": 1.249474436474, "2021Q2": 1.001979497035, "2021Q4": 0.764668572308, "2021Q1": 1.0795919580289999, "2021Q3": 0.864866466811, "2011Q4": 0.9617829473079998, "2011Q3": 0.69718754351, "2019Q2": 1.193595605497, "2019Q4": 1.23742095609, "2019Q3": 1.191017792997, "2013Q4": 1.24827535641, "2014Q2": 1.3658525185900001, "2014Q4": 1.46778171875, "2014Q1": 1.393833922901, "2014Q3": 1.397563805657}