{"2021Q3": 31.356780786330003, "2021Q1": 25.897388971860003, "2021Q2": 27.714352415460002, "2021Q4": 33.2347309275, "2018Q4": 22.38604673214, "2020Q3": 24.16687226058, "2020Q1": 23.925406435680003, "2020Q2": 19.880824786530003, "2020Q4": 22.577211142590002, "2023Q3": 29.8963731, "2023Q1": 25.87899852516, "2023Q2": 30.403987500000003, "2022Q3": 26.2942249893, "2022Q1": 39.041355314760004, "2022Q2": 32.18006154615, "2022Q4": 22.339191807960002, "2019Q3": 21.16865097957, "2019Q1": 20.907062473830003, "2019Q2": 20.94730466292, "2019Q4": 19.780211382330002}