{"2020Q4": 0.0041, "2020Q1": 0.0041, "2020Q3": 0.0041, "2020Q2": 0.0041, "2014Q3": 0.01681, "2016Q4": 0.027880000000000002, "2016Q3": 0.014678, "2016Q2": 0.0205, "2017Q4": 0.039524000000000004, "2017Q3": 0.040836, "2017Q2": 0.04592, "2013Q4": 0.019582717577999998, "2015Q1": 0.028454, "2015Q3": 0.017958000000000002, "2015Q2": 0.026814, "2018Q4": 0.0533, "2019Q4": 0.0041, "2022Q4": 0.0041, "2021Q1": 0.0041, "2021Q3": 0.0041, "2021Q2": 0.0041, "2023Q1": 0.0041, "2023Q2": 0.0041}