{"2020Q1": 4.40273106, "2020Q2": 9.195866680000002, "2020Q3": 9.65761797, "2020Q4": 7.243695550000001, "2023Q1": 7.747720890000001, "2021Q1": 11.255577060000002, "2021Q2": 11.057259850000001, "2021Q3": 10.79456742, "2019Q1": 6.527113320000001, "2019Q2": 4.41459746, "2019Q3": 3.87556624, "2019Q4": 2.63256084, "2018Q4": 8.28022559, "2022Q1": 10.645644100000002, "2022Q2": 10.084511710000001, "2022Q3": 9.25119377}