{"2017Q2": 0.145779452832, "2017Q4": 0.070436011506, "2017Q1": 0.1861935738, "2017Q3": 0.12412903933800001, "2023Q2": 0.12840324, "2023Q1": 0.13235477574600002, "2016Q2": 0.199183810062, "2016Q4": 0.200627163072, "2016Q1": 0.19629710404200001, "2016Q3": 0.171759954942, "2015Q2": 0.168873248922, "2015Q4": 0.136397613888, "2015Q1": 0.106087023162, "2015Q3": 0.141449364216, "2020Q2": 0.034640649756, "2020Q4": 0.076786794336, "2020Q1": 0.018763707474, "2020Q3": 0.079096188738, "2022Q2": 0.12244272609600002, "2022Q4": 0.14722283542800002, "2022Q1": 0.1391399994, "2022Q3": 0.12594112266600002, "2018Q2": 0.05888912825400001, "2018Q4": 0.054559039638, "2018Q1": 0.07967352994200001, "2018Q3": 0.065817252288, "2021Q2": 0.19774045705200002, "2021Q4": 0.18763692681, "2021Q1": 0.127593116148, "2021Q3": 0.164543160306, "2019Q2": 0.055136380842, "2019Q4": 0.03377463795, "2019Q1": 0.060043810662, "2019Q3": 0.036950044158, "2013Q4": 0.10825206747, "2014Q2": 0.101035272834, "2014Q4": 0.093818478198, "2014Q1": 0.09742684593, "2014Q3": 0.09526183120800001}