{"2015Q1": 855.1848611390401, "2015Q2": 1029.4522740572402, "2015Q3": 949.6761454850401, "2015Q4": 932.7024917110799, "2020Q1": 3881.2180476265203, "2020Q2": 4150.70044214148, "2020Q3": 4281.77535089148, "2020Q4": 4089.53217978144, "2016Q1": 903.84721646184, "2016Q2": 945.261293634, "2016Q3": 1505.1930395288402, "2016Q4": 1505.1930395288402, "2013Q1": 947.4653970561601, "2013Q2": 876.14522567964, "2013Q3": 860.2153164925201, "2013Q4": 876.14522567964, "2017Q1": 1435.52412334692, "2017Q2": 1676.0157636747601, "2017Q3": 3331.22202325152, "2017Q4": 3371.97349719612, "2023Q1": 3766.7916, "2023Q2": 3924.8388, "2021Q1": 4701.213943780681, "2021Q2": 4644.3046899520805, "2021Q3": 4591.7277583608, "2021Q4": 4591.7277583608, "2019Q1": 5022.7184934835195, "2019Q2": 4704.50659378068, "2019Q3": 4843.89930276648, "2019Q4": 4695.79436217216, "2018Q1": 6537.58872970284, "2018Q2": 4466.56975834356, "2018Q3": 4866.30175581288, "2018Q4": 3606.27662731212, "2014Q1": 880.3372450273201, "2014Q2": 906.32827916316, "2014Q3": 920.58142345956, "2014Q4": 888.72149796444, "2022Q1": 6747.38627004792, "2022Q2": 5707.26, "2022Q3": 4284.8352, "2022Q4": 4205.8116}