{"2022Q4": 0.19025704000000002, "2022Q2": 0.14981092000000001, "2022Q1": 0.14915096, "2022Q3": 0.2116586, "2014Q4": 0.27586328000000004, "2016Q4": 0.17828348000000002, "2016Q2": 0.22627200000000003, "2016Q1": 0.2328716, "2016Q3": 0.1946882, "2019Q4": 0.17187244000000002, "2019Q2": 0.17639788, "2019Q1": 0.16121880000000002, "2019Q3": 0.17187244000000002, "2021Q4": 0.15499632000000002, "2021Q2": 0.14245708, "2021Q1": 0.14830244, "2021Q3": 0.13651744000000002, "2020Q4": 0.12105552, "2020Q2": 0.18205468, "2020Q1": 0.1998736, "2020Q3": 0.17724640000000003, "2023Q4": 0.41709472000000003, "2023Q2": 0.23258876000000003, "2023Q1": 0.20204204, "2023Q3": 0.30867272, "2018Q4": 0.15433636, "2018Q2": 0.17092964, "2018Q1": 0.16772412, "2018Q3": 0.14575688, "2017Q4": 0.16489572, "2017Q2": 0.16800696, "2017Q1": 0.17950912, "2017Q3": 0.054022440000000005, "2015Q4": 0.22749764, "2015Q2": 0.25238756, "2015Q1": 0.22957180000000002, "2015Q3": 0.21241284000000002, "2024Q1": 0.39446752000000007}