{"2014Q4": 0.9336552999999999, "2014Q2": 1.5103247499999999, "2014Q3": 1.5103247499999999, "2014Q1": 2.7460449999999996, "2016Q4": 0.617860125, "2016Q2": 0.617860125, "2016Q3": 0.617860125, "2016Q1": 0.617860125, "2019Q4": 0.617860125, "2019Q2": 0.617860125, "2019Q3": 0.617860125, "2019Q1": 0.617860125, "2013Q4": 2.7460449999999996, "2013Q2": 1.8535803749999997, "2013Q3": 1.8535803749999997, "2013Q1": 2.05953375, "2021Q4": 4.942881, "2021Q2": 8.018451399999998, "2021Q3": 6.705841889999999, "2021Q1": 7.908609599999999, "2020Q4": 15.575567789208998, "2020Q2": 0.617860125, "2020Q3": 21.968359999999997, "2020Q1": 0.617860125, "2023Q2": 2.8558868, "2023Q1": 2.3890591499999996, "2018Q4": 0.617860125, "2018Q2": 0.617860125, "2018Q3": 0.617860125, "2018Q1": 0.617860125, "2017Q4": 0.617860125, "2017Q2": 0.617860125, "2017Q3": 0.617860125, "2017Q1": 0.617860125, "2015Q4": 1.098418, "2015Q2": 0.6590507999999999, "2015Q3": 0.6590507999999999, "2015Q1": 0.7002414749999999, "2022Q4": 2.4110275099999994, "2022Q2": 4.38268782, "2022Q3": 4.168496309999999, "2022Q1": 4.668276499999999, "2012Q4": 4.105337274999999}