{"2011Q3": 1.270506, "2011Q2": 1.664802, "2011Q1": 1.68123, "2011Q4": 2.973642, "2012Q3": 2.075526, "2012Q2": 2.086478, "2012Q1": 2.546489, "2012Q4": 2.3822, "2023Q3": 1.11, "2023Q2": 1.21, "2023Q1": 1.37, "2022Q3": 1.73, "2022Q2": 1.97, "2022Q1": 2.63, "2022Q4": 1.47, "2013Q3": 1.900283, "2013Q2": 1.976952, "2013Q1": 2.256244, "2013Q4": 1.993381, "2015Q3": 2.294578, "2015Q2": 2.387676, "2015Q4": 2.69435, "2016Q1": 2.721731}