{"2017Q4": 174.76998165442802, "2017Q3": 191.528832563914, "2022Q2": 17.1560755, "2022Q4": 19.150968, "2022Q1": 15.560161500000001, "2018Q2": 62.246868468685996, "2018Q4": 44.5303095678, "2018Q1": 107.734886027886, "2018Q3": 38.305764597686, "2021Q2": 40.855398400000006, "2021Q4": 30.082978900000004, "2021Q1": 37.1050005, "2021Q3": 30.7213445, "2019Q2": 81.3997531614, "2019Q1": 71.823313208914, "2019Q3": 90.976193113886}