{"2017Q2": 22.508901, "2017Q4": 23.3600706, "2017Q1": 23.83519190094, "2017Q3": 23.2397208, "2023Q2": 52.2422784, "2023Q1": 51.589947599999995, "2016Q2": 16.80927505452, "2016Q4": 19.3675968, "2016Q1": 14.5832562, "2016Q3": 18.47027322612, "2015Q2": 14.8100022, "2015Q4": 13.962321, "2015Q1": 16.5325732479, "2015Q3": 15.601868999999999, "2020Q2": 33.2427078, "2020Q4": 38.1578634, "2020Q1": 28.665926999999996, "2020Q3": 36.1328472, "2022Q2": 52.51437359999999, "2022Q4": 48.807948599999996, "2022Q1": 57.146968799999996, "2022Q3": 46.953863999999996, "2018Q2": 24.9141528, "2018Q4": 24.9141528, "2018Q1": 24.0908904, "2018Q3": 25.168806, "2012Q4": 6.568657199999999, "2021Q2": 51.99709411295999, "2021Q4": 51.45738839999999, "2021Q1": 47.664001599660004, "2021Q3": 46.8160722, "2019Q2": 30.5775702, "2019Q4": 32.7613086, "2019Q1": 28.107783, "2019Q3": 30.0316356, "2013Q2": 7.2977328, "2013Q4": 8.9582112, "2013Q1": 9.45752106654, "2013Q3": 7.5994794, "2014Q2": 10.1494998, "2014Q4": 13.871388179519998, "2014Q1": 10.2018258, "2014Q3": 13.871388179519998}