{"2015Q1": 32.44398983, "2015Q2": 37.18226015, "2015Q3": 41.00097876, "2015Q4": 44.20962728, "2010Q1": 34.69751404, "2010Q2": 34.12123792, "2010Q3": 33.21413662, "2010Q4": 38.47710279, "2012Q1": 28.51677479, "2012Q2": 30.055289739999996, "2012Q3": 30.243824519999997, "2012Q4": 24.385017299999998, "2011Q1": 40.38379415, "2011Q2": 34.46273488, "2011Q3": 19.78548012, "2011Q4": 21.36490356, "2020Q1": 24.76208686, "2020Q2": 31.659613999999998, "2020Q3": 37.01862619, "2020Q4": 44.34836042, "2016Q1": 33.92203136, "2016Q2": 32.5311427, "2016Q3": 39.61542599, "2016Q4": 37.88304037, "2013Q1": 27.502955689999997, "2013Q2": 26.234792499999998, "2013Q3": 29.326051439999997, "2013Q4": 32.65920406, "2017Q1": 41.65373597, "2017Q2": 40.84090206, "2017Q3": 41.49010201, "2017Q4": 44.14203934, "2023Q1": 90.44867138999999, "2023Q2": 82.44839365, "2021Q1": 62.49572231, "2021Q2": 72.8882574, "2021Q3": 84.38887897999999, "2021Q4": 106.32294413999999, "2019Q1": 32.865525139999995, "2019Q2": 36.568632799999996, "2019Q3": 33.329747569999995, "2019Q4": 34.60146802, "2018Q1": 44.26476481, "2018Q2": 44.154489749999996, "2018Q3": 44.59736862, "2018Q4": 31.34123923, "2009Q4": 30.434137930000002, "2014Q1": 39.22946328, "2014Q2": 42.86854026, "2014Q3": 29.260242129999998, "2014Q4": 28.86182901, "2022Q1": 105.51188886, "2022Q2": 91.57988006999999, "2022Q3": 75.33387365, "2022Q4": 93.69467114}