{"2020Q1": 1.708732599973, "2020Q2": 1.7610407151399998, "2020Q3": 2.4824328199999997, "2020Q4": 3.404069039693, "2023Q1": 1.78821342, "2023Q2": 1.33098616, "2021Q1": 3.5429128, "2021Q2": 3.334647099693, "2021Q3": 2.53509774, "2021Q4": 2.7864531596929996, "2019Q1": 1.414465683771, "2019Q2": 2.956417219693, "2019Q3": 2.597338219693, "2019Q4": 2.26459156, "2018Q4": 0.785940983751, "2022Q1": 2.5015837, "2022Q2": 2.148489469693, "2022Q3": 1.4123774, "2022Q4": 1.2017177199999998}