{"2021Q3": 37.380001, "2021Q1": 36.439999, "2021Q2": 33.830002, "2021Q4": 32.209999, "2020Q3": 14.29, "2020Q1": 15.76, "2020Q2": 9.56, "2020Q4": 21.440001, "2023Q3": 14.64, "2023Q1": 20.799999, "2023Q2": 16.139999, "2023Q4": 14.32, "2022Q3": 17.09, "2022Q1": 27.84, "2022Q2": 21.719999, "2022Q4": 17.780001, "2024Q1": 19.28, "2019Q3": 10.66, "2019Q2": 10.82, "2019Q4": 14.72}