{"2014Q2": 26.769744750746003, "2014Q3": 24.739053113712004, "2014Q4": 23.407729574086, "2021Q2": 69.479048106075, "2021Q1": 68.89203221948, "2021Q3": 72.019733610389, "2021Q4": 76.844284516144, "2018Q2": 35.54155764768401, "2018Q1": 32.105812785946, "2018Q3": 29.405659290807, "2018Q4": 35.469793492789, "2020Q2": 46.062757893529, "2020Q1": 36.370598538155, "2020Q3": 47.715968082762004, "2020Q4": 48.13381265618, "2015Q2": 22.032693630226, "2015Q1": 23.15357541727, "2015Q3": 21.647655663199004, "2015Q4": 21.733215543222002, "2017Q2": 29.997912162216004, "2017Q1": 28.813546882202, "2017Q3": 27.620350477923, "2017Q4": 28.141822434065002, "2022Q2": 41.038591310903, "2022Q1": 59.319332682616, "2022Q3": 44.045047676989, "2022Q4": 54.68399181736, "2016Q2": 24.601261001134002, "2016Q1": 23.076208884456, "2016Q3": 21.010855203316, "2016Q4": 24.148103319532, "2019Q2": 42.202244021765004, "2019Q1": 41.166718064049, "2019Q3": 41.566395482101, "2019Q4": 32.637250957661, "2013Q2": 20.677819793178003, "2013Q4": 24.284801150941004}