{"2015Q1": 11.902420799999998, "2015Q2": 11.537883, "2015Q3": 11.3861376, "2015Q4": 8.380880999999999, "2012Q4": 5.020798131179999, "2020Q1": 11.504743199999998, "2020Q2": 13.2175476, "2020Q3": 13.7111562, "2020Q4": 15.317564399999998, "2016Q1": 8.4489048, "2016Q2": 7.0884288, "2016Q3": 9.0890262, "2016Q4": 10.146011399999999, "2013Q1": 6.655901037479999, "2013Q2": 6.26839979796, "2013Q3": 6.29119492218, "2013Q4": 6.838254880019999, "2017Q1": 11.400091199999999, "2017Q2": 11.8134666, "2017Q3": 12.1675392, "2017Q4": 12.286144799999999, "2023Q1": 20.832724799999998, "2023Q2": 20.506559399999997, "2021Q1": 19.238526, "2021Q2": 18.589683599999997, "2021Q3": 19.1670138, "2021Q4": 21.5705214, "2019Q1": 12.0663756, "2019Q2": 12.6419616, "2019Q3": 12.6419616, "2019Q4": 14.7158154, "2018Q1": 12.3611454, "2018Q2": 12.1849812, "2018Q3": 12.5111466, "2018Q4": 12.134399399999998, "2014Q1": 8.5518126, "2014Q2": 9.244259999999999, "2014Q3": 10.5733404, "2014Q4": 11.325090600000001, "2022Q1": 24.3769392, "2022Q2": 20.8833066, "2022Q3": 18.4763106, "2022Q4": 20.107137599999998}