{"2014Q4": 1.721022, "2021Q3": 0.41304528, "2021Q1": 0.27536352000000003, "2021Q2": 0.61956792, "2021Q4": 0.2581533, "2018Q3": 0.6884088, "2018Q1": 0.6884088, "2018Q2": 0.3442044, "2018Q4": 1.3768176, "2020Q3": 0.13768176000000001, "2020Q1": 0.13768176000000001, "2020Q2": 0.20652264, "2020Q4": 0.20652264, "2015Q3": 1.0326132, "2015Q1": 1.3768176, "2015Q2": 1.0326132, "2015Q4": 0.3442044, "2017Q3": 0.6884088, "2017Q1": 0.3442044, "2017Q2": 0.6884088, "2017Q4": 0.6884088, "2023Q1": 0.27536352000000003, "2023Q2": 0.33559929, "2022Q3": 0.67119858, "2022Q1": 0.5163066, "2022Q2": 0.62817303, "2022Q4": 0.70561902, "2016Q3": 0.3442044, "2016Q1": 0.3442044, "2016Q2": 0.3442044, "2016Q4": 0.3442044, "2019Q3": 0.3442044, "2019Q1": 1.0326132, "2019Q2": 0.48188616000000006, "2019Q4": 0.27536352000000003}