{"2015Q1": 0.0181355, "2015Q2": 0.0314985, "2015Q3": 0.03818, "2015Q4": 0.028635, "2020Q3": 0.028635, "2020Q4": 0.034362, "2016Q1": 0.0353165, "2016Q2": 0.027680499999999997, "2016Q3": 0.027680499999999997, "2016Q4": 0.0124085, "2017Q1": 0.007636, "2017Q2": 0.0047725, "2017Q3": 0.003818, "2017Q4": 0.003818, "2023Q1": 0.30639448091, "2021Q1": 0.0353165, "2021Q2": 0.040089, "2021Q3": 0.040089, "2021Q4": 0.043906999999999995, "2018Q1": 0.003818, "2018Q2": 0.0124085, "2018Q3": 0.013362999999999998, "2014Q2": 0.0314985, "2014Q3": 0.0257715, "2014Q4": 0.017181, "2022Q1": 0.068724, "2022Q2": 0.36843698091, "2022Q3": 0.551701, "2022Q4": 0.30830349999999995}