{"2023Q1": 37.16, "2023Q2": 33.96, "2022Q1": 20.364897, "2022Q2": 20.771362, "2022Q3": 27.284065, "2022Q4": 27.389999, "2020Q1": 31.635103, "2020Q2": 48.517323, "2020Q3": 37.782909, "2020Q4": 38.785217, "2018Q4": 0, "2019Q2": 0, "2019Q3": 0, "2019Q4": 34.642033, "2021Q1": 33.565819, "2021Q2": 32.489609, "2021Q3": 38.48037, "2021Q4": 24.30485}