{"2015Q1": 8.880554006728001, "2015Q2": 8.067462225408, "2015Q3": 8.229895124232, "2015Q4": 8.87962274544, "2020Q1": 21.103753171136002, "2020Q2": 19.13726712836, "2020Q3": 17.410596101248004, "2020Q4": 21.307382790864004, "2016Q1": 8.824397493896, "2016Q2": 9.413325542792, "2016Q3": 10.500340612384, "2016Q4": 11.161514931728, "2013Q4": 5.380201140856001, "2017Q1": 12.59592490384, "2017Q2": 14.345907931160001, "2017Q3": 16.915743988184, "2017Q4": 18.243023145384, "2023Q1": 17.59196288, "2023Q2": 16.1612912, "2021Q1": 26.948314572528, "2021Q2": 25.377898062096, "2021Q3": 25.076374732664, "2021Q4": 28.006636726760004, "2019Q1": 21.088222435232, "2019Q2": 22.830424198248004, "2019Q3": 25.300521244040002, "2019Q4": 26.739415312112, "2018Q1": 18.186543406728, "2018Q2": 19.352089104592, "2018Q3": 19.907650710640002, "2018Q4": 16.828908840688, "2014Q1": 5.446311419432001, "2014Q2": 6.242661692704001, "2014Q3": 6.473871483152001, "2014Q4": 6.484381621216, "2022Q1": 28.521701051392, "2022Q2": 30.136834000000004, "2022Q3": 30.070600524696, "2022Q4": 16.53220608}