{"2023Q2": 0.02196741, "2023Q1": 0.0443741682, "2022Q4": 0.051403739399999995}