{"2023Q2": 0.1281942, "2023Q3": 0.05127768, "2023Q4": 0.03845826, "2024Q1": 0.03845826}