{"2015Q3": 5.8088935106360005, "2020Q1": 0.9008444, "2020Q2": 1.0282051600000002, "2020Q3": 1.22390584, "2020Q4": 1.19284224, "2016Q4": 4.845921755318001, "2013Q4": 0, "2017Q1": 4.348904, "2017Q2": 4.0227362, "2017Q3": 4.5197538, "2017Q4": 3.5412502446820002, "2021Q1": 0.88841896, "2021Q2": 0.94122708, "2021Q3": 0.7362073200000001, "2021Q4": 0.7447498100000001, "2019Q1": 3.0054033000000007, "2019Q2": 2.7491287553180004, "2019Q3": 2.4307267, "2019Q4": 1.8948796, "2018Q1": 1.6774344000000003, "2018Q2": 2.1433884, "2018Q3": 2.3685995, "2018Q4": 3.2150827553180004, "2014Q2": 0, "2014Q3": 0, "2022Q1": 0.6057402000000001, "2022Q2": 0.4814858000000001, "2022Q3": 0.155318}