{"2017Q2": 0.13003078, "2017Q4": 0.11186054, "2017Q1": 0.13570898, "2017Q3": 0.14167109, "2023Q2": 0.032649649999999995, "2023Q1": 0.0482647, "2016Q4": 0.09482594, "2020Q2": 0.049116429999999996, "2020Q4": 0.04145086, "2020Q1": 0.02546786264, "2020Q3": 0.03861176, "2022Q2": 0.0511038, "2022Q4": 0.04769688, "2022Q1": 0.05451072, "2022Q3": 0.04741297, "2018Q2": 0.061040649999999995, "2018Q4": 0.04996816, "2018Q1": 0.08460518, "2018Q3": 0.07069359, "2021Q2": 0.06700276, "2021Q4": 0.05649809, "2021Q1": 0.056214179999999996, "2021Q3": 0.0596211, "2019Q2": 0.06473148, "2019Q4": 0.04031522, "2019Q1": 0.05422681, "2019Q3": 0.057633729999999994}