{"2021Q3": 1.389433109468, "2021Q1": 1.288634997122, "2021Q2": 1.389433109468, "2021Q4": 1.389433109468, "2016Q3": 0.8240016942499999, "2016Q1": 0.7606169256759999, "2016Q2": 0.794824540816, "2016Q4": 1.060436663764, "2012Q3": 0.956203969546, "2012Q1": 1.06144287499, "2012Q2": 0.627810715596, "2012Q4": 0.956203969546, "2020Q3": 1.288634997122, "2020Q1": 1.259246971774, "2020Q2": 1.334017783462, "2020Q4": 1.288634997122, "2009Q4": 0, "2011Q3": 1.2123591038659998, "2011Q1": 1.384570869754, "2011Q2": 1.836145420376, "2011Q4": 1.2123591038659998, "2015Q3": 0.7394885704139998, "2015Q1": 1.055406202058, "2015Q2": 0.7394885704139998, "2015Q4": 0.7606169256759999, "2022Q3": 1.499772767256, "2022Q1": 1.389433109468, "2022Q2": 1.499772767256, "2022Q4": 1.499772767256, "2018Q3": 1.7894291923979997, "2018Q1": 1.721701413474, "2018Q2": 1.7894291923979997, "2018Q4": 1.7894291923979997, "2013Q3": 0.925618625656, "2013Q1": 0.956203969546, "2013Q2": 0.925618625656, "2013Q4": 1.182578015648, "2010Q3": 0, "2010Q1": 0, "2010Q2": 0, "2010Q4": 1.384570869754, "2014Q3": 1.119998394382, "2014Q1": 1.2576338536439997, "2014Q2": 1.14072417599, "2014Q4": 1.055406202058, "2017Q3": 1.658319468414, "2017Q1": 1.137907052048, "2017Q2": 1.1751624276419999, "2017Q4": 1.61052346924, "2019Q3": 1.360708461304, "2019Q1": 1.7894291923979997, "2019Q2": 1.8680145714999998, "2019Q4": 1.360708461304, "2023Q1": 1.499772767256, "2023Q2": 2.25732514}