{"2015Q1": 3.991065, "2015Q2": 3.0700499999999997, "2015Q3": 2.701644, "2015Q4": 2.3332379999999997, "2020Q1": 2.557351588599, "2020Q2": 2.721087588599, "2020Q3": 2.996368677198, "2020Q4": 3.0444662499999997, "2016Q1": 3.0495829999999997, "2016Q2": 3.682013177198, "2016Q3": 3.192852, "2016Q4": 2.487763911401, "2013Q1": 0, "2013Q2": 0, "2013Q3": 0, "2013Q4": 5.623012808855, "2017Q1": 3.261416572802, "2017Q2": 3.373985072802, "2017Q3": 6.047998499999999, "2017Q4": 4.605074999999999, "2023Q1": 3.986971661401, "2021Q1": 4.243832572802, "2021Q2": 3.785371588599, "2021Q3": 3.6881533385989997, "2021Q4": 4.04734925, "2019Q1": 3.656429427198, "2019Q2": 3.655406322802, "2019Q3": 3.633915911401, "2019Q4": 2.536884588599, "2018Q1": 4.710479927198, "2018Q2": 4.094423411401, "2018Q3": 5.018508338599, "2018Q4": 4.632705572802, "2014Q1": 5.416495232297999, "2014Q2": 5.4073816456040005, "2014Q3": 5.2702525, "2014Q4": 3.788441822802, "2022Q1": 3.283930088599, "2022Q2": 4.805651661401, "2022Q3": 4.321606927197999, "2022Q4": 3.440502822802}