{"2022Q3": 0.6356909251, "2022Q4": 0.6356909251, "2022Q1": 0.55253373405, "2022Q2": 0.56902727835, "2020Q3": 0.35029530215, "2020Q4": 0.388789193, "2020Q1": 0.2187140679, "2020Q2": 0.3129833591, "2010Q4": 0.7725819703, "2016Q3": 0.37991563035, "2016Q4": 0.38964879139999997, "2016Q1": 0.28338989335, "2016Q2": 0.36739772865, "2015Q3": 0.28188559615, "2015Q4": 0.22790997994999998, "2015Q1": 0.3017190384, "2015Q2": 0.28188559615, "2019Q3": 0.163323696, "2019Q4": 0.15590070564999997, "2019Q1": 0.29922083055, "2019Q2": 0.29922083055, "2018Q3": 0.2200034655, "2018Q4": 0.3570556854, "2018Q1": 0.4909023195999999, "2018Q2": 0.3331122883, "2013Q3": 0.3118730445, "2013Q4": 0.27588631565, "2013Q1": 0.3238716055, "2013Q2": 0.25489778804999996, "2014Q3": 0.3658486607, "2014Q4": 0.29388415715, "2014Q1": 0.28188559615, "2014Q2": 0.29987448349999996, "2012Q3": 0.43782211839999996, "2012Q4": 0.2638967088, "2012Q1": 0.39724191059999997, "2012Q2": 0.4877862754, "2017Q3": 0.4707017572, "2017Q4": 0.4808557633, "2017Q1": 0.4787425839, "2017Q2": 0.5843925997499999, "2009Q4": 0.42479383015, "2021Q3": 0.52035251895, "2021Q4": 0.49212008399999996, "2021Q1": 0.40011619275, "2021Q2": 0.40011619275, "2011Q4": 0.68673853425}