{"2015Q1": 38.76060496, "2015Q2": 53.99460896, "2015Q3": 68.14236224, "2015Q4": 76.8986028, "2010Q4": 8.25285608, "2012Q1": 14.54516208, "2012Q2": 16.30700776, "2012Q3": 19.1418572, "2012Q4": 20.77123328, "2011Q1": 9.23313112, "2011Q2": 9.76300952, "2011Q3": 9.140402400000001, "2011Q4": 10.822766320000001, "2020Q1": 289.16788984, "2020Q2": 378.57162288, "2020Q3": 456.33127808000006, "2020Q4": 454.48995064, "2016Q1": 72.30190768, "2016Q2": 86.30394440000002, "2016Q3": 96.21267048, "2016Q4": 92.58300344000001, "2013Q1": 25.964041600000005, "2013Q2": 25.8978068, "2013Q3": 25.844818960000005, "2013Q4": 26.87808184, "2017Q1": 106.70426280000001, "2017Q2": 110.91679608000001, "2017Q3": 105.86970432000001, "2017Q4": 104.13435256000001, "2023Q1": 517.2937880000001, "2023Q2": 421.1208584, "2023Q3": 427.6118688, "2021Q1": 560.4921245600001, "2021Q2": 578.6537067200001, "2021Q3": 726.2778289600001, "2021Q4": 787.84969904, "2019Q1": 199.94961424000002, "2019Q2": 234.59041464000003, "2019Q3": 220.28369784, "2019Q4": 254.92449824000002, "2018Q1": 147.01476208000003, "2018Q2": 165.94466792, "2018Q3": 181.49659896, "2018Q4": 143.47782376, "2014Q1": 31.342307360000003, "2014Q2": 27.951085600000003, "2014Q3": 28.944607600000005, "2014Q4": 32.150371920000005, "2022Q1": 534.46184816, "2022Q2": 444.56797760000006, "2022Q3": 455.25827432000006, "2022Q4": 489.18373888}