{"2015Q1": -0.0034525872859999997, "2015Q2": -0.0033688125189999998, "2015Q3": -0.002272708802, "2015Q4": -0.001734658996, "2010Q1": 0, "2010Q2": 0, "2010Q3": 0, "2010Q4": 0, "2012Q1": 0, "2012Q2": 0, "2012Q3": 0, "2012Q4": 0, "2011Q1": 0, "2011Q2": 0, "2011Q3": 0, "2011Q4": 0, "2020Q1": -0.005874417597999999, "2020Q2": -0.011245944119999999, "2020Q3": -0.012900101748, "2020Q4": -0.012432975587, "2016Q1": -0.0022073620590000002, "2016Q2": -0.0019602810529999997, "2016Q3": -0.002476023251, "2016Q4": -0.003407123411, "2013Q1": 0, "2013Q2": 0, "2013Q3": 0, "2013Q4": 0, "2017Q1": -0.003496111369, "2017Q2": -0.003701486847, "2017Q3": -0.003829270645, "2017Q4": -0.004237839335, "2023Q1": -0.227074961208, "2023Q2": 0.768400106, "2021Q1": -0.019669612117, "2021Q2": -0.017610159198, "2021Q3": -0.017653077096, "2021Q4": -0.021223749219999997, "2019Q1": -0.004190678142, "2019Q2": -0.007816998049, "2019Q3": -0.006706588366, "2019Q4": -0.008570001056, "2018Q1": -0.004244628607, "2018Q2": -0.004971686896, "2018Q3": -0.005382195378, "2018Q4": -0.0037383428950000003, "2009Q4": 0, "2014Q1": 0, "2014Q2": 0, "2014Q3": -0.0049526526869999995, "2014Q4": -0.003568247384, "2022Q1": -0.028937089634, "2022Q2": -0.13693622160399999, "2022Q3": -0.15172895415899998, "2022Q4": -0.168491666727}