{"2017Q2": 0.24793336000000002, "2017Q4": 0.22025148000000003, "2017Q1": 0.31443005, "2017Q3": 0.23409242000000002, "2023Q2": 0.17000285, "2023Q1": 0.19317138, "2016Q2": 0.21002122, "2016Q4": 0.26418142, "2016Q1": 0.21423368, "2016Q3": 0.25334938, "2015Q2": 0.31262471000000003, "2015Q4": 0.20641054000000003, "2015Q1": 0.38634276, "2015Q3": 0.23770310000000003, "2020Q2": 0.07582428000000001, "2020Q4": 0.06559402, "2020Q1": 0.0752225, "2020Q3": 0.06830203, "2022Q2": 0.17632154000000003, "2022Q4": 0.20219808, "2022Q1": 0.16187882, "2022Q3": 0.19557850000000002, "2018Q2": 0.14924144, "2018Q4": 0.10591328, "2018Q1": 0.1745162, "2018Q3": 0.14924144, "2021Q2": 0.12486935000000002, "2021Q4": 0.15886992000000003, "2021Q1": 0.10501061, "2021Q3": 0.1354005, "2019Q2": 0.12787825, "2019Q4": 0.09869192, "2019Q1": 0.11644443, "2019Q3": 0.12486935000000002, "2013Q4": 0.15285212, "2014Q2": 0.32375764, "2014Q4": 0.34873151, "2014Q1": 0.19377316000000003, "2014Q3": 0.41191841}