{"2003Q3": 14.206667, "2003Q2": 11.526667, "2003Q1": 4.366667, "2003Q4": 13.525, "2019Q1": 23.809999, "2021Q3": 21.52, "2021Q2": 25.860001, "2021Q1": 25.9, "2021Q4": 24.309999, "2001Q3": 1.063333, "2001Q2": 1.006667, "2001Q1": 0.979167, "2001Q4": 2.203333, "2014Q4": 61.77, "2023Q3": 10.28, "2023Q2": 15.55, "2023Q1": 15.8, "2022Q3": 13.34, "2022Q2": 20.17, "2022Q1": 19.299999, "2022Q4": 14.26, "2020Q3": 12.47, "2020Q2": 15.86, "2020Q1": 15.15, "2020Q4": 36.279999, "2018Q3": 22.280001, "2018Q2": 20.08, "2018Q4": 22.950001, "2002Q3": 1.606667, "2002Q2": 2.513333, "2002Q1": 3.016667, "2002Q4": 3.183333, "2000Q3": 1.791667, "2000Q2": 2.229167, "2000Q1": 2.583333, "2000Q4": 0.875, "2015Q3": 30.99, "2015Q2": 32.669998, "2015Q1": 39.93, "2015Q4": 24.98, "2016Q2": 22.889999, "2016Q1": 26.51, "2004Q3": 15.78, "2004Q2": 12.38, "2004Q1": 9.505}