{"2023Q3": 32.782556840000005, "2023Q2": 35.71666186000001, "2023Q1": 28.513764950000006, "2022Q3": 18.652524770000003, "2022Q2": 17.40608166, "2022Q1": 22.071970470000004, "2022Q4": 26.098092020000003, "2021Q4": 16.90971051}