{"2020Q1": 5.32177496, "2020Q2": 5.68706464, "2020Q3": 7.41684864, "2020Q4": 11.41250432, "2023Q1": 17.651646239999998, "2021Q1": 11.582866240000001, "2021Q2": 13.10405864, "2021Q3": 13.07469592, "2021Q4": 12.98559024, "2019Q1": 7.19372104, "2019Q2": 6.68118168, "2019Q3": 7.0615888, "2019Q4": 4.1587496, "2018Q4": 7.72195928, "2022Q1": 10.461559200000002, "2022Q2": 13.11844928, "2022Q3": 14.05398624}