{"2015Q1": 18.23561784, "2015Q2": 18.10626345, "2015Q3": 17.15721777, "2015Q4": 17.15409003, "2012Q2": 7.205642729999999, "2012Q4": 8.483994749999999, "2011Q4": 5.86764024, "2020Q1": 10.141026720000001, "2020Q2": 10.75115943, "2020Q3": 12.7254336, "2020Q4": 12.95465226, "2016Q1": 15.96376155, "2016Q2": 15.55693194, "2016Q3": 13.196381879999999, "2016Q4": 14.4144132, "2013Q1": 10.447768649999999, "2013Q2": 12.29983755, "2013Q3": 11.811910110000001, "2013Q4": 11.96271186, "2017Q1": 11.640107819999999, "2017Q2": 10.61219841, "2017Q3": 12.0440331, "2017Q4": 10.440396119999999, "2023Q1": 23.27820495, "2023Q2": 25.738619279999998, "2023Q3": 27.97785771, "2021Q1": 14.63737638, "2019Q1": 8.480420189999998, "2019Q2": 8.2907451, "2019Q3": 9.208289970000001, "2019Q4": 7.55393892, "2018Q1": 11.89323135, "2018Q2": 13.182307049999999, "2018Q3": 9.10552137, "2018Q4": 10.128068939999999, "2014Q1": 14.318793719999999, "2014Q2": 17.87369364, "2014Q3": 17.233623989999998, "2014Q4": 21.34838937, "2022Q1": 18.18959538, "2022Q2": 20.84281254, "2022Q3": 22.00186362, "2022Q4": 21.76192128}