{"2015Q1": 2.6079051399999997, "2015Q2": 2.19078768, "2015Q3": 2.31297567, "2015Q4": 2.24563924, "2020Q1": 3.81054606, "2020Q2": 5.5569951699999995, "2020Q3": 7.05047216, "2020Q4": 5.6816392, "2016Q1": 2.43454965, "2016Q2": 2.48223776, "2016Q3": 2.15844982, "2016Q4": 3.78373429, "2013Q4": 2.67585558, "2017Q1": 4.85947981, "2017Q2": 6.25164515, "2017Q3": 8.36997965, "2017Q4": 8.51509068, "2023Q1": 5.74754294, "2021Q1": 5.9583530399999995, "2021Q2": 9.79223148, "2021Q3": 9.99158006, "2021Q4": 8.879403279999998, "2019Q1": 8.74288839, "2019Q2": 8.17636183, "2019Q3": 8.38901396, "2019Q4": 4.23380362, "2018Q1": 7.443029220000001, "2018Q2": 8.06092795, "2018Q3": 6.947113809999999, "2018Q4": 9.26500156, "2014Q1": 3.5268734399999997, "2014Q2": 3.00209956, "2014Q3": 2.7491274399999996, "2014Q4": 2.4558353299999998, "2022Q1": 10.09514308, "2022Q2": 8.55213595, "2022Q3": 6.72668422, "2022Q4": 5.806692569999999}