{"2020Q4": 140.75191484, "2021Q1": 141.28983828, "2021Q2": 149.88245744, "2021Q3": 157.31429444, "2021Q4": 150.39206912, "2022Q1": 136.30696852000003, "2022Q2": 132.48488092000002, "2022Q3": 113.61509288, "2022Q4": 97.49154556}