{"2015Q1": 1.524830412996, "2015Q2": 1.6493903981559999, "2015Q3": 2.209528281176, "2015Q4": 1.7588328505680002, "2012Q4": 0.9693298271340001, "2020Q1": 0.317788282394, "2020Q2": 0.2878581, "2020Q3": 0.5352224, "2020Q4": 0.519377, "2016Q1": 2.50166145249, "2016Q2": 2.307723862334, "2016Q3": 2.3356120304239996, "2016Q4": 1.850188148606, "2013Q1": 0.835239168388, "2017Q1": 1.7926693818180002, "2017Q2": 1.498270564788, "2017Q3": 1.696338064788, "2017Q4": 1.123262782394, "2023Q1": 1.042275217606, "2021Q1": 0.905828717606, "2021Q2": 1.042275217606, "2021Q3": 1.341577147182, "2021Q4": 1.388233064788, "2019Q1": 0.4295864, "2019Q2": 0.3389155, "2019Q3": 0.317788282394, "2019Q4": 0.2544067, "2018Q1": 0.915512, "2018Q2": 0.698958217606, "2018Q3": 0.747374717606, "2018Q4": 0.564272282394, "2022Q1": 1.058120564788, "2022Q2": 1.1602354352120001, "2022Q3": 1.053719064788, "2022Q4": 0.824841064788}