{"2020Q2": 0, "2020Q4": 1.4696104420690002, "2023Q1": 0.0546897, "2021Q1": 0.347770385977, "2021Q2": 0.22366685, "2021Q3": 0.17318405, "2022Q1": 0.0855403, "2022Q2": 0.08273570000000001, "2022Q3": 0.07151729999999999}