{"2022Q3": 0.0052499999999999995, "2022Q4": 0.00375, "2023Q1": 0.004274999999999999, "2023Q2": 0.00375}