{"2023Q3": 214.9, "2023Q2": 245.27, "2023Q1": 274.959991, "2022Q3": 277.420013, "2022Q2": 221.770004, "2022Q1": 115.910004, "2022Q4": 189.520004, "2020Q3": 86.68, "2020Q2": 52.299999, "2020Q1": 39.880001, "2020Q4": 116.760002, "2019Q4": 29, "2021Q3": 238.190002, "2021Q2": 189.820007, "2021Q1": 134.800003, "2021Q4": 175.589996}