{"2021Q4": 0.59139456, "2020Q4": 0.56551296, "2022Q4": 0.95373696, "2019Q4": 0.89550336}