{"2015Q1": 25.30166276, "2015Q2": 29.675282560000003, "2015Q3": 29.4538794, "2015Q4": 25.72995084, "2012Q1": 11.37685582, "2012Q2": 10.64186992, "2012Q3": 12.26246846, "2012Q4": 11.17541524, "2011Q4": 10.099250699999999, "2020Q1": 13.77236542, "2020Q2": 17.62695814, "2020Q3": 14.27505948, "2020Q4": 19.27659316, "2016Q1": 23.03318776, "2016Q2": 20.51790268, "2016Q3": 24.71367404, "2016Q4": 26.89866916, "2013Q1": 13.34952168, "2013Q2": 12.77786598, "2013Q3": 16.11706118, "2013Q4": 16.14065332, "2017Q1": 30.9329251, "2017Q2": 31.40658268, "2017Q3": 33.44095106, "2017Q4": 31.981867939999997, "2023Q1": 51.56878848, "2023Q2": 52.6376939, "2021Q1": 25.08207438, "2021Q2": 28.33960448, "2021Q3": 28.17808906, "2021Q4": 31.12166222, "2019Q1": 19.77747244, "2019Q2": 17.928211620000003, "2019Q3": 17.313001200000002, "2019Q4": 20.0351712, "2018Q1": 29.867649240000002, "2018Q2": 29.491989779999997, "2018Q3": 25.405105220000003, "2018Q4": 20.84819264, "2014Q1": 15.54540548, "2014Q2": 16.1061725, "2014Q3": 20.12953976, "2014Q4": 21.31822066, "2022Q1": 36.57870568, "2022Q2": 34.422747040000004, "2022Q3": 33.05984726, "2022Q4": 46.37307334}