{"2014Q2": 115.091352, "2014Q4": 91.11398700000001, "2016Q4": 75.92832250000001, "2019Q2": 61.541903500000004, "2019Q4": 45.556993500000004, "2013Q2": 255.75856000000002, "2013Q4": 127.87928000000001, "2021Q4": 38.363784, "2020Q2": 52.750203000000006, "2020Q4": 61.541903500000004, "2018Q4": 63.140394500000006, "2017Q4": 67.9358675, "2015Q2": 129.47777100000002, "2015Q4": 113.492861, "2022Q4": 41.560766, "2012Q4": 303.71329000000003}