{"2021Q1": 0.512956646496, "2021Q4": 2.9995639599999997, "2021Q2": 0.525174668077, "2021Q3": 0.525174668077, "2016Q1": 1.6773388279119998, "2016Q4": 1.855542836083, "2016Q2": 1.131740250201, "2016Q3": 2.017950585608, "2020Q1": 7.283203106532, "2020Q4": 0.512956646496, "2020Q2": 0.377541071444, "2020Q3": 0.377541071444, "2015Q1": 1.87544702358, "2015Q4": 1.114405197905, "2015Q2": 1.956857009999, "2015Q3": 1.956857009999, "2022Q1": 2.171648329611, "2022Q4": 1.3220621499999998, "2022Q2": 1.423925955, "2022Q3": 1.3220621499999998, "2018Q1": 1.829966785231, "2018Q4": 1.1746847299999998, "2018Q2": 1.245553763185, "2018Q3": 1.190565513931, "2013Q4": 4.282336590217, "2014Q1": 3.9704742659959997, "2014Q4": 2.12774416273, "2014Q2": 4.151089195372999, "2014Q3": 3.621637981338, "2017Q1": 1.813342178792, "2017Q4": 1.1828923519049999, "2017Q2": 1.634309822828, "2017Q3": 1.1828923519049999, "2019Q1": 1.733402065406, "2019Q4": 3.3094874042219997, "2019Q2": 1.702813014959, "2019Q3": 2.65712819, "2023Q1": 1.3654084499999999, "2023Q2": 1.3697430800000001}