{"2014Q3": 1.153044428284, "2014Q1": 1.1407880000000001, "2014Q2": 1.218569, "2014Q4": 1.1785, "2021Q3": 1.4528548565680002, "2021Q1": 1.5960660540040001, "2021Q2": 1.6781840000000001, "2018Q3": 1.9244905, "2018Q1": 2.084389445996, "2018Q2": 2.165422974004, "2018Q4": 1.671113, "2011Q3": 0.6898297484920345, "2011Q1": 0.7578217571253107, "2011Q2": 0.7797057392228645, "2011Q4": 0.8690596747238944, "2008Q4": 0, "2020Q3": 1.7617160894280002, "2020Q1": 1.2761740894280003, "2020Q2": 1.6169491871400001, "2020Q4": 1.7238154822880003, "2015Q3": 1.1681292188560002, "2015Q1": 1.315206, "2015Q2": 1.197261701144, "2015Q4": 0.9750437411440002, "2017Q3": 2.1955455, "2017Q1": 1.8092331434320001, "2017Q2": 1.9940220000000002, "2017Q4": 2.051579902288, "2023Q3": 1.6061540800000003, "2023Q1": 1.373753945996, "2023Q2": 1.5186622400000003, "2012Q3": 0.9688212988560001, "2012Q1": 0.7410971940024889, "2012Q2": 0.684472781144, "2012Q4": 0.8534225317160001, "2022Q1": 1.171523298856, "2016Q3": 1.3411330000000001, "2016Q1": 0.999368, "2016Q2": 1.2950300894280002, "2016Q4": 1.590975, "2019Q3": 1.571958742856, "2019Q1": 1.769164143432, "2019Q2": 1.607898241144, "2019Q4": 0.8933030000000001, "2009Q3": 0, "2009Q2": 0, "2009Q4": 0.7702746393153204, "2013Q3": 0.9970110000000001, "2013Q1": 0.9573191294280001, "2013Q2": 0.888211870572, "2013Q4": 1.031894571716, "2010Q3": 0.8421549051311065, "2010Q1": 0.7448917137579133, "2010Q2": 0.7316382006762433, "2010Q4": 0.7667900619439421}