{"2015Q1": 16.521324030000002, "2015Q2": 15.162243390000002, "2015Q3": 20.867550660000003, "2015Q4": 16.266496410000002, "2010Q1": 14.76584487, "2010Q2": 14.49686016, "2010Q3": 16.76199456, "2010Q4": 20.41452378, "2012Q1": 25.73758962, "2012Q2": 28.52653635, "2012Q3": 32.702877900000004, "2012Q4": 35.916537330000004, "2011Q1": 22.35404511, "2011Q2": 25.51107618, "2011Q3": 24.548394060000003, "2011Q4": 22.76460072, "2020Q1": 17.314121070000002, "2020Q2": 22.2266313, "2020Q3": 17.314121070000002, "2020Q4": 17.059293450000002, "2016Q1": 20.58440886, "2016Q2": 27.94609566, "2016Q3": 25.3411911, "2016Q4": 28.65395016, "2013Q1": 28.031038200000005, "2013Q2": 27.11082735, "2013Q3": 20.69766558, "2013Q4": 22.240788390000002, "2017Q1": 22.70797236, "2017Q2": 21.74529024, "2017Q3": 21.320577540000002, "2017Q4": 18.00781848, "2023Q1": 21.84438987, "2021Q1": 17.79546213, "2021Q2": 18.942186420000002, "2021Q3": 16.80446583, "2019Q1": 17.441534880000003, "2019Q2": 19.197014040000003, "2019Q3": 17.45569197, "2019Q4": 17.66804832, "2018Q1": 18.772301340000002, "2018Q2": 14.879101590000001, "2018Q3": 15.898412070000003, "2018Q4": 16.181553870000002, "2009Q4": 16.87525128, "2014Q1": 16.67705202, "2014Q2": 15.24718593, "2014Q3": 14.369446350000002, "2014Q4": 15.643584450000002, "2022Q1": 16.40806731, "2022Q2": 18.50331663, "2022Q3": 18.729830070000002, "2022Q4": 21.97180368}