{"2019Q2": 0.9360109000000001, "2019Q3": 1.1487406500000001, "2019Q1": 2.0422056, "2021Q4": 0.0, "2023Q2": 0.0, "2023Q3": 1.2763784999999999, "2023Q1": 0.0, "2018Q2": 9.5302928, "2018Q4": 2.7229408, "2018Q3": 5.786249199999999, "2018Q1": 13.2743364, "2017Q4": 11.912866, "2022Q2": 0.0, "2022Q4": 0.0, "2022Q3": 0.0, "2022Q1": 0.0}