{"2017Q2": 8.80164347497, "2017Q1": 6.032158666329999, "2017Q3": 7.66349979755, "2023Q3": 3.0425195, "2016Q2": 4.091990879685, "2016Q4": 3.9861636467249997, "2016Q1": 4.268369937475, "2016Q3": 3.6686814435599997, "2009Q4": 1.682269377655, "2010Q4": 2.416350664545, "2010Q1": 2.50811086743, "2010Q3": 2.294003727365, "2015Q2": 3.03371737342, "2015Q4": 5.18554013027, "2015Q1": 2.355177195955, "2015Q3": 3.06899311774, "2020Q2": 3.1097574999999997, "2020Q4": 4.16035125, "2020Q1": 2.3533299999999997, "2020Q3": 3.034114581905, "2022Q2": 2.7735675, "2022Q1": 3.092948, "2022Q3": 2.42897275, "2012Q2": 0.917601524565, "2012Q4": 1.22346869942, "2012Q1": 0.795254587385, "2012Q3": 1.529335874275, "2021Q4": 4.1855655, "2011Q2": 1.1622952308299999, "2011Q4": 0.61173434971, "2011Q1": 1.31522873421, "2011Q3": 0.88701479027, "2013Q2": 1.55992260857, "2013Q4": 1.529335874275, "2013Q1": 1.77402958054, "2013Q3": 1.49874913998, "2014Q2": 1.682269377655, "2014Q4": 1.9269630839199998, "2014Q1": 2.17165695828, "2014Q3": 1.83520304913}