{"2006Q3": 1.24, "2006Q2": 1.07, "2006Q1": 1.18, "2003Q3": 1.07, "2003Q2": 0.60162, "2003Q1": 0.54693, "2003Q4": 1.15, "2011Q3": 0.57068, "2011Q2": 0.71335, "2011Q1": 0.99248, "2011Q4": 0.65132, "2012Q3": 0.63271, "2012Q2": 0.58929, "2012Q1": 0.63271, "2012Q4": 0.6203, "2019Q3": 2.06, "2019Q2": 2.51, "2019Q1": 4.19, "2019Q4": 1.88, "2009Q3": 0.79399, "2009Q2": 0.52726, "2009Q4": 0.93665, "2021Q3": 3.95, "2021Q2": 3.73, "2021Q1": 3.89, "2021Q4": 3.44, "2001Q3": 1.04, "2001Q2": 1.12, "2001Q1": 1.07, "2001Q4": 0.7657, "2014Q3": 0.64511, "2014Q2": 0.6203, "2014Q1": 0.6141, "2014Q4": 0.6203, "1998Q3": 1.06, "1998Q1": 1.57, "1998Q4": 0.71784, "1996Q3": 1.5, "1996Q2": 1.78, "1996Q4": 1.57, "2023Q3": 3.43, "2023Q2": 3.74, "2023Q1": 3.53, "2022Q3": 3.77, "2022Q2": 3.6, "2022Q1": 3.36, "2022Q4": 3.41, "2017Q3": 1.16, "2017Q2": 1.13, "2017Q1": 0.84689, "2017Q4": 1.09, "2020Q3": 2.2, "2020Q2": 2.2, "2020Q1": 1.99, "2020Q4": 3.44, "1997Q3": 1.71, "1997Q2": 1.91, "1997Q1": 1.78, "1997Q4": 1.5, "2018Q3": 1.39, "2018Q2": 1.57, "2018Q1": 1.27, "2018Q4": 2.08, "2008Q3": 0.41723, "2008Q4": 0.41723, "2013Q3": 0.65752, "2013Q2": 0.65132, "2013Q1": 0.6203, "2013Q4": 0.65132, "2002Q3": 0.73835, "2002Q2": 0.73835, "2002Q1": 0.85867, "2002Q4": 0.67819, "2000Q3": 1.54, "2000Q2": 2.09, "2000Q1": 1.91, "2000Q4": 1.16, "2005Q3": 1.09, "2005Q2": 1.09, "2005Q1": 0.83133, "2005Q4": 1.36, "1995Q3": 4.72, "1995Q2": 4.65, "1995Q1": 0, "1995Q4": 4.31, "2015Q3": 0.59549, "2015Q2": 0.60169, "2015Q1": 0.60169, "2015Q4": 0.54587, "2010Q3": 0.73196, "2010Q2": 0.64511, "2010Q1": 0.87462, "2010Q4": 0.96147, "2016Q3": 0.78493, "2016Q2": 0.73533, "2016Q1": 0.61076, "2016Q4": 0.80857, "1999Q3": 0.82039, "1999Q2": 1.5, "1999Q1": 0.71784, "1999Q4": 1.85, "2004Q3": 1.22, "2004Q2": 0.93524, "2004Q1": 1.2, "2004Q4": 0.96259}