{"2021Q3": 0.13975, "2021Q4": 0.0589, "2019Q4": 0.0652, "2016Q4": 0.31501, "2020Q3": 0.05, "2020Q2": 0.0336, "2022Q3": 0.0259, "2022Q1": 0.05, "2022Q2": 0.029}