{"2011Q4": 11.982581, "2011Q1": 13.95541, "2011Q3": 14.966668, "2011Q2": 14.56216, "2004Q4": 19.56, "2004Q1": 21.6, "2004Q3": 23.76, "2004Q2": 22.02, "2003Q4": 20.48, "2003Q1": 17.97, "2003Q3": 19.35, "2003Q2": 19.12, "2017Q4": 34.671162, "2017Q1": 32.307617, "2017Q3": 32.938221, "2017Q2": 32.863575, "2013Q4": 17.903149, "2013Q1": 15.403415, "2013Q3": 16.668377, "2013Q2": 16.080242, "2006Q4": 18.969179, "2006Q1": 16.826471, "2006Q3": 17.131018, "2006Q2": 16.893093, "2019Q4": 28.985178, "2019Q1": 28.094038, "2019Q3": 31.253448, "2019Q2": 29.595753, "2018Q4": 26.918146, "2018Q1": 33.667099, "2018Q3": 28.164852, "2018Q2": 31.787973, "2022Q4": 39.314625, "2022Q1": 36.946995, "2022Q3": 38.714462, "2022Q2": 36.297894, "2009Q4": 10.268192, "2009Q1": 9.263248, "2009Q3": 8.038355, "2009Q2": 9.033575, "2023Q1": 25.92, "2002Q4": 17.97, "2002Q1": 13.13, "2002Q3": 17.62, "2002Q2": 17.05, "2008Q4": 8.107255, "2008Q1": 17.151377, "2008Q3": 13.462909, "2008Q2": 16.229265, "2007Q4": 17.704651, "2007Q1": 18.497673, "2007Q3": 18.657263, "2007Q2": 18.969179, "2005Q4": 16.179296, "2005Q1": 20.04, "2005Q3": 21.57, "2005Q2": 21.47, "2021Q4": 39.828472, "2021Q1": 33.551456, "2021Q3": 38.523876, "2021Q2": 37.215355, "2000Q4": 0, "2010Q4": 13.348652, "2010Q1": 9.478332, "2010Q3": 11.452981, "2010Q2": 9.478332, "2020Q4": 32.293629, "2020Q1": 20.825165, "2020Q3": 22.441877, "2020Q2": 20.885424, "2016Q4": 30.095186, "2016Q1": 19.167833, "2016Q3": 21.133373, "2016Q2": 20.684877, "2015Q4": 18.371595, "2015Q1": 17.285688, "2015Q3": 19.193811, "2015Q2": 19.248241, "2001Q4": 12.9, "2001Q1": 0, "2001Q3": 0, "2001Q2": 0, "2014Q4": 17.374168, "2014Q1": 18.803226, "2014Q3": 18.413609, "2014Q2": 18.97193, "2012Q4": 15.150901, "2012Q1": 15.311072, "2012Q3": 11.907686, "2012Q2": 11.108848}