{"2022Q3": 0.0518819672, "2022Q1": 0.076904184, "2022Q2": 0.048433756, "2022Q4": 0.14065072, "2021Q4": 0.06351968000000001, "2023Q1": 0.102425484, "2023Q2": 0.06408681999999999}