{"2020Q4": 0, "2023Q1": 13.22809086, "2021Q4": 6.40572204, "2022Q1": 6.2647431, "2022Q2": 7.237784939999999, "2022Q3": 7.89003474}