{"2021Q4": 0, "2023Q2": 0.08343126, "2023Q1": 0.0974963, "2022Q2": 0.12306910000000001, "2022Q4": 0.08534922, "2022Q1": 0, "2022Q3": 0.1006929}