{"2021Q1": 0.013189000000000001, "2021Q4": 0.013189000000000001, "2021Q2": 0.013189000000000001, "2021Q3": 0.013189000000000001, "2016Q1": 0.077987823471, "2016Q4": 0.089988547872, "2016Q2": 0.071043584109, "2016Q3": 0.067886090203, "2012Q4": 0.05439260666, "2020Q1": 0.012317000000000002, "2020Q4": 0.013189000000000001, "2020Q2": 0.013189000000000001, "2020Q3": 0.013189000000000001, "2015Q1": 0.09973017675, "2015Q4": 0.079537241467, "2015Q2": 0.100196274157, "2015Q3": 0.07385601562500001, "2022Q1": 0.013189000000000001, "2022Q4": 0.00545, "2022Q2": 0.00545, "2022Q3": 0.00545, "2018Q1": 0.090608332336, "2018Q4": 0.10143540403300001, "2018Q2": 0.077695198692, "2018Q3": 0.079313852616, "2013Q1": 0.073530738697, "2013Q4": 0.063418161237, "2013Q2": 0.061443494238, "2013Q3": 0.051143682791000004, "2014Q1": 0.08438708278, "2014Q4": 0.09512725520800001, "2014Q2": 0.07927271154700001, "2014Q3": 0.0971729877, "2017Q1": 0.10156601906000001, "2017Q4": 0.106598041556, "2017Q2": 0.128930966645, "2017Q3": 0.119389807624, "2019Q1": 0.084169801308, "2019Q4": 0.0327, "2019Q2": 0.06528555130800001, "2019Q3": 0.035098000000000004, "2023Q1": 0.00545, "2023Q2": 0.00545}