{"2020Q1": 2.13478690089, "2020Q2": 3.4687608820900007, "2020Q3": 3.5329970612300006, "2020Q4": 5.8026805193, "2023Q1": 20.764870000000002, "2023Q2": 25.06847, "2021Q1": 8.77896291622, "2021Q2": 8.093775248090001, "2021Q3": 10.25639815655, "2021Q4": 15.470245491610001, "2019Q4": 2.58015861082, "2022Q1": 11.40194525197, "2022Q2": 12.20070621518, "2022Q3": 14.91197464554, "2022Q4": 14.89045535446}