{"2014Q1": 3.6694079200000003, "2016Q2": 5.603464080000001, "2016Q4": 5.298784, "2016Q3": 5.2325492, "2016Q1": 5.59021712, "2019Q2": 7.56401416, "2019Q4": 7.444791520000001, "2019Q3": 6.729455680000001, "2013Q4": 3.6694079200000003, "2021Q2": 8.84896928, "2021Q4": 9.113908480000001, "2021Q3": 9.365600720000002, "2021Q1": 8.703252720000002, "2020Q2": 7.97466992, "2020Q4": 8.71649968, "2020Q3": 8.04090472, "2020Q1": 6.86192528, "2023Q2": 11.114199440000002, "2023Q1": 10.186912240000002, "2017Q2": 5.100079600000001, "2017Q3": 5.100079600000001, "2017Q1": 4.689423840000001, "2015Q4": 4.7689056, "2015Q3": 4.41123768, "2022Q2": 9.100661520000001, "2022Q4": 9.5378112, "2022Q3": 9.140402400000001, "2022Q1": 9.96171392}