{"2015Q1": 1.026742425216, "2015Q2": 0.9797936031440001, "2015Q3": 0.99122891525, "2015Q4": 0.9290535273980001, "2010Q2": 0, "2010Q3": 0.759338137284, "2010Q4": 0.8115539735440002, "2012Q1": 0.5786036376320001, "2012Q2": 0.431417409764, "2012Q3": 0.5522685666920001, "2012Q4": 0.62072802712, "2011Q1": 0.814070240478, "2011Q2": 0.6124420788120001, "2011Q3": 0.504987075666, "2011Q4": 0.488843105634, "2020Q1": 0.187519773912, "2020Q2": 0.19530012403, "2020Q3": 0.15795180556000002, "2020Q4": 0.11753326039999999, "2016Q1": 0.8225701520780001, "2016Q2": 0.7060788636, "2016Q3": 0.7008030564000001, "2016Q4": 0.7979658390000001, "2013Q1": 0.843255712808, "2013Q2": 0.8981460902180001, "2013Q3": 1.02585872751, "2013Q4": 1.0341871753760001, "2017Q1": 0.7781815620000001, "2017Q2": 0.736414755, "2017Q3": 0.7151649760000001, "2017Q4": 0.74007851, "2021Q3": 0.17292923600000001, "2021Q4": 0.15680871400000002, "2019Q1": 0.606717828, "2019Q2": 0.6506828880000001, "2019Q3": 0.606717828, "2019Q4": 0.5818042940000001, "2018Q1": 0.7825780680000001, "2018Q2": 0.750337024, "2018Q3": 0.6814584300000001, "2018Q4": 0.609648832, "2009Q4": 0, "2014Q1": 0.992542005042, "2014Q2": 0.8790608576720002, "2014Q3": 0.965559182218, "2014Q4": 0.819987937554, "2022Q3": 0.1735154368, "2022Q4": 0.2054633804}