{"2015Q1": 34.314812584840006, "2015Q2": 44.502728944408005, "2010Q1": 23.790469805632004, "2010Q2": 21.31453085048, "2010Q3": 23.313401736368, "2010Q4": 27.698688621728003, "2012Q1": 26.703423321792002, "2012Q2": 22.872891302616004, "2012Q3": 24.796037266360003, "2012Q4": 28.289557350264005, "2011Q1": 25.791597973504, "2011Q2": 31.706981597144004, "2011Q3": 21.934574683720005, "2011Q4": 21.913237805248002, "2020Q1": 33.05584800036, "2020Q2": 34.217969359064, "2016Q1": 43.127555403328, "2016Q2": 39.596001972568004, "2013Q1": 23.612563132832, "2013Q2": 23.528675433935998, "2013Q3": 22.752473786824, "2017Q1": 48.16340579307201, "2017Q2": 48.615343054520004, "2021Q1": 48.35709356932, "2021Q2": 45.96828649356801, "2019Q1": 38.801883812056005, "2019Q2": 37.898014587944004, "2018Q1": 43.966860269096, "2018Q2": 43.127555403328, "2009Q4": 22.147425512304, "2014Q1": 25.347904295264, "2014Q2": 25.608660105296, "2014Q3": 26.48795224452, "2022Q1": 42.352804298336004, "2022Q2": 38.995571588304}