{"2021Q2": 0.445129, "2021Q4": 0.18824129999999997, "2021Q3": 0.28423899999999996, "2023Q2": 0.0112623, "2023Q1": 0.013514759999999999, "2020Q4": 0, "2022Q2": 0.08141034, "2022Q1": 0.17912419999999998, "2022Q3": 0.05824218}