{"2014Q3": 2.64, "2014Q1": 4.48, "2014Q2": 3.16, "2014Q4": 1.62, "2017Q3": 0.20279, "2017Q1": 0.23044, "2017Q2": 0.16131, "2017Q4": 0.064524, "2022Q3": 0.58386, "2022Q1": 0.6103, "2022Q2": 0.5761, "2022Q4": 0.52452, "2013Q4": 4.12, "2018Q3": 0.092177, "2018Q1": 0.092177, "2018Q2": 0.092177, "2018Q4": 0.27432, "2020Q3": 0.40945, "2020Q1": 0.28114, "2020Q2": 0.29957, "2020Q4": 0.45194, "2016Q3": 0.12905, "2016Q1": 0.37292, "2016Q2": 0.15256, "2016Q4": 0.15067, "2023Q3": 0.5924, "2023Q1": 0.476, "2023Q2": 0.569, "2019Q3": 0.31538, "2019Q1": 0.36727, "2019Q2": 0.42632, "2019Q4": 0.23505, "2021Q3": 0.46098, "2021Q1": 0.49645, "2021Q2": 0.43789, "2021Q4": 0.46591, "2015Q3": 0.56502, "2015Q1": 0.91255, "2015Q2": 1.43, "2015Q4": 0.3134}