{"2001Q4": 0, "2001Q2": 0, "2001Q3": 0, "2001Q1": 0, "2016Q4": 50.491753, "2016Q2": 60.083797, "2016Q3": 50.491753, "2016Q1": 59.747581, "2013Q4": 42.634632, "2013Q2": 37.609837, "2013Q3": 36.458321, "2013Q1": 37.828712, "2017Q4": 21, "2017Q2": 29.1, "2017Q3": 17.549999, "2017Q1": 33.473282, "1998Q4": 0, "2009Q4": 0, "2009Q2": 0, "2009Q3": 0, "2009Q1": 0, "2008Q4": 0, "2008Q2": 0, "2008Q3": 0, "2008Q1": 0, "2019Q4": 13.14, "2019Q2": 6.8, "2019Q3": 6.56, "2019Q1": 15.2, "2021Q4": 8.43, "2021Q2": 10.02, "2021Q3": 9.81, "2021Q1": 10.4, "2020Q4": 12, "2020Q2": 13.2, "2020Q3": 9, "2020Q1": 11.23, "2023Q2": 8.04, "2023Q3": 8.5, "2023Q1": 8.35, "2010Q4": 50.01004, "2010Q2": 51.618359, "2010Q3": 52.008549, "2010Q1": 0, "2012Q4": 35.972973, "2012Q2": 37.781139, "2012Q3": 38.780388, "2012Q1": 40.7313, "2002Q4": 0, "2002Q2": 0, "2002Q3": 0, "2002Q1": 0, "1999Q4": 0, "1999Q2": 0, "1999Q3": 0, "1999Q1": 0, "2006Q4": 0, "2006Q2": 0, "2006Q3": 0, "2006Q1": 0, "2011Q4": 41.159546, "2011Q2": 46.393715, "2011Q3": 38.066639, "2011Q1": 50.01004, "2018Q4": 16.049999, "2018Q2": 24.5, "2018Q3": 25, "2018Q1": 19.75, "2015Q4": 59.747581, "2015Q2": 57.849743, "2015Q3": 63.680939, "2015Q1": 60.776165, "2022Q4": 9.86, "2022Q2": 8.75, "2022Q3": 8.7, "2022Q1": 9, "2004Q4": 0, "2004Q2": 0, "2004Q3": 0, "2004Q1": 0, "2007Q4": 0, "2007Q2": 0, "2007Q3": 0, "2007Q1": 0, "2014Q4": 57.656681, "2014Q2": 50.080135, "2014Q3": 52.120117, "2014Q1": 46.994583, "2005Q4": 0, "2005Q2": 0, "2005Q3": 0, "2005Q1": 0, "2000Q4": 0, "2000Q2": 0, "2000Q3": 0, "2000Q1": 0, "2003Q4": 0, "2003Q2": 0, "2003Q3": 0, "2003Q1": 0}