{"2014Q3": 13.246960000000001, "2014Q1": 13.896061040000001, "2014Q2": 13.988789760000001, "2014Q4": 12.240191040000001, "2021Q3": 25.60637368, "2021Q1": 26.493920000000003, "2021Q2": 26.85158792, "2021Q4": 29.395004240000002, "2018Q3": 16.995849680000003, "2018Q1": 17.87014904, "2018Q2": 17.181307120000003, "2018Q4": 18.37353352, "2011Q3": 8.842112569783213, "2011Q1": 0, "2011Q2": 0, "2011Q4": 7.7259057020656305, "2020Q3": 24.13596112, "2020Q1": 21.195136, "2020Q2": 23.765046240000004, "2020Q4": 26.93106968, "2015Q3": 13.432417440000002, "2015Q1": 11.8560292, "2015Q2": 12.39915456, "2015Q4": 14.5054212, "2017Q3": 17.69793856, "2017Q1": 14.664384720000001, "2017Q2": 16.38648952, "2017Q4": 17.84365512, "2023Q1": 31.355554320000003, "2023Q2": 33.514808800000004, "2012Q3": 9.04767368, "2012Q1": 8.978755275341348, "2012Q2": 9.535550249932777, "2012Q4": 10.133924400000001, "2022Q3": 22.771524240000005, "2022Q1": 31.355554320000003, "2022Q2": 29.447992080000002, "2022Q4": 28.083555200000003, "2016Q3": 14.969064800000002, "2016Q1": 16.17453816, "2016Q2": 16.0288216, "2016Q4": 13.551640080000002, "2019Q3": 21.274617759999998, "2019Q1": 20.532788, "2019Q2": 21.08916032, "2019Q4": 22.559572880000005, "2009Q4": 0, "2013Q3": 11.485114320000001, "2013Q1": 10.17366528, "2013Q2": 10.49159232, "2013Q4": 13.061502560000001, "2010Q3": 0, "2010Q1": 0, "2010Q2": 0, "2010Q4": 0}