{"2015Q2": 0.95306706, "2015Q4": 0.8266169999999999, "2012Q2": 0.39945707999999996, "2012Q4": 0.36616899, "2016Q2": 0.9512797799999999, "2016Q4": 1.6288823099999998, "2013Q2": 0.34918983000000003, "2017Q2": 2.85875436, "2017Q4": 3.0566956199999997, "2018Q2": 2.4610845599999998, "2014Q2": 0.79802052, "2014Q4": 1.27656474}