{"2017Q2": 5.07369528, "2017Q4": 4.62804048, "2017Q1": 5.25957282, "2017Q3": 6.089393339999999, "2023Q2": 5.29821504, "2023Q1": 5.50045206, "2016Q2": 4.0701258000000005, "2016Q4": 4.5693719999999995, "2016Q1": 3.69301158, "2016Q3": 4.31664624, "2015Q2": 3.59880354, "2015Q4": 3.6351892799999996, "2015Q1": 3.65070258, "2015Q3": 3.63321486, "2020Q2": 5.17213422, "2020Q4": 5.09710626, "2020Q1": 4.82379012, "2020Q3": 5.22967446, "2022Q2": 5.490862019999999, "2022Q4": 5.55545376, "2022Q1": 5.6299176, "2022Q3": 5.50045206, "2018Q2": 3.7254484800000003, "2018Q4": 3.9818410199999996, "2018Q1": 4.42100844, "2018Q3": 3.93445494, "2021Q2": 5.0855418, "2021Q4": 5.711150879999999, "2021Q1": 5.11036308, "2021Q3": 5.23729008, "2019Q2": 4.41057222, "2019Q4": 4.6709135999999996, "2019Q1": 3.9945337199999997, "2019Q3": 4.54934574, "2013Q4": 3.7592956799999997, "2014Q2": 3.74321826, "2014Q4": 3.7976558399999996, "2014Q1": 3.8478625199999996, "2014Q3": 4.15925676}