{"2021Q1": 0.157812, "2021Q4": 0.33890127, "2021Q2": 0.2643351, "2021Q3": 0.22905622739999998, "2016Q4": 0.04478073312, "2020Q1": 0.076736085, "2020Q4": 0.08048411999999999, "2020Q2": 0.07251461399999999, "2020Q3": 0.07164664800000001, "2022Q1": 0.29274126, "2022Q2": 0.333141132, "2022Q3": 0.29917209899999997, "2018Q1": 0.047580317999999996, "2018Q4": 0.06391386, "2018Q2": 0.047580317999999996, "2018Q3": 0.06391386, "2017Q1": 0.04052533254, "2017Q4": 0.06391386, "2017Q2": 0.0614638287, "2017Q3": 0.07653882000000001, "2019Q1": 0.10521326039999998, "2019Q4": 0.105260604, "2019Q2": 0.105260604, "2019Q3": 0.105260604, "2023Q1": 0.270410862, "2023Q2": 0.315624}