{"2012Q4": 7.007839999999999e-05, "2020Q4": 0.0001213858, "2013Q4": 3.06593e-05, "2014Q4": 2.846935e-05, "2019Q4": 7.477115e-05}