{"2006Q3": 28.280001, "2006Q2": 23.32, "2006Q1": 30.360001, "2006Q4": 27.639999, "1994Q3": 40.313835, "1994Q2": 48.643143, "1994Q1": 44.978249, "1994Q4": 36.982113, "2003Q3": 53, "2003Q2": 57.560001, "2003Q1": 64, "2011Q3": 19.08, "2011Q2": 20.4, "2011Q1": 26.32, "2011Q4": 22.84, "2012Q3": 27.34, "2012Q2": 20.32, "2012Q1": 20.4, "2012Q4": 37.869999, "2019Q3": 27.120001, "2019Q2": 22.1, "2019Q1": 23.790001, "2019Q4": 32.689999, "2007Q3": 15.8, "2007Q2": 16.6, "2007Q1": 29.040001, "2007Q4": 19.6, "2009Q3": 21.6, "2009Q2": 17.08, "2009Q1": 10.08, "2009Q4": 20.16, "2021Q3": 71.660004, "2021Q2": 71.839996, "2021Q1": 59.259998, "2021Q4": 80.510002, "2001Q3": 159.199997, "2001Q2": 149.039993, "2001Q1": 121.493332, "2001Q4": 172.720001, "1990Q3": 43.127426, "1990Q2": 43.327839, "1990Q1": 37.118206, "1990Q4": 45.653606, "1991Q3": 56.312752, "1991Q2": 57.875664, "1991Q1": 53.498997, "1991Q4": 32.027534, "2014Q3": 56.720001, "2014Q2": 53.299999, "2014Q1": 45.360001, "2014Q4": 45.580002, "1992Q3": 35.637283, "1992Q2": 36.280983, "1992Q1": 36.6381, "1992Q4": 32.790268, "1998Q3": 73.964226, "1998Q2": 71.132263, "1998Q1": 106.281937, "1998Q4": 60.304169, "1996Q3": 57.971962, "1996Q2": 58.638309, "1996Q1": 54.640244, "1996Q4": 65.968094, "2023Q3": 53.25, "2023Q2": 74.730003, "2023Q1": 73.32, "2022Q3": 44.830002, "2022Q2": 66.120003, "2022Q1": 72.510002, "2022Q4": 59.689999, "2017Q3": 13.21, "2017Q2": 16.690001, "2017Q1": 15.35, "2017Q4": 19.07, "2020Q3": 24.540001, "2020Q2": 26.41, "2020Q1": 17.959999, "2020Q4": 50.900002, "1997Q3": 82.126945, "1997Q2": 73.29789, "1997Q1": 63.302715, "1997Q4": 90.289673, "1993Q3": 22.322536, "1993Q2": 25.059708, "1993Q1": 24.71105, "1993Q4": 39.980663, "2018Q3": 27.200001, "2018Q2": 38.549999, "2018Q1": 23.940001, "2018Q4": 24.219999, "2008Q2": 22.879999, "2008Q1": 24.040001, "2008Q4": 4.16, "2013Q3": 48.259998, "2013Q2": 42.98, "2013Q1": 45.360001, "2013Q4": 48.330002, "2002Q3": 197.600006, "2002Q2": 190.800003, "2002Q1": 185.866669, "2002Q4": 70.760002, "2000Q3": 101.5, "2000Q2": 80.666664, "2000Q1": 67.333336, "2000Q4": 111.666664, "2005Q3": 32.959999, "2005Q2": 46.040001, "2005Q1": 46.360001, "2005Q4": 29.040001, "1995Q3": 46.97728, "1995Q2": 41.646526, "1995Q1": 44.978249, "1995Q4": 55.306583, "2015Q3": 32.75, "2015Q2": 56.709999, "2015Q1": 49.490002, "2015Q4": 25.5, "2010Q3": 17.200001, "2010Q2": 17.559999, "2010Q1": 23.48, "2010Q4": 28.280001, "2016Q3": 19.709999, "2016Q2": 28.91, "2016Q1": 31.639999, "2016Q4": 22.67, "1999Q3": 49.309486, "1999Q2": 45.977764, "1999Q1": 59.471237, "1999Q4": 71.965195, "2004Q4": 44.52, "1989Q3": 40.107925, "1989Q4": 42.548836}