{"2015Q2": 0, "2015Q4": 0, "2020Q2": 2.282617794364, "2020Q4": 1.609188435212, "2016Q2": 0, "2016Q4": 0, "2013Q4": 0, "2017Q2": 4.655906911272, "2017Q4": 3.959589294364, "2023Q1": 1.434008647182, "2021Q2": 1.9023283528180002, "2021Q4": 1.971872, "2019Q2": 2.0466975, "2019Q4": 1.271153147182, "2018Q2": 3.551130147182, "2018Q4": 2.9798155, "2014Q2": 0, "2014Q4": 0, "2022Q2": 1.655844352818, "2022Q3": 1.524679564788, "2022Q4": 1.176961064788}