{"2022Q2": 1.151314005, "2022Q1": 3.242659004369, "2022Q3": 1.23308177, "2016Q4": 0, "2021Q4": 3.7004390000000003, "2023Q1": 0.9143665400000001, "2023Q4": 0.58252072, "2023Q3": 0.55148478, "2018Q2": 0, "2018Q1": 0, "2018Q3": 0, "2017Q2": 0, "2017Q4": 0, "2017Q3": 0, "2024Q2": 0.716214, "2024Q1": 0.9143665400000001}