{"2003Q3": 4.75, "2003Q2": 4.89, "2003Q1": 3.17, "2003Q4": 4.9, "2011Q3": 15, "2011Q2": 13.4, "2011Q1": 16.799999, "2011Q4": 17.52, "2012Q3": 12.62, "2012Q2": 12.26, "2012Q1": 14.1, "2012Q4": 17.02, "2019Q3": 44.790001, "2019Q2": 41.700001, "2019Q1": 41.48, "2019Q4": 48.5, "2009Q3": 7.04, "2021Q3": 73.629997, "2021Q2": 82.93, "2021Q1": 71.199997, "2021Q4": 90.699997, "2014Q3": 40.77, "2014Q2": 43.09, "2014Q1": 38.209999, "2014Q4": 46.73, "2023Q3": 44.47, "2023Q2": 66.06, "2023Q1": 57.18, "2022Q3": 60.560001, "2022Q2": 61.43, "2022Q1": 71.620003, "2022Q4": 63.549999, "2017Q3": 32.950001, "2017Q2": 33.450001, "2017Q1": 37.700001, "2017Q4": 31.549999, "2020Q3": 46.290001, "2020Q2": 39.869999, "2020Q1": 36.900002, "2020Q4": 76.639999, "2018Q3": 43.919998, "2018Q2": 45.299999, "2018Q1": 33.830002, "2018Q4": 42.779999, "2013Q3": 24.719999, "2013Q2": 19, "2013Q1": 17.16, "2013Q4": 31.559999, "2002Q3": 1.39, "2002Q2": 1.94, "2002Q1": 2.45, "2002Q4": 1.98, "2015Q3": 49.16, "2015Q2": 50.330002, "2015Q1": 52.23, "2015Q4": 41.119999, "2010Q3": 10.39, "2010Q4": 12.48, "2016Q3": 27.950001, "2016Q2": 33.560001, "2016Q1": 36.740002, "2016Q4": 37.099998, "2004Q3": 3, "2004Q2": 3.26, "2004Q1": 5.25}