{"2019Q4": 0.253319, "2021Q2": 0.301363, "2021Q4": 0.585433, "2021Q3": 0.395993, "2021Q1": 0.515374, "2020Q2": 0.174703, "2020Q4": 0.733752, "2020Q3": 0.559049, "2020Q1": 0.165968, "2023Q2": 0.405, "2023Q3": 0.405, "2023Q1": 0.57, "2022Q2": 0.557123, "2022Q4": 0.462034, "2022Q3": 0.509566, "2022Q1": 0.649597}