{"2020Q1": 12.12190706, "2020Q2": 12.98037562, "2020Q4": 13.523344660000001, "2023Q1": 17.12130682, "2021Q1": 38.79094768, "2021Q2": 28.32488492, "2021Q3": 23.7540152, "2021Q4": 18.07713656, "2019Q1": 13.81384366, "2019Q2": 13.128089959999999, "2019Q3": 13.196225179999999, "2019Q4": 9.54667744, "2018Q4": 14.66386134, "2022Q1": 16.7336227, "2022Q2": 17.013734160000002, "2022Q3": 16.77728558, "2022Q4": 14.07177156}