{"2022Q4": 0.01408128, "2018Q4": 0.02340044712, "2023Q2": 0.0044004}