{"2006Q1": 287.338684, "2006Q2": 258.369904, "2006Q3": 234.098846, "2006Q4": 337.838257, "2010Q1": 522.135376, "2010Q2": 539.2005, "2010Q3": 544.706787, "2010Q4": 547.24823, "2003Q1": 0, "2003Q2": 0, "2003Q3": 0, "2003Q4": 0, "2016Q1": 422.218048, "2016Q2": 508.645203, "2016Q3": 439.508942, "2016Q4": 384.496246, "2008Q1": 443.143555, "2008Q2": 500.756775, "2008Q3": 371.58075, "2008Q4": 286.659363, "2017Q1": 493.533997, "2017Q2": 493.583557, "2017Q3": 533.161499, "2017Q4": 549.528259, "2021Q1": 336, "2021Q2": 338.799988, "2021Q3": 318.100006, "2021Q4": 257.299988, "2019Q1": 562.116821, "2019Q2": 521.27301, "2019Q3": 476.478455, "2019Q4": 448.600006, "2001Q1": 0, "2001Q2": 0, "2001Q3": 0, "2001Q4": 0, "2012Q1": 645.478027, "2012Q2": 572.530701, "2012Q3": 536.032959, "2012Q4": 496.816589, "2020Q1": 279.600006, "2020Q2": 243.800003, "2020Q3": 272.600006, "2020Q4": 323.799988, "2023Q1": 196.449997, "2023Q2": 164.850006, "2023Q3": 169.75, "2018Q1": 564.903198, "2018Q2": 525.707703, "2018Q3": 507.322815, "2018Q4": 559.129517, "2005Q1": 79.859802, "2005Q2": 113.526199, "2005Q3": 111.960289, "2005Q4": 167.940414, "2007Q1": 429.833618, "2007Q2": 495.600433, "2007Q3": 432.965393, "2007Q4": 585.638428, "2002Q1": 0, "2002Q2": 0, "2002Q3": 0, "2002Q4": 0, "2011Q1": 511.66861, "2011Q2": 566.156372, "2011Q3": 592.319641, "2011Q4": 601.58551, "2000Q3": 0, "2000Q4": 0, "2013Q1": 459.720947, "2013Q2": 437.574615, "2013Q3": 514.021179, "2013Q4": 580.141907, "2004Q1": 129.184952, "2004Q2": 129.576447, "2004Q3": 101.782089, "2004Q4": 72.656761, "2015Q1": 577.833496, "2015Q2": 581.893921, "2015Q3": 497.678772, "2015Q4": 462.945892, "2009Q1": 246.391525, "2009Q2": 346.463104, "2009Q3": 405.868225, "2009Q4": 430.802063, "2014Q1": 597.351379, "2014Q2": 566.721313, "2014Q3": 536.625793, "2014Q4": 539.40387, "2022Q1": 239, "2022Q2": 146, "2022Q3": 128.25, "2022Q4": 132.149994}