{"2020Q1": 6.54595123, "2020Q2": 8.901283300000001, "2020Q3": 11.79653657, "2020Q4": 17.612259209999998, "2017Q4": 3.2242492100000004, "2023Q1": 47.04374948, "2021Q1": 17.247070750000002, "2021Q2": 20.64249278, "2021Q3": 25.93223724, "2021Q4": 24.03850813, "2019Q1": 5.60702233, "2019Q2": 5.618592070000001, "2019Q3": 7.04493335, "2019Q4": 4.034576, "2018Q1": 3.3518130100000003, "2018Q2": 4.279023840000001, "2018Q3": 5.175382030000001, "2018Q4": 5.5945626100000005, "2022Q1": 27.24332611, "2022Q2": 40.63144358, "2022Q3": 41.09334320000001}