{"2014Q3": 0.14737415999999998, "2014Q1": 0.13755657, "2014Q2": 0.13402665, "2014Q4": 0.18741668999999997, "2021Q3": 0.13369572, "2021Q1": 0.16711964999999998, "2021Q2": 0.15509586, "2018Q3": 0.17881251, "2018Q1": 0.19933017, "2018Q2": 0.21709008, "2018Q4": 0.18565172999999996, "2011Q3": 0.16921554, "2011Q1": 0.24113765999999998, "2011Q2": 0.19580024999999998, "2011Q4": 0.18587235, "2008Q4": 0.11968634999999998, "2020Q3": 0.19568993999999998, "2020Q1": 0.17098049999999998, "2020Q2": 0.17296608, "2020Q4": 0.19624148999999996, "2015Q3": 0.18918164999999998, "2015Q1": 0.21400139999999998, "2015Q2": 0.16469282999999998, "2015Q4": 0.19602086999999999, "2017Q3": 0.2437851, "2017Q1": 0.21433233, "2017Q2": 0.22337774999999999, "2017Q4": 0.21014054999999998, "2023Q3": 0.10192644, "2023Q1": 0.1092069, "2023Q2": 0.10788317999999998, "2012Q3": 0.13601222999999998, "2012Q1": 0.16855367999999998, "2012Q2": 0.13921121999999997, "2012Q4": 0.13005548999999997, "2022Q1": 0.11273682, "2016Q3": 0.22260557999999997, "2016Q1": 0.18896102999999997, "2016Q2": 0.21885503999999997, "2016Q4": 0.20947868999999997, "2019Q3": 0.20716218, "2019Q1": 0.18785793, "2019Q2": 0.21929627999999998, "2019Q4": 0.18443831999999996, "2009Q3": 0.17925375, "2009Q4": 0.18421769999999998, "2013Q3": 0.12112038, "2013Q1": 0.12078944999999998, "2013Q2": 0.12928332, "2013Q4": 0.13921121999999997, "2010Q3": 0.23418813, "2010Q1": 0.16954646999999998, "2010Q2": 0.18421769999999998, "2010Q4": 0.24334385999999997}