{"2021Q1": 0.011986979552999998, "2021Q2": -0.017314522343999997, "2021Q3": -0.012977905313999998, "2016Q1": 0.000170693694, "2016Q4": 0.001032490569, "2016Q2": -0.0005745827279999999, "2016Q3": -0.0005745827279999999, "2012Q1": 0, "2012Q4": 0, "2012Q2": 0, "2012Q3": 0, "2020Q1": 0.0034755151079999998, "2020Q4": 0.011986979552999998, "2020Q2": -0.0064545249059999995, "2020Q3": -0.0064545249059999995, "2009Q4": 0, "2009Q3": 0, "2011Q1": 0, "2011Q4": 0, "2011Q2": 0, "2011Q3": 0, "2015Q1": -1.4229989999999997e-06, "2015Q4": 0.000170693694, "2015Q2": -6.431072999999999e-06, "2015Q3": -6.431072999999999e-06, "2022Q1": 0.009549360203999999, "2018Q1": 0.001032490569, "2018Q4": 0.0022036187459999997, "2018Q2": 0.001032490569, "2018Q3": 0.001032490569, "2013Q1": 0, "2013Q4": -5.5155e-08, "2013Q2": 0, "2013Q3": 0, "2010Q1": 0, "2010Q4": 0, "2010Q2": 0, "2010Q3": 0, "2014Q1": -5.5155e-08, "2014Q4": -1.257534e-06, "2014Q2": -3.64023e-07, "2014Q3": -3.64023e-07, "2008Q4": 0, "2017Q1": 0.001032490569, "2017Q4": 0.001032490569, "2017Q2": 0.001032490569, "2017Q3": 0.001032490569, "2019Q1": 0.0022036187459999997, "2019Q4": 0.003561060513, "2019Q2": -0.0029410080029999997, "2019Q3": -0.0029410080029999997, "2023Q1": 0.130662195, "2023Q2": 0, "2023Q3": 0}