{"2015Q1": 0.06197312, "2015Q2": 0.06831128, "2015Q3": 0.10211479999999999, "2015Q4": 0.10686842, "2012Q4": 0.08820606, "2020Q1": 0.23345556, "2020Q2": 0.5343421, "2020Q3": 0.54772266, "2020Q4": 0.81797476, "2016Q1": 0.10933326, "2016Q2": 0.10105844, "2016Q3": 0.10088238000000001, "2016Q4": 0.09753724, "2013Q1": 0.07623398, "2013Q2": 0.0739452, "2013Q3": 0.05510678, "2013Q4": 0.0625013, "2017Q1": 0.10070632, "2017Q2": 0.11672778, "2017Q3": 0.19525054, "2017Q4": 0.15546098, "2023Q1": 4.62051864, "2021Q1": 2.47681208, "2021Q2": 2.12662874, "2021Q3": 3.18862266, "2021Q4": 3.77349398, "2019Q1": 0.09806542, "2019Q2": 0.11954474, "2019Q3": 0.15440462, "2019Q4": 0.16285550000000001, "2018Q1": 0.1329253, "2018Q2": 0.12077716000000001, "2018Q4": 0.10405146, "2014Q1": 0.07429732, "2022Q1": 2.40638808, "2022Q2": 2.69671102, "2022Q3": 3.0516479800000003, "2022Q4": 2.5252285800000003}