{"2015Q1": 0.198630768758, "2015Q2": 0.33516674245000005, "2015Q3": 0.333664668954, "2015Q4": 0.286864487784, "2020Q1": 0.827404498388, "2020Q2": 1.291867785784, "2020Q3": 1.699647922364, "2020Q4": 1.447534984862, "2016Q1": 0.498326315676, "2016Q2": 0.857325367208, "2016Q3": 1.21855624333, "2016Q4": 1.408178444432, "2017Q1": 1.326478963428, "2017Q2": 2.396371480814, "2017Q3": 3.563453484488, "2017Q4": 2.7653941563260003, "2023Q1": 3.469567535222, "2021Q1": 2.399304024204, "2021Q2": 5.228752576214, "2021Q3": 4.064614665466, "2021Q4": 4.5638988003600005, "2019Q1": 1.273150389428, "2019Q2": 1.1878076636319999, "2019Q3": 1.2123423288719999, "2019Q4": 0.598980028948, "2018Q1": 2.301841856188, "2018Q2": 2.0253546265, "2018Q3": 1.833600321192, "2018Q4": 1.450091288032, "2022Q1": 4.219032525178, "2022Q2": 3.712194588802, "2022Q3": 3.50769461346}