{"2017Q2": 1.33245144, "2017Q4": 1.55189412, "2017Q1": 1.20044736, "2017Q3": 1.3502212199999999, "2023Q2": 2.6821085399999998, "2023Q1": 2.56307922, "2016Q2": 0.8281281599999999, "2016Q4": 1.00780038, "2016Q1": 0.7220736, "2016Q3": 0.87833484, "2015Q2": 0.7299712799999999, "2015Q4": 0.67440546, "2015Q1": 0.69499584, "2015Q3": 0.5632738199999999, "2020Q2": 1.5420220199999999, "2020Q4": 1.9634196599999998, "2020Q1": 1.3990175999999999, "2020Q3": 1.41424884, "2022Q2": 2.2570441199999998, "2022Q4": 2.5312064399999996, "2022Q1": 2.37889404, "2022Q3": 2.36535516, "2018Q2": 1.5566891399999998, "2018Q4": 1.4500704599999998, "2018Q1": 1.57361274, "2018Q3": 1.55189412, "2021Q2": 2.09485962, "2021Q4": 2.27227536, "2021Q1": 2.1574769399999996, "2021Q3": 2.1715799399999995, "2019Q2": 1.87513488, "2019Q4": 1.9904974199999996, "2019Q1": 1.6353838799999998, "2019Q3": 2.0556532799999996, "2013Q4": 0.5567864399999999, "2014Q2": 0.6227884799999999, "2014Q4": 0.64563534, "2014Q1": 0.5895054, "2014Q3": 0.69132906}