{"2021Q4": 0, "2021Q3": 0, "2023Q2": 0.6843528000000001, "2023Q1": 0.735404948586, "2020Q4": 0, "2022Q2": 0.716450055225, "2022Q4": 0.5771532427680001, "2022Q1": 0.7963007834910001, "2022Q3": 0.617491879953}