{"2014Q2": 0.032338040000000005, "2014Q4": 0.037712, "2014Q3": 0.037240600000000006, "2014Q1": 0.037712, "2008Q4": 0, "2016Q2": 0.0348836, "2016Q4": 0.035732120000000006, "2016Q3": 0.037146320000000004, "2016Q1": 0.043274520000000004, "2019Q2": 0.04751712, "2019Q4": 0.031395240000000005, "2019Q3": 0.040823240000000004, "2019Q1": 0.04968556, "2013Q2": 0.061282, "2013Q4": 0.03884336, "2013Q3": 0.04930844000000001, "2013Q1": 0.050911200000000004, "2011Q2": 0.029226800000000004, "2011Q4": 0.0226272, "2011Q3": 0.02357, "2011Q1": 0.04714, "2021Q2": 0.02847256, "2021Q3": 0.0245128, "2021Q1": 0.029038240000000003, "2020Q2": 0.02573844, "2020Q4": 0.0320552, "2020Q3": 0.02385284, "2020Q1": 0.02941536, "2023Q2": 0.04374592, "2023Q3": 0.05109976, "2023Q1": 0.037240600000000006, "2018Q2": 0.04534868, "2018Q4": 0.059773520000000004, "2018Q3": 0.057699360000000005, "2018Q1": 0.043934480000000005, "2017Q2": 0.03790056, "2017Q4": 0.0358264, "2017Q3": 0.036580640000000005, "2017Q1": 0.03799484, "2015Q2": 0.061282, "2015Q4": 0.05109976, "2015Q3": 0.051854000000000004, "2015Q1": 0.051854000000000004, "2010Q2": 0.2276862, "2010Q4": 0.05487096, "2010Q3": 0.295096390572, "2010Q1": 0.24371380000000004, "2009Q2": 0, "2009Q4": 0, "2009Q3": 0, "2022Q1": 0.0438402, "2012Q2": 0.01612188, "2012Q4": 0.01895028, "2012Q3": 0.020741600000000002, "2012Q1": 0.0183846}