{"2015Q1": 1.9489079999999999, "2015Q2": 1.90693152, "2015Q3": 1.7390256, "2015Q4": 1.68505584, "2012Q1": 2.3087064, "2012Q2": 2.56656192, "2012Q3": 2.52458544, "2012Q4": 2.8064275199999997, "2011Q2": 2.098824, "2011Q3": 2.14679712, "2011Q4": 2.0088744, "2020Q1": 6.176539200000001, "2020Q2": 8.599181759999999, "2020Q3": 7.663705919999999, "2020Q4": 8.73710448, "2016Q1": 2.26672992, "2013Q1": 2.98033008, "2013Q2": 2.6864947200000002, "2013Q3": 1.8589584, "2013Q4": 2.0388576, "2017Q1": 3.8318529599999995, "2017Q2": 3.86183616, "2017Q3": 5.1870936, "2017Q4": 7.53177984, "2023Q1": 17.81601744, "2023Q2": 23.087063999999998, "2023Q3": 32.1419904, "2021Q1": 7.867591679999999, "2021Q2": 7.819618559999999, "2021Q3": 7.345884, "2021Q4": 10.745978880000001, "2019Q1": 10.236264479999999, "2019Q2": 12.55696416, "2019Q3": 9.33676848, "2019Q4": 9.39673488, "2018Q1": 7.57375632, "2018Q2": 7.99951776, "2018Q3": 9.9244392, "2018Q4": 9.252815519999999, "2014Q1": 1.9848878399999998, "2014Q2": 2.07483744, "2014Q3": 2.06284416, "2014Q4": 2.35667952, "2022Q1": 11.309663039999998, "2022Q2": 11.837367359999998, "2022Q3": 16.11896832, "2022Q4": 26.972886719999998}