{"2020Q4": 0.17932056000000002, "2020Q1": 0.19421680000000002, "2020Q3": 0.19072844000000003, "2020Q2": 0.19072844000000003, "2014Q4": 0.2418282, "2016Q4": 0.17856632000000003, "2016Q1": 0.16187876000000004, "2016Q3": 0.17668071999999999, "2016Q2": 0.18676868, "2017Q4": 0.040069, "2017Q1": 0.1829032, "2017Q3": 0.03790056, "2017Q2": 0.18959708, "2015Q4": 0.1763036, "2015Q1": 0.20025072, "2015Q3": 0.17224956, "2015Q2": 0.19110556, "2018Q4": 0.23570000000000002, "2018Q1": 0.22372644000000003, "2018Q3": 0.20336196, "2018Q2": 0.20336196, "2019Q4": 0.17828348000000002, "2019Q1": 0.20336196, "2019Q3": 0.20392764, "2019Q2": 0.20571896, "2022Q1": 0.18921996000000002, "2021Q4": 0.17517224, "2021Q1": 0.17932056000000002, "2021Q3": 0.16838408000000002, "2021Q2": 0.17762352, "2023Q1": 0.21147004, "2023Q3": 0, "2023Q2": 0.20977300000000002}