{"2017Q2": 1174.193481, "2017Q4": 2857.20459, "2017Q1": 979.148254, "2017Q3": 2387.526855, "2023Q2": 6175, "2023Q1": 6695.633301, "2023Q3": 9575, "2016Q2": 599.140808, "2016Q4": 711.222229, "2016Q1": 536.327515, "2016Q3": 652.765564, "2015Q2": 662.022949, "2015Q4": 478.346252, "2015Q1": 771.566223, "2015Q3": 462.884583, "2020Q2": 5071.763184, "2020Q4": 9736.55957, "2020Q1": 3929.385498, "2020Q3": 5980.322266, "2022Q2": 6421.833984, "2022Q4": 7019.213867, "2022Q1": 6967.317871, "2022Q3": 7342.794922, "2018Q2": 15998.386719, "2018Q4": 10885.345703, "2018Q1": 6751.612793, "2018Q3": 13508.616211, "2012Q2": 1722.858032, "2012Q4": 1407.651123, "2012Q1": 1687.697632, "2012Q3": 1582.216431, "2021Q2": 7710.168457, "2021Q4": 7463.212402, "2021Q1": 10304.935547, "2021Q3": 7884.722656, "2011Q4": 1494.315796, "2019Q2": 12331.822266, "2019Q4": 10118.90625, "2019Q1": 10664.697266, "2019Q3": 10389.728516, "2013Q2": 1421.869629, "2013Q4": 1296.565308, "2013Q1": 1421.869629, "2013Q3": 1272.573364, "2014Q2": 1130.893066, "2014Q4": 809.668274, "2014Q1": 1174.111816, "2014Q3": 909.165527}