{"2014Q3": 9.45, "2014Q1": 9.394615, "2014Q2": 8.85, "2014Q4": 8.99, "2008Q3": 2.166195, "2008Q1": 2.118412, "2008Q2": 2.492717, "2008Q4": 1.71225, "2017Q3": 7.85, "2017Q1": 8.2, "2017Q2": 8.9, "2017Q4": 7.75, "2022Q3": 4.07, "2022Q1": 4.8, "2022Q2": 4.99, "2022Q4": 4.7, "1995Q3": 2.488735, "1995Q1": 2.886933, "1995Q2": 3.185581, "1995Q4": 1.941213, "2003Q3": 3.209473, "2003Q1": 2.39715, "2003Q2": 2.620141, "2003Q4": 3.854553, "2013Q3": 7.653791, "2013Q1": 6.924396, "2013Q2": 7.566264, "2013Q4": 9.491869, "2000Q3": 0.895945, "2000Q1": 0.895945, "2000Q2": 0.796395, "2000Q4": 0.796395, "2018Q3": 7.35, "2018Q1": 7.1, "2018Q2": 7.8, "2018Q4": 5.68, "2011Q3": 4.267278, "2011Q1": 4.610516, "2011Q2": 4.758943, "2011Q4": 4.527026, "2020Q3": 3.19, "2020Q1": 3.6, "2020Q2": 3.4, "2020Q4": 3.2, "1997Q3": 0.647071, "1997Q1": 0.696846, "1997Q2": 0.447972, "1997Q4": 0.398198, "2016Q3": 7.7, "2016Q1": 6.95, "2016Q2": 7.11, "2016Q4": 8.1, "2002Q3": 2.381222, "2002Q1": 2.604213, "2002Q2": 2.429006, "2002Q4": 2.691816, "1996Q3": 1.144818, "1996Q1": 1.443466, "1996Q2": 1.543016, "1996Q4": 0.647071, "2007Q3": 5.654406, "2007Q4": 2.604213, "2004Q3": 2.986482, "2004Q1": 4.268679, "2004Q2": 3.504139, "2004Q4": 2.827203, "2023Q3": 4.03, "2023Q1": 4.19, "2023Q2": 4.17, "1998Q1": 0.447972, "2019Q3": 4.65, "2019Q1": 6, "2019Q2": 5.5, "2019Q4": 5.71, "2021Q3": 5, "2021Q1": 4.55, "2021Q2": 5, "2021Q4": 5, "2005Q3": 3.854553, "2005Q1": 2.771456, "2005Q2": 3.703238, "2005Q4": 5.455307, "2015Q3": 7.23, "2015Q1": 8.86, "2015Q2": 8.6, "2015Q4": 7.34, "1999Q3": 0.647071, "1999Q4": 0.647071, "2012Q3": 5.154396, "2012Q1": 5.076593, "2012Q2": 5.018242, "2012Q4": 5.368352, "2001Q3": 1.513151, "2001Q1": 0.756576, "2001Q2": 1.688358, "2001Q4": 1.656502, "2009Q3": 2.468825, "2009Q1": 1.592791, "2009Q2": 1.895421, "2009Q4": 3.113906, "2010Q3": 4.128128, "2010Q1": 3.12187, "2010Q2": 3.84055, "2010Q4": 4.378598}