{"2014Q2": 483333344, "2014Q1": 500000000, "2014Q3": 500000000, "2021Q2": 0.75, "2021Q1": 0.9, "2021Q3": 0.85, "2016Q2": 41666668, "2016Q1": 41666668, "2016Q3": 0, "2016Q4": 1166666.625, "2018Q2": 166666.671875, "2018Q1": 166666.671875, "2018Q3": 166666.671875, "2018Q4": 0, "2020Q2": 6.5, "2020Q1": 50, "2020Q3": 0.5, "2020Q4": 0.1, "2015Q4": 21833334, "2017Q2": 500000, "2017Q1": 666666.6875, "2017Q3": 333333.34375, "2017Q4": 166666.671875, "2022Q2": 0.1, "2022Q1": 0.4, "2022Q3": 0.1, "2019Q2": 32000, "2019Q1": 0, "2019Q3": 3400, "2019Q4": 17.32}