{"2016Q4": 216.91938366927596, "2019Q4": 65.017307555724, "2018Q4": 183.857283485124, "2017Q4": 147.56975991, "2015Q4": 205.629865603524}