{"2014Q4": 0.5695179316119999, "2014Q2": 0.603234403922, "2014Q3": 0.5658530104399999, "2014Q1": 0.6740184138419999, "2016Q4": 0.773591715536, "2016Q2": 0.780952170716, "2016Q3": 0.8611820238139999, "2016Q1": 0.7418677524739999, "2019Q1": 2.2162375128779996, "2013Q4": 0.669009797218, "2021Q4": 5.2923818614839995, "2021Q2": 4.0065281742579995, "2021Q3": 3.9153696873139996, "2021Q1": 3.2422649031599997, "2020Q4": 3.5547904542479998, "2020Q3": 3.141542134056, "2023Q2": 2.38586933, "2023Q1": 2.425546983394, "2018Q4": 1.6400158159999998, "2018Q2": 1.605294915736, "2018Q3": 1.7944138834559997, "2018Q1": 1.416222015876, "2017Q4": 1.1617447919019999, "2017Q2": 0.904316847192, "2017Q3": 1.10347310997, "2017Q1": 0.8059780155399999, "2015Q4": 0.7976914477679999, "2015Q2": 0.6573977243779999, "2015Q3": 0.701469211374, "2015Q1": 0.64867856454, "2022Q2": 2.7150093291, "2022Q3": 2.5042212288839996, "2022Q1": 3.8397747067499997}