{"2014Q3": 0, "2014Q4": 0, "2021Q3": 2.925972, "2021Q1": 1.9994141999999997, "2021Q2": 2.194479, "2021Q4": 3.15029652, "2018Q3": 4.9741523999999995, "2018Q1": 0, "2018Q2": 0, "2018Q4": 3.9500621999999996, "2020Q3": 1.1703888, "2020Q1": 1.6580507999999998, "2020Q2": 1.9018818, "2020Q4": 1.3166874, "2015Q3": 0, "2015Q1": 0, "2015Q2": 0, "2015Q4": 0, "2017Q3": 0, "2017Q1": 0, "2017Q2": 0, "2017Q4": 0, "2023Q1": 2.0481804, "2023Q2": 2.88695904, "2022Q3": 1.44347952, "2022Q1": 2.5358424, "2022Q2": 2.25299844, "2022Q4": 2.0969466, "2016Q3": 0, "2016Q1": 0, "2016Q2": 0, "2016Q4": 0, "2019Q3": 3.0235044, "2019Q1": 4.2914256, "2019Q2": 4.1938932, "2019Q4": 3.3648678}