{"2021Q3": 0.9044594729520001, "2021Q4": 0.807539651808, "2022Q1": 0.5123175200000001, "2022Q2": 0.388873567048, "2010Q1": 0.095065663524, "2010Q2": 0.078660943524}