{"2017Q2": 0.169236, "2017Q4": 0.15626124, "2017Q1": 0.18615959999999998, "2017Q3": 0.16021007999999998, "2023Q2": 0.29108592, "2023Q1": 0.24595632, "2016Q2": 0.14949179999999998, "2016Q4": 0.15795359999999997, "2016Q1": 0.12156785999999999, "2016Q3": 0.17205659999999998, "2015Q2": 0.1015416, "2015Q4": 0.10125954, "2015Q1": 0.10379808, "2015Q3": 0.09928511999999999, "2020Q2": 0.08010503999999999, "2020Q4": 0.08377182, "2020Q1": 0.07164324, "2020Q3": 0.07672032, "2022Q2": 0.20251908, "2022Q4": 0.25385399999999997, "2022Q1": 0.2411613, "2022Q3": 0.25639254, "2018Q2": 0.09872099999999999, "2018Q4": 0.0902592, "2018Q1": 0.13961969999999999, "2018Q3": 0.09928511999999999, "2021Q2": 0.16697952, "2021Q4": 0.25977726, "2021Q1": 0.10831103999999998, "2021Q3": 0.22367357999999998, "2019Q2": 0.12354227999999999, "2019Q4": 0.12918348, "2019Q1": 0.10323396, "2019Q3": 0.11479842, "2013Q4": 0.05697612, "2014Q2": 0.08264358, "2014Q4": 0.09533628, "2014Q1": 0.06543792, "2014Q3": 0.10520837999999999}