{"2015Q1": 4.40159306429, "2015Q2": 4.759708855694, "2015Q3": 5.30699220898, "2015Q4": 6.335221940182, "2012Q1": 2.823618321412, "2012Q2": 3.1376667867879995, "2012Q3": 3.153200423362, "2012Q4": 3.122133893244, "2020Q3": 28.917066333525998, "2020Q4": 30.605926712636, "2016Q1": 5.72160146292, "2016Q2": 6.005870771955999, "2016Q3": 6.276557641197999, "2016Q4": 6.124296379415999, "2013Q1": 3.5259922461139994, "2013Q2": 3.2673053113719996, "2013Q3": 3.58451938176, "2013Q4": 3.58451938176, "2017Q1": 6.361147297123999, "2017Q2": 7.050584475101999, "2017Q3": 8.2602422191, "2017Q4": 9.089722570751999, "2023Q1": 25.860047131301997, "2023Q2": 25.634535, "2021Q1": 26.818203932293997, "2021Q2": 34.658442499654, "2021Q3": 33.366958576906, "2021Q4": 46.041003180649994, "2019Q1": 18.03326305397, "2018Q1": 11.336231274435999, "2018Q2": 11.998784883984, "2018Q3": 14.244172801215997, "2018Q4": 13.668792808721998, "2014Q1": 3.6479619580679996, "2014Q2": 3.2419113694859996, "2014Q3": 3.1834401096959994, "2014Q4": 3.7356690706619995, "2022Q1": 32.929165300906, "2022Q2": 26.841552907013995, "2022Q3": 28.266795009877995, "2022Q4": 24.331955856079997}