{"2007Q4": 0, "2014Q2": 0.18851933604, "2014Q1": 0.18906066396, "2014Q3": 0.17207634416, "2014Q4": 0.17031700000000002, "2021Q2": 0.18026400812, "2021Q1": 0.17628519188, "2021Q3": 0.16613519188, "2018Q2": 0.11916100000000002, "2018Q1": 0.12132633604000001, "2018Q3": 0.1137612, "2018Q4": 0.12878320000000001, "2011Q2": 0.16659532792, "2011Q1": 0.21382665584, "2011Q4": 0.17979032792000002, "2008Q2": 0, "2008Q1": 0, "2008Q3": 0, "2008Q4": 0, "2020Q2": 0.10328640000000001, "2020Q1": 0.1291892, "2020Q3": 0.1145732, "2020Q4": 0.13804, "2015Q2": 0.10204133604000001, "2015Q1": 0.13919032792000002, "2015Q3": 0.082824, "2015Q4": 0.07883166396, "2017Q2": 0.11347700000000001, "2017Q1": 0.098455, "2017Q3": 0.11300333604000001, "2017Q4": 0.11665733604, "2023Q1": 0.12691560000000002, "2012Q2": 0.129717, "2012Q1": 0.15333266396, "2012Q3": 0.159355, "2012Q4": 0.20570665584, "2022Q2": 0.1454292, "2022Q1": 0.1651608, "2022Q3": 0.14047599188, "2016Q2": 0.13594233604, "2016Q1": 0.10955233604, "2016Q3": 0.101094, "2016Q4": 0.08654566396, "2019Q2": 0.12423600000000001, "2019Q1": 0.12756520000000002, "2019Q3": 0.137228, "2019Q4": 0.08802080000000001, "2009Q1": 0, "2009Q4": 0.20841334416, "2013Q2": 0.18344433604000002, "2013Q1": 0.196098, "2013Q3": 0.17194099188, "2013Q4": 0.17194099188, "2010Q2": 0.19792500000000002, "2010Q1": 0.20618032792000002, "2010Q3": 0.21802200000000002, "2010Q4": 0.20029334416000003}