{"2020Q1": 0.372059284168, "2020Q2": 0.563704902584, "2020Q3": 0.8985582336240001, "2020Q4": 0.6100367890880001, "2023Q1": 2.186941156392, "2021Q1": 0.73218457048, "2021Q2": 0.7469265746720001, "2021Q3": 1.282753871304, "2021Q4": 1.029093839384, "2019Q2": 0.417689169088, "2019Q4": 0.266759482648, "2022Q1": 0.90262513024, "2022Q2": 2.429644402128, "2022Q3": 2.2959489606880004, "2022Q4": 1.79883}