{"2023Q3": 11.629812289999998, "2023Q2": 12.813166279999999, "2023Q1": 12.03726751, "2022Q3": 12.44905736, "2022Q1": 15.374932609999998, "2022Q4": 11.71650489, "2017Q3": 4.23059888, "2017Q2": 4.04854442, "2017Q1": 3.71911254, "2017Q4": 4.05287905, "2020Q3": 11.300380409999999, "2020Q2": 9.62721323, "2020Q1": 6.4585987, "2020Q4": 12.01992899, "2015Q3": 3.8838284800000005, "2015Q2": 4.99782839, "2015Q1": 4.71607744, "2015Q4": 4.022536639999999, "2010Q4": 3.89683237, "2016Q3": 4.0312059, "2016Q2": 4.0182020099999995, "2016Q1": 3.53272345, "2016Q4": 3.22496472, "2014Q3": 4.65105799, "2014Q2": 4.733415959999999, "2014Q1": 4.43432649, "2014Q4": 4.38231093, "2018Q3": 3.43302696, "2018Q2": 3.6931047599999998, "2018Q1": 3.9098362599999996, "2018Q4": 3.7104432800000002, "2011Q3": 3.7321164299999996, "2011Q2": 3.35500362, "2011Q1": 3.6584277199999997, "2011Q4": 3.901167, "2012Q3": 5.002163019999999, "2012Q2": 4.59904243, "2012Q1": 4.00519812, "2012Q4": 4.82877782, "2019Q3": 7.958380679999999, "2019Q2": 6.03813959, "2019Q1": 5.40094898, "2019Q4": 8.9293378, "2013Q3": 4.54702687, "2013Q2": 4.23059888, "2013Q1": 5.01083228, "2013Q4": 4.49934594, "2021Q3": 15.18854352, "2021Q2": 15.79972635, "2021Q1": 12.10662159, "2021Q4": 12.10228696}