{"2017Q2": 0.06903842, "2017Q4": 0.07341695, "2017Q1": 0.06938504, "2017Q3": 0.08142518, "2023Q2": 0.11499500000000001, "2023Q1": 0.09839648000000001, "2016Q2": 0.07600134, "2016Q4": 0.06402006, "2016Q1": 0.07868383000000001, "2016Q3": 0.06974256000000001, "2015Q2": 0.07153016000000001, "2015Q4": 0.08494261, "2015Q1": 0.07188768000000001, "2015Q3": 0.07135140000000001, "2020Q2": 0.10284477, "2020Q4": 0.09738169, "2020Q1": 0.06661971000000001, "2020Q3": 0.10435660000000001, "2022Q2": 0.11638257, "2022Q4": 0.11701259, "2022Q1": 0.11110697000000001, "2022Q3": 0.13066593, "2018Q2": 0.05870304, "2018Q4": 0.06598424, "2018Q1": 0.06570847, "2018Q3": 0.0462051, "2012Q4": 0.04059378, "2021Q2": 0.12807609, "2021Q4": 0.11681857000000001, "2021Q1": 0.11158330000000001, "2021Q3": 0.13685604, "2019Q2": 0.06902098000000001, "2019Q4": 0.07945119, "2019Q1": 0.07506939000000001, "2019Q3": 0.06412579, "2013Q2": 0.04381255, "2013Q4": 0.049177530000000004, "2013Q1": 0.04649504, "2013Q3": 0.049624430000000004, "2014Q2": 0.07108326000000001, "2014Q4": 0.07421265, "2014Q1": 0.07099388000000001, "2014Q3": 0.07510754}