{"2022Q2": 279.13782312, "2022Q4": 347.10369642, "2022Q3": 359.75597346}