{"2022Q3": 2.10422525, "2022Q4": 3.68015565, "2022Q1": 2.3459873, "2022Q2": 2.30121655, "2020Q3": 1.6475636, "2020Q4": 2.6325201, "2020Q1": 1.0834521499999998, "2020Q2": 0.9849565, "2010Q4": 0.32545649005, "2016Q3": 0.659741772, "2016Q4": 0.5903023387499999, "2016Q1": 0.40742277915, "2016Q2": 1.0834521499999998, "2015Q3": 0.29198587735, "2015Q4": 0.3623386339, "2015Q2": 0.3055693229, "2019Q3": 0.5457554425, "2019Q4": 0.6909917555, "2019Q1": 0.6250175782999999, "2019Q2": 0.57987970815, "2018Q3": 0.62155232225, "2018Q4": 0.26951096085, "2018Q1": 0.7291901594, "2018Q2": 0.6944659657, "2013Q3": 0.6669140461499999, "2013Q4": 0.5092762354, "2013Q1": 0.36813196895, "2013Q2": 0.37346864235, "2014Q3": 0.573781932, "2014Q4": 0.64508382845, "2014Q1": 0.44137691594999995, "2014Q2": 0.5160634811, "2012Q3": 0.22407760374999997, "2012Q4": 0.29343644965, "2012Q1": 0.037346864235, "2012Q2": 0.05335240735999999, "2017Q3": 0.6944659657, "2017Q4": 0.6979401759, "2017Q1": 0.55923143825, "2017Q2": 0.90436915, "2009Q4": 0.6355297503999999, "2021Q3": 1.9878213, "2021Q4": 1.1461312, "2021Q1": 2.5161161499999998, "2021Q2": 2.46239125, "2011Q4": 0.2134132111}