{"2021Q3": 3.405647266581, "2021Q1": 3.405647266581, "2021Q2": 3.405647266581, "2021Q4": 3.405647266581, "2016Q3": 0, "2016Q1": 0, "2016Q2": 0, "2016Q4": 0, "2020Q3": 2.540888032361, "2020Q1": 0, "2020Q2": 0, "2020Q4": 2.540888032361, "2015Q3": 0, "2015Q1": 0, "2015Q2": 0, "2015Q4": 0, "2022Q3": 4.4981558035889995, "2022Q1": 4.4981558035889995, "2022Q2": 4.4981558035889995, "2022Q4": 4.4981558035889995, "2018Q3": 0, "2018Q1": 0, "2018Q2": 0, "2018Q4": 0, "2013Q4": 0, "2014Q3": 0, "2014Q1": 0, "2014Q2": 0, "2014Q4": 0, "2017Q3": 0, "2017Q1": 0, "2017Q2": 0, "2017Q4": 0, "2019Q3": 0, "2019Q1": 0, "2019Q2": 0, "2019Q4": 0, "2023Q1": 4.4981558035889995, "2023Q2": 8.055415447862998}