{"2023Q3": 2.4, "2023Q2": 6.2, "2023Q1": 10.9, "2022Q3": 10, "2022Q2": 16.040001, "2022Q1": 12.36, "2022Q4": 11.93, "2017Q3": 24.08, "2017Q2": 19.09, "2017Q1": 18.049999, "2017Q4": 20.379999, "2020Q3": 37.439999, "2020Q2": 28.389999, "2020Q1": 16.780001, "2020Q4": 61.139999, "2015Q4": 0, "2016Q3": 15.58, "2016Q2": 20.32, "2016Q1": 0, "2016Q4": 17.4, "2018Q3": 27.48, "2018Q2": 30.51, "2018Q1": 22.959999, "2018Q4": 28.6, "2019Q3": 21.629999, "2019Q2": 25.24, "2019Q1": 25.02, "2019Q4": 23.190001, "2021Q3": 25.969999, "2021Q2": 40.209999, "2021Q1": 47.200001, "2021Q4": 11.38}