{"2017Q4": 0.22372108, "2023Q2": 0.21520378, "2023Q1": 0.21236468, "2020Q2": 0.32536086000000003, "2020Q4": 0.28135481, "2020Q1": 0.30775843999999997, "2020Q3": 0.27652834, "2022Q4": 0.22939928, "2018Q2": 0.22996709999999998, "2018Q4": 0.26290066, "2018Q1": 0.22854755000000002, "2018Q3": 0.27993525999999996, "2021Q2": 0.22968318999999998, "2021Q4": 0.21037731, "2021Q1": 0.24529824, "2021Q3": 0.20895776, "2019Q2": 0.32507695, "2019Q4": 0.34778975, "2019Q1": 0.28816865, "2019Q3": 0.33331034}