{"2022Q3": 1.4049108695399999, "2022Q4": 1.361007452481, "2022Q1": 1.419545400495, "2022Q2": 1.4049108695399999, "2020Q3": 0.808899404346, "2020Q1": 0.7425081437100001, "2020Q2": 0.609563500005, "2023Q1": 1.3331955, "2016Q3": 1.1079826226160001, "2016Q4": 1.2701264453460002, "2016Q1": 0.9525949072620001, "2016Q2": 1.135006671207, "2015Q3": 0.820745271228, "2015Q4": 1.0325505091290001, "2015Q1": 0.653948742708, "2015Q2": 0.668510255571, "2019Q4": 0.625725286983, "2018Q3": 1.203360776532, "2018Q1": 1.295382442296, "2018Q2": 1.344932718774, "2014Q4": 0.693595925808, "2017Q3": 1.5218272802250001, "2017Q4": 1.466488327488, "2017Q1": 1.203627122622, "2017Q2": 1.445736040743, "2021Q3": 1.547994245265, "2021Q4": 1.410555589986, "2021Q1": 0.9765384538200002, "2021Q2": 1.461190882494}