{"2016Q4": 0.58799945, "2017Q1": 0.606185, "2017Q2": 0.606185, "2017Q3": 0.48979748, "2023Q1": 0.61588396, "2023Q2": 0.61588396, "2023Q3": 0.5455665, "2021Q4": 0.89230432, "2022Q1": 0.6086097399999999, "2022Q2": 0.6183086999999999, "2022Q3": 0.451607825, "2022Q4": 0.464943895}