{"2019Q4": 0, "2021Q2": 34.3985019, "2021Q4": 27.305908000000002, "2021Q3": 28.8447579, "2021Q1": 30.0480691, "2020Q2": 0, "2020Q4": 32.680543756, "2020Q3": 0, "2020Q1": 0, "2023Q2": 24.436473600000003, "2023Q3": 23.6496932, "2022Q2": 16.0711467, "2022Q1": 21.3819144}