{"2023Q1": 1.0369913600000003, "2022Q4": 1.0975456000000001}