{"2006Q3": 2.645, "2006Q2": 3.3275, "2006Q1": 3.85625, "2006Q4": 2.70375, "2003Q3": 4.56875, "2003Q2": 4.4975, "2003Q1": 5.31125, "2003Q4": 4.34, "2011Q3": 2.31, "2011Q2": 2.49875, "2011Q1": 3.8625, "2011Q4": 3.3, "2012Q3": 4.66, "2012Q2": 3.1825, "2012Q1": 3.73375, "2012Q4": 5.87625, "2019Q3": 45.945, "2019Q2": 34.009998, "2019Q1": 38.264999, "2019Q4": 51.349998, "2007Q3": 1.1325, "2007Q2": 2.2125, "2007Q1": 2.49875, "2007Q4": 0.825, "2009Q3": 2.1075, "2009Q2": 2.16375, "2009Q1": 1.61, "2009Q4": 2.6, "2021Q3": 115.790001, "2021Q2": 96.839996, "2021Q1": 107.839996, "2021Q4": 91.839996, "2014Q3": 9.79, "2014Q2": 8.25, "2014Q1": 8.95125, "2014Q4": 12.475, "1998Q4": 0, "2023Q3": 55.3, "2023Q2": 69.139999, "2023Q1": 56.299999, "2022Q3": 48.09, "2022Q2": 63.830002, "2017Q3": 27.362499, "2017Q2": 19.344999, "2017Q1": 17.030001, "2017Q4": 27.952499, "2020Q3": 71.739998, "2020Q2": 72.25, "2020Q1": 49.955002, "2020Q4": 100.190002, "2018Q3": 29.055, "2018Q2": 32.055, "2018Q1": 26.535, "2018Q4": 39.169998, "2008Q3": 1.995, "2008Q2": 2.365, "2008Q1": 1.2725, "2008Q4": 0.68625, "2013Q3": 8.39, "2013Q2": 5.595, "2013Q1": 6.52875, "2013Q4": 10.3225, "2002Q4": 3.96875, "2005Q3": 2.54375, "2005Q2": 3.35625, "2005Q1": 5.06625, "2005Q4": 3.68, "2015Q3": 9.81, "2015Q2": 9.71, "2015Q1": 13.1425, "2015Q4": 9.96, "2010Q3": 2.3, "2010Q2": 2.81125, "2010Q1": 2.8975, "2010Q4": 3.88, "2016Q3": 14.5725, "2016Q2": 14.2375, "2016Q1": 11.005, "2016Q4": 17.7875, "1999Q3": 3.851563, "1999Q2": 3.21875, "1999Q1": 2.40625, "2004Q3": 5.44375, "2004Q2": 5.38625, "2004Q1": 4.705, "2004Q4": 5.71125}