{"2023Q2": 0.01526, "2023Q1": 0.015450894619999999, "2022Q4": 0.01572928819}