{"2023Q3": 12.30062112, "2023Q2": 13.32758529, "2022Q2": 11.5318323, "2022Q1": 13.27021299, "2017Q3": 5.23809099, "2017Q2": 4.945492259999999, "2017Q1": 4.92828057, "2017Q4": 5.31267498, "2020Q3": 9.007451099999999, "2020Q2": 8.58289608, "2020Q1": 7.699362659999999, "2020Q4": 12.094080839999998, "2015Q3": 2.92025007, "2015Q2": 2.7997682399999997, "2015Q1": 2.78829378, "2015Q4": 3.37349124, "2010Q4": 3.27595833, "2016Q3": 4.92828057, "2016Q2": 4.67010522, "2016Q1": 3.56855706, "2016Q4": 4.91106888, "2014Q3": 2.43258552, "2014Q2": 1.85886252, "2014Q1": 1.6408477799999999, "2014Q4": 2.9030383799999995, "2018Q3": 5.0143390199999995, "2018Q2": 4.9741784099999995, "2018Q1": 5.28398883, "2018Q4": 6.58060281, "2011Q3": 2.92025007, "2011Q2": 3.02925744, "2011Q1": 3.10384143, "2011Q4": 3.5570826, "2012Q3": 2.3809504500000003, "2012Q2": 3.98737485, "2012Q1": 3.8095207199999996, "2012Q4": 2.08835172, "2019Q3": 9.62133471, "2019Q2": 9.41479443, "2019Q1": 7.337917169999999, "2019Q4": 9.16235631, "2013Q3": 2.1916218599999997, "2013Q2": 2.12851233, "2013Q1": 2.11703787, "2013Q4": 1.79575299, "2021Q3": 11.48593446, "2021Q2": 11.612153519999998, "2021Q1": 11.72689812, "2021Q4": 12.203088209999999}