{"2023Q1": 1203.667236, "2023Q2": 1105, "2023Q3": 864, "2022Q4": 1754.731934}