{"2023Q2": 59.766206499999996, "2022Q4": 65.67715}