{"2016Q4": 3.93181236, "2016Q2": 2.73256676, "2016Q1": 2.6726044800000004, "2016Q3": 3.3750197600000003, "2013Q2": 0, "2013Q1": 0, "2013Q3": 0, "2017Q4": 5.165322120000001, "2017Q2": 4.925473, "2017Q1": 3.7776236400000003, "2017Q3": 5.165322120000001, "2019Q4": 7.5809454, "2019Q2": 6.9813226, "2019Q1": 6.21894504, "2019Q3": 7.13551132, "2021Q4": 15.60732488, "2021Q2": 10.81890852, "2021Q1": 10.15932344, "2021Q3": 12.57494672, "2020Q4": 8.7373608, "2020Q2": 7.01558676, "2020Q1": 7.392492520000001, "2020Q3": 9.24275716, "2023Q2": 17.063551680000003, "2023Q1": 17.003589400000003, "2023Q3": 18.83672196, "2012Q4": 0, "2018Q4": 6.06475632, "2018Q2": 5.43086936, "2018Q1": 5.1824542000000005, "2018Q3": 5.63645432, "2015Q4": 2.55267992, "2015Q2": 2.9038875600000003, "2015Q1": 2.84392528, "2015Q3": 3.0409441999999998, "2022Q4": 14.71645672, "2022Q1": 18.06577836, "2022Q3": 15.230419120000002, "2014Q4": 3.35788768}