{"2020Q4": 14.9994928, "2020Q1": 8.7386576, "2020Q3": 10.890182399999999, "2020Q2": 9.105742399999999, "2014Q4": 5.557256, "2014Q1": 5.5470592, "2014Q3": 5.710207999999999, "2014Q2": 5.9957183999999994, "2016Q4": 7.3213023999999995, "2016Q1": 6.454574399999999, "2016Q3": 7.708780799999999, "2016Q2": 6.9644144, "2017Q4": 7.8617327999999995, "2017Q1": 8.351179199999999, "2017Q3": 8.0962592, "2017Q2": 8.616295999999998, "2013Q4": 5.3431232, "2015Q4": 4.8740704, "2015Q1": 5.7204048, "2015Q3": 4.9352512, "2015Q2": 6.1894576, "2018Q4": 5.9447344, "2018Q1": 6.88284, "2018Q3": 6.9338239999999995, "2018Q2": 7.2397279999999995, "2019Q4": 9.8705024, "2019Q1": 8.075865599999998, "2019Q3": 8.3817696, "2019Q2": 8.4735408, "2022Q4": 8.004487999999998, "2022Q1": 13.7350896, "2022Q3": 10.1662096, "2022Q2": 12.032224, "2021Q4": 13.622924799999998, "2021Q1": 14.550833599999999, "2021Q3": 13.6025312, "2021Q2": 15.091263999999999, "2023Q1": 9.0955456, "2023Q2": 8.657083199999999}