{"2023Q3": 2.1, "2023Q2": 2.32, "2023Q1": 2.26, "2022Q3": 1.665, "2022Q2": 2.52, "2022Q1": 2.85, "2022Q4": 2.52, "2017Q3": 10.92, "2017Q2": 16.73, "2017Q1": 17.799999, "2017Q4": 10.94, "2015Q3": 6.55, "2015Q2": 5.78, "2015Q1": 14.08, "2015Q4": 5.91, "2016Q3": 11.06, "2016Q2": 10.85, "2016Q1": 6.48, "2016Q4": 14.61, "2014Q4": 17.280001, "2018Q3": 10.03, "2018Q2": 11.38, "2018Q1": 9.42, "2018Q4": 7.36, "2019Q3": 3.65, "2019Q2": 3.52, "2019Q1": 6.16}