{"2017Q2": 0.15950120680799998, "2017Q4": 0.15950120680799998, "2017Q1": 0.174936827484, "2017Q3": 0.15692862216599998, "2023Q2": 0.23693039999999999, "2023Q1": 0.23693039999999999, "2016Q2": 0.185227194258, "2016Q4": 0.18394091604, "2016Q1": 0.192453374016, "2016Q3": 0.17879569034399997, "2009Q4": 0.04673254698, "2010Q2": 0.04795428987, "2010Q4": 0.108431705268, "2010Q1": 0.04673254698, "2010Q3": 0.07865116172999999, "2015Q2": 0.288680145642, "2015Q4": 0.16966286960399998, "2015Q1": 0.316535150178, "2015Q3": 0.24689744139599998, "2020Q2": 0.09257725369799999, "2020Q4": 0.093666371976, "2020Q1": 0.08549780155199999, "2020Q3": 0.084408655068, "2022Q2": 0.1297476, "2022Q4": 0.13651703999999998, "2022Q1": 0.1452609, "2022Q3": 0.1424403, "2018Q2": 0.136963146096, "2018Q4": 0.134378940582, "2018Q1": 0.183478929966, "2018Q3": 0.15634472976, "2012Q2": 0.08598082930199999, "2012Q4": 0.12203009992799999, "2012Q1": 0.082398300624, "2012Q3": 0.13658417028, "2021Q2": 0.08842922292599999, "2021Q4": 0.13292193144599998, "2021Q1": 0.09454696329599999, "2021Q3": 0.105670140426, "2011Q2": 0.08687645442, "2011Q4": 0.07030726280999999, "2011Q1": 0.092396030148, "2011Q3": 0.070755061266, "2019Q2": 0.15401677575599998, "2019Q4": 0.121107199608, "2019Q1": 0.125319652884, "2019Q3": 0.138220202898, "2013Q2": 0.150018659874, "2013Q4": 0.167931303264, "2013Q1": 0.18360492616799998, "2013Q3": 0.173529037818, "2014Q2": 0.21383259121799997, "2014Q4": 0.281083198014, "2014Q1": 0.154496841876, "2014Q3": 0.30134150877599997}