{"2015Q4": 3018.730575, "2020Q4": 106.023708, "2022Q4": 110.932213, "2019Q4": 196.3402}