{"2020Q4": 0, "2023Q1": 99.14625928234601, "2023Q2": 57.760546, "2021Q3": 409.37086, "2021Q4": 396.192483, "2022Q1": 220.97614037061598, "2022Q2": 234.37884362938402, "2022Q3": 266.37145, "2022Q4": 145.1023425}