{"2021Q3": 0.05355104, "2021Q1": 0.04072896000000001, "2021Q2": 0.04129464, "2021Q4": 0.05628516, "2024Q1": 0.05119404, "2016Q3": 0.07806384, "2016Q1": 0.06759876000000001, "2016Q2": 0.07042716, "2016Q4": 0.0711814, "2020Q3": 0.05713368, "2020Q1": 0.0641104, "2020Q2": 0.0631676, "2020Q4": 0.038089120000000004, "2015Q3": 0.06392184000000001, "2015Q1": 0.05317392, "2015Q2": 0.0551538, "2015Q4": 0.07080428, "2022Q3": 0.05166544000000001, "2022Q1": 0.0598678, "2022Q2": 0.05873644000000001, "2022Q4": 0.047894240000000005, "2018Q3": 0.0796666, "2018Q1": 0.0697672, "2018Q2": 0.08145792000000002, "2018Q4": 0.0796666, "2014Q4": 0.052136840000000004, "2017Q3": 0.06448752, "2017Q1": 0.07108712, "2017Q2": 0.07947804, "2017Q4": 0.07466976, "2019Q3": 0.058547880000000004, "2019Q1": 0.06514748000000001, "2019Q2": 0.06335616000000001, "2019Q4": 0.05383388, "2023Q3": 0.051005480000000006, "2023Q1": 0.05006268, "2023Q2": 0.04563152, "2023Q4": 0.05364532000000001}