{"1999Q4": 32.741318, "2000Q4": 42.5, "2000Q1": 182.5, "2000Q3": 50, "2000Q2": 123.760002}