{"2015Q1": 0.742206300473, "2015Q2": 0.7287343165269999, "2015Q3": 0.604420687384, "2015Q4": 0.651574132921, "2010Q1": 0.294213652742, "2010Q2": 0.267350027191, "2010Q3": 0.36912575252599994, "2010Q4": 0.39646842867099996, "2012Q1": 0.40732816023999996, "2012Q2": 0.46006201959299997, "2012Q3": 0.5000680002329999, "2012Q4": 0.572577338417, "2011Q1": 0.41939152519799994, "2011Q2": 0.46512058362399994, "2011Q3": 0.35505307818, "2011Q4": 0.32132356135699996, "2020Q1": 0.68515497887, "2020Q2": 0.957743777212, "2020Q3": 0.8103981764069998, "2020Q4": 1.311371717418, "2016Q1": 0.7203193948859999, "2016Q2": 0.680155733016, "2016Q3": 0.680155733016, "2016Q4": 0.721067254434, "2013Q1": 0.636703291206, "2013Q2": 0.577184633785, "2013Q3": 0.5409224560629999, "2013Q4": 0.553009848637, "2017Q1": 0.725745881787, "2017Q2": 0.8742823513099999, "2017Q3": 0.855811872373, "2017Q4": 0.8865957536469999, "2023Q1": 3.0710296699999997, "2023Q2": 3.36386624, "2021Q1": 1.01366505, "2021Q2": 0.96110464, "2021Q3": 0.9010355999999999, "2021Q4": 1.0812427199999999, "2019Q1": 0.5599117813329999, "2019Q2": 0.5599117813329999, "2019Q3": 0.6998891635189999, "2019Q4": 0.89880553689, "2018Q1": 0.966162453168, "2018Q2": 0.7219915667869999, "2018Q3": 0.6335842063039999, "2018Q4": 0.582013433738, "2009Q4": 0.233027328598, "2014Q1": 0.568543702381, "2014Q2": 0.6201640319049999, "2014Q3": 0.688274814635, "2014Q4": 0.724122515981, "2022Q1": 1.08875135, "2022Q2": 1.5092346299999997, "2022Q3": 1.83961435, "2022Q4": 3.2812713099999997}