{"2014Q3": 0.0067, "2014Q1": 0.0058, "2014Q2": 0.008, "2014Q4": 0.0056, "2021Q3": 0.036, "2021Q1": 0.0579, "2021Q2": 0.0591, "2021Q4": 0.025, "2018Q3": 0.008, "2018Q1": 0.009, "2018Q2": 0.0114, "2018Q4": 0.0042, "2020Q1": 0.0079, "2015Q3": 0.0073, "2015Q1": 0.0059, "2015Q2": 0.005, "2015Q4": 0.00554, "2017Q3": 0.008, "2017Q4": 0.0057, "2023Q3": 0.0012, "2023Q1": 0.0026, "2023Q2": 0.00135, "2012Q4": 0.0199, "2022Q3": 0.01005, "2022Q1": 0.02261, "2022Q2": 0.01735, "2022Q4": 0.0025, "2016Q3": 0.0091, "2016Q1": 0.008, "2019Q3": 0.0009, "2019Q1": 0.004, "2019Q2": 0.0029, "2019Q4": 0.0023, "2013Q3": 0.0047, "2013Q1": 0.01, "2013Q2": 0.0036, "2013Q4": 0.0058}