{"2017Q2": 0.18587753999999998, "2017Q4": 0.17882604, "2017Q1": 0.19067256, "2017Q3": 0.20533968, "2023Q2": 0.26880318, "2023Q1": 0.2298789, "2016Q2": 0.21690414, "2016Q4": 0.18221076, "2016Q1": 0.24369984, "2016Q3": 0.20900646, "2015Q2": 0.15231240000000001, "2015Q4": 0.22903271999999997, "2015Q1": 0.21098088, "2015Q3": 0.16810776, "2020Q2": 0.17854398, "2020Q4": 0.17600543999999999, "2020Q1": 0.19377522, "2020Q3": 0.17600543999999999, "2022Q2": 0.19123668, "2022Q4": 0.19687788, "2022Q1": 0.19405728, "2022Q3": 0.19377522, "2018Q2": 0.17544131999999998, "2018Q4": 0.17431307999999998, "2018Q1": 0.18249281999999997, "2018Q3": 0.17544131999999998, "2021Q2": 0.18446724, "2021Q4": 0.18869814000000001, "2021Q1": 0.18446724, "2021Q3": 0.18587753999999998, "2019Q2": 0.17713368, "2019Q4": 0.17713368, "2019Q1": 0.17092835999999997, "2019Q3": 0.17967222, "2013Q4": 0.08405388, "2014Q2": 0.0902592, "2014Q4": 0.12720905999999998, "2014Q1": 0.0902592, "2014Q3": 0.11931138000000001}