{"2020Q1": 7.853699000000001, "2020Q2": 8.594190620000001, "2020Q3": 10.333223970000002, "2020Q4": 10.27712612, "2016Q4": 0, "2017Q2": 0, "2017Q3": 0, "2017Q4": 8.358579650000001, "2023Q1": 7.73028373, "2023Q2": 9.09907127, "2021Q1": 12.251770440000001, "2021Q2": 11.802987640000001, "2021Q3": 11.174691720000002, "2021Q4": 12.397624850000001, "2019Q1": 8.93077772, "2019Q2": 8.82980159, "2019Q3": 8.67272761, "2019Q4": 10.79322634, "2018Q1": 9.05419299, "2018Q2": 10.23224784, "2018Q3": 7.550770610000001, "2018Q4": 7.584429320000001, "2022Q1": 11.76932893, "2022Q2": 10.838104620000001, "2022Q3": 8.76248417, "2022Q4": 6.74296157}