{"2009Q4": 0, "2019Q4": 0.2115327, "2023Q3": 0.5488062}