{"2020Q4": 2.83675788, "2022Q4": 2.49290844, "2021Q4": 3.2092614400000006, "2019Q4": 3.75368972}