{"2021Q1": 0.281762862896, "2021Q2": 0.318355462096, "2021Q3": 0.270785120872, "2016Q1": 0.078810183164, "2016Q4": 0.12688482829199998, "2016Q2": 0.09486234171199999, "2016Q3": 0.09692829337199999, "2012Q4": 0.090016322328, "2012Q2": 0.11811707624, "2012Q3": 0.124457346884, "2020Q1": 0.07702738358, "2020Q4": 0.21040735106, "2020Q2": 0.08891997832, "2020Q3": 0.158445879064, "2011Q4": 0.139881465184, "2015Q1": 0.080226207696, "2015Q4": 0.075346942896, "2015Q2": 0.055581033644, "2015Q3": 0.066731040508, "2022Q1": 0.19851475632, "2022Q2": 0.226874001832, "2022Q3": 0.24791474637199998, "2018Q1": 0.151127378092, "2018Q4": 0.135392560436, "2018Q2": 0.14490663622799999, "2018Q3": 0.135758486428, "2013Q1": 0.073265462872, "2013Q4": 0.104682720616, "2013Q2": 0.069192144692, "2013Q3": 0.111210275028, "2014Q1": 0.14070518546, "2014Q4": 0.083757146348, "2014Q2": 0.12161209022, "2014Q3": 0.101822407288, "2017Q1": 0.144617710544, "2017Q4": 0.158811805056, "2017Q2": 0.17402622440399998, "2017Q3": 0.19938685414799998, "2019Q1": 0.131733300516, "2019Q4": 0.068062196776, "2019Q2": 0.09093257127599999, "2019Q3": 0.123682928692, "2023Q1": 0.2556614}