{"2022Q4": 0.012735539999999998, "2021Q4": 0.18749545}