{"2017Q2": 0.20674998, "2017Q4": 0.2524437, "2017Q1": 0.20674998, "2017Q3": 0.21634002, "2023Q2": 0.22818654, "2023Q1": 0.23100713999999997, "2016Q2": 0.20674998, "2016Q4": 0.2030832, "2016Q1": 0.18474929999999998, "2016Q3": 0.20477556, "2009Q4": 0.055283759999999994, "2010Q2": 0.05725817999999999, "2010Q4": 0.08433594, "2010Q1": 0.056412, "2010Q3": 0.07559208, "2015Q2": 0.19744199999999998, "2015Q4": 0.19010844, "2015Q1": 0.19913435999999998, "2015Q3": 0.19546757999999997, "2020Q2": 0.29644506, "2020Q4": 0.2848806, "2020Q1": 0.28516265999999996, "2020Q3": 0.28939356, "2022Q2": 0.26287992, "2022Q4": 0.2298789, "2022Q1": 0.27529055999999996, "2022Q3": 0.25272576, "2018Q2": 0.24003306, "2018Q4": 0.26062344, "2018Q1": 0.2482128, "2018Q3": 0.25639254, "2012Q2": 0.09646452, "2012Q4": 0.13961969999999999, "2012Q1": 0.08828478, "2012Q3": 0.11536253999999999, "2021Q2": 0.27557262, "2021Q4": 0.27529055999999996, "2021Q1": 0.2778291, "2021Q3": 0.28516265999999996, "2011Q2": 0.07531001999999999, "2011Q4": 0.07107912, "2011Q1": 0.08151534, "2011Q3": 0.07107912, "2019Q2": 0.30575304, "2019Q4": 0.30349655999999997, "2019Q1": 0.26259786, "2019Q3": 0.30124007999999997, "2013Q2": 0.15767154, "2013Q4": 0.15992801999999998, "2013Q1": 0.17036424, "2013Q3": 0.15992801999999998, "2014Q2": 0.1791081, "2014Q4": 0.19687788, "2014Q1": 0.1607742, "2014Q3": 0.20364732}