{"2014Q4": 0.26344404, "2014Q2": 0.1776978, "2014Q3": 0.23946894, "2014Q1": 0, "2016Q4": 0.27162378, "2016Q2": 0.26767494, "2016Q3": 0.27162378, "2016Q1": 0.26767494, "2019Q4": 0.26429021999999996, "2019Q2": 0.32634342, "2019Q3": 0.26429021999999996, "2019Q1": 0.33452316, "2013Q4": 0, "2021Q4": 0.31139423999999993, "2021Q2": 0.29221415999999995, "2021Q3": 0.32239458, "2021Q1": 0.32521517999999994, "2020Q4": 0.19546757999999997, "2020Q2": 0.1903905, "2020Q3": 0.19546757999999997, "2020Q1": 0.26739288, "2023Q2": 0.2411613, "2023Q1": 0.23495597999999998, "2018Q4": 0.29418858, "2018Q2": 0.2905218, "2018Q3": 0.29418858, "2018Q1": 0.2905218, "2017Q4": 0.25695665999999995, "2017Q2": 0.2524437, "2017Q3": 0.25695665999999995, "2017Q1": 0.2524437, "2015Q4": 0.26372609999999996, "2015Q2": 0.26005932, "2015Q3": 0.26372609999999996, "2015Q1": 0.25977726, "2022Q4": 0.2524437, "2022Q2": 0.26259786, "2022Q3": 0.26852111999999995, "2022Q1": 0.31054805999999996}