{"2021Q3": 11.232240451168002, "2021Q1": 4.93103514344, "2021Q2": 11.232240451168002, "2021Q4": 11.232240451168002, "2016Q3": 11.145374835664, "2016Q1": 10.249221965752001, "2016Q2": 11.145374835664, "2016Q4": 8.332633247208001, "2020Q3": 4.93103514344, "2020Q1": 5.801217348272, "2020Q2": 4.93103514344, "2020Q4": 4.93103514344, "2015Q3": 13.457671444544001, "2015Q4": 9.803602179528001, "2022Q3": 7.341465232, "2022Q1": 10.104460511568, "2022Q2": 10.69274078412, "2022Q4": 7.341465232, "2018Q3": 11.580026139008, "2018Q1": 13.290825983344, "2018Q2": 11.035443613408, "2018Q4": 8.024844105696001, "2013Q4": 14.385089789448001, "2014Q3": 11.261108226400001, "2014Q1": 12.992483249008, "2014Q2": 13.62545214112, "2014Q4": 12.579778184296002, "2017Q3": 14.723370783488, "2017Q1": 8.332633247208001, "2017Q2": 8.635058694616001, "2017Q4": 15.141197122936001, "2019Q3": 9.770217190936002, "2019Q1": 10.326463664816002, "2019Q2": 11.215687049952, "2019Q4": 9.014340354552001, "2023Q1": 7.341465232, "2023Q2": 8.06739864}