{"2020Q4": 0, "2023Q1": 0.037100676, "2023Q2": 0.048669704, "2021Q1": 0, "2021Q2": 0.34806817, "2021Q3": 0.28822837, "2021Q4": 0.28423905, "2022Q1": 0.16854877, "2022Q2": 0.085371448}