{"2022Q4": 5.7177995500000005, "2022Q2": 11.729178050000002, "2022Q1": 14.581087850000001, "2022Q3": 7.64703265, "2019Q4": 18.719153050000003, "2019Q2": 18.411594150000003, "2019Q1": 22.018421250000003, "2019Q3": 19.418150550000004, "2021Q4": 13.97995, "2021Q2": 17.43299765, "2021Q1": 13.6164713, "2021Q3": 13.951990100000002, "2020Q4": 6.66843615, "2020Q2": 6.906095300000001, "2020Q1": 18.04811545, "2020Q3": 9.212787050000001, "2023Q4": 10.35914295, "2023Q2": 9.408506350000001, "2023Q1": 8.12235095, "2023Q3": 10.52690235, "2018Q4": 33.76157925, "2018Q2": 34.5584364, "2018Q3": 32.5453236, "2024Q1": 9.52034595}