{"2020Q4": 0.121507715164, "2020Q1": 0.124447139292, "2020Q3": 0.112047037716, "2020Q2": 0.12301978723200001, "2014Q4": 0.110226387208, "2014Q1": 0.13299430953600003, "2014Q3": 0.10798551188400002, "2014Q2": 0.117865537344, "2008Q4": 0.145186269156, "2016Q4": 0.143643207252, "2016Q1": 0.148341292788, "2016Q3": 0.128348275988, "2016Q2": 0.12512266492000002, "2011Q4": 0.11063965416, "2011Q1": 0.124335841752, "2011Q3": 0.124335841752, "2011Q2": 0.124335841752, "2017Q4": 0.16735310934400002, "2017Q1": 0.143643207252, "2017Q3": 0.150456002616, "2017Q2": 0.163671183076, "2013Q4": 0.12002678378000002, "2013Q1": 0.116398964804, "2013Q3": 0.147428407832, "2013Q2": 0.116398964804, "2015Q4": 0.12109164809600001, "2015Q1": 0.11188097292400001, "2015Q3": 0.110777934636, "2015Q2": 0.11188097292400001, "2010Q4": 0.124335841752, "2010Q1": 0.116006703436, "2010Q3": 0.119209338468, "2010Q2": 0.119209338468, "2018Q4": 0.115566095284, "2018Q1": 0.14086737778000002, "2018Q3": 0.12006310986400001, "2018Q2": 0.14237130405600001, "2019Q4": 0.092064118304, "2019Q1": 0.115566095284, "2019Q3": 0.1293137409, "2019Q2": 0.104825755396, "2022Q1": 0.07056858, "2021Q1": 0.11064079494800001, "2021Q3": 0.099040253768, "2021Q2": 0.118389781284, "2009Q4": 0.117430086308, "2009Q3": 0.145186269156, "2009Q2": 0.145186269156, "2023Q1": 0.06514748000000001, "2023Q3": 0, "2023Q2": 0.0641104, "2012Q4": 0.142565577424, "2012Q1": 0.10140704946000001, "2012Q3": 0.08400137755600001, "2012Q2": 0.08453111802000002}