{"2006Q4": 4.6125, "2011Q1": 4.6775, "2011Q2": 5.80375, "2011Q3": 8.07, "2011Q4": 8.165, "2012Q1": 7.83, "2012Q2": 10.5375, "2012Q3": 10.895, "2012Q4": 12.06625, "2019Q1": 19.68, "2019Q2": 23.99, "2019Q3": 21.799999, "2019Q4": 22.120001, "2007Q1": 4.6775, "2007Q2": 5.7175, "2007Q3": 5.7375, "2007Q4": 5.64, "2009Q3": 1.84375, "2009Q4": 2.87, "2021Q1": 10.14, "2021Q2": 14.97, "2021Q3": 21.889999, "2021Q4": 24.469999, "2014Q1": 17.51, "2014Q2": 20.047501, "2014Q3": 28.17, "2014Q4": 23.120001, "2023Q4": 7.1, "2024Q1": 7.73, "2024Q2": 7.42, "2022Q1": 24.809999, "2022Q2": 25.93, "2022Q3": 15.79, "2017Q1": 38.91, "2017Q2": 30.790001, "2017Q3": 21.67, "2017Q4": 21.389999, "2020Q1": 21.58, "2020Q2": 17.559999, "2020Q3": 14.42, "2020Q4": 9.01, "2018Q1": 19.25, "2018Q2": 12.01, "2018Q3": 16.58, "2018Q4": 18.559999, "2008Q1": 8.335, "2013Q1": 14.4175, "2013Q2": 12.6275, "2013Q3": 11.6725, "2013Q4": 14.09, "2015Q1": 34.174999, "2015Q2": 32.125, "2015Q3": 37.514999, "2015Q4": 38.98, "2010Q1": 3.03625, "2010Q2": 3.33125, "2010Q3": 3.26125, "2010Q4": 4.11375, "2016Q1": 49.674999, "2016Q2": 47.650002, "2016Q3": 40.544998, "2016Q4": 43.939999}