{"2017Q2": 0.12604344, "2017Q4": 0.11368624000000001, "2017Q1": 0.12511665, "2017Q3": 0.11584875, "2023Q2": 0.11832019, "2023Q1": 0.12635237, "2016Q2": 0.14643282000000002, "2016Q4": 0.13623813, "2016Q1": 0.12171842, "2016Q3": 0.15106677, "2015Q2": 0.17083829, "2015Q4": 0.12511665, "2015Q1": 0.16960257, "2015Q3": 0.13747385, "2020Q2": 0.09607723, "2020Q4": 0.10658085, "2020Q1": 0.059314559999999995, "2020Q3": 0.09731295, "2022Q2": 0.14365245000000001, "2022Q4": 0.1359292, "2022Q1": 0.16929364000000002, "2022Q3": 0.16496862, "2018Q2": 0.10688978, "2018Q4": 0.0957683, "2018Q1": 0.1081255, "2018Q3": 0.10874336, "2021Q2": 0.13623813, "2021Q4": 0.16867578, "2021Q1": 0.13623813, "2021Q3": 0.13747385, "2019Q2": 0.07599678, "2019Q4": 0.06858246000000001, "2019Q1": 0.07506999, "2019Q3": 0.07599678, "2013Q4": 0.15662751, "2014Q2": 0.17763475, "2014Q4": 0.14983105, "2014Q1": 0.1606436, "2014Q3": 0.18350442}