{"2020Q4": 47.900002, "2020Q1": 48, "2020Q3": 48, "2020Q2": 48, "2019Q4": 48, "2022Q4": 49.630001, "2022Q1": 49.630001, "2022Q3": 49.630001, "2022Q2": 49.630001, "2021Q4": 49.630001, "2021Q1": 49.630001, "2021Q3": 49.630001, "2021Q2": 49.630001, "2023Q1": 49.630001, "2023Q3": 0, "2023Q2": 49.630001}