{"2023Q3": 49.92, "2023Q2": 46.96, "2023Q1": 37.84, "2022Q3": 28.809999, "2022Q2": 31.85, "2022Q1": 26.83, "2022Q4": 34.200001, "2020Q3": 44.869999, "2020Q2": 32.900002, "2020Q1": 32.790001, "2020Q4": 54.400002, "2019Q4": 32.849998, "2021Q3": 45.509998, "2021Q2": 43.07, "2021Q1": 46.650002, "2021Q4": 34.869999}