{"2006Q2": 8.8, "2006Q3": 8.26, "2006Q1": 8.6, "2006Q4": 14.04, "2011Q2": 10.9, "2011Q3": 6.93, "2011Q1": 8.63, "2011Q4": 5.72, "2012Q2": 6.66, "2012Q3": 6.2, "2012Q1": 7.98, "2012Q4": 4.75, "2019Q2": 13.93, "2019Q3": 13.26, "2019Q1": 10.62, "2019Q4": 22.969999, "2007Q2": 14.67, "2007Q3": 13.86, "2007Q1": 17.9, "2007Q4": 13.39, "2009Q4": 5.86, "2021Q2": 48.290001, "2021Q3": 46.810001, "2021Q1": 46.59, "2021Q4": 55.349998, "2014Q2": 8.43, "2014Q3": 8.81, "2014Q1": 14.6, "2014Q4": 8.23, "2023Q2": 28.219999, "2023Q3": 33.66, "2023Q1": 31.860001, "2022Q2": 30.780001, "2022Q3": 30.629999, "2022Q1": 43.41, "2022Q4": 31.83, "2017Q2": 21.59, "2017Q3": 22.1, "2017Q1": 14.68, "2017Q4": 24.059999, "2020Q2": 16.91, "2020Q3": 30.18, "2020Q1": 16.91, "2020Q4": 24.15, "2018Q2": 18.059999, "2018Q3": 14.75, "2018Q1": 20.9, "2018Q4": 10.3, "2008Q2": 10.54, "2008Q3": 6.44, "2008Q1": 9.65, "2013Q2": 6.23, "2013Q3": 6.92, "2013Q1": 6.49, "2013Q4": 9.33, "2005Q2": 6.8, "2005Q3": 6.09, "2005Q1": 6.05, "2005Q4": 6.5, "2015Q2": 6.18, "2015Q3": 8.08, "2015Q1": 8.09, "2015Q4": 5.14, "2010Q2": 9.91, "2010Q3": 10.99, "2010Q1": 8.55, "2010Q4": 7.78, "2016Q2": 5.71, "2016Q3": 6.08, "2016Q1": 5.18, "2016Q4": 8.6}