{"2016Q4": 62.26537306704, "2016Q1": 69.259352148272, "2016Q3": 59.803711091124, "2016Q2": 57.342049115208, "2017Q4": 98.92415886782, "2017Q3": 88.37518922232, "2015Q4": 79.577615500812, "2015Q3": 0, "2018Q1": 93.243940929854, "2018Q3": 75.791551668118, "2018Q2": 94.44033922408799, "2022Q4": 30.369851639842, "2022Q3": 29.230544018104002, "2023Q1": 33.6262927, "2023Q2": 23.207654469999998}