{"2023Q1": 0.7740695727679999, "2021Q4": 0, "2022Q1": 0.6821615727679999, "2022Q2": 0.648121572768, "2022Q3": 0.648121572768, "2022Q4": 0.505153572768}