{"2015Q4": 0, "2020Q1": 502.4860358100001, "2020Q2": 642.64970814, "2020Q3": 617.1286743600001, "2020Q4": 632.3470216800001, "2016Q2": 0, "2016Q3": 242.51715873000003, "2016Q4": 291.67376733000003, "2017Q1": 350.94227190000004, "2017Q2": 366.07083546, "2017Q3": 516.75043068, "2017Q4": 579.11647497, "2023Q1": 79.00970880000001, "2023Q2": 109.7606466, "2021Q1": 691.4696276400001, "2021Q2": 697.0698896700001, "2021Q3": 809.0639073000001, "2021Q4": 938.1056163600001, "2019Q1": 599.7667397700001, "2019Q2": 594.98575455, "2019Q3": 672.2895719100001, "2019Q4": 659.3270415600001, "2018Q1": 551.28350937, "2018Q2": 569.65551126, "2018Q3": 591.29339742, "2018Q4": 504.07969755, "2022Q1": 525.15643521, "2022Q2": 318.0589698, "2022Q3": 87.67384164, "2022Q4": 58.09009272}