{"2023Q2": 47.71845312, "2023Q1": 41.06854224, "2022Q3": 53.72097192, "2022Q2": 47.617887360000005, "2022Q1": 48.15842832, "2022Q4": 51.596520240000004, "2017Q3": 3.24953112, "2017Q2": 1.81646904, "2017Q1": 1.30735488, "2017Q4": 4.7705882399999995, "2020Q3": 10.69139736, "2020Q2": 9.189196319999999, "2020Q1": 9.04463304, "2020Q4": 20.09429592, "2015Q3": 0.6913896, "2015Q2": 0.82338216, "2015Q1": 0.64739208, "2015Q4": 0.7165310399999999, "2010Q3": 0.9176625599999999, "2010Q2": 0.8485236, "2010Q1": 1.12507944, "2010Q4": 0.8485236, "2016Q3": 1.18164768, "2016Q2": 1.07479656, "2016Q1": 1.01194296, "2016Q4": 1.1879330399999999, "2014Q3": 0.81081144, "2014Q2": 0.74795784, "2014Q4": 0.7291017599999999, "2018Q3": 11.57134776, "2018Q2": 11.09994576, "2018Q1": 7.875556079999999, "2018Q4": 11.8164768, "2008Q4": 0.8673796799999999, "2011Q3": 0.4818985512, "2011Q4": 0.42348870072, "2012Q3": 0.52942844352, "2012Q2": 0.36507885024000003, "2012Q1": 0.45269676863999997, "2012Q4": 0.58825312776, "2019Q3": 11.9736108, "2019Q2": 13.438099679999999, "2019Q1": 12.23131056, "2019Q4": 13.463241120000001, "2013Q4": 0.79195536, "2009Q3": 1.6970472, "2009Q2": 1.1879330399999999, "2009Q4": 1.6970472, "2021Q3": 33.57639312, "2021Q2": 40.26401616, "2021Q1": 26.70649464, "2021Q4": 47.781306719999996}