{"2014Q4": 0.00018404, "2014Q2": 0.00017973999999999998, "2014Q3": 0.00019607999999999998, "2014Q1": 0.0001849, "2016Q4": 0.00022532000000000002, "2016Q2": 0.00024768, "2016Q3": 0.00025714000000000005, "2016Q1": 0.00025198, "2019Q4": 0.00022446, "2019Q2": 0.00023478, "2019Q3": 0.00024854, "2019Q1": 0.00025628, "2013Q4": 0.00015308000000000002, "2021Q4": 2.3720520000000002e-05, "2021Q2": 2.6924880000000002e-05, "2021Q3": 2.2094260000000004e-05, "2021Q1": 3.5005440000000005e-05, "2020Q4": 4.20067e-05, "2020Q2": 4.172204e-05, "2020Q3": 4.154832e-05, "2020Q1": 2.811856e-05, "2023Q2": 2.4080000000000003e-05, "2023Q1": 2.291728e-05, "2018Q4": 0.00023048000000000003, "2018Q2": 0.00022962000000000001, "2018Q3": 0.00023220000000000003, "2018Q1": 0.00028896, "2017Q4": 0.00026488, "2017Q2": 0.00026832, "2017Q3": 0.00028982000000000004, "2017Q1": 0.00023306, "2015Q4": 0.0001849, "2015Q2": 0.00022618, "2015Q3": 0.00019866, "2015Q1": 0.0002193, "2022Q4": 2.5087060000000003e-05, "2022Q2": 2.620592e-05, "2022Q3": 2.5387200000000003e-05, "2022Q1": 1.913758e-05}