{"2015Q1": 6.660686736552001, "2015Q2": 6.712895655304, "2015Q3": 6.431565991696001, "2015Q4": 6.2448434670160005, "2010Q1": 7.339456992864001, "2010Q2": 10.020995390696001, "2010Q3": 10.42749028056, "2010Q4": 10.392143417192, "2012Q1": 9.257040558104, "2012Q2": 7.787453283712001, "2012Q3": 6.586584567008, "2012Q4": 7.176102105624001, "2011Q1": 11.297036631312, "2011Q2": 10.803509214247999, "2011Q3": 8.451132603192, "2011Q4": 6.836414284432, "2016Q1": 5.126166838328, "2016Q2": 4.809063759240001, "2016Q3": 5.1768563307680004, "2016Q4": 6.495903827024001, "2013Q1": 7.365328305744001, "2013Q2": 7.074894006528, "2013Q3": 6.636091105920001, "2013Q4": 7.0793622061359995, "2017Q1": 6.513800469984, "2017Q2": 7.79503451892, "2017Q3": 8.467546911328, "2017Q4": 8.425515631944, "2018Q1": 9.013009035072, "2018Q2": 8.009851196368, "2018Q3": 8.746796802216002, "2018Q4": 7.9895210868560005, "2019Q1": 9.026330178048001, "2019Q2": 8.893888396664002, "2019Q3": 8.991563531528001, "2019Q4": 9.870643719392001, "2009Q4": 8.913178619816, "2014Q1": 7.3509699258, "2014Q2": 7.425547661208, "2014Q3": 7.166112573088, "2014Q4": 6.151308007152001}