{"2023Q3": 27.639999, "2023Q2": 22.309999, "2023Q1": 21.73, "2023Q4": 27.52, "2024Q3": 37.41, "2024Q2": 32.5, "2024Q1": 32.799999, "2022Q4": 24.709999}