{"2020Q4": 4.450331244349, "2020Q1": 3.6248733491700005, "2020Q3": 3.85348607, "2020Q2": 3.6415278645559996, "2014Q4": 2.486784166408, "2016Q4": 1.642905827581, "2016Q1": 0.746775257956, "2016Q3": 1.336727937142, "2016Q2": 0.59742037975, "2011Q4": 3.71618233012, "2011Q1": 7.222220063988, "2011Q3": 4.26094129, "2011Q2": 4.977028667945, "2017Q4": 3.397828030548, "2017Q1": 1.441276178501, "2017Q3": 3.166327579212, "2017Q2": 1.57780532, "2013Q1": 4.453941557676, "2013Q3": 3.707906654524, "2013Q2": 4.45023024747, "2015Q4": 0.9820095595739999, "2015Q1": 1.673940044529, "2015Q3": 1.2732520488849999, "2015Q2": 1.590631923633, "2010Q4": 6.779468818823999, "2010Q1": 10.064993088017, "2010Q3": 7.763037111345999, "2010Q2": 9.18985339763, "2018Q4": 2.8318840000059997, "2018Q1": 4.144603288503999, "2018Q3": 2.8318840000059997, "2018Q2": 3.642065358676, "2019Q4": 3.6237506799999997, "2019Q1": 3.784134157315, "2019Q3": 2.68313597, "2019Q2": 3.124517038621, "2022Q4": 5.73471549, "2022Q1": 7.719976029999999, "2022Q3": 6.874723179999999, "2022Q2": 6.170351440019, "2021Q4": 7.79871458395, "2021Q1": 7.194893256078999, "2021Q3": 7.719515258831, "2021Q2": 9.07671522, "2009Q4": 5.628201927399, "2023Q1": 6.77887584144, "2023Q2": 7.0654469, "2012Q4": 4.453941557676, "2012Q1": 4.787986784385, "2012Q3": 4.1941281701060005, "2012Q2": 2.594420831642}