{"2014Q3": 0.907397573384, "2014Q1": 1.5297130336129998, "2014Q2": 1.1994337334479999, "2014Q4": 0.646651373438, "2021Q3": 1.137907995228, "2021Q1": 1.0874633051399998, "2021Q2": 1.402251938074, "2021Q4": 1.039046788429, "2018Q3": 0.735192693133, "2018Q1": 1.1488832783879999, "2018Q2": 0.646401265287, "2018Q4": 0.834639074982, "2011Q3": 2.155386531703, "2011Q1": 4.300411997317, "2011Q2": 3.0223775511529998, "2011Q4": 1.9446845020330001, "2020Q3": 0.625020269349, "2020Q1": 0.336916485621, "2020Q2": 0.473281344643, "2020Q4": 0.9284985522239999, "2015Q3": 0.295512533324, "2015Q1": 0.54930598675, "2015Q2": 0.47282057347399997, "2015Q4": 0.128634913343, "2017Q3": 0.8837560679009999, "2017Q1": 0.48429824025100005, "2017Q2": 0.477228458721, "2017Q4": 0.979202019723, "2023Q1": 0.64585987, "2023Q2": 0.68053691, "2012Q3": 1.741786540215, "2012Q1": 2.329335667066, "2012Q2": 1.126424693432, "2012Q4": 2.162457613622, "2022Q3": 0.62418672, "2022Q1": 1.29605437, "2022Q2": 0.7455563599999999, "2022Q4": 0.604680885, "2016Q3": 0.392387612657, "2016Q1": 0.170354426704, "2016Q2": 0.22270678745500003, "2016Q4": 0.441878250682, "2019Q3": 0.666664793611, "2019Q1": 0.898568799, "2019Q2": 0.819801203029, "2019Q4": 0.8315389476059999, "2009Q4": 10.495583026202343, "2013Q3": 1.634011600284, "2013Q1": 1.8530387203319998, "2013Q2": 1.192480553465, "2013Q4": 2.0929249468660003, "2010Q3": 4.501715248758, "2010Q1": 5.785040110837, "2010Q2": 4.617617186475999, "2010Q4": 4.131839537006}