{"2020Q4": 7.8046038, "2023Q1": 11.0734029, "2021Q2": 14.564913299999999, "2021Q4": 13.577274899999999, "2019Q4": 0, "2022Q2": 10.1947293, "2022Q3": 12.1433445, "2022Q4": 9.0549459}