{"2021Q3": 0.059171052814, "2021Q1": 0.060868008178, "2021Q2": 0.066367942234, "2021Q4": 0.058010838470000006, "2016Q3": 0.079963206632, "2016Q1": 0.094464333676, "2016Q2": 0.093428518098, "2020Q3": 0.05905781088800001, "2020Q1": 0.0410668728, "2020Q2": 0.066751179688, "2020Q4": 0.07127668504, "2015Q3": 0.084966879594, "2015Q1": 0.10310128009200001, "2015Q2": 0.09067207525200001, "2015Q4": 0.08191051178400001, "2022Q3": 0.044603106000000003, "2022Q1": 0.048919541872, "2022Q2": 0.047240922532000004, "2022Q4": 0.05748198000000001, "2018Q3": 0.056108791282000005, "2018Q1": 0.06171968738800001, "2018Q2": 0.047476695666000004, "2018Q4": 0.051792743474, "2013Q4": 0.054367208558, "2014Q3": 0.08338585835000001, "2014Q1": 0.06168544074, "2014Q2": 0.069119849582, "2014Q4": 0.08840910429, "2017Q3": 0.06215567729200001, "2017Q1": 0.07251494875600001, "2017Q2": 0.067652434074, "2017Q4": 0.06215567729200001, "2019Q3": 0.070042956822, "2019Q1": 0.06235870752600001, "2019Q2": 0.06982270624800001, "2019Q4": 0.065417476482, "2023Q1": 0.06136262, "2023Q2": 0.0521461}