{"2015Q1": 10.589541, "2015Q2": 9.560181, "2015Q3": 8.222012999999999, "2015Q4": 8.440752, "2016Q1": 9.52158, "2016Q2": 11.747571, "2016Q3": 13.175808, "2016Q4": 13.754822999999998, "2013Q4": 0, "2017Q1": 14.745582, "2017Q2": 17.216046, "2017Q3": 16.830036, "2017Q4": 16.637031, "2023Q2": 30.945135, "2023Q3": 27.110768999999998, "2018Q1": 17.010174, "2018Q2": 17.254647, "2018Q3": 20.072519999999997, "2014Q1": 7.218387, "2014Q2": 8.106209999999999, "2014Q3": 7.3213230000000005, "2014Q4": 9.482979, "2022Q1": 33.518535, "2022Q2": 27.818454}