{"2016Q2": 171.997832941214, "2016Q4": 210.078547059932, "2012Q2": 95.61849896819699, "2012Q4": 108.092845643766, "2011Q2": 132.04135400790798, "2011Q4": 108.75497322771099, "2015Q2": 114.56461732785401, "2015Q4": 131.216075964525, "2018Q4": 181.746947543121, "2013Q2": 97.424963200788, "2013Q4": 130.66474995051698, "2010Q2": 127.04225901260399, "2010Q4": 158.06420438399198, "2014Q2": 134.983637525941, "2014Q4": 130.804009796986, "2017Q4": 226.540053646858, "2009Q4": 115.91035113325}