{"2012Q4": 1.164636935212, "2020Q1": 0.1329253, "2020Q2": 0.1417283, "2020Q3": 0.24824459999999998, "2020Q4": 0.30194289999999996, "2023Q1": 0.894384782394, "2021Q1": 0.3503594, "2021Q2": 0.404057717606, "2021Q3": 0.436628782394, "2019Q1": 0.07218459999999999, "2019Q2": 0.0484165, "2019Q3": 0.0466559, "2019Q4": 0.0589801, "2018Q4": 0.16549640000000002, "2022Q1": 0.378529, "2022Q2": 0.34683821760600003, "2022Q3": 0.3415564}