{"2015Q1": 0.35962407999999996, "2015Q2": 0.65075732, "2015Q3": 0.67245552, "2015Q4": 0.46773771999999997, "2020Q1": 0.18132147999999998, "2020Q2": 0.16528368, "2020Q3": 0.30434083999999995, "2020Q4": 0.34094476, "2023Q1": 0.8217013999999999, "2021Q1": 0.38509588, "2021Q2": 0.47509624, "2021Q3": 0.53056816, "2021Q4": 0.43754892, "2019Q1": 0.31452956000000004, "2019Q2": 0.22528391999999997, "2019Q3": 0.26396332, "2019Q4": 0.13811376, "2018Q4": 0.28924644, "2014Q1": 0.5686815199999999, "2014Q2": 0.4660396, "2014Q3": 0.41924695999999995, "2014Q4": 0.35207688, "2022Q1": 0.38226568, "2022Q2": 0.52773796, "2022Q3": 0.6301912, "2022Q4": 0.46679431999999993}