{"2020Q1": 65.06758640403001, "2020Q2": 78.56212408505999, "2020Q3": 68.88611104578001, "2020Q4": 76.78670355909, "2016Q4": 76.20508131264, "2017Q2": 85.67142652152, "2017Q3": 81.71018884602, "2017Q4": 81.86554032867, "2023Q1": 96.78705101352, "2023Q2": 96.47038489473, "2021Q1": 87.35042323854, "2021Q2": 85.63369438575, "2021Q3": 83.01893697531001, "2021Q4": 85.26016042236, "2019Q1": 91.56942213111002, "2019Q2": 88.88097769866, "2019Q3": 83.17918546875, "2019Q4": 82.50838090299, "2018Q1": 87.9238879407, "2018Q2": 90.44289952614001, "2018Q3": 89.47731271437002, "2018Q4": 86.90243628654001, "2022Q1": 89.46247366413002, "2022Q2": 82.69281013392, "2022Q3": 92.64748078719, "2022Q4": 98.56115283483001}