{"2006Q3": 18.48, "2006Q2": 22.35, "2006Q1": 26.74, "2006Q4": 19.59, "2003Q3": 26.25, "2003Q2": 17.91, "2003Q1": 18.48, "2003Q4": 27.02, "2011Q3": 26.690001, "2011Q2": 39.049999, "2011Q1": 51.130001, "2011Q4": 28.49, "2012Q3": 32.290001, "2012Q2": 34.5, "2012Q1": 36.630001, "2012Q4": 32.290001, "2019Q3": 14.5, "2019Q2": 10.96, "2019Q1": 14.4, "2019Q4": 14.99, "2007Q3": 18.07, "2007Q2": 16.91, "2007Q1": 18.74, "2007Q4": 16.290001, "2009Q3": 25.07, "2009Q2": 19.43, "2009Q1": 8.01, "2009Q4": 34.799999, "2021Q3": 25, "2021Q2": 23.209999, "2021Q1": 22.120001, "2021Q4": 26.91, "2001Q3": 31.629999, "2001Q2": 37.380001, "2001Q1": 49.599998, "2001Q4": 30.5, "2014Q3": 30.85, "2014Q2": 34.709999, "2014Q1": 36.830002, "2014Q4": 30.32, "2023Q3": 24.86, "2023Q2": 28.19, "2023Q1": 19.25, "2022Q3": 18, "2022Q2": 21.969999, "2022Q1": 22.77, "2022Q4": 20.68, "2017Q3": 16.299999, "2017Q2": 28.799999, "2017Q1": 32.900002, "2017Q4": 18.35, "2020Q3": 12.92, "2020Q2": 14.31, "2020Q1": 11.55, "2020Q4": 21.92, "2018Q3": 8.31, "2018Q2": 11.88, "2018Q1": 17.1, "2018Q4": 11.91, "2008Q3": 6.94, "2008Q2": 16.280001, "2008Q1": 18.83, "2008Q4": 3.99, "2013Q3": 30.559999, "2013Q2": 32.290001, "2013Q1": 32.290001, "2013Q4": 39.549999, "2002Q3": 10.7, "2002Q2": 14.41, "2002Q1": 29.690001, "2002Q4": 16.18, "2000Q4": 40.3125, "2005Q3": 15.77, "2005Q2": 20.91, "2005Q1": 13.31, "2005Q4": 20.540001, "2015Q3": 20.82, "2015Q2": 25.77, "2015Q1": 28.25, "2015Q4": 17.84, "2010Q3": 38.82, "2010Q2": 43.060001, "2010Q1": 49.209999, "2010Q4": 48.299999, "2016Q3": 21.25, "2016Q2": 16.84, "2016Q1": 17.190001, "2016Q4": 28.25, "2004Q3": 19.48, "2004Q2": 21.6, "2004Q1": 23.280001, "2004Q4": 14.27}