{"2015Q1": 1.1436857599999999, "2015Q2": 0.56409624, "2015Q3": 0.6223721, "2015Q4": 0.61849878, "2012Q4": 1.00037292, "2020Q1": 0.9597030599999999, "2020Q2": 1.2347087799999998, "2020Q3": 1.6044347799999998, "2020Q4": 2.2738149, "2016Q1": 0.9082935400000001, "2016Q2": 1.1843556199999998, "2016Q3": 1.50038332, "2016Q4": 1.9084904, "2013Q1": 0.9269558999999999, "2013Q2": 1.15389724, "2013Q3": 1.3088300400000001, "2013Q4": 1.2229127599999998, "2017Q1": 1.8489821199999998, "2017Q2": 2.3329710599999998, "2017Q3": 2.44917066, "2017Q4": 2.21553904, "2023Q1": 4.6879496199999995, "2021Q1": 2.61290646, "2021Q2": 3.0396759, "2021Q3": 3.7470849800000003, "2021Q4": 4.5858348200000005, "2019Q1": 1.5211584, "2019Q2": 1.34492234, "2019Q4": 0.58346284, "2018Q1": 1.8834898800000002, "2018Q2": 1.8523272599999998, "2018Q4": 1.6091884, "2014Q1": 1.8961662000000001, "2014Q2": 1.7775017599999998, "2014Q3": 1.4086560600000002, "2014Q4": 1.24456814, "2022Q1": 2.74900084, "2022Q2": 3.6013073, "2022Q3": 4.3583653, "2022Q4": 4.0326543}