{"2014Q4": 0, "2021Q3": 4.974822060000001, "2021Q1": 6.163139880000001, "2021Q2": 6.71701683, "2021Q4": 3.5246715, "2018Q3": 2.8489416210000003, "2018Q1": 4.099696479, "2018Q2": 3.963744864, "2018Q4": 1.6012079100000003, "2020Q3": 1.7371595250000003, "2020Q1": 0.5407853130000001, "2020Q2": 0.72507528, "2020Q4": 3.8368566900000003, "2015Q3": 0, "2015Q1": 0, "2015Q2": 0, "2015Q4": 0, "2017Q4": 4.8398774940000004, "2023Q1": 0.7975828080000001, "2023Q2": 0.8862031200000001, "2022Q3": 1.01711949, "2022Q1": 2.4169176, "2022Q2": 1.3796571300000002, "2022Q4": 0.96676704, "2016Q3": 1.172205036, "2016Q1": 0, "2016Q2": 1.6706942910000002, "2019Q3": 1.1329301250000001, "2019Q1": 1.779455583, "2019Q2": 1.084591773, "2019Q4": 1.0996975080000002}