{"2021Q2": 52.00866605, "2021Q4": 31.24932151, "2021Q1": 55.317807050000006, "2021Q3": 48.02666638, "2023Q2": 12.33206546, "2023Q1": 10.710586370000001, "2020Q4": 0, "2022Q2": 27.69751017, "2022Q4": 23.56108392, "2022Q1": 42.36803527, "2022Q3": 19.788663180000004}