{"2020Q4": 1.011673, "2020Q2": 1.0155640499999998, "2019Q4": 0.8326847}