{"2015Q2": 7.490103099999999, "2015Q3": 8.97648538, "2015Q4": 11.60675022, "2020Q1": 29.243823179999996, "2020Q2": 34.44616116, "2020Q3": 48.573443299999994, "2020Q4": 55.9222237, "2016Q1": 10.136994139999999, "2016Q2": 10.0422248, "2016Q3": 10.90512458, "2016Q4": 11.8461675, "2013Q1": 2.67183034, "2013Q2": 2.410799, "2013Q3": 2.2694763, "2013Q4": 2.6252769799999998, "2017Q1": 10.316557099999999, "2017Q2": 11.4554518, "2017Q3": 13.16462516, "2017Q4": 13.8413115, "2023Q1": 88.32668749999999, "2023Q2": 89.82969598, "2021Q1": 61.636648640000004, "2021Q2": 58.17507379999999, "2021Q3": 78.61864932, "2021Q4": 91.68185465999998, "2019Q1": 14.8388835, "2019Q2": 17.31784992, "2019Q3": 22.709726579999998, "2019Q4": 30.224768979999997, "2018Q1": 13.30096, "2018Q2": 13.839648879999999, "2018Q3": 13.387416239999999, "2018Q4": 12.51620336, "2014Q1": 2.6186265, "2014Q2": 3.4748757999999995, "2014Q3": 4.2064286, "2022Q1": 80.31618433999999, "2022Q2": 73.13200332, "2022Q3": 54.44415452}