{"2023Q2": 7.2345592000000005, "2023Q1": 4.6871792, "2022Q3": 4.661705400000001, "2022Q2": 4.41715692, "2022Q1": 4.60056828, "2022Q4": 4.35092504, "2017Q3": 8.284079760000001, "2017Q2": 6.02710108, "2017Q1": 8.29936404, "2017Q4": 7.63195048, "2020Q3": 3.8771123600000004, "2020Q2": 4.85021152, "2020Q1": 4.17260844, "2020Q4": 4.22355604, "2015Q3": 16.21662108, "2015Q2": 17.082730280000003, "2015Q1": 15.60524988, "2015Q4": 15.248616680000001, "2010Q3": 4.962296240000001, "2010Q2": 4.0503342, "2010Q4": 5.62461504, "2016Q3": 11.096387280000002, "2016Q2": 9.934782, "2016Q1": 10.7754174, "2016Q4": 9.043199000000001, "2014Q3": 13.225996960000002, "2014Q2": 13.180144120000001, "2014Q1": 11.942117440000002, "2014Q4": 14.835941120000001, "2018Q3": 5.31892944, "2018Q2": 6.89321028, "2018Q1": 7.494391960000001, "2018Q4": 7.85611992, "2011Q3": 5.9303006400000005, "2011Q2": 6.4193976, "2011Q1": 5.46667748, "2011Q4": 6.847357440000001, "2012Q3": 12.487256760000001, "2012Q2": 9.807413, "2012Q1": 8.62542868, "2012Q4": 15.08558436, "2019Q3": 6.03219584, "2019Q2": 6.75565176, "2019Q1": 8.416543520000001, "2019Q4": 7.754224720000001, "2013Q3": 10.051961480000001, "2013Q2": 10.97411304, "2013Q1": 12.996732760000002, "2013Q4": 10.918070680000001, "2021Q3": 3.7803119200000004, "2021Q2": 5.02343336, "2021Q1": 4.1420398800000005, "2021Q4": 3.92805996}