{"2014Q4": 42.36445785429, "2016Q2": 40.695561052613996, "2016Q4": 47.822630012702994, "2016Q3": 47.232830686743, "2016Q1": 42.354019984184994, "2019Q2": 28.329920928504, "2019Q4": 24.692179298904, "2019Q3": 34.23405196458, "2019Q1": 31.041005717943, "2021Q2": 48.828719956887, "2021Q4": 37.989148385799, "2021Q3": 43.911650634813, "2021Q1": 53.484400303190995, "2020Q2": 32.330901841641, "2020Q4": 51.276945905054994, "2020Q3": 45.050027070203996, "2020Q1": 26.729848087020002, "2023Q1": 46.80545922, "2018Q2": 57.463550835678, "2018Q4": 35.638820814753004, "2018Q3": 36.654111808119005, "2018Q1": 65.110059313533, "2017Q2": 59.763427063353, "2017Q4": 65.110059313533, "2017Q3": 70.776532612071, "2017Q1": 53.585098023015, "2015Q2": 37.748661824016, "2015Q4": 37.791403041951, "2015Q3": 34.853353891785005, "2015Q1": 50.983830577368, "2022Q2": 24.181925387607, "2022Q4": 48.108596768153994, "2022Q3": 35.869855032297, "2022Q1": 26.592405133554}