{"2023Q1": 0.8439012, "2022Q3": 0.6477723099999999, "2022Q2": 0.7016882200000001, "2022Q1": 1.304139988139, "2022Q4": 0.8821893099999999, "2017Q3": 0.9275099299999999, "2017Q2": 1.1369224500000001, "2017Q1": 1.08925766, "2017Q4": 0.47117817, "2020Q3": 0.56338219, "2020Q2": 0.41257392000000004, "2020Q1": 0.26801677, "2020Q4": 1.27132153, "2015Q3": 1.16583388, "2015Q2": 0.93297966, "2015Q1": 0.87046846, "2015Q4": 1.6315422418610002, "2016Q3": 1.358837131861, "2016Q2": 1.4604179881389998, "2016Q1": 1.64638873, "2016Q4": 0.98533279, "2014Q3": 0.67824652, "2014Q2": 0.703251, "2014Q1": 0.6485537, "2014Q4": 0.97048638, "2018Q3": 0.58291694, "2018Q2": 0.39694612, "2018Q1": 0.63683285, "2018Q4": 0.70246961, "2012Q4": 0, "2019Q3": 0.78217139, "2019Q2": 0.73294382, "2019Q1": 0.66574428, "2019Q4": 0.33443492, "2013Q3": 1.1330155, "2013Q2": 0, "2013Q1": 0, "2013Q4": 0.55634968, "2021Q3": 1.7042115118610002, "2021Q2": 1.501050111861, "2021Q1": 1.11426214, "2021Q4": 1.318205008139}