{"2014Q4": 1.17824733, "2021Q3": 6.31419723, "2021Q1": 7.703924850000001, "2021Q2": 8.37864768, "2021Q4": 4.48136805, "2018Q3": 3.6857993400000004, "2018Q1": 5.28700725, "2018Q2": 4.59214344, "2018Q4": 2.14501437, "2020Q3": 2.35649466, "2020Q1": 0.830815425, "2020Q2": 1.0876129200000002, "2020Q4": 4.74320079, "2015Q3": 2.02416849, "2015Q1": 0.75528675, "2015Q2": 2.4169176, "2015Q4": 1.8428996700000002, "2017Q4": 5.9818710600000005, "2023Q1": 1.0674719400000001, "2023Q2": 1.14803586, "2022Q3": 1.4098686, "2022Q1": 3.00100602, "2022Q2": 1.7522652600000002, "2022Q4": 1.3091637000000003, "2016Q3": 1.5105735, "2016Q1": 1.38972762, "2016Q2": 1.8731111400000002, "2019Q3": 1.5105735, "2019Q1": 2.1752258400000004, "2019Q2": 1.6918423200000001, "2019Q4": 1.41993909}