{"2016Q2": 5.19435772, "2016Q1": 5.2631571600000004, "2016Q4": 5.99415121, "2016Q3": 5.90815191, "2013Q4": 4.97075954, "2017Q2": 5.91675184, "2017Q1": 6.2521491099999995, "2017Q3": 5.98555128, "2019Q4": 6.20054953, "2019Q3": 5.27175709, "2021Q2": 9.38252363, "2021Q1": 10.68971299, "2021Q4": 11.28310816, "2021Q3": 10.97351068, "2020Q2": 9.563122159999999, "2020Q1": 7.7227371400000004, "2020Q4": 11.016510330000001, "2020Q3": 9.77812041, "2023Q2": 10.25111656, "2023Q1": 10.921911099999999, "2015Q2": 5.92535177, "2015Q1": 5.86515226, "2015Q4": 5.79635282, "2015Q3": 6.87134407, "2022Q2": 10.646713340000002, "2022Q1": 12.10010151, "2022Q4": 11.661505080000001, "2022Q3": 14.05228562, "2014Q2": 6.26934897, "2014Q1": 5.4609555499999995, "2014Q4": 6.65634582, "2014Q3": 6.114550230000001}