{"2006Q1": 895.1950413999999, "2006Q2": 912.219004, "2006Q3": 959.6258116, "2006Q4": 1125.8606436999999, "2010Q1": 416.2210529999999, "2010Q2": 492.7060774, "2010Q3": 558.4972973, "2010Q4": 579.6759744, "2016Q1": 174496.5767798, "2016Q2": 160195.9617513, "2016Q3": 162701.6836229, "2016Q4": 162274.6890204, "2008Q1": 959.6943923, "2008Q2": 712.9537928999999, "2008Q3": 776.572759, "2008Q4": 715.4641654999999, "2017Q1": 180119.19098769999, "2017Q2": 176687.2421054, "2017Q3": 164049.2800238, "2017Q4": 172477.6566658, "2021Q1": 177110.3738601, "2021Q2": 198112.7459294, "2021Q3": 191170.3679205, "2021Q4": 227211.8367806, "2019Q1": 1486.1884261999999, "2019Q2": 1485.8152196, "2019Q3": 1438.7130378999998, "2019Q4": 1460.051205, "2012Q1": 757.0591575, "2012Q2": 832.0306218, "2012Q3": 1041.039077, "2012Q4": 922.6624092, "2020Q1": 1583.7899266, "2020Q2": 1587.9127431, "2020Q3": 165789.7465468, "2020Q4": 168282.1191054, "2023Q1": 181454.6230863, "2018Q1": 1430.3461925, "2018Q2": 1466.9220341999999, "2018Q3": 1587.7644174, "2018Q4": 1340.3380109999998, "2005Q4": 1087.4315282, "2007Q1": 1209.9613155999998, "2007Q2": 1176.7283842999998, "2007Q3": 935.9559007, "2007Q4": 889.8361774, "2011Q1": 633.9552060999999, "2011Q2": 682.3620159999999, "2011Q3": 691.8612403999999, "2011Q4": 840.7276115, "2013Q1": 916.9765907, "2013Q2": 1086.6292935, "2013Q3": 1199.0203016, "2013Q4": 1171.884673, "2015Q1": 1369.2025112, "2015Q2": 1357.355594, "2015Q3": 1545.1805874, "2015Q4": 162750.3870842, "2009Q1": 387.9466658, "2009Q2": 380.8254373, "2009Q3": 390.53678339999993, "2009Q4": 384.38365919999995, "2014Q1": 1223.9166905999998, "2014Q2": 1210.4158621, "2014Q3": 1230.8034688, "2014Q4": 1271.6281241, "2022Q1": 192257.0179477, "2022Q2": 178988.306409, "2022Q3": 184841.96421049998, "2022Q4": 183847.6891964}