{"2022Q3": 0.03254638, "2022Q4": 0.02971626, "2022Q1": 0.04598945, "2022Q2": 0.03891415, "2020Q3": 0.06014005, "2020Q4": 0.03891415, "2020Q1": 0.08844125, "2020Q2": 0.0849036, "2019Q3": 0.01132048, "2019Q4": 0.026178609999999998, "2019Q1": 0.01132048, "2019Q2": 0.015565659999999999, "2018Q4": 0.00990542, "2021Q3": 0.070753, "2021Q4": 0.04598945, "2021Q1": 0.05943252, "2021Q2": 0.09551655}