{"2015Q1": 0.704078987076, "2015Q2": 0.6153038884500001, "2015Q3": 0.8663230776030001, "2015Q4": 0.8938740697080001, "2012Q4": 0.3306109441230001, "2020Q1": 0.5663243469300001, "2020Q2": 0.6964260939030001, "2020Q3": 0.704078987076, "2020Q4": 0.847956069912, "2016Q1": 0.930608725848, "2016Q2": 0.9826494887130001, "2016Q3": 0.9948940537140001, "2016Q4": 1.053057259269, "2013Q1": 0.385712928333, "2013Q2": 0.29387628798300003, "2013Q3": 0.581630453655, "2013Q4": 0.5724467896200001, "2017Q1": 1.016322603129, "2017Q2": 1.040812373889, "2017Q3": 1.10203648041, "2017Q4": 1.3408114249410001, "2023Q1": 1.05404691, "2023Q2": 1.14375303, "2021Q1": 0.8035685205990001, "2021Q2": 1.1234650298250002, "2021Q3": 1.15101602193, "2021Q4": 1.154077243275, "2019Q1": 1.3163216541810001, "2019Q2": 1.2153016701750001, "2019Q3": 1.2964238756280002, "2019Q4": 1.236729899211, "2018Q1": 1.429586523567, "2018Q2": 1.4050967528070002, "2018Q3": 1.2489747845910002, "2018Q4": 1.236729899211, "2014Q1": 0.53571213348, "2014Q2": 0.5142839044440001, "2014Q3": 0.557140682895, "2014Q4": 0.54795701886, "2022Q1": 1.1525467927920001, "2022Q2": 1.1846894567250001, "2022Q3": 1.08288102, "2022Q4": 1.06686207}