{"2006Q3": 19.4702, "2006Q2": 21.380541, "2006Q1": 16.046867, "2011Q3": 17.417219, "2011Q2": 12.786551, "2011Q1": 12.480897, "2011Q4": 19.286806, "2012Q3": 14.314824, "2012Q2": 14.289353, "2012Q1": 16.87723, "2012Q4": 16.454407, "2019Q3": 23.346918, "2019Q2": 24.044828, "2019Q1": 22.440144, "2019Q4": 30.005095, "2009Q4": 12.990321, "2021Q3": 28.751909, "2021Q2": 24.610291, "2021Q1": 25.394804, "2021Q4": 45.490002, "2014Q3": 19.30209, "2014Q2": 18.084564, "2014Q1": 17.325521, "2014Q4": 23.907286, "2023Q3": 37.380001, "2023Q2": 45.419998, "2023Q1": 52.459999, "2023Q4": 37.450001, "2024Q3": 24.03, "2024Q2": 30.87, "2024Q1": 37.720001, "2022Q3": 47.740002, "2022Q2": 44.099998, "2022Q1": 46.25, "2022Q4": 51.639999, "2017Q3": 19.510954, "2017Q2": 17.91136, "2017Q1": 17.850229, "2017Q4": 20.147734, "2020Q3": 24.355577, "2020Q2": 27.427406, "2020Q1": 28.930208, "2020Q4": 21.905247, "2018Q3": 21.676006, "2018Q2": 20.09679, "2018Q1": 22.134487, "2018Q4": 21.701477, "2013Q3": 13.988793, "2013Q2": 14.406521, "2013Q1": 14.824249, "2013Q4": 18.619459, "2005Q3": 17.982679, "2005Q2": 17.320429, "2005Q1": 16.464596, "2005Q4": 15.15028, "2015Q3": 31.039227, "2015Q2": 26.031584, "2015Q1": 26.062149, "2015Q4": 31.940907, "2010Q3": 12.862965, "2010Q2": 12.862965, "2010Q1": 12.862965, "2010Q4": 13.448803, "2016Q3": 23.667854, "2016Q2": 26.321957, "2016Q1": 33.800304, "2016Q4": 17.060621, "2004Q4": 15.792155}