{"2015Q4": 19.24285125, "2020Q2": 62.0483775, "2020Q4": 58.121265, "2016Q4": 34.55859, "2017Q4": 124.096755, "2021Q4": 27.803958070845002, "2019Q2": 149.230275, "2019Q4": 78.54225, "2018Q2": 286.6792125, "2018Q4": 158.655345, "2022Q4": 4.717247535}