{"2021Q1": 0.5320552674, "2018Q3": 0.5733941208, "2018Q1": 1.1362463999999999, "2018Q2": 0.594872334, "2018Q4": 0.24669171839999998, "2020Q3": 0.34904858159999996, "2020Q1": 0.03306003588, "2020Q2": 0.07706827926, "2020Q4": 0.323041164, "2017Q3": 0.2664734526, "2017Q1": 0.5836361196, "2017Q2": 0.4048114518, "2017Q4": 1.7990567999999998, "2023Q3": 0.08364036, "2023Q1": 0.06785915999999999, "2023Q2": 0.0867966, "2022Q3": 0.0799159968, "2022Q1": 0.134376918, "2022Q2": 0.079458342, "2022Q4": 0.062099022000000004, "2019Q3": 0.1387798728, "2019Q1": 0.1719125022, "2019Q2": 0.1837010586, "2019Q4": 0.04334622203999999}