{"2020Q4": 0.0012705179480000002, "2020Q1": 0.001073824192, "2020Q3": 0.001138721332, "2020Q2": 0.0011542036800000002, "2014Q4": 0.0019006101800000002, "2014Q1": 0.0010952062800000002, "2014Q3": 0.00107911608, "2014Q2": 0.001165895892, "2016Q4": 0.002168708668, "2016Q1": 0.0022085766080000005, "2016Q3": 0.0021130365760000003, "2016Q2": 0.001958570656, "2011Q4": 0.001461919816, "2017Q4": 0.0014113965880000001, "2017Q1": 0.0019415865560000003, "2017Q3": 0.0018370360120000002, "2017Q2": 0.0019089055720000001, "2013Q4": 0.0013728516200000001, "2013Q1": 0.001266441764, "2013Q3": 0.0011767657160000001, "2013Q2": 0.001300123916, "2015Q4": 0.002295570956, "2015Q1": 0.001702057112, "2015Q3": 0.0019499177040000002, "2015Q2": 0.002241043056, "2018Q4": 0.0010866248400000001, "2018Q1": 0.0015408690640000002, "2018Q2": 0.0015384734120000001, "2019Q4": 0.0015119424600000002, "2019Q1": 0.001149448132, "2019Q3": 0.001403208464, "2019Q2": 0.0013136396840000002, "2021Q4": 0.0017234392, "2021Q1": 0.001433315016, "2021Q3": 0.0018507305600000002, "2021Q2": 0.001685466328, "2023Q2": 0, "2012Q4": 0.0013655216400000002, "2012Q3": 0.00135229192, "2012Q2": 0.001452444476}