{"2023Q1": 78.73044524999999, "2023Q2": 89.06344924999999, "2023Q3": 90.2963645, "2022Q2": 41.5433729, "2022Q3": 56.667133299999996, "2022Q4": 64.17030324999999}