{"2006Q3": 22.507336, "2006Q2": 20.720879, "2006Q1": 20.725534, "2006Q4": 23.428251, "2003Q3": 0, "2003Q2": 0, "2003Q1": 0, "2003Q4": 0, "2011Q3": 13.636421, "2011Q2": 11.909459, "2011Q1": 15.640569, "2011Q4": 12.264444, "2012Q3": 13.502955, "2012Q2": 10.994659, "2012Q1": 11.39067, "2012Q4": 18.03536, "2019Q3": 61.239475, "2019Q2": 67.914604, "2019Q1": 61.964561, "2019Q4": 53.405983, "2007Q3": 21.51582, "2007Q2": 21.585312, "2007Q1": 27.316425, "2007Q4": 22.033058, "2009Q3": 11.119874, "2009Q2": 11.730824, "2009Q1": 10.849198, "2009Q4": 13.27783, "2021Q3": 50.970001, "2021Q2": 44.369999, "2021Q1": 43.970001, "2021Q4": 35.189999, "2014Q3": 23.289701, "2014Q2": 20.649551, "2014Q1": 21.616634, "2014Q4": 26.302105, "2023Q3": 27.92, "2023Q2": 29.06, "2023Q1": 22.59, "2022Q3": 31.33, "2022Q2": 37.900002, "2022Q1": 28.870001, "2022Q4": 25.709999, "2017Q3": 54.513641, "2017Q2": 53.189819, "2017Q1": 42.317547, "2017Q4": 51.16927, "2020Q3": 18.799999, "2020Q2": 17.68, "2020Q1": 18.860001, "2020Q4": 42.119999, "2018Q3": 48.260841, "2018Q2": 56.095547, "2018Q1": 49.884155, "2018Q4": 57.502884, "2008Q3": 14.09072, "2008Q2": 19.900381, "2008Q1": 20.073444, "2008Q4": 9.007983, "2013Q3": 21.520021, "2013Q2": 16.895784, "2013Q1": 17.082283, "2013Q4": 23.713303, "2002Q4": 0, "2005Q3": 17.8314, "2005Q2": 19.126532, "2005Q1": 16.326674, "2005Q4": 20.417194, "2015Q3": 30.84033, "2015Q2": 27.156719, "2015Q1": 26.798014, "2015Q4": 27.723104, "2010Q3": 14.147382, "2010Q2": 13.230371, "2010Q1": 14.143755, "2010Q4": 14.715672, "2016Q3": 39.262833, "2016Q2": 34.90387, "2016Q1": 29.541647, "2016Q4": 45.395008, "2004Q3": 13.831885, "2004Q2": 14.108298, "2004Q1": 0, "2004Q4": 17.317554}