{"2020Q4": 199.830967470344, "2020Q1": 138.190054235216, "2020Q3": 171.401165146544, "2020Q2": 163.78082211982, "2016Q4": 0, "2016Q3": 0, "2011Q4": 0, "2011Q1": 0, "2011Q3": 0, "2011Q2": 0, "2017Q4": 187.838786446692, "2017Q1": 0, "2017Q3": 0, "2017Q2": 0, "2010Q4": 0, "2010Q1": 0, "2010Q3": 0, "2010Q2": 0, "2018Q4": 156.95660117242, "2018Q1": 181.170013047304, "2018Q3": 170.150080821896, "2018Q2": 160.823656557688, "2019Q4": 196.821335780392, "2019Q1": 164.349504835076, "2019Q3": 178.3959833447, "2019Q2": 171.742383284996, "2022Q4": 209.825065954528, "2022Q1": 269.836766856848, "2022Q3": 208.21320313568, "2022Q2": 216.16405361544398, "2021Q4": 310.706690702648, "2021Q1": 367.237916797604, "2021Q3": 320.02785023242, "2021Q2": 324.005764442084, "2023Q1": 223.673537817772, "2023Q2": 240.30889, "2012Q1": 0, "2012Q3": 0, "2012Q2": 0}