{"2014Q2": 0.04440588, "2014Q4": 0.048063944000000004, "2014Q3": 0.036514644000000006, "2014Q1": 0.054305280000000004, "2008Q4": 0, "2016Q2": 0.02894396, "2016Q4": 0.037240600000000006, "2016Q3": 0.02460708, "2016Q1": 0.03497788, "2019Q2": 0.03073528, "2019Q4": 0.03856052, "2019Q3": 0.03856052, "2019Q1": 0.029981040000000004, "2013Q2": 0, "2013Q4": 0.0575108, "2013Q3": 0.07212420000000001, "2013Q1": 0, "2011Q2": 0, "2011Q4": 0, "2011Q3": 0, "2011Q1": 0, "2021Q2": 0.06382756, "2021Q3": 0.07297272, "2021Q1": 0.06486464, "2020Q2": 0.06279048000000001, "2020Q4": 0.06420468, "2020Q3": 0.07730959999999999, "2020Q1": 0.048271360000000006, "2023Q2": 0.03903192, "2023Q3": 0.042426000000000005, "2023Q1": 0.037240600000000006, "2018Q2": 0.03978616, "2018Q4": 0.04252028, "2018Q3": 0.04214316, "2018Q1": 0.05109976, "2017Q2": 0.042048880000000004, "2017Q4": 0.04563152, "2017Q3": 0.05439956, "2017Q1": 0.0296982, "2015Q2": 0.033563680000000005, "2015Q4": 0.0410118, "2015Q3": 0.03620352, "2015Q1": 0.03554356, "2010Q2": 0, "2010Q4": 0, "2010Q3": 0, "2010Q1": 0, "2009Q2": 0, "2009Q4": 0, "2009Q3": 0, "2022Q1": 0.07655536, "2012Q2": 0, "2012Q4": 0, "2012Q3": 0, "2012Q1": 0}