{"2014Q2": 1.08621306, "2014Q4": 1.08057186, "2014Q3": 1.1082137399999998, "2014Q1": 1.030995330246, "2016Q2": 1.10371093416, "2016Q4": 1.081186158474, "2016Q3": 1.16321544, "2016Q1": 1.1840878799999999, "2019Q2": 1.1925412464060001, "2019Q4": 1.167696583632, "2019Q3": 1.155274379172, "2019Q1": 1.111029798834, "2021Q2": 1.1124446399999999, "2021Q4": 1.0715697740699999, "2021Q3": 1.0783153799999998, "2021Q1": 1.173790377108, "2020Q2": 1.2479954270579998, "2020Q4": 1.207519986294, "2020Q3": 1.2481155, "2020Q1": 1.180118816298, "2023Q2": 0.9378495, "2023Q1": 0.97582478913, "2018Q2": 1.10934198, "2018Q4": 1.17167724, "2018Q3": 1.15306128, "2018Q1": 1.1225987999999998, "2017Q2": 1.10486780325, "2017Q4": 1.0875138643079998, "2017Q3": 1.11065257179, "2017Q1": 1.13980446, "2015Q2": 1.101944279556, "2015Q4": 1.101944279556, "2015Q3": 1.212858, "2015Q1": 1.08621306, "2022Q2": 0.9965179799999999, "2022Q4": 0.9688761, "2022Q3": 1.00356948, "2022Q1": 0.9623887199999999}