{"2023Q2": 0.27671986000000004, "2023Q1": 0.32684157, "2022Q4": 0.20829022000000003}