{"2022Q2": 1077.5344320000002, "2022Q3": 1286.13654, "2022Q4": 1270.090224}