{"2014Q2": 3.7451990769440004, "2014Q4": 2.974129302136, "2014Q3": 2.8860065501280006, "2014Q1": 4.222493669224001, "2016Q2": 3.113487321336, "2016Q4": 4.027228180040001, "2016Q3": 3.9257008292080005, "2016Q1": 4.273372593192001, "2019Q2": 5.941576837648, "2019Q4": 6.85658013164, "2019Q3": 5.656381711112001, "2019Q1": 4.851749438448, "2013Q2": 2.4222053113040003, "2013Q4": 3.5351115642160003, "2013Q3": 3.7424172153440005, "2013Q1": 2.4980640277440003, "2011Q2": 3.8411454835280003, "2011Q4": 1.8675180046160003, "2011Q3": 2.6102803506, "2011Q1": 4.3324142939120005, "2021Q2": 9.92851703824, "2021Q4": 9.107361832368001, "2021Q3": 8.634575180576, "2021Q1": 9.005047612112001, "2020Q2": 5.0859901333440005, "2020Q4": 7.697666713528001, "2020Q3": 6.11982395732, "2020Q1": 3.7550760103200003, "2023Q2": 8.30584392, "2023Q1": 7.455815640112, "2018Q2": 5.697041930136, "2018Q4": 4.747534279432, "2018Q3": 5.673883594664001, "2018Q1": 5.83519315128, "2017Q2": 5.309910121704, "2017Q4": 5.572553623536001, "2017Q3": 5.652485780176001, "2017Q1": 4.828161901472, "2015Q2": 3.6056582496960004, "2015Q4": 4.195473844912001, "2015Q3": 3.9172585416000003, "2015Q1": 3.5799697448640004, "2010Q2": 2.5825822819360003, "2010Q4": 3.815898102464, "2010Q3": 2.70907617828, "2010Q1": 4.026720821472, "2009Q4": 3.8475212453760004, "2022Q2": 5.402579230384, "2022Q3": 5.017597403560001, "2022Q1": 7.502376055120001, "2012Q2": 2.067362967872, "2012Q4": 2.0242931268240003, "2012Q3": 1.6905002028320002, "2012Q1": 2.461727616464}