{"2017Q4": 4.420795320000001, "2017Q2": 3.5748406600000004, "2017Q3": 4.16155115, "2017Q1": 3.43839636, "2016Q4": 2.96084131}