{"2006Q2": 18.335905, "2006Q3": 17.147766, "2006Q4": 16.690166, "2003Q1": 5.980844, "2003Q2": 5.948732, "2003Q3": 7.602499, "2003Q4": 10.893967, "2011Q1": 25.697557, "2011Q2": 27.246956, "2011Q3": 31.678396, "2011Q4": 24.645895, "2012Q1": 21.91638, "2012Q2": 29.743658, "2012Q3": 32.07177, "2012Q4": 36.382786, "2019Q1": 45.782513, "2019Q2": 44.996712, "2019Q3": 45.30608, "2019Q4": 51.115833, "2007Q1": 17.131712, "2007Q2": 15.365553, "2007Q3": 14.723311, "2007Q4": 17.195932, "2009Q1": 13.222082, "2009Q2": 12.644068, "2009Q3": 16.987207, "2009Q4": 25.047291, "2021Q1": 39.810001, "2021Q2": 61.689999, "2021Q3": 69.610001, "2021Q4": 63.240002, "2014Q1": 59.943958, "2014Q2": 71.270187, "2014Q3": 69.625168, "2014Q4": 83.870636, "2023Q1": 34.580002, "2023Q2": 43.25, "2023Q3": 32.880001, "2023Q4": 40.42, "2024Q1": 43.09, "2024Q2": 57.32, "2022Q1": 55.040001, "2022Q2": 52.290001, "2022Q3": 62.860001, "2022Q4": 47.91, "2017Q1": 50.937386, "2017Q2": 70.826019, "2017Q3": 81.050285, "2017Q4": 81.648018, "2020Q1": 51.452122, "2020Q2": 68.02887, "2020Q3": 44.200001, "2020Q4": 37.84, "2018Q1": 78.482445, "2018Q2": 77.282349, "2018Q3": 71.690437, "2018Q4": 59.235157, "2008Q1": 22.189331, "2008Q2": 22.534538, "2008Q3": 23.746761, "2008Q4": 22.903824, "2013Q1": 28.437796, "2013Q2": 38.034279, "2013Q3": 46.721241, "2013Q4": 52.704128, "2002Q1": 3.427947, "2002Q2": 4.608059, "2002Q3": 4.094269, "2002Q4": 3.435975, "2005Q1": 7.136875, "2005Q2": 9.01542, "2015Q1": 83.697861, "2015Q2": 87.422058, "2015Q3": 81.037674, "2015Q4": 67.498421, "2010Q1": 28.105944, "2010Q2": 30.498295, "2010Q3": 32.986961, "2010Q4": 19.636436, "2016Q1": 54.41473, "2016Q2": 34.71859, "2016Q3": 32.23008, "2016Q4": 41.525688, "2004Q1": 10.532711, "2004Q2": 8.092203, "2004Q3": 6.703362, "2004Q4": 6.944202}