{"2017Q2": 16.084873, "2017Q4": 20.792637, "2017Q1": 20.30224, "2017Q3": 20.40032, "2016Q2": 20.008007, "2016Q4": 22.165735, "2016Q1": 25.696558, "2016Q3": 19.909931, "2015Q2": 25.500402, "2015Q4": 23.146521, "2015Q1": 21.77342, "2015Q3": 24.323462, "2012Q4": 30.142654, "2012Q3": 32.281784, "2013Q2": 45.8946, "2013Q4": 39.623703, "2013Q1": 41.616341, "2013Q3": 39.2827, "2014Q2": 37.269821, "2014Q4": 22.754204, "2014Q1": 37.662132, "2014Q3": 33.738995}