{"2012Q4": 16.96813462, "2020Q1": 45.369429579999995, "2020Q2": 56.15680184, "2020Q3": 53.1595564, "2020Q4": 54.07189932, "2013Q1": 15.6367689, "2013Q2": 15.720573459999999, "2017Q1": 36.3872005, "2017Q2": 39.60857032, "2017Q3": 55.52386614, "2017Q4": 40.77655236, "2023Q1": 180.23684744, "2021Q1": 74.8906422, "2021Q2": 74.76775232, "2021Q3": 87.04512036000001, "2021Q4": 87.6479498, "2019Q1": 43.031000660000004, "2019Q2": 42.08643876, "2019Q3": 47.886383339999995, "2019Q4": 30.22615686, "2018Q1": 44.669767140000005, "2018Q2": 47.96684276, "2018Q3": 52.18189522, "2018Q4": 49.96037014, "2022Q1": 144.6412127, "2022Q2": 129.42945264}