{"2006Q3": 30.219999, "2006Q2": 28.5, "2006Q1": 29.59, "2006Q4": 28.48, "2011Q3": 49.959999, "2011Q2": 40.18, "2011Q1": 54.130001, "2011Q4": 63.349998, "2012Q3": 72.879997, "2012Q2": 60.200001, "2012Q1": 58.810001, "2012Q4": 75.660004, "2019Q3": 196.300003, "2019Q2": 200.679993, "2019Q1": 206.470001, "2019Q4": 187.240005, "2007Q3": 38.75, "2007Q2": 34.98, "2007Q1": 31.610001, "2007Q4": 29.23, "2009Q1": 23.120001, "2021Q3": 151.899994, "2021Q2": 178.300003, "2021Q1": 198.660004, "2021Q4": 161.720001, "2014Q3": 111.25, "2014Q2": 110.089996, "2014Q1": 95.970001, "2014Q4": 107.040001, "2023Q3": 163.32, "2023Q2": 191.050003, "2023Q1": 183.889999, "2022Q3": 162.809998, "2022Q2": 166.210007, "2022Q1": 166.210007, "2017Q3": 124.099998, "2017Q2": 102.830002, "2017Q1": 99.5, "2017Q4": 151.119995, "2020Q3": 171.210007, "2020Q2": 165.779999, "2020Q1": 131.910004, "2020Q4": 214.009995, "2018Q3": 169.309998, "2018Q2": 186.759995, "2018Q1": 174.990005, "2018Q4": 182.279999, "2008Q3": 15.53, "2008Q2": 28.879999, "2008Q1": 31.91, "2008Q4": 14.64, "2013Q3": 93.349998, "2013Q2": 89.809998, "2013Q1": 68.730003, "2013Q4": 97.349998, "2005Q4": 25.1, "2015Q3": 89.910004, "2015Q2": 102.040001, "2015Q1": 113.209999, "2015Q4": 64.849998, "2010Q3": 44.869999, "2010Q2": 33.32, "2010Q1": 33.970001, "2010Q4": 51, "2016Q3": 104.510002, "2016Q2": 93.839996, "2016Q1": 93.989998, "2016Q4": 108.300003}