{"2021Q1": 1.4637890800000002, "2021Q4": 1.49690648, "2021Q2": 1.6293760800000001, "2021Q3": 1.6956108800000003, "2016Q1": 0, "2016Q4": 0, "2016Q2": 0, "2016Q3": 0, "2012Q1": 0, "2012Q4": 0, "2012Q2": 0, "2012Q3": 0, "2020Q1": 1.5371414716080003, "2020Q4": 1.50352996, "2020Q2": 1.672771796264, "2020Q3": 1.5565178000000002, "2009Q4": 0, "2011Q1": 0, "2011Q4": 0, "2011Q2": 0, "2011Q3": 0, "2015Q1": 0, "2015Q4": 0, "2015Q2": 0, "2015Q3": 0, "2022Q1": 1.133939776, "2022Q4": 1.00676896, "2022Q2": 1.115394032, "2022Q3": 1.00676896, "2018Q1": 1.564317610048, "2018Q4": 1.3471946368640002, "2018Q2": 1.612926005072, "2018Q3": 1.582027470872, "2013Q1": 0, "2013Q4": 0, "2013Q2": 0, "2013Q3": 0, "2010Q1": 0, "2010Q4": 0, "2010Q2": 0, "2010Q3": 0, "2014Q1": 0, "2014Q4": 0, "2014Q2": 0, "2014Q3": 0, "2017Q1": 0, "2017Q4": 0, "2017Q2": 0, "2017Q3": 0, "2019Q1": 1.446071271, "2019Q4": 2.086121987928, "2019Q2": 1.724441563744, "2019Q3": 1.834236342312, "2023Q1": 1.00676896, "2023Q2": 1.00676896}