{"2014Q2": 0, "2014Q4": 0, "2014Q3": 0, "2014Q1": 0, "2016Q2": 0, "2016Q4": 0, "2016Q3": 0, "2016Q1": 0, "2019Q2": 0, "2019Q4": 0, "2019Q3": 0, "2013Q4": 0, "2021Q2": 0.07571319105899998, "2021Q4": 0.10723428467400001, "2021Q3": 0.11388667720099999, "2021Q1": 0, "2020Q2": 0, "2020Q4": 0, "2020Q3": 0, "2020Q1": 0, "2023Q2": 0.14450736438599998, "2023Q3": 0.12862948999999999, "2023Q1": 0.15870880938, "2018Q2": 0, "2018Q1": 0, "2017Q2": 0, "2017Q1": 0, "2015Q2": 0, "2015Q4": 0, "2015Q3": 0, "2015Q1": 0, "2022Q2": 0.09561641918399999, "2022Q4": 0.13453395824, "2022Q3": 0.10580587291999999, "2022Q1": 0.089791626298}