{"2015Q1": 3.8886361606050004, "2015Q2": 3.2461143706759996, "2015Q3": 3.606793597017, "2015Q4": 4.11174558078, "2012Q3": 2.132174751184, "2012Q4": 2.208323589647, "2020Q1": 7.323718157412, "2020Q2": 8.343682007487, "2020Q3": 9.711497845592, "2020Q4": 10.143728482119, "2016Q1": 4.1454082462, "2016Q2": 4.276420343036, "2016Q3": 4.532210530167999, "2016Q4": 4.2068855891079995, "2013Q1": 2.333425867681, "2013Q2": 2.247278735065, "2013Q3": 2.331975751924, "2013Q4": 2.603003853875, "2017Q1": 4.219302318937, "2017Q2": 4.566326500731, "2017Q3": 5.110181376765, "2017Q4": 5.035786473981, "2023Q1": 9.251066149258, "2023Q2": 9.456486, "2021Q1": 9.065888997932001, "2021Q2": 10.444702729255, "2021Q3": 9.809133517565, "2021Q4": 11.552729377782999, "2019Q1": 6.710495955747, "2019Q2": 7.127784132024, "2019Q3": 8.472848755946, "2019Q4": 9.134789682349998, "2018Q1": 4.961391086249, "2018Q2": 5.488287088249, "2018Q3": 5.661980307224, "2018Q4": 5.422622946783, "2014Q1": 2.84580095048, "2014Q2": 2.9894620672369996, "2014Q3": 2.896041320806, "2014Q4": 3.333951304598, "2022Q1": 11.097145221657, "2022Q2": 8.341698812641, "2022Q3": 7.852039057873, "2022Q4": 9.151968116591}