{"2017Q2": 0.096698404152, "2017Q4": 0.07103610585, "2017Q1": 0.08861831594999998, "2017Q3": 0.081449789256, "2023Q2": 0.04428342, "2023Q1": 0.048712297914, "2016Q2": 0.051813124524, "2016Q4": 0.09737292243599999, "2016Q1": 0.051813124524, "2016Q3": 0.08075699348399999, "2015Q2": 0.055448736894, "2015Q4": 0.04993829991, "2015Q1": 0.059237141166, "2015Q3": 0.048560690664, "2020Q2": 0.038701396188, "2020Q4": 0.05319437234399999, "2020Q1": 0.024114635082, "2020Q3": 0.052388470512, "2022Q2": 0.05134538442599999, "2022Q4": 0.047132451648, "2022Q1": 0.05448296345399999, "2022Q3": 0.048185691893999995, "2018Q2": 0.043036094268, "2018Q4": 0.037220411952, "2018Q1": 0.055043698733999995, "2018Q3": 0.050014907405999995, "2021Q2": 0.06305899775399999, "2021Q4": 0.059527691172, "2021Q1": 0.06881107553999999, "2021Q3": 0.06961711840200001, "2019Q2": 0.03559780539, "2019Q4": 0.028707897564000003, "2019Q1": 0.03877126245, "2019Q3": 0.025951945715999996, "2013Q4": 0.028413173069999995, "2014Q2": 0.027896580179999998, "2014Q4": 0.04408346766599999, "2014Q1": 0.027035535617999998, "2014Q3": 0.042361434954}