{"2017Q2": 0.23603104251999998, "2017Q4": 0.16554212095999998, "2017Q1": 0.257391309845, "2017Q3": 0.191174458655, "2023Q2": 0.058075, "2023Q1": 0.059225, "2023Q3": 0.05267, "2016Q2": 0.28873144897999997, "2016Q4": 0.24858159673000002, "2016Q1": 0.25251852168, "2016Q3": 0.27312438233499997, "2015Q2": 0.24235977657000002, "2015Q4": 0.255421092585, "2015Q1": 0.33416652827, "2015Q3": 0.250583540075, "2020Q2": 0.138, "2020Q4": 0.228275, "2020Q1": 0.09235986628000001, "2020Q3": 0.125925, "2022Q2": 0.11155000000000001, "2022Q4": 0.092, "2022Q1": 0.114425, "2022Q3": 0.106375, "2018Q2": 0.143987299855, "2018Q4": 0.179848292195, "2018Q1": 0.1794263074, "2018Q3": 0.14833409481, "2012Q2": 0.09717562468, "2012Q4": 0.13697134524000001, "2012Q3": 0.11198334875, "2021Q2": 0.11385, "2021Q4": 0.127075, "2021Q1": 0.17652500000000002, "2021Q3": 0.13915, "2019Q2": 0.26878380612, "2019Q4": 0.22011512394000002, "2019Q1": 0.23363975276, "2019Q3": 0.21292543399500002, "2013Q4": 0.14741676212000002, "2014Q2": 0.211782214395, "2014Q4": 0.35185493771000004, "2014Q1": 0.222991218855, "2014Q3": 0.24907118899}