{"2014Q2": 7.377179459291, "2014Q1": 6.621230282881001, "2014Q3": 6.954489061923001, "2014Q4": 7.116927409535, "2008Q3": 0.522054634404, "2008Q4": 0.589176306922, "2017Q2": 3.5610372280430003, "2017Q1": 4.0649721658410005, "2017Q3": 3.017667495116, "2017Q4": 2.16409011, "2022Q2": 2.47324584, "2022Q3": 1.9024968, "2022Q4": 1.2604041300000002, "2013Q2": 4.221672900187, "2013Q1": 2.610162985747, "2013Q3": 3.416544181497, "2013Q4": 5.083349372722, "2018Q2": 1.7756636800000003, "2018Q1": 1.4744350200000003, "2018Q3": 1.6488305600000002, "2018Q4": 1.4744350200000003, "2011Q2": 0.544428789479, "2011Q1": 0.536970209316, "2011Q3": 0.6712127616450001, "2011Q4": 0.8278294690490001, "2020Q2": 1.41894553, "2020Q1": 1.09393566, "2020Q3": 2.25128788, "2020Q4": 2.20372546, "2016Q2": 5.44464461294, "2016Q1": 5.30887768505, "2016Q3": 4.346785845997, "2016Q4": 4.461364508484, "2023Q2": 0.8640506300000002, "2023Q1": 1.17320636, "2019Q2": 1.24454999, "2019Q1": 1.51407037, "2019Q3": 0.7134363, "2019Q4": 1.0305191, "2021Q2": 2.72691208, "2021Q1": 2.56044361, "2021Q3": 2.63971431, "2021Q4": 1.9500592200000002, "2015Q2": 6.476708698883001, "2015Q1": 6.362564439832001, "2015Q3": 5.526349716137001, "2015Q4": 5.070707281486, "2012Q2": 1.2976787985540001, "2012Q1": 1.1932673960490001, "2012Q3": 1.9223636228340002, "2012Q4": 2.384283504218, "2009Q2": 0.589176306922, "2009Q1": 0.61154966929, "2009Q3": 1.021735113733, "2009Q4": 0.61154966929, "2010Q2": 0.7607077965310001, "2010Q3": 0.6712127616450001, "2010Q4": 0.6712127616450001}