{"2015Q1": 3.438339561436, "2015Q2": 4.162176632016, "2015Q3": 3.274068340608, "2015Q4": 3.419877480162, "2010Q2": 2.36637307361, "2010Q3": 2.582531806816, "2010Q4": 2.275358128238, "2012Q1": 2.33395130761, "2012Q2": 1.732151173896, "2012Q3": 2.068958346598, "2012Q4": 1.864468629868, "2011Q1": 2.719052815232, "2011Q2": 2.870759896914, "2011Q3": 2.275603405946, "2011Q4": 2.345621733728, "2020Q1": 3.3144207525, "2020Q2": 4.0052158146, "2020Q3": 4.702988604600001, "2020Q4": 5.3519172993, "2016Q1": 3.486154618076, "2016Q2": 3.6208487304600006, "2016Q3": 4.570134075026, "2016Q4": 4.719308030034, "2013Q1": 2.0448999865840003, "2013Q2": 2.643407196586, "2013Q3": 2.244402389918, "2013Q4": 2.331686012916, "2017Q1": 4.570134075026, "2017Q2": 5.755122839128001, "2017Q3": 5.893133839138001, "2017Q4": 5.368687810174, "2023Q1": 2.14970405, "2023Q2": 1.650690782, "2023Q3": 1.45193126, "2021Q1": 5.69495368, "2021Q2": 5.673809050000001, "2021Q3": 6.7662816, "2021Q4": 6.99887253, "2019Q1": 3.4121089431000002, "2019Q2": 3.4609530384, "2019Q3": 3.8935721682000004, "2019Q4": 4.2494362911, "2018Q1": 5.044357378814, "2018Q2": 5.2542291087, "2018Q3": 4.3401467538, "2018Q4": 3.2306880177000004, "2014Q1": 2.992537459652, "2014Q2": 3.284956415416, "2014Q3": 3.182700984736, "2014Q4": 2.8759361023379997, "2022Q1": 6.435015730000001, "2022Q2": 7.04821, "2022Q3": 2.2602199828, "2022Q4": 1.9354384660000001}