{"2023Q3": 91.5, "2023Q2": 102.68, "2023Q1": 91.019997, "2022Q3": 67.809998, "2022Q2": 68.519997, "2022Q1": 94.080002, "2022Q4": 85.510002, "2017Q3": 22.6, "2017Q2": 19.1, "2017Q1": 17.049999, "2017Q4": 26.049999, "2020Q3": 57.41, "2020Q2": 58.41, "2020Q1": 38.349998, "2020Q4": 108.120003, "2015Q3": 16.68, "2015Q4": 13.6, "2016Q3": 16.5, "2016Q2": 13.72, "2016Q1": 11.88, "2016Q4": 13.5, "2018Q3": 37.16, "2018Q2": 25.5, "2018Q1": 23.049999, "2018Q4": 44.240002, "2019Q3": 40.869999, "2019Q2": 55.209999, "2019Q1": 52.450001, "2019Q4": 48.310001, "2021Q3": 146.470001, "2021Q2": 128.660004, "2021Q1": 88.309998, "2021Q4": 102.589996}