{"2014Q2": 5.19288674, "2014Q4": 5.1582097, "2014Q3": 4.96748598, "2014Q1": 5.27957934, "2016Q2": 0.85825674, "2016Q4": 0.9622878600000001, "2016Q3": 1.10099602, "2016Q1": 0.8799298899999999, "2019Q2": 2.47940836, "2019Q4": 4.99349376, "2019Q3": 3.00823322, "2019Q1": 2.48374299, "2013Q2": 4.0182020099999995, "2013Q4": 4.62071558, "2013Q3": 4.26527592, "2013Q1": 5.3749412, "2011Q2": 3.81880903, "2011Q4": 4.10922924, "2011Q3": 3.8144744000000004, "2011Q1": 3.68877013, "2021Q2": 15.84740728, "2021Q4": 15.83873802, "2021Q3": 16.22452009, "2021Q1": 10.76722092, "2020Q2": 7.12613172, "2020Q4": 12.206318079999999, "2020Q3": 7.698302880000001, "2020Q1": 6.02080107, "2023Q2": 8.83831057, "2023Q1": 9.817936949999998, "2018Q2": 1.99826443, "2018Q4": 1.87689479, "2018Q3": 1.7728636699999998, "2018Q1": 2.23233445, "2017Q2": 1.23970418, "2017Q4": 1.94624887, "2017Q3": 1.94624887, "2017Q1": 0.9882956399999999, "2015Q2": 3.7451203200000003, "2015Q4": 1.8292138599999999, "2015Q3": 3.7321164299999996, "2015Q1": 3.901167, "2010Q4": 3.22063009, "2022Q2": 8.43518998, "2022Q4": 9.35413154, "2022Q3": 11.68182785, "2022Q1": 15.87774969, "2012Q2": 4.52535372, "2012Q4": 4.9458128299999995, "2012Q3": 4.70740818, "2012Q1": 4.95014746}