{"2022Q3": 0.14123304, "2022Q4": 0.2550041, "2022Q2": 0.14907932, "2020Q3": 0.54531646, "2020Q4": 0.6277024, "2020Q1": 0.8552445200000001, "2020Q2": 0.69831892, "2019Q3": 0.0980785, "2019Q4": 0.3138512, "2019Q1": 0.09415536, "2019Q2": 0.09415536, "2018Q3": 0.14123304, "2018Q4": 0.08630908, "2018Q2": 0.08238593999999999}