{"2023Q2": 0.043578865, "2023Q1": 0.059425725, "2022Q4": 0.075272585}