{"2021Q2": 0.89535282, "2021Q4": 0.67245908, "2021Q3": 0.740082774, "2021Q1": 0, "2020Q4": 0, "2022Q2": 0.412542312, "2022Q3": 0.38806177919999996, "2022Q1": 0.6239513576}