{"2021Q1": 26.626389600000003, "2021Q4": 26.626389600000003, "2021Q2": 26.626389600000003, "2021Q3": 26.626389600000003, "2020Q1": 26.626389600000003, "2020Q4": 26.626389600000003, "2020Q2": 26.626389600000003, "2020Q3": 26.626389600000003, "2022Q1": 26.626389600000003, "2022Q4": 26.626389600000003, "2022Q2": 26.626389600000003, "2022Q3": 26.626389600000003, "2018Q1": 29.44942937516, "2018Q4": 23.405559512392003, "2018Q2": 26.241431617704002, "2018Q3": 29.064467418776, "2013Q4": 0, "2013Q3": 0, "2014Q1": 0, "2014Q2": 0, "2019Q1": 24.252469457896, "2019Q4": 26.626389600000003, "2019Q2": 26.626389600000003, "2019Q3": 26.626389600000003}