{"2014Q2": 0.12247659260599998, "2014Q4": 0.17464257919999998, "2014Q3": 0.192787325244, "2014Q1": 0.12324318640999998, "2016Q2": 0.16216814543599997, "2016Q4": 0.183714952222, "2016Q3": 0.18258088976599998, "2016Q1": 0.134951152996, "2019Q2": 0.123521257106, "2019Q4": 0.141167223336, "2019Q3": 0.14704912766199998, "2013Q4": 0.11764125216999999, "2021Q2": 0.18804429516199997, "2021Q4": 0.23264450488199998, "2021Q3": 0.254341996608, "2021Q1": 0.22116193257599998, "2020Q2": 0.11293367736799999, "2020Q4": 0.241160609886, "2020Q3": 0.10587541750199998, "2020Q1": 0.09999338655, "2023Q2": 0.08446840582, "2023Q3": 0.06078047999999999, "2023Q1": 0.10490115705799999, "2018Q2": 0.13381709053999996, "2018Q1": 0.191653262788, "2017Q2": 0.16783833108999996, "2017Q1": 0.17464257919999998, "2015Q2": 0.24722131012399998, "2015Q4": 0.20639582146399998, "2015Q3": 0.199591573354, "2015Q1": 0.170106456002, "2022Q2": 0.220909440332, "2022Q4": 0.10983767166799999, "2022Q3": 0.15303220616199997, "2022Q1": 0.183222630334}