{"2017Q4": 0.2161, "2017Q1": 0.052, "2017Q3": 0.0796, "2017Q2": 0.0776, "2013Q4": 0.087, "2019Q4": 0.085, "2019Q1": 0.1498, "2019Q3": 0.1501, "2019Q2": 0.1501, "2018Q4": 0.1931, "2018Q1": 0.26629, "2018Q3": 0.14, "2018Q2": 0.14, "2022Q4": 0.12, "2022Q1": 0.23035, "2022Q3": 0.2399, "2022Q2": 0.1923, "2023Q1": 0.2184, "2023Q3": 0.188, "2023Q2": 0.2608, "2021Q4": 0.2333, "2021Q1": 0.218, "2021Q3": 0.16642, "2021Q2": 0.234, "2020Q4": 0.206, "2020Q1": 0.0985, "2020Q3": 0.1281, "2020Q2": 0.11283, "2016Q4": 0.052, "2016Q1": 0.0607, "2016Q3": 0.082, "2016Q2": 0.0607, "2015Q4": 0.0607, "2015Q1": 0.0936, "2015Q3": 0.085, "2015Q2": 0.09, "2014Q4": 0.098, "2014Q1": 0.087, "2014Q3": 0.087, "2014Q2": 0.087}