{"2023Q3": 16.18, "2023Q2": 16.72, "2023Q1": 18.719999, "2022Q3": 43.369999, "2022Q2": 50.700001, "2022Q1": 30.35, "2022Q4": 15.58, "2021Q4": 39.720001}