{"2014Q3": 82.400002, "2014Q1": 84.199997, "2014Q2": 77.800003, "2014Q4": 74.400002, "2006Q3": 720, "2006Q1": 540, "2006Q2": 540, "2006Q4": 915, "2008Q3": 348, "2008Q1": 645, "2008Q2": 636, "2008Q4": 150, "2017Q3": 23.32, "2017Q1": 6.18, "2017Q2": 7.49, "2017Q4": 28.549999, "2022Q3": 16.68, "2022Q1": 17.889999, "2022Q2": 20.379999, "2022Q4": 22.23, "2003Q3": 2175, "2003Q1": 1641, "2003Q4": 1692, "2013Q3": 80.400002, "2013Q1": 62.599998, "2013Q2": 106, "2013Q4": 121.199997, "2000Q4": 2925, "2018Q3": 13.88, "2018Q1": 24.549999, "2018Q2": 24.450001, "2018Q4": 15.05, "2011Q3": 31.200001, "2011Q1": 58.200001, "2011Q2": 37.599998, "2011Q4": 39.200001, "1991Q1": 8625, "2020Q3": 26.4, "2020Q1": 23.85, "2020Q2": 16.25, "2020Q4": 38.150002, "1997Q1": 1650, "1997Q2": 1443.75, "2016Q3": 5.64, "2016Q1": 15.4, "2016Q2": 13, "2016Q4": 5.52, "2002Q3": 1539, "2002Q2": 1395, "2002Q4": 1035, "1996Q3": 1631.25, "1996Q4": 1537.5, "2007Q3": 1068, "2007Q1": 963, "2007Q2": 651, "2007Q4": 774, "2004Q3": 588, "2004Q1": 1167, "2004Q2": 792, "2004Q4": 360, "1990Q3": 4950, "1990Q2": 6900, "1990Q4": 6150, "2023Q3": 16.26, "2023Q1": 18.309999, "2023Q2": 15.65, "1998Q3": 825, "1998Q4": 956.25, "2019Q3": 21.200001, "2019Q1": 13.23, "2019Q2": 15.99, "2019Q4": 20.48, "2021Q3": 25.52, "2021Q1": 31.26, "2021Q2": 29.780001, "2021Q4": 24, "2005Q3": 516, "2005Q1": 393, "2005Q2": 480, "2005Q4": 531, "2015Q3": 24.6, "2015Q1": 65.800003, "2015Q2": 19.200001, "2015Q4": 17.799999, "1999Q1": 918.75, "1999Q2": 1818.75, "2012Q3": 53, "2012Q1": 62, "2012Q2": 63.400002, "2012Q4": 60.599998, "2001Q3": 2529, "2001Q1": 2160.9375, "2001Q2": 5118, "2009Q3": 213, "2009Q1": 189, "2009Q2": 270, "2009Q4": 168, "2010Q3": 47.799999, "2010Q1": 180, "2010Q2": 90, "2010Q4": 100}