{"2006Q3": 1.618596, "2006Q2": 1.590928, "2006Q1": 1.466421, "2006Q4": 1.826109, "2003Q4": 2.96051, "2011Q3": 3.628008, "2011Q2": 4.205584, "2011Q1": 3.085017, "2011Q4": 6.145824, "2012Q3": 4.80737, "2012Q2": 4.907667, "2012Q1": 5.533663, "2012Q4": 5.879517, "2019Q3": 27.806658, "2019Q2": 22.428629, "2019Q1": 23.217175, "2019Q4": 32.569065, "2007Q3": 1.660099, "2007Q2": 1.784606, "2007Q1": 1.79844, "2007Q4": 1.604762, "2009Q3": 1.383416, "2009Q2": 1.175903, "2009Q1": 1.175903, "2009Q4": 2.282636, "2021Q3": 47.593582, "2021Q2": 49.988117, "2021Q1": 48.945248, "2021Q4": 42.430183, "2014Q3": 13.42605, "2014Q2": 10.683428, "2014Q1": 9.154754, "2014Q4": 15.269451, "2023Q3": 77.48, "2023Q2": 71.32, "2023Q1": 45.93, "2022Q3": 31.9, "2022Q2": 34.390968, "2022Q1": 31.461676, "2022Q4": 36.459999, "2017Q3": 25.534395, "2017Q2": 19.952314, "2017Q1": 19.125723, "2017Q4": 31.196026, "2020Q3": 33.340321, "2020Q2": 26.371363, "2020Q1": 23.832794, "2020Q4": 41.95554, "2018Q3": 29.196989, "2018Q2": 35.079964, "2018Q1": 36.072567, "2018Q4": 20.595602, "2008Q3": 1.480255, "2008Q2": 1.770772, "2008Q1": 1.646265, "2008Q4": 1.175903, "2013Q3": 7.217972, "2013Q2": 8.691309, "2013Q1": 5.737717, "2013Q4": 10.669594, "2005Q3": 1.037562, "2005Q2": 0.871552, "2005Q1": 0.968391, "2005Q4": 1.341913, "2015Q3": 11.586107, "2015Q2": 13.75807, "2015Q1": 16.946842, "2015Q4": 8.563343, "2010Q3": 3.458539, "2010Q2": 1.950616, "2010Q1": 2.088958, "2010Q4": 3.223359, "2016Q3": 12.723966, "2016Q2": 12.800054, "2016Q1": 9.037163, "2016Q4": 17.635092, "2004Q3": 1.466421, "2004Q2": 1.549426, "2004Q1": 3.112685, "2004Q4": 1.646265}