{"2020Q4": 0, "2023Q3": 14, "2023Q2": 19.91, "2023Q1": 29.66, "2022Q3": 19.889999, "2022Q2": 19.299999, "2022Q1": 14.37, "2022Q4": 30.49, "2021Q3": 23.6, "2021Q2": 11.39, "2021Q1": 0, "2021Q4": 18.02}