{"2021Q3": 0, "2021Q1": 0, "2021Q2": 0, "2021Q4": 0.2483832, "2016Q3": 0, "2016Q1": 0, "2016Q2": 0, "2016Q4": 0, "2015Q3": 0, "2015Q1": 0, "2015Q2": 0, "2015Q4": 0, "2022Q3": 0, "2022Q1": 0.1879215, "2022Q2": 0.11863565999999999, "2022Q4": 0, "2014Q4": 0, "2023Q1": 0, "2023Q2": 0.047797425}