{"2014Q3": 14.338059, "2014Q1": 12.199601, "2014Q2": 14.286677, "2014Q4": 12.576845, "2021Q3": 19.709608, "2021Q1": 18.932867, "2021Q2": 19.976404, "2021Q4": 20.082533, "2018Q3": 15.935662, "2018Q1": 13.534881, "2018Q2": 13.448554, "2018Q4": 12.513456, "2011Q3": 9.874995, "2011Q1": 12.739788, "2011Q2": 14.462913, "2011Q4": 10.168438, "2020Q3": 13.29347, "2020Q1": 10.337948, "2020Q2": 12.02907, "2020Q4": 15.070937, "2015Q3": 11.810317, "2015Q1": 14.486491, "2015Q2": 15.326028, "2015Q4": 12.625939, "2017Q3": 14.270543, "2017Q1": 11.92732, "2017Q2": 11.945726, "2017Q4": 14.598564, "2023Q3": 18.92, "2023Q1": 18.942617, "2023Q2": 17.629999, "2012Q3": 13.099029, "2012Q1": 12.194471, "2012Q2": 11.410186, "2012Q4": 13.043959, "2022Q3": 15.145957, "2022Q1": 19.868301, "2022Q2": 17.971949, "2016Q3": 10.328784, "2016Q1": 11.080086, "2016Q2": 9.865886, "2016Q4": 12.121737, "2019Q3": 14.251031, "2019Q1": 13.318682, "2019Q2": 16.055548, "2019Q4": 13.722238, "2009Q4": 11.171566, "2013Q3": 11.332132, "2013Q1": 11.958272, "2013Q2": 11.001671, "2013Q4": 11.822323, "2010Q3": 11.330385, "2010Q1": 10.668785, "2010Q2": 7.024438, "2010Q4": 14.545426}