{"2020Q4": 0.57022833, "2014Q4": 0.13505681, "2014Q1": 0.11533290999999998, "2014Q3": 0.13204632, "2014Q2": 0.12934726, "2016Q4": 0.15540357, "2016Q1": 0.10765096999999998, "2016Q3": 0.15446928000000001, "2016Q2": 0.13972826, "2017Q1": 0.20668571, "2017Q3": 0.42873529999999993, "2017Q2": 0.22018101, "2013Q4": 0.12571390999999998, "2015Q4": 0.10951955000000001, "2015Q1": 0.12820535, "2015Q3": 0.11823959, "2015Q2": 0.11823959, "2022Q1": 0.34060061, "2021Q4": 0.41918478000000003, "2021Q1": 0.57022833, "2021Q3": 0.45126206999999996, "2021Q2": 0.5120947299999999, "2023Q1": 0.34060061, "2023Q3": 0.3643731, "2023Q2": 0.36842169}