{"2014Q3": 0.280909849619, "2014Q1": 0.25267354, "2014Q2": 0.27924889999999997, "2014Q4": 0.30551283, "2021Q3": 0.9234937496189999, "2021Q1": 0.985053079619, "2021Q2": 1.013289420381, "2018Q4": 0.5916132107619999, "2011Q3": 0, "2011Q1": 0, "2011Q2": 0, "2011Q4": 0, "2020Q3": 1.0002093292379999, "2020Q1": 0.743902501524, "2020Q2": 0.7481586699999999, "2020Q4": 1.057200998476, "2015Q3": 0.287294164619, "2015Q1": 0.265338349619, "2015Q2": 0.21270668999999998, "2015Q4": 0.23544108, "2017Q3": 0.919237581143, "2017Q1": 0.439583455381, "2017Q2": 0.660750670762, "2023Q3": 0.7915512499999999, "2023Q1": 0.8688377949999999, "2023Q2": 0.81324754, "2012Q3": 0, "2012Q1": 0, "2012Q2": 0, "2012Q4": 0.212187650381, "2022Q1": 0.720337579619, "2016Q3": 0.32440625, "2016Q1": 0.26814122999999995, "2016Q2": 0.308575225, "2016Q4": 0.419392420762, "2019Q3": 0.7657025807619999, "2019Q1": 0.598308914238, "2019Q2": 0.7024822492380001, "2019Q4": 0.63396767, "2009Q4": 0, "2013Q3": 0.32949293999999996, "2013Q1": 0.24540682961899998, "2013Q2": 0.289422269619, "2013Q4": 0.279767960381, "2010Q3": 0, "2010Q1": 0, "2010Q2": 0, "2010Q4": 0}