{"2021Q1": 0.25927, "2021Q2": 0.22646056, "2021Q3": 0.22127515057200003, "2016Q1": 0.20072212, "2016Q4": 0.20251344000000002, "2016Q2": 0.22608344000000002, "2016Q3": 0.19421680000000002, "2012Q1": 0.13529180000000002, "2012Q4": 0.16433004, "2012Q2": 0.15443063057200002, "2012Q3": 0.15443063057200002, "2020Q1": 0.19440536000000003, "2020Q4": 0.250973369428, "2020Q2": 0.23673708000000002, "2020Q3": 0.24003687057200002, "2009Q4": 0.11360740000000001, "2009Q2": 0.45678660000000004, "2009Q3": 0.45678660000000004, "2011Q1": 0.1433056, "2011Q4": 0.148648136476, "2011Q2": 0.15414780000000003, "2011Q3": 0.15417922352400001, "2015Q1": 0.18101760942800002, "2015Q4": 0.19317972, "2015Q2": 0.18601444, "2015Q3": 0.20119352000000001, "2022Q1": 0.14858528000000001, "2018Q1": 0.28208576, "2018Q4": 0.23579428000000002, "2018Q2": 0.26935796, "2018Q3": 0.24050828000000002, "2013Q1": 0.18309176000000002, "2013Q4": 0.19657380000000002, "2013Q2": 0.217126849428, "2013Q3": 0.189031390572, "2010Q1": 0.131677736476, "2010Q4": 0.12840936, "2010Q2": 0.11822712, "2010Q3": 0.131834863524, "2014Q1": 0.19581956, "2014Q4": 0.1946882, "2014Q2": 0.17507796, "2014Q3": 0.18987991057200002, "2008Q4": 0.27341200000000004, "2017Q1": 0.20025072, "2017Q4": 0.23645424, "2017Q2": 0.20119352000000001, "2017Q3": 0.19817656, "2019Q1": 0.208453089428, "2019Q4": 0.1409486, "2019Q2": 0.15179080000000003, "2019Q3": 0.153676390572, "2023Q1": 0.17196672, "2023Q2": 0.15471348000000001, "2023Q3": 0.1701754}