{"2020Q4": 0, "2023Q1": 0.84274385, "2023Q2": 0.7420135200000001, "2021Q1": 0, "2021Q2": 0.7180776, "2021Q3": 0.70411498, "2021Q4": 0.8178105999999999, "2022Q1": 0.8277839000000001, "2022Q2": 0.72605624, "2022Q3": 0.8965996700000001}