{"2014Q2": 5.497488400000001, "2014Q3": 4.1462984800000005, "2014Q1": 7.603755040000001, "2019Q4": 2.9408251200000004, "2019Q2": 2.9408251200000004, "2019Q3": 2.9408251200000004, "2019Q1": 3.2719991200000007, "2013Q4": 6.265812080000001, "2013Q2": 10.42535752, "2013Q3": 6.596986080000001, "2013Q1": 10.42535752, "2011Q4": 6.98114792, "2011Q2": 0, "2011Q3": 6.7559496, "2011Q1": 0, "2021Q4": 2.980566, "2021Q2": 3.20576432, "2021Q3": 3.1395295200000004, "2021Q1": 3.20576432, "2020Q4": 3.4574565600000002, "2020Q2": 4.1065576, "2020Q3": 3.4574565600000002, "2020Q1": 4.1065576, "2023Q2": 1.3909308000000002, "2023Q1": 2.22548928, "2018Q4": 3.09978864, "2018Q2": 3.2852460800000003, "2018Q3": 3.2852460800000003, "2018Q1": 6.186330320000001, "2017Q4": 6.0273668, "2017Q2": 6.0273668, "2017Q3": 6.0273668, "2010Q4": 0, "2010Q2": 0, "2010Q3": 0, "2010Q1": 0, "2009Q4": 0, "2022Q4": 2.17250144, "2022Q2": 3.03355384, "2022Q3": 2.1195136000000003, "2022Q1": 3.03355384, "2012Q4": 10.001454800000001, "2012Q2": 10.001454800000001, "2012Q3": 10.001454800000001, "2012Q1": 10.001454800000001}