{"2021Q3": 2.5766999999999998, "2021Q4": 1.3527675, "2023Q3": 0.558285, "2023Q1": 0.6942775, "2023Q2": 0.68712, "2022Q3": 1.1523575000000001, "2022Q1": 1.4672875, "2022Q2": 1.7178, "2022Q4": 0.8660574999999999}