{"2021Q3": 0.16596534999999998, "2021Q1": 0.29130322, "2021Q2": 0.28554417, "2021Q4": 0.13444763999999998, "2016Q3": 0, "2016Q1": 0, "2016Q2": 0, "2016Q4": 0, "2020Q3": 0.13601829, "2020Q1": 0.12313895999999999, "2020Q2": 0.09109769999999999, "2020Q4": 0.19821603, "2015Q3": 0, "2015Q1": 0, "2015Q2": 0, "2015Q4": 0, "2022Q3": 0.05392565, "2022Q1": 0.09779913999999999, "2022Q2": 0.06649084999999999, "2022Q4": 0.05047022, "2018Q3": 0, "2018Q1": 0, "2018Q2": 0, "2018Q4": 0.317029095299, "2013Q4": 0, "2014Q3": 0, "2014Q1": 0, "2014Q2": 0, "2014Q4": 0, "2017Q3": 0, "2017Q1": 0, "2017Q2": 0, "2017Q4": 0, "2019Q3": 0.12576705534799998, "2019Q1": 0.21758536956799998, "2019Q2": 0.204110323436, "2019Q4": 0.14774580999999998, "2023Q3": 0.031412999999999996, "2023Q1": 0.05047022, "2023Q2": 0.05047022}