{"2017Q2": 0.7519204811700001, "2017Q4": 0.6181486142660001, "2017Q1": 0.7571653966, "2017Q3": 0.775527292604, "2023Q1": 0.0580998, "2016Q4": 0.8418771409620001, "2020Q2": 0.20599019999999998, "2020Q4": 0.1822221, "2020Q1": 0.285217217606, "2020Q3": 0.2385613, "2022Q2": 0.1267632, "2022Q4": 0.0572195, "2022Q1": 0.10563600000000001, "2022Q3": 0.12412229999999999, "2018Q2": 0.618885918334, "2018Q4": 0.484764783602, "2018Q1": 0.612902554446, "2018Q3": 0.62677544863, "2012Q4": 0.382014618274, "2021Q2": 0.2535264, "2021Q4": 0.21831440000000002, "2021Q1": 0.2790551, "2021Q3": 0.2702521, "2019Q2": 0.3565215, "2019Q4": 0.21391290000000002, "2019Q1": 0.402363527438, "2019Q3": 0.3283519}