{"2014Q3": 0.025852361159999997, "2014Q1": 0.022379855039999997, "2014Q2": 0.02481848016, "2014Q4": 0.0310231002, "2021Q3": 0.15608267999999997, "2021Q1": 0.14941248000000001, "2021Q2": 0.16542096, "2021Q4": 0.14941248000000001, "2018Q1": 0.05075488584, "2018Q2": 0.04304146656, "2020Q3": 0.08028119316, "2020Q1": 0.04861508568, "2020Q2": 0.05895656376, "2020Q4": 0.14407632, "2015Q3": 0.02774536392, "2015Q1": 0.033092196239999996, "2015Q2": 0.03841768392, "2015Q4": 0.02881259592, "2017Q1": 0.040626854159999996, "2017Q2": 0.037333109399999995, "2017Q4": 0.04286003712, "2023Q3": 0.20811024, "2023Q1": 0.21478044000000002, "2023Q2": 0.19210175999999998, "2022Q3": 0.12358279752, "2022Q1": 0.19476984, "2022Q2": 0.15608267999999997, "2022Q4": 0.17075711999999998, "2016Q3": 0.03403936464, "2016Q1": 0.03521598792, "2016Q2": 0.03513727956, "2016Q4": 0.03403936464, "2019Q3": 0.041323223039999996, "2019Q2": 0.049830396119999995, "2019Q4": 0.063200145, "2013Q4": 0.022379855039999997}