{"2023Q3": 7.5, "2023Q2": 12.06, "2023Q1": 15.171719, "2022Q3": 17.348492, "2022Q2": 27.764883, "2022Q1": 33.743233, "2022Q4": 15.171719, "2020Q3": 0, "2020Q4": 10.93091, "2019Q4": 0, "2021Q3": 21.587019, "2021Q2": 18.339273, "2021Q1": 9.934963, "2021Q4": 33.743233}