{"2021Q1": 0.00975, "2021Q4": 0.007875, "2021Q2": 0.010575, "2021Q3": 0.008924999999999999, "2020Q1": 0.014249999999999999, "2020Q4": 0.014249999999999999, "2020Q2": 0.010575, "2020Q3": 0.009524999999999999, "2022Q1": 0.0066749999999999995, "2022Q4": 0.00375, "2022Q2": 0.005999999999999999, "2022Q3": 0.005325, "2018Q1": 0.026453249999999998, "2018Q4": 0.0239805, "2018Q2": 0.02480475, "2018Q3": 0.02510475, "2017Q4": 0.022331999999999998, "2019Q1": 0.04046699999999999, "2019Q4": 0.029549999999999996, "2019Q2": 0.03971775, "2019Q3": 0.034199999999999994, "2023Q1": 0.00375, "2023Q2": 0.00375}