{"2014Q3": 0, "2014Q2": 0, "2014Q4": 0, "2021Q3": 61.81258336409199, "2021Q1": 66.215473140454, "2021Q2": 81.51258109909199, "2021Q4": 54.535153859999994, "2018Q3": 26.9502986654, "2018Q1": 37.260966409546, "2018Q2": 37.66582886, "2018Q4": 17.62507076, "2020Q3": 63.30720285999999, "2020Q1": 25.27699658, "2020Q2": 47.81441478, "2020Q4": 74.53542558, "2015Q3": 22.267508999999997, "2015Q1": 0, "2015Q2": 0, "2015Q4": 27.260830549546, "2017Q3": 33.8736046, "2017Q1": 27.503746130454, "2017Q2": 31.228493090454, "2017Q4": 36.181326910454, "2023Q1": 28.151530909546, "2023Q2": 19.39297602, "2022Q3": 13.090596199999998, "2022Q1": 34.130019689545996, "2022Q2": 17.55759346, "2016Q3": 28.192014590453997, "2016Q1": 21.673707410454, "2016Q2": 18.13789824, "2016Q4": 25.31748296, "2019Q3": 30.742659229545996, "2019Q1": 26.397118410454, "2019Q2": 29.8249666, "2019Q4": 33.90059686954599, "2013Q4": 0}