{"2021Q2": 0.2689161, "2021Q1": 0.59161542, "2021Q3": 0.372000605, "2021Q4": 0.434747695, "2020Q2": 0.25098836, "2020Q3": 0.183759335, "2020Q4": 0.21961481500000002, "2023Q2": 0.067229025, "2023Q1": 0.15686772499999999, "2022Q2": 0.40337415000000004, "2022Q1": 0.4840489800000001, "2022Q3": 0.25098836, "2022Q4": 0.15686772499999999}