{"2015Q2": 1344.6959089653542, "2015Q4": 1424.760094846297, "2020Q4": 2059.3993503226884, "2016Q2": 1558.6828706934432, "2016Q4": 1626.1119058697261, "2013Q4": 1112.868113762735, "2017Q4": 1729.698290927475, "2021Q4": 2018.7691540337971, "2019Q4": 2347.945535997633, "2018Q4": 1701.0232907185873, "2014Q2": 1128.422558521225, "2014Q4": 1223.648069439378, "2022Q4": 1837.9534982649393}